id,sequence,length,amp_probability
GEN_0000,THCAKKAAAKNCLHYLACVLLTYFGSCLQKFTLLAP,36,0.7775
GEN_0001,THCAKKAAAKHCLHYLACVLLTYFINCLHAKAFAIP,36,0.7762
GEN_0002,LHCAKKAAAKNCLHYLACVLLTYFGSCLQRFTLLAP,36,0.7759
GEN_0003,THCAKKAAAKNCLHYLACVLLTYFGSCLQRFTLLAP,36,0.7758
GEN_0004,FHCAKKTAAKHSLHYLACVLLTYFNTCLKATVFALF,36,0.7748
GEN_0005,FHCAKKAAAKNCLHYLACVLLTYFINCLHAKAFAIG,36,0.7742
GEN_0006,LHCAKKIAAKHSLHYLACVLLTYFHACLKTCTTALF,36,0.774
GEN_0007,THCLKKAAAKNCLHYLACVLLTYFGSCLQKFTLLAP,36,0.774
GEN_0008,FHCAKKAAAKNCLHYLACVLLTYFNTCLNRKVFAIF,36,0.7736
GEN_0009,THCAKKAAAKNCLHYLACVLLTYFNSCLNRKVFAVF,36,0.7732
GEN_0010,THCAKKAAAKNCLHYLACVLLTYFNSCLNRKVFAIF,36,0.7731
GEN_0011,THCAKKAAAKHCLHYLACVLLTYFINCLQRFTLLAP,36,0.7731
GEN_0012,THCAKKAAAKHCLHYLACVLLTYFNSCLNRKVFAIF,36,0.773
GEN_0013,THCAKKAAAKNCLHYLACVLLTYFGNCLKNFVSLAP,36,0.7729
GEN_0014,THCAKKAAAKHCLHYLACVLLTYFINCLKNFVSLAP,36,0.7726
GEN_0015,FHCAKKTAAKHSLHYLACVLLTYFQSCLKATVFALF,36,0.7725
GEN_0016,IHCAKKAAAKHCLHYLACVLLTYFNSCLNRKLFAIF,36,0.7724
GEN_0017,FHCAKKIAAKHSLHYLACVLLTYFHACLKTCTTGLF,36,0.7724
GEN_0018,THCAKKAAAKNCLHYLACVLLTYFINCLKNFTSNAP,36,0.7724
GEN_0019,THCAKKAAARHCLHYLACVLLTYFINCLHAKAFNAP,36,0.7722
GEN_0020,THCAKKAAAKNCLHYLACVLLTYFNSCLQRKVFAIF,36,0.7721
GEN_0021,THCAKKIAAKHCLHYLACVLLTYFNSCLKATVFALF,36,0.772
GEN_0022,FHCAKKTAAKHSLHYLACVLLTYFNSCLKATVFALF,36,0.772
GEN_0023,THCAKKAAAKNCLHYLACVLLTYFINCLKNFVSLAP,36,0.772
GEN_0024,THCLKKAAAKNCLHYLACVLLTYFGSCLNRKVFAIF,36,0.772
GEN_0025,THCAKKAAAKHCLHYLACVLLTYFINSLHAKAFAIP,36,0.772
GEN_0026,LHCAKKIAAKHSLHYLACVLLTYFHACLKTTVFALF,36,0.7719
GEN_0027,THCAKKAAAKHCLHYLACVLLTYFITCLNRKVFAIF,36,0.7719
GEN_0028,THCAKKAAAKHSLHYLACVLLTYFNSCLKRTVFALF,36,0.7719
GEN_0029,THCAKKAAAKHCLHYLACVLLTYFINCLHVKAFAIG,36,0.7719
GEN_0030,FHCAKKAAAKNCLHYLACVLLTYFIDCLHAKAFAIG,36,0.7719
GEN_0031,THCAKKIAAKHCLHYLACVLLTYFIACLKTFTSLAP,36,0.7716
GEN_0032,THCAKKAAAKHCLHYLACVLLTYFINCLKNFTSNAP,36,0.7716
GEN_0033,LHCAKKAAAKNCLHYLAMVLLTYFNSCLKATVFALF,36,0.7716
GEN_0034,FHCAKKIAAKHSLHYLACVLLTYFNSCLKATVFALF,36,0.7715
GEN_0035,FHCAKKTAAKHSLHYLACVLLTYFNSCLKRTVFALF,36,0.7715
GEN_0036,THCAKKIAAKHSLHYLACVLLTYFHACLKTCTTALF,36,0.7713
GEN_0037,FHCAKKPLAKHCLHYIACVLVTYFNACLKAKVFALF,36,0.7712
GEN_0038,THCAKKAAAKNCLHYLALVLLTYFNSCLKATTSLAP,36,0.7712
GEN_0039,LHCAKKIAAKHCLHYLACVLLTYFINCLHAKAFAIS,36,0.7712
GEN_0040,THCAKKAAAKHCLHYLACVLLTYFINCLKNFTSLAP,36,0.7711
GEN_0041,THCLKKAAAKNCLHYLACVLLTYFNSCLNRKVFAIF,36,0.7711
GEN_0042,THCAKKAAAKHCLHYLACVLLTYFINCLKNFTSLIP,36,0.771
GEN_0043,THCAKKAAAKNCLHYLACVLLTYFNSCLNRKLFAIF,36,0.771
GEN_0044,FHCAKKYAAKNCLHYLACVLLTYFINCLHARAFAIG,36,0.771
GEN_0045,THCLKKAAAKHSLHYLACVLLTYFNTCLKATVFALF,36,0.7709
GEN_0046,THCAKKAAAKNCLHYLACVLLTYFNTCLNRKVFAIF,36,0.7708
GEN_0047,IHCAKKAAAKHCLHYLACVLLTYFNSCLQRKVFAIF,36,0.7708
GEN_0048,THCLKKAAAKNCLHYLACVLLTYFGSCLNRKVDAIF,36,0.7707
GEN_0049,IHCAKKAAAKHCLHYLACVLLTYFGSCLQKFTLLAP,36,0.7707
GEN_0050,LHCAKKIAAKHSLHYLACVLLTYFIACLKTYTTLIP,36,0.7706
GEN_0051,FHCAKKIAAKHSLHYLACALLSYFYTCLKATVFALF,36,0.7706
GEN_0052,THCAKKAAAKHCLHYLACVLLTYFINSLHAKAFALF,36,0.7706
GEN_0053,SHCAKKAAAKNCLHYLACVLLTYFNSLLQRKVFAIF,36,0.7705
GEN_0054,LHCAKKIAAKHCLHYLACVLLTFFINCLQRFTLLAP,36,0.7705
GEN_0055,FHCAKKTAAHTSLHYLACVLLTYFNSCLKATVFALF,36,0.7705
GEN_0056,THCAKKAAAKHCLHYLACVLLTYFINCLNRKVFAVF,36,0.7705
GEN_0057,TKCARKAAAKHCLHYLACVLLTYFINCLHLKAFAIP,36,0.7704
GEN_0058,THCAKKIAAKHSLHYLACVLLTYFHACLKTCTTGLF,36,0.7704
GEN_0059,THCAQKLVAKHCLHYLACVLLTYFNSCLKAKVFLAP,36,0.7703
GEN_0060,LHCAKKAAAKNCLHYLACVLLTYFINCLHVKAFAIS,36,0.7703
GEN_0061,FHCAKKPLAKHCLHYIACVLVTYFNACLKAKVFAIF,36,0.7702
GEN_0062,FHCAKKAAAKNSLHYLACVLLTYFINCLKNFVSLAP,36,0.7702
GEN_0063,LHCAKKIAAKHSLHYLACVLLTYFIACLKFYTTNFP,36,0.7701
GEN_0064,THCVKKIAAKHCLHYLACVLLTYFINCLHAKALAIP,36,0.77
GEN_0065,FHCAKKIAAKHSLHYLACVLLSYFYTCLKATVFALF,36,0.77
GEN_0066,FHCAKKAAAKHCLHYLACVLLTYFNSCLNRKVFAIF,36,0.7699
GEN_0067,FHCAKKYAAKNCLHYLACVLLTYFINCLHAKAFAIG,36,0.7699
GEN_0068,LHCAKKAAAKNCLHYLACVLLTYFIACLKTFTSLAP,36,0.7699
GEN_0069,LHCARKIAAKHSLHYLACVLLTYFIACLKFYTTNFP,36,0.7699
GEN_0070,THCAKKALAKNCLHYLACVLLTYFGSCLQRFTLLAP,36,0.7698
GEN_0071,THCAKKAAAKHSLHYLACVLLTYFINCLHAKAFAIP,36,0.7698
GEN_0072,IHCAKKAAAKHCLHYLACVLLSYFINCLKNFTSLAP,36,0.7698
GEN_0073,FHCAKKIAAKHSLHYLACVLLTYFNSCLQKFTLLAF,36,0.7698
GEN_0074,TVCAKKIAAKHCLHYLACVLLTYFIWCVKTFTLLAP,36,0.7697
GEN_0075,THCAKKAAAKNQLHYLACVLLTYFGSCLQRFTLLAP,36,0.7697
GEN_0076,NHCAKKAAAKNCLHYLACVLLTYFGNCLKNFVSIAP,36,0.7697
GEN_0077,THCAKKAANKNCLHTLACLLVTYFWSCLKRVVFALF,36,0.7696
GEN_0078,THCAQKLVAKHCLHYLACVLLTYFNACLHAKAFAIP,36,0.7695
GEN_0079,THCAKKAAAKNCLHYLACVLLNYFNSCLQRKVFAIF,36,0.7695
GEN_0080,THCAKKVAAKNCLHYLACVLLTYFSSCLQKFTLLAP,36,0.7695
GEN_0081,THCAKKIAAKHCLHYLACVLLTYFIACLKTFTNLIP,36,0.7694
GEN_0082,THCAKKAAAKHCLHYLACVLLTYFNSCLKRTVFALF,36,0.7694
GEN_0083,THCAKKAAAKHCLHYLACVLLSYFNAFLYAKANAVP,36,0.7693
GEN_0084,LHCAKKIAAKHSLHYLACVLLTYFNSCLKATVFASF,36,0.7693
GEN_0085,THCAKKIAAKHCLHYLACVLLTYFINCLHAKALAIP,36,0.7693
GEN_0086,THCAKKAAAKNCLHYMACVLLTYFGSCLQKFTLLAP,36,0.7693
GEN_0087,THCAKKTAAKHSLHYLACVLLTYFNSCLKRTVFALF,36,0.7693
GEN_0088,THCAKKIAAKHCLHYLACVLLTYFINCLHAKAFAIS,36,0.7693
GEN_0089,THCAKKAAAKNCLHYLACVLLTYFGNCLHVKAFAIG,36,0.7693
GEN_0090,THCAKKIAVKHCLHYLACVLLTYFNACLHAKAFAIP,36,0.7692
GEN_0091,LHCAKKIAAKHSLHYLACVLLTYFIACLKTCTTLIP,36,0.7691
GEN_0092,THCAKKIAAKHCLHYLACVLLTYFIWCVKTFTLLAP,36,0.7691
GEN_0093,THCAKKLVAKHCLHYLACVLLTYFNACLHAKAFAIP,36,0.7691
GEN_0094,THCAKKAAAKHCLHYLACVLLTYFNACLKAKVFAIF,36,0.7691
GEN_0095,THCAQKAAAKNCLHYLACVVLTYFNTCLNRKVFAIF,36,0.7691
GEN_0096,THCAKKADAKHCLHYLACVLLTYFQSCLKATVFALF,36,0.7691
GEN_0097,LHCAKKIAAKHSLHYLACVLLTYFNSCLKATVFALF,36,0.769
GEN_0098,TVSAKKIAAKHCLHYLACVLLTYFIACLKTFTSLAP,36,0.769
GEN_0099,SHCAKKTAAKHSLHYLACVLLTYFNSCLKATVFALF,36,0.769
GEN_0100,THCAKKVAAKNCLHYLACVLLTYFGSCLQRFTLLAP,36,0.769
GEN_0101,THCAKKAAAKNCLHYLACVLLTYFNSCLNRKVFGLC,36,0.769
GEN_0102,THCAKKIAAKHCLHYLACVLLTYFIGCLKTFTSAAP,36,0.7689
GEN_0103,LHCAKKIAAKHSLHYLACVLLTYFIACLKTFTSLAP,36,0.7689
GEN_0104,LHCAKKIAAKHSLHYLACVLVTYFIACLKTFHSLAP,36,0.7689
GEN_0105,TVCAKKIAAKHCLHYLACVLLTYFIACLKTFTSLAP,36,0.7689
GEN_0106,FHCARKIAAKHSLHYLACVLLTYFIACLKTFTSLAP,36,0.7689
GEN_0107,SHCAKKIAAKHCLHYLACVLLTYFIACLKTFTSLAP,36,0.7689
GEN_0108,FHCAKKIAAKHSLHYLACVLLTYFNSCLKTTVVALF,36,0.7689
GEN_0109,THCLKKAAAKNTLHYLACVLLSYFGSCLQKFTLLAP,36,0.7689
GEN_0110,THCLKKAAAKNCLHYLACVLLTYFINCLHAKAFAIP,36,0.7688
GEN_0111,THCAKKAAAKHCLHYLACVLLTYFNSCLNRKVFAWF,36,0.7686
GEN_0112,LHCAKKIAAKHSLHILACVLLTYFHACLKTCTTALF,36,0.7686
GEN_0113,THCAKKAAAKNCIHYLACVLLTYFGSCLQRFTLLAP,36,0.7686
GEN_0114,LHCAKKIAAKHSLHYLACVLLSYFIACLKTYTTLIP,36,0.7686
GEN_0115,FHCAKKAAAKNCLHYLACVLLTYFIATLKTKSSAIF,36,0.7686
GEN_0116,FHCAKKPLAKHCLHYLACVLVTYFNACLKAKVFAIF,36,0.7685
GEN_0117,TVCAKKIAAKHCLHYLACVLLTYFINCLKNFTSLLP,36,0.7685
GEN_0118,NHCAKKIAAKHSLHYLACVLLTYFIWCVKTFTLLAP,36,0.7685
GEN_0119,THCARKAAAKNCLHYLACVVLTYFNTCLNRKVFAIF,36,0.7685
GEN_0120,THCAKKAAAKNCLHYLACVLLTYFNTCLYRKVFAIF,36,0.7685
GEN_0121,THCAKKIAAKHCLHYLACVLVNYFIACLKNFTSLIF,36,0.7684
GEN_0122,THCAKKAAAKHCLHYLACVLLTYFINCLKNKVFAIF,36,0.7684
GEN_0123,FHCAKKAAAKHCLHYLACVLITYFINCLKNFTSLAP,36,0.7683
GEN_0124,THCAKKLVAKHCLHYLACVLLTYFNSCLKAKVFAIF,36,0.7682
GEN_0125,THCAKKIAAKHCFHYLACVLLTYFNACLHAKAFAAD,36,0.7682
GEN_0126,FHCAKATAAKHSLHYLACVLLTYFNTMLKATVFALF,36,0.7682
GEN_0127,THCAKKAAAKNCLHYLACVLLTYFINCLKNFVSLQP,36,0.7682
GEN_0128,LHCAKKAAAKNCLHYLACVLLTYFASCIQRFTLLAP,36,0.7682
GEN_0129,TVCAKKIAAKHCLHYLACVLLTYFIACLKNFNSLIF,36,0.7681
GEN_0130,LHCAKKIAAKHSLHYLACVLVTYCIACLKTFTNHAP,36,0.7681
GEN_0131,IHCAKKAAAKHCLHYLACVLLTYFINCLKNFTSLAP,36,0.7681
GEN_0132,THCAKKAAAKNCLHYLACVLLTYFNSCLKRTVFALF,36,0.7681
GEN_0133,FHCAKKMAAKHSLHYLACVLLTYFNSCLKATVFLAP,36,0.7681
GEN_0134,FHCAKKTAAKHSLHYLACVLLTYFGSCLQRFTLLAP,36,0.768
GEN_0135,THCAKKAAAKHSLHYLACVLLTYFNSCLNRKVFAIF,36,0.768
GEN_0136,THCAKKIAAKHCLHYLACVLVTYFIACLKTFTSLAP,36,0.768
GEN_0137,THCAKKIAAKHCLHYLACVLLTYFIACLKRCTTLIP,36,0.768
GEN_0138,THCAKKIAAKHSLHYLACVLLTYFNSCLKATVFAIF,36,0.768
GEN_0139,FHCAKKPLAKHCLHYLACVLVTYFNACLKAKVFANF,36,0.7679
GEN_0140,THCAKKTAAKHCLHYLACVLLTYFNSCLNRKVFAIF,36,0.7679
GEN_0141,THCAKKIAAKHCLHYLACVLLTYFIWCHKTFTLLAP,36,0.7679
GEN_0142,THCAKKPLAKHCLHYIACVLVTYFNACLKAKVFAIF,36,0.7679
GEN_0143,THCAKKAAAKHCLHYLACVLLTYFINCLNRKVFARF,36,0.7679
GEN_0144,FHCAKKIAAKHSLHYLACVLLTYFIACLKTYTTLIP,36,0.7678
GEN_0145,LHCAKKIAAKHSLHYLACFLLTYFIACLKTFTSAAD,36,0.7678
GEN_0146,THCTKKIAAKHCLHYLACVLVTYFIAALKTFTSLAP,36,0.7678
GEN_0147,LHCAKKIAAKHSLHYLACVLLTYFIAALKTFTSLAP,36,0.7678
GEN_0148,FHCAKKPLAKHCLHYIACVLVTYFNACLKAKVFAMF,36,0.7678
GEN_0149,THCAKRILAKHCLHYLACVLLTYFNACLHAKAFAIP,36,0.7677
GEN_0150,FHCVKKTAAKNCLHYLALVLLTYFNSCLKATTSLAP,36,0.7677
GEN_0151,THCAKKAAAKNCLHYLACVLLTYFNSCLQRFTLLAP,36,0.7677
GEN_0152,THCAKKAAAKNQLHYLACVLLTYFNSSLKATVFALF,36,0.7677
GEN_0153,LHCAKKIAAKHSLHYLACVLLTYFIACAKTYTTLIP,36,0.7676
GEN_0154,FHCARKIAAKHSLHYLACVLLTYFIACLKTYTTLIP,36,0.7676
GEN_0155,LHCAKKIAAKHCLHYLACVLLTYFIGCLKNFTDLIP,36,0.7676
GEN_0156,LHCAKKIAAKHSLHYLACVLLTYFIACLKFYTTNIP,36,0.7676
GEN_0157,THCAKKIAAKHCLHYLACVLLTYFIACLKTFTSLRP,36,0.7675
GEN_0158,FHCAKKTAAKHSLHYLACVLLSYFYTCLKATVFALF,36,0.7675
GEN_0159,LHCAKKIAAKHSLHYLACVLLTYFIACLKTFTSLIP,36,0.7674
GEN_0160,LHCAKRILAKHCLHYIACVLLTYFNACLHAKAFAAD,36,0.7674
GEN_0161,THCAKKAAAKHCLHYLACVLLTYFNSCLKRKVFAIF,36,0.7674
GEN_0162,THCAKKIAAKHCLHYLACVLLTYFIACLKTYTTLIP,36,0.7674
GEN_0163,SHCAKKIAAKNCLHYLACVLLTYFGSCLQRFTLLAP,36,0.7674
GEN_0164,LHCAKKIAAKHSLHYLACVWLTYFHACLKTCTTALF,36,0.7674
GEN_0165,FHCAKKAAAKNCLHYLACVLLTYFNTCLNRKVFAIW,36,0.7674
GEN_0166,LHCAKKIAAKHSLHYLACVLLTYFIACLKTYTTNIP,36,0.7673
GEN_0167,LHCAKKIAAKHSLHYLACVLLTYFHACLKTCTTLIP,36,0.7673
GEN_0168,LHCAKKAAAKNCLHYMAMVLLTYFNSCLKATVFALF,36,0.7673
GEN_0169,TKCAKKVAAKNCLHYLACCLITYFSSCLQKFTLLAP,36,0.7673
GEN_0170,TACAKKIAAKHCLHYLACVLLTYFINCLKTFTKLIP,36,0.7673
GEN_0171,FHCAKKAAAKHCLHYLACVLLTYFINCLKNFVSLAP,36,0.7673
GEN_0172,FHCAKKIAAKHCLHYLACNLVTYFIACLKTFLSLAD,36,0.7672
GEN_0173,TVCAKRIAAKHCLHYLACVLLTYFAACLKTFTSLAP,36,0.7672
GEN_0174,THCAKKIAAKHCLHYLACHLLTYFIACLKTFTSLAP,36,0.7672
GEN_0175,LHCAKKAAAKNCLHYLACVLLTYFINCLHVKAFAGS,36,0.7672
GEN_0176,FHCAKKPLAKHCLHYLACVLLTYFNACLHAKAFAAD,36,0.7671
GEN_0177,THCAKKIAAKHSLHYLACVLVTYFIACLKTFTSLAP,36,0.7671
GEN_0178,LHSAKKIAAKHSLHYLACVLVTYFIACLKTFHSLAP,36,0.7671
GEN_0179,FHCAKKIAAKHSLHYLACVLLTYFNSCLKATVFAIF,36,0.7671
GEN_0180,LHCARKIAAKHSLHYLACVLLTYFIACLKTFTSLAP,36,0.7671
GEN_0181,AHCAKKIAAKHSLHYLACVLLTYFHACLKTCTTGLF,36,0.7671
GEN_0182,TVCAKKIAAKHCLHYLACVLLTYFINCLKTFTSLIP,36,0.767
GEN_0183,YHCAKKIAAKHCLHYLACVLLTYFIACLKTFTSLAP,36,0.767
GEN_0184,SHCAKKIAAKHCLHYLACVLLTYFITCLNRKVFAIF,36,0.767
GEN_0185,THCAKKAAAKHCLHYLACVLLTYFNSCLKRTVFAIG,36,0.767
GEN_0186,FHCAKKTLAKHSLHYLACVLLTYFGSCLNRFTLLAP,36,0.767
GEN_0187,THCAKKIAAKHCLHFLACVLLTYFIWCVKTFTLLAP,36,0.7669
GEN_0188,LHCAKKIAAKHSLHYLACVLLTYFNSCLKATVFAIF,36,0.7669
GEN_0189,LHCAKKVAAKHSLHYLACVLVTYCIACLKTFTNPAP,36,0.7669
GEN_0190,LHCAKKAAAKHSLHYLACVLLTYFIACLKTFTSLIP,36,0.7668
GEN_0191,WHCAKKAAAKHCLHYLACVLITYFINCLKNFTSLAP,36,0.7668
GEN_0192,THCAKKAAAKNCLHYLACVLLTYFINSVHAKAFAIP,36,0.7668
GEN_0193,THCAKKIAAKHCLHYLACVLLTYFINCLKTFTSLIP,36,0.7667
GEN_0194,LHCAKKIAAKHSLHYLACVLLTYFIACLKTFTSLLP,36,0.7667
GEN_0195,THCAKKIAAKHSLHYLACVLLTYFIACLKTYTTLIP,36,0.7667
GEN_0196,TMCAKKIAVKHCLHYLACVLLTFFNLCLKNFTKLIP,36,0.7667
GEN_0197,THCAKKAAAKLCLHYLACVLLTYFNSCLNRKVFAIF,36,0.7667
GEN_0198,THCAKKAKAKNCLHYLACVLLTYFGSCLQRFTLLAP,36,0.7667
GEN_0199,IHCAKKAADKHCLHYLACVLLTYFNSCLNRKLFAIF,36,0.7667
GEN_0200,THCAWKAAAKHCLHYLACVLLTYFITCLNRKVFAIF,36,0.7667
GEN_0201,LHCAKKIAAKHCLHYLACVLLTYFINCLKAFTSLIP,36,0.7666
GEN_0202,THCLKKAAAKNCLHYLAIVLLTYFGSCLQRFTLLAP,36,0.7666
GEN_0203,THCLKKVAAKNCYHYLACVLLTYFGSCLQKFTLLAP,36,0.7666
GEN_0204,LHCAKKIAAKHSLHYLACVLVTYCIACLKTFTNPAP,36,0.7666
GEN_0205,FHCAKKTAAKHSLHFLACVLATYFESCLKATVFALF,36,0.7666
GEN_0206,TVCAKKIAAKHCLHYLACVLLTYFINCLKNFTSLIP,36,0.7665
GEN_0207,THCAKKIAAKHCLHYLACVLLQYFIACLKNFNSLIF,36,0.7665
GEN_0208,THCAKKIAAKHCLHYLACVLLTYFIACTKNFTSLAP,36,0.7665
GEN_0209,THCAKKAAAKHCIHYLACVLLTYFINCLKNFVSLAP,36,0.7665
GEN_0210,THCAKKAAAKHCLHYLACVLLTYFGSCLNRKVDAIF,36,0.7664
GEN_0211,TSCVFKILAKHCLHYLACILLTYMRATLHAKAFAAD,36,0.7663
GEN_0212,TVCAKKIAAKHCLHFLACVLLTYFINCLKNFTSAAP,36,0.7663
GEN_0213,THCAQKLVAKHCLHYLACVLLTYFNACLDAKAFLIP,36,0.7663
GEN_0214,LHCAKKAAAKNCLHYLACVLLTYFNSCLNRKLFAIF,36,0.7663
GEN_0215,TVHAKRAAAKHCLHYLACVLLTYFNSCLKRTVFALF,36,0.7663
GEN_0216,LHCAKKLVAKHCLHYLACVLLTYFNACLKTFTSAAP,36,0.7662
GEN_0217,LHCAKKAAAKHSLHYLACVLLTYFNNCLKTFTSLIP,36,0.7662
GEN_0218,THRAQKIAARHCLHYLACVLLTYFIPCLKTFKSAIF,36,0.7662
GEN_0219,TVCAKKIAAKHCLHYLACVLLTYFNSCLNRKVFAIF,36,0.7662
GEN_0220,THCAKKIAAKHCLHYLACVLVTYFIAALKTFTSLAP,36,0.7662
GEN_0221,LHCARKIAAKHSLHYLACVLLTYFNTCLKATVFALF,36,0.7662
GEN_0222,THCAKKALAKNCLHYLACVLLTYFNTCLNRKVFAIF,36,0.7662
GEN_0223,FHCAKKLLAKHCLHYIACVLVTYFNACLKAKVFALF,36,0.7662
GEN_0224,THCAKKAAAKHSLHYLACVLLTYFNTCLNRKVFAIF,36,0.7662
GEN_0225,THCAKKILAKHCLHYLACVLLTYFRACLHAKAFAAD,36,0.7661
GEN_0226,DHCAKKILAKHCLHYLACVLLTYFNLCLKNFTKLIP,36,0.766
GEN_0227,TVCAKKIAAKHCLHYLACVLLTYFINCLKNFTSAAP,36,0.766
GEN_0228,LHCAKKIAAKHCFHYLACVLLTYFNACLHAKAFAAD,36,0.766
GEN_0229,TICAKKVAAKHCLHYLACVLLTYFIWCVKTYTLAAP,36,0.766
GEN_0230,LHCAKKIAAKHCLHYLACVLLTYFIACLKTFTNLEP,36,0.766
GEN_0231,LHCAKKIALKNCLHYLAMVLATYFNSCLKATVFALF,36,0.766
GEN_0232,THCAKKAAAKNCLHYLACVLLTYFNSCLQRKVFAIP,36,0.766
GEN_0233,THCAKKIAAKHCLHYLACVLLTYFIGCAKTFTSAAP,36,0.7659
GEN_0234,LHCAKKIAAKHSLHYLACVLLTYFIGCLKTFTSLRP,36,0.7659
GEN_0235,THCAKKAAAKHCLHYLACVLLTYFINCTKNFTSLAP,36,0.7659
GEN_0236,LHMAKKIAAKHSLHYLACVLATYFHACLKTTVFALF,36,0.7659
GEN_0237,THCAKKAAAKHCLHYLACVLLTYFINCLKKFRLLAF,36,0.7659
GEN_0238,THCAKKIAAKHCLHYLACVLLTYFIACLKTFTSLIP,36,0.7659
GEN_0239,THCAKKIVAKHCLHYLACVLLTYFNACLKTFTFAAP,36,0.7659
GEN_0240,TVCAKKIAAKHCLHYLACVLLTYFIACLKTFTSLTP,36,0.7659
GEN_0241,TVSAKKIAAKHCLHYLACVLLTYFIACLKTFTSLAC,36,0.7659
GEN_0242,THCAKKAAAKHCLHYLACVLLTWFITCLNRKVFAIF,36,0.7659
GEN_0243,THCAKKIAAKHCLHYLACVLLTYFINCLKNFTSLIP,36,0.7658
GEN_0244,THCAKKIAAKHCLHYLACVLLTYFIGCLKNFTDLIP,36,0.7658
GEN_0245,LHCAKKIAAKHCLHCLACVLLTYFINCLKNFTSLLP,36,0.7658
GEN_0246,TVCAKKIAAKHCLHYLACVLLTYFIACLKTFTRLAP,36,0.7658
GEN_0247,FHCAKKTAAKHSLHYLACVLLTYFNSCLKRTVFASF,36,0.7658
GEN_0248,GHCAKKAAAKHPLHYLACVLLTYFWNCLPAKAFAIL,36,0.7658
GEN_0249,SHCAKKIAAKHCLHYLACVLLTYFIACLKTITTFIP,36,0.7658
GEN_0250,THCAKKAAARNCLHYLALVLLTYFNSCLQKFTLLAP,36,0.7658
GEN_0251,SHCAKKTAAKHSLHYLACVLLTYFQSCLKATVFALF,36,0.7658
GEN_0252,FHCAKKTAAKHSLHYLACVLLTYFGSCLQKFFLLAP,36,0.7658
GEN_0253,LHCAKKIAAKHSLHYLACVLLTYFIACLKTYTSLIP,36,0.7657
GEN_0254,TRCAWKIAAKHCLHYLACVLLTYFIACLKTFTSLAP,36,0.7657
GEN_0255,FHCAKKIAAKHSLHYLACVLLTYFNTCLYRKVFAIF,36,0.7657
GEN_0256,FHCAKKTAAKHDLHYLACVLLTYFQSCLKLTVWAVF,36,0.7657
GEN_0257,THCAKKAAAKHCLHYLACVLVTYFINCLHAKAFAIP,36,0.7657
GEN_0258,TVCAKKIAAKHCLHYLACVLLTYFINCLKAFTSLIP,36,0.7656
GEN_0259,THCAKKIAAKHCLHYLACVLLTYFNSCLKATVFALP,36,0.7656
GEN_0260,FHCAKKAAAKHCLHYLACVLITYFINCLKNFKSLAP,36,0.7656
GEN_0261,FHCAKKIAAKHSLHYLACVLATYHHACLKTTVFALF,36,0.7656
GEN_0262,SHCAKKAAAKHCLHYLACVTLTYFINSLHAKAFALF,36,0.7656
GEN_0263,THCAKKIAVKHCLHYLACVLLTFFNLCLKNFTKLIP,36,0.7655
GEN_0264,THCAAKAAAKNCLHYLACVLLTYFINCLKNFTSNAP,36,0.7655
GEN_0265,THCAKRILAKHCLHYLACVLLMYFNACLHAKAFAIP,36,0.7654
GEN_0266,FHCAKKPLAKHCLHYIAFVLITYFNAHLKAKTFAIF,36,0.7654
GEN_0267,THCAKRILAKHCLHYLACVLLAYFNACLHAKAFAVP,36,0.7653
GEN_0268,THCAKKIAAKHCLHYLACVLLTYFNSCLKAKVFAIF,36,0.7653
GEN_0269,THCAKKPLAKHCLHYLACVLLTYFNACLHAKAFAIP,36,0.7652
GEN_0270,THCAKKLVAKHCLHYLACVLLTYFNACLKTFTSAAP,36,0.7652
GEN_0271,DHCAKKILAKHCLHYLACVLLTYFNLCLKTFTSAAP,36,0.7652
GEN_0272,THCAKKIAAKHCLHYLACVLLTYFIGCLKTFTSAAG,36,0.7652
GEN_0273,THCAKKPLALHCLHYIAFVLITYFNAHLKAKTFAIF,36,0.7652
GEN_0274,LHSAKKIAAKHCLHYLACVLVTYFIASLKTFTSLAP,36,0.7652
GEN_0275,FHCARKIAAKHSLHYLACVLLTYFIACLKTFISLAP,36,0.7652
GEN_0276,LHCAKKIAAKHCLHYLACVLLTYFINCLKNFTSLAP,36,0.7652
GEN_0277,THCAKKAAAKHCLHYLACVLLTYFINCLKTFTNLEP,36,0.7652
GEN_0278,FHCAKKPLAKHCLHYLACVSLTYFNACLKSKAFAIP,36,0.7652
GEN_0279,THCAKKIAAKHSLHYLACVLLTYFIACLKTCTTLIA,36,0.7652
GEN_0280,THCAKKAAAKNCLHYLACVLLTYFGSCLQRFELLAP,36,0.7652
GEN_0281,FHCAKKTVAKHSLHYLACVLLTYFINCLKNFVSLAP,36,0.7652
GEN_0282,THMAKKAAAKHCLHYLACVLLTYFGSCLQRFTLLAP,36,0.7652
GEN_0283,THCAKRILAKHCLHYLACVLLTYFNACLHAKAFAAD,36,0.7651
GEN_0284,THCAKKIAAKHCLHYLACVLVTYFIACLKNFTSLIF,36,0.7651
GEN_0285,THCAKKIAAKHSLHYLACVLLTYFNSCLKATVFLAP,36,0.7651
GEN_0286,THCAKKAAAKHCLHYLACVLLTNFNSCLNKGVFAIF,36,0.7651
GEN_0287,THCAKKAAAKHCLHYLALVLLTYFIACLKTFTSLAW,36,0.7651
GEN_0288,THCAKKTAAKHSIHYLACVLLTYFNSCLKRTVFALF,36,0.7651
GEN_0289,THCLQKAAAKNCLHYLACVLLTYFGTCLQRKAFLYP,36,0.7651
GEN_0290,LHCAKKAAAKNCLHYLAMVLLTYFNSCAHVKAFAIS,36,0.7651
GEN_0291,FHCARKPLAKHCLHYLACVLLTYFNLCLKNFTKLIP,36,0.765
GEN_0292,FHCAKKPLAKHCLHYLACVLLTYFNACLKTKAFAIP,36,0.765
GEN_0293,THCAKKIAAKHSLHYLACVLLTYFIACLKTFTSLLP,36,0.765
GEN_0294,THCAKKIAAKHCLHYLACVLVTWFIACLKNFTFAIP,36,0.765
GEN_0295,LHCAKKIATKHSLHYLACVLLTYFINCLKAFTSLIP,36,0.765
GEN_0296,THCAKKPLAKHCLHYLACVLVTYFNACLKAKVFAIF,36,0.7649
GEN_0297,LHCAKKLVAKHCLHYLACVLVTYFNACLKAKVFAIF,36,0.7649
GEN_0298,THCAKKIAAKHCLHYLACVLVTYFIACLKTFLSLAD,36,0.7649
GEN_0299,TVCAKKAAAKHCLHYLACVLLNYFNSCLNRKVFAIF,36,0.7649
GEN_0300,TVCPKKIAAKHCLHYLACVLLTYFNSCLKAKVFAIF,36,0.7649
GEN_0301,THCAKKIAAKHCLHYLACVLLTYVNACLHAFTSLAP,36,0.7649
GEN_0302,FHCAKKIAAKHSLHYLACVLLTYFNSCLNRKVFAIF,36,0.7649
GEN_0303,THCLQKAAAKNCLHYLACVLLTYFGSCLQRKAFLIP,36,0.7649
GEN_0304,THCAMKILAKHCLHYLACVLLTWFNACLKAKVFALF,36,0.7647
GEN_0305,THCAKKLVAKHCLHYLACVLLTYFNSCLKAKVFWIF,36,0.7647
GEN_0306,THCAKKIAAKHCLHYLACVLVTYFIACLKTYTSAAP,36,0.7647
GEN_0307,LHCAKKPLAKHCLHYLACVLVTYFNACLKAKVFAIF,36,0.7647
GEN_0308,FHCAKKPLAKHCLHYLACVLLTYFNACLKTFTSVKP,36,0.7646
GEN_0309,LHCAKKIAAKTSLHYLACVLLTYFIACLKTYTSLIP,36,0.7646
GEN_0310,TVCAKKIAAKHCLHYLACVLLTYVIACLKTYTTLIP,36,0.7646
GEN_0311,SHCAKKIAVKHCLHYLACVLLTYFNACLHAKAFAAD,36,0.7646
GEN_0312,TVCVKKIAAKHSLHYLACVLLTYFIACLKTYTTLIP,36,0.7646
GEN_0313,THCAKKLVAKHCLHYLACVLLTYFNACLHAKAFKLP,36,0.7646
GEN_0314,LHCAKKAAAKHCLHYLACVLLTYFIACTKNFTSLAP,36,0.7646
GEN_0315,SHCAKKIAAKHCLHYLACVLLTYFGSCLQRFTLLAP,36,0.7646
GEN_0316,YHCAKKAAAKQCLHYLACVLLTYFINCLHAKAFAIG,36,0.7646
GEN_0317,THCAKNVAAKNCLHYLACVLLTYFGSCLQRFTLLAP,36,0.7646
GEN_0318,THCAKKVAAKNCLHYLACVLLTYFNSCLNRKVFAVF,36,0.7646
GEN_0319,THCAKKAAAKHCLHYLACVLLTYFGSCLNRKVDALY,36,0.7646
GEN_0320,TMCAKKIAVKHCLHYLACVLLTFFNLCLKNFSKLIP,36,0.7645
GEN_0321,THCAKKAAAKHCLHYLACVLLTYFINCAKNFTSLVE,36,0.7645
GEN_0322,LHCAKPIAAKHSLHYLACVLLTYFAACLKTFTSLAP,36,0.7645
GEN_0323,THCAKKHAAKHCLHYLACVLLTYFIACLKTFTNLIP,36,0.7645
GEN_0324,GHCAQKLVAKHCLHYLACVLLTYFNSCLKAKVFLAP,36,0.7645
GEN_0325,THAPKKAAAKNCLHYLACVLLTYFNTCLNRKVFAIF,36,0.7645
GEN_0326,FHCAKKTAAHHSLHYLACVLLTYFNSCLKRTVFALF,36,0.7645
GEN_0327,THCAKKAAAKNCLYYLACVLLTYFNSCLNRKVFAIF,36,0.7645
GEN_0328,THCAKKLAAKNCLHYLACVLLTYFNSCLQRKVFAIF,36,0.7645
GEN_0329,THCAKKAAAKHCLHYLACVLLTYFGSCINRKVDAIF,36,0.7645
GEN_0330,THCAKKILAKHCLHYLACVLLTYFNACLKAKVFALF,36,0.7645
GEN_0331,FHCAKKPLAKHCLHYLACVLLTFLNGCVKAKVFAVP,36,0.7645
GEN_0332,THCAKKILAKHCLHYLACVLLTYFNLCLKNFTKLAP,36,0.7645
GEN_0333,FHCAKKPLAKHCLHYLACVLLTYFINCLKNATSLIP,36,0.7645
GEN_0334,TVCAKKIAAKHCLHYLACVLLTYFINCVKNFTSLIP,36,0.7645
GEN_0335,THCAKKAAAKNCLHYLAAVLLTYFNSCLNRKVFAIF,36,0.7645
GEN_0336,FHCAKKPLAKHCLHYLACVLLTYFNACLKTFTKLIP,36,0.7644
GEN_0337,THCAKKILAKHHLHYLACVLLTYFNACLKNFTSLIP,36,0.7644
GEN_0338,FHCAKKPLAKHCLHYLACVLLTYFNACLKTFTKLAD,36,0.7644
GEN_0339,TRCAKKIAAKHCLHYLACVLLTYFIACLKTFTSLAP,36,0.7644
GEN_0340,LHCVKKIAAKHSLHYLACVLLSYFIACLKTFTLLAP,36,0.7644
GEN_0341,THCAQKTAAKHSLHYLACVLLTYFNSCLKRTVFALF,36,0.7644
GEN_0342,FHCAWKAAAKHTLHYLACVLLTCFITALNRKVVAIF,36,0.7644
GEN_0343,THCAKKIAAKHCLHYLACVLLTYFINCLRTFTSLIP,36,0.7643
GEN_0344,FHCAKKIAAKHSLHYLAFVLLTYFQSCLKAVVFQAF,36,0.7643
GEN_0345,THCAKKIAAKHCLHYLACVLLTYFNSCLKAKLFALF,36,0.7643
GEN_0346,THCAKRIAAKHCLHYLACVLLSYFIACLKTFTSLAP,36,0.7643
GEN_0347,TVCAKKIAAKHCLHFLACVLLTYFINCLKNFTSLIP,36,0.7642
GEN_0348,THCAKKAAAKHPLHYLACVLLTYFNSCLNRKVFAIF,36,0.7642
GEN_0349,TKPARKAAAKHCLHYLACVLLTYFINCFHTKAFAIP,36,0.7642
GEN_0350,THCLKKAAAKNCLHYLASVLLTYFGSCLQKFTLLAP,36,0.7642
GEN_0351,THCAKKILAKHCLHYLACVLLTYFNLCLKNFTKLIP,36,0.7641
GEN_0352,THCAKKPLAKHCLHYLACVLLTYFNACLKTFTSAAP,36,0.7641
GEN_0353,THCAQKAAAKNCLHYLACVVLTYFNSCLNRKVFAIF,36,0.7641
GEN_0354,LHCAKKIAAKHSLHYLACVLLTYFIACLKKYTTNFP,36,0.7641
GEN_0355,FHCAKKAAAKHCLHYLACVLETYFINLLHAKAFAIP,36,0.7641
GEN_0356,TKCARKAAAKHCLHYLACLLLTYFNSCLNRNLFAIP,36,0.7641
GEN_0357,THCAKKPLAKHCLHYLACVLLTYFNANLKTFTILIP,36,0.764
GEN_0358,THCAKKIAAKHCLHYLACVLLNYFIACLKTFTSLIP,36,0.764
GEN_0359,THCAKKIAAYHCLHYLACVLLTYFIACLKNFTKLIP,36,0.764
GEN_0360,LHCAKKAATKHTLHYIACVLLAYFIACLKTFTSLIP,36,0.764
GEN_0361,LHCAKKIAAKHSLNYLACVLLTYFIACLKFYTTNFP,36,0.764
GEN_0362,THCAKKIAAKHCLHYLACSLLTYFIACLKTFTSLAP,36,0.764
GEN_0363,THCAKKAAAKNCLHYLACVWLTYFNSCLQRKVFAIF,36,0.764
GEN_0364,THCAKKAAAHRCLHYLACVLITYFNTCLNRKVFAIF,36,0.764
GEN_0365,THCAKKIAVKHCLHYLACVLLTYFNACLHAKAFAIF,36,0.764
GEN_0366,FHCAKKTAAKTSLHYLACVLLTYFNSCLKATVFALF,36,0.764
GEN_0367,LHCAKKIAAKHSLHYTACVLLTYFHAALKTTVFALF,36,0.764
GEN_0368,THCAKKIAAKHCLHYLACILLTYFNACLKTFTNLIP,36,0.7639
GEN_0369,THCAKKAAAKHCLHYLACVLLTYFNSCLKNFTDLIP,36,0.7639
GEN_0370,LHCAKKIAAKHSLHYLACVLLTYFIACLKTFTSLAW,36,0.7639
GEN_0371,THCAKKAAAKNCLHYLACVLLNYFNTMLKATVFALF,36,0.7639
GEN_0372,THCAKKILAKHCLHYLACVLLAYFNACLKTSTSLIP,36,0.7638
GEN_0373,LHCAKKIAAKHSLHYLACVLLTYFIACLKRCTTLIP,36,0.7638
GEN_0374,THCAKKIAAKHCLHYLACVLLTYFIWCVKTFTLAAP,36,0.7638
GEN_0375,THCAKKAADKHCLHYLACVLLTYFINCLKNFVSLAP,36,0.7638
GEN_0376,THCAQKLVAKHCLHYLACVLLTYFNSCLKAKVFLMP,36,0.7637
GEN_0377,THCAKKPLAKHCLHYLACVLLTYFNACLHAKAFATD,36,0.7637
GEN_0378,THCARKPLAKHCLHYLACVLLTYFNLCLKNFTKLIP,36,0.7637
GEN_0379,THCAKKIAAKHCLHYLACVLLTYFIACLKNFTKLIP,36,0.7637
GEN_0380,THCAKKAAAKNCLHYIACVLVTYFNACLKAKVFAMF,36,0.7637
GEN_0381,THCAKKILAKHHLHYLACVLLTYFNACLHAKAFAIP,36,0.7636
GEN_0382,THCAKKIALNHSLHYLACVLLTYFNSILKAYVFAIF,36,0.7636
GEN_0383,FHSCKKIAAKHSLHYLACVLLNWFNSCLKATVFAAF,36,0.7636
GEN_0384,LHCAKKIAAKHSLHYLACVFLTYFHACNKTNTTALF,36,0.7636
GEN_0385,GHCAKKIAAKHCLHYLACVLLTYFIACLKTFTSLIP,36,0.7635
GEN_0386,THCAKKLVAKHCLHYLACVLLAYFNACLHAKAFAVP,36,0.7635
GEN_0387,FHCAKKIAAKHCLHYLAINLVTYFIACLKTFLSLAD,36,0.7635
GEN_0388,THCAKKAAKKHCLHYLACVLLTYFINCLKNFTILAP,36,0.7635
GEN_0389,TVCAKKIAAKHSLHYLACVLLTYFNSCLKATVFQAF,36,0.7635
GEN_0390,THCAKKILAKHCLHYLACVLLTYFNACLKAKVFAIF,36,0.7634
GEN_0391,NHCAKKIAAKHCLHYLACLLLTYFNACLRTFTKLIP,36,0.7634
GEN_0392,FHCAKKPLAKHCLHYLACVVLTYFNACLKTFTKLIP,36,0.7634
GEN_0393,LHCAKKIAAKHSLHYLACVLLTYFIACLKTYITCIP,36,0.7634
GEN_0394,THCAKKAAAKHCLHYLACVLLTYFINCLKNFTSQAP,36,0.7634
GEN_0395,LHCAKKIAAKTSLHYLACVLLTYFIVCLKTYTSLAP,36,0.7633
GEN_0396,THCAKKIAAKHSLHYLACVLVTYFIACLKTYTSAAP,36,0.7633
GEN_0397,THCAKRILAKHCLHYLACVLLTYFNACLKTFTSAAY,36,0.7633
GEN_0398,LHCAKKPLAKHCLHYIAFVLITYFNAHLKAKTFAIF,36,0.7633
GEN_0399,TRCAKKAARKHCLHFLACVLLTYFNSCLKRFTSAAY,36,0.7633
GEN_0400,FHCAKKAAAKHCLHYLACVLLTYFINCLHAKAFAIP,36,0.7633
GEN_0401,THCAKKAAAKHCMHYLACVLLTYFIACTKNFTSLAP,36,0.7633
GEN_0402,SHCAKKIAAKHCLHYLACHLLTYFIACLKTFSSLAP,36,0.7633
GEN_0403,FHCAKKTAAKHSLHYLACGLLTYFHACLKTCTTALF,36,0.7633
GEN_0404,TSCAKKILAKHCLHYLACVLLTYMRACLHAKAFAAD,36,0.7632
GEN_0405,TRCAKKILAKHHLHYLACYLLTYPNACLHAKAFAIP,36,0.7632
GEN_0406,FHSAKKPLAKHCLHYLACVLLTYFNNCLKNFTSAAP,36,0.7632
GEN_0407,THCAKRILAKHCLHYLACVLLTYFNACLRIKAFAIP,36,0.7632
GEN_0408,THCAKKIAAKHSLHYLACVLLTYFIACLKTFKSAIF,36,0.7632
GEN_0409,TTCARKIAAKHCLHYLACVLLTYFIWAVKTFTLLAP,36,0.7632
GEN_0410,TRCAKKAAAKHCLHYLACVLLSYFNAFLTAKINARP,36,0.7632
GEN_0411,FHCAKKPLAKHCLHYAACVLVTYFNACLKAKVFALF,36,0.7632
GEN_0412,THCAKKAAAKHCAHYLACVLLTYFINCLKNFTSLVP,36,0.7632
GEN_0413,LHCAKKAAAKNCLHYFACVLLTYLINCLKNFTSNAE,36,0.7632
GEN_0414,THCAKKAAAKHCLQYLACVLLTYFINCLHAKAFAIP,36,0.7632
GEN_0415,FHCAKKPLAKHCLHYLACTLLTYFNASLKTFTSVKP,36,0.7631
GEN_0416,FHCAKKPLAKHCLHYLACVLLTFLNGCVKAKVFAVK,36,0.7631
GEN_0417,FHCAKKPLAKHSLHYLACVLLTYFNLCLKNFTSLIP,36,0.7631
GEN_0418,THCAKKAAAKHCLHYLACVLLTYFNSCLNRFTSLAP,36,0.7631
GEN_0419,THCAKKAAAKHCAHYLACVLLTYFINCLKNFTSLIP,36,0.7631
GEN_0420,THCAKKAAGKNSLHYLACVLLTYFNSCLQRKVFAIF,36,0.7631
GEN_0421,FHCAKKPLAKHCLHYIACVLLTYFNTCLNRKVFAIF,36,0.7631
GEN_0422,RHCAKKAAAKNCLHYLACVLLTYFINCLKNFVSLAP,36,0.7631
GEN_0423,THCAKKAAAKNQLHYLACVLLTYFGSCLQRFTLAIW,36,0.7631
GEN_0424,THCAKKAGAKHCLHYLACVLLTYFNTCLKATVFALF,36,0.7631
GEN_0425,THCAKKILAKHCLHYLACVLLTYFNVCLKAKVFALF,36,0.7631
GEN_0426,FHCAKKPLAKHCLHYIACVLATYFNACLKAKVFAIF,36,0.763
GEN_0427,LHCAKKIAAKHSLHYLACVLLTYFIGCLKTFTSCRP,36,0.763
GEN_0428,THSAKKAAAKHCLHYLACILLSYFNAFLYAKANAVP,36,0.763
GEN_0429,THCAKKIAAKHILHYLACVLLTYFNSCLKATVFALF,36,0.763
GEN_0430,THCAKKAAAWNCLHYLACVLLTYFNSCLQRFTLLAP,36,0.763
GEN_0431,FHCAKKIAAKHSLHYLACVLLTYFNSCLKATVFQIF,36,0.763
GEN_0432,FHCAKKAAAKWCLHYLACVLLTYFNTCLNRKVFAIF,36,0.763
GEN_0433,THCAKKPLAKHCLHYLACVLLTYFNACLKTFTKLIP,36,0.763
GEN_0434,THCAKKLVAKHCLHYLACVLLTYFNGCLKTFTSAAP,36,0.763
GEN_0435,TVCAKKIAAKHCLHYLACVLLTYFINCLKNFTSLLG,36,0.763
GEN_0436,LMCAKKIAAKHSLHYLACVLLTYWIACLKFYTTNFP,36,0.763
GEN_0437,THCAKKAAAKHCLHYLACVLLSYFNAFLYHKANAVP,36,0.763
GEN_0438,THCAQKAAAKDCLHYLACVVLTYFNTCLNRKVFALF,36,0.763
GEN_0439,THCAKKLVAKHCLHYLACVLLTYFNSLSKAYVFAIF,36,0.7629
GEN_0440,FHCAKKPLAKHCLHYLACVLLTYFNACLKDFTKLIP,36,0.7629
GEN_0441,THCAKKIKAKHCLHYLACVLLTYFNACLKAHVFAVF,36,0.7629
GEN_0442,LMCAKKIAAKHSLHYLACVLLTYFNSCLKATVFALF,36,0.7629
GEN_0443,FHCAKKPLAKHCLHYLACVLLTYFNLCLKNFTKLIP,36,0.7628
GEN_0444,THCAKKIAAKHCFHYLACVLLTYFNACLKNFTKLIP,36,0.7628
GEN_0445,TICAKKIAVKHCLHYLACVLLTYFINCLKNHTSLTP,36,0.7628
GEN_0446,THCAKKIAANHCLHYLACVLLTYFNACLKTFTSALP,36,0.7627
GEN_0447,THCAKKAAAKHCLHYLACVLVTYFNACLHAHAFAIG,36,0.7627
GEN_0448,TVCAKKIAAKHCLHYLACVLLTYFIWGVKTFTLLAP,36,0.7627
GEN_0449,FHCARKIAAKHSLHYLAWVLLTYFIACLKTFTSLAF,36,0.7627
GEN_0450,THCMKKAAAKHCLHYLACILLTYFNTCLNRKVFAIF,36,0.7627
GEN_0451,FHCAKKTAAKHSLHYLACVILTYFNTCLKATVFALF,36,0.7627
GEN_0452,FHCAKKAAAKNCLHYLACVLLTYYIATLKTKSSAIF,36,0.7627
GEN_0453,FHCAKKIAAKHSLHYLACVLLTYFNSCLQKFTLLAP,36,0.7627
GEN_0454,THCAKKAAAKHCVHYLACVLLTWFINCLKNFTSLIP,36,0.7626
GEN_0455,FHCAKKAAAKHCLHYLACVLLTYFINILKNFVSLGP,36,0.7626
GEN_0456,FHCAAKPLAKHCLHYLACVLLTYFNRCLKAKVFAIF,36,0.7626
GEN_0457,THCAKRILAKHCLHYLACVLLAYFNACLHAKTPLIP,36,0.7626
GEN_0458,TLCASKIAAKHCLHYLACVLLTYFNTCLNRKVWAIW,36,0.7626
GEN_0459,THCAKKIAAKHCLHYLACVLLTYFIGCLKTFTSLRP,36,0.7626
GEN_0460,THCAKKIAAKHCLHYLACVLVTYFNACLKAGVFAIF,36,0.7626
GEN_0461,THCAKKIAAKHCLHYLAIVLLTYFIACLKTYTTNIP,36,0.7626
GEN_0462,FHCAKKPLAKHCLHYIACVIVTYFNACLKAKVFALF,36,0.7626
GEN_0463,LHCAKKIAAKHSLHYLGCVLLTYFIACLKTFTSLAP,36,0.7626
GEN_0464,THSAKKAAAKHCLHYLACILLSYFNAFLKAKVFAIF,36,0.7626
GEN_0465,FHCAKKTAAKHSLHYLACVLLTYFIACLKKYTTNFP,36,0.7626
GEN_0466,THCAKKILAKHCLHYLACVLLAYFNACLKTFTSLIP,36,0.7625
GEN_0467,THCAKKPVAKHCLHYLACVLLTYLNGCVKAKVFAVP,36,0.7625
GEN_0468,THCAKKPLAKHCLHYLACVLLTYFNACLKAKVFAMF,36,0.7625
GEN_0469,THCAKKIAAKHSLHYLACVLVTYFIACLKTFTALLP,36,0.7625
GEN_0470,LHCAKKAAAKHSLHYLACVLLTYFNWCLKTFTSAFP,36,0.7625
GEN_0471,TVCAKKIAATHCLHYLACVLLTYFMNCLKNFTSLIP,36,0.7625
GEN_0472,LLSAKKIAAKQCLHYIACVLLTYFNSCLNRKVFALF,36,0.7625
GEN_0473,THCAKKILAKHCLHYLACVLVTYFNACLKAKVFAIF,36,0.7625
GEN_0474,THCAKKPLAKHCLHYAACVLVTYFNACLKAKVFAIF,36,0.7625
GEN_0475,THCAKKPLAKHCLHYLACVLLTYFNACLHAKAFAAD,36,0.7624
GEN_0476,FHCAKKIAAKHCLHYLACVLLNYFIWCVKTFTLLAP,36,0.7624
GEN_0477,THCAKKIAAKHCLHYLACVLLTYFNACLHADAFAIP,36,0.7624
GEN_0478,THCAKKLAAKHCLHYLACVLLTYFWNSLHAKAFALW,36,0.7624
GEN_0479,THCAKKATAKFCLHYLACVLLTFYGNCLKNFVSLAP,36,0.7624
GEN_0480,THCAKKIAAKHSLHYLACVLLTYFIACLKTYTSLIP,36,0.7623
GEN_0481,THCAKKPLAKLHLHYLACVLLTYFNACLHAKAFAIP,36,0.7623
GEN_0482,LHCAKKLVAKHCLHYLACVLLTYFNACLKTFTSGAP,36,0.7623
GEN_0483,TTCAKKAAALHSLHYLACVLLTYFNTCLNRKVFAID,36,0.7623
GEN_0484,THCAKKIAAKHCLHYLACVLLVYFIACLKNFTKLIP,36,0.7623
GEN_0485,NHCAKKAAAKNCLHYLACVLLTYFNSCLNRKVFAIF,36,0.7623
GEN_0486,FHCAKKPLAKHCLHYLACVLLTYFQLCLKNFTKLIP,36,0.7622
GEN_0487,THCAKKLLAKHCLHYLACVLLTYFNACLHGRAFAIP,36,0.7622
GEN_0488,LHCAKKIAAKHSLHYLACVLVTWCIACLKNFTSLIP,36,0.7622
GEN_0489,THCAQKLVAKHCLHYLACVLLTYFNSPLKAWVFLAP,36,0.7622
GEN_0490,FHCAKKTAAKHSLHYLACVLLTYFNTCLNRKVFAVF,36,0.7622
GEN_0491,THCAKKPLAKHSLHYLACVLLTFWNACLKAKVFVIF,36,0.7622
GEN_0492,FHCAKKPLAKHCLHYLACVNVRYFNACLKAKLFDIF,36,0.7622
GEN_0493,THCAKKLVAKHCLHYLACVLLTYFNSILKAYVFAIF,36,0.7622
GEN_0494,TVCAKKIAAKHCLHYLACVLLTYFINCLKNFTSAAD,36,0.7622
GEN_0495,THCAKKPLAKHCLHYLACVLLTYFNACLKNFNKLIP,36,0.7622
GEN_0496,FHCAKKPLAKHCLHYLACVLLTYFNVCLHAKAFAAD,36,0.7622
GEN_0497,DHCAKKIAAKHCLHYLACVLLTYFIACLKAKVFAIF,36,0.7622
GEN_0498,THCAKKAEAKHCLHYLALVLLTYFNACLKTFTILIP,36,0.7621
GEN_0499,LHCAKRILAKHCLHYLACVLLTYFNLCLKSKAFAIP,36,0.7621
GEN_0500,TGCAKKIAAKHCLHYLACVLLTYFIACLKTFTSLAP,36,0.7621
GEN_0501,LHCARKIAARHSLHYTACVLLTYFIAALKTFTSLAP,36,0.7621
GEN_0502,THCAKKAAAKHCLHYLACVLLTYFIACTKNFTSLAP,36,0.7621
GEN_0503,THCAKKPLAKHCLHYLACVLLTYFNACLKTFTKLPK,36,0.762
GEN_0504,THCAKKILAKHCLHYLACVLLTYFNACLHAKAFAAD,36,0.762
GEN_0505,THCAKKPLAKHCLHYLACVLLTYFNACLKTFTSVKP,36,0.762
GEN_0506,THCAKKILVKHCLHYLACVLLTYFNLALKNFTKLIP,36,0.762
GEN_0507,LHCAKKIAAKHSLHYLACVLLTYFNSCLKAKVFAIF,36,0.762
GEN_0508,THCAKKIAVKHCLHYIACVLLTYFQACLHAKAFAIP,36,0.762
GEN_0509,THCAKKAAAKNNLHYLACVLLTYFNSCLNRKAFLIP,36,0.762
GEN_0510,THCAKKPLAKHCLHYLACALLTYFNACLKIFTKLHP,36,0.7619
GEN_0511,THCAKKILAKHCLHYLACVLLTYFNACLKTPTSLVP,36,0.7619
GEN_0512,THCAKKALAKHCLHYLACVLLTYFNLCLKNFTKLIP,36,0.7619
GEN_0513,LNCAKKIAAKHSLHYLACVLLTYFIACLKTYTKTIP,36,0.7619
GEN_0514,TVCAKKIAAKHCLHYLACVLLTYFINCLKMFTSLIP,36,0.7619
GEN_0515,THCAKKLVAKHCLHYLACYLLTYFNSCLKAKVFLIP,36,0.7619
GEN_0516,THSAKKIAAKHCLHYLACVLLTYFIACLKAKVFAIF,36,0.7619
GEN_0517,WHCAKKAAAKHCLHYLAAVLLTYFNTCLNRKVFAIF,36,0.7619
GEN_0518,LHCAKKIAAKHSLHYLACVLWTYFHACLKTCTTALF,36,0.7619
GEN_0519,THPLKKAAAKHSLHWLACVLLTYFNTCLKATVFALF,36,0.7619
GEN_0520,THCAKKILAKHCLHYLACVLLTYFNACLKAKVFAMF,36,0.7618
GEN_0521,THCAKKILAKHCLHYLACVLLTYFNACLKTYTSLIP,36,0.7618
GEN_0522,THCAKKIAAKHCLHYLACVLLTYFNACLKTFTSLIP,36,0.7618
GEN_0523,THCAKKLVAKHCLHYLACVLLTYFNACLKTFTSSPK,36,0.7618
GEN_0524,THCAKKIAAKHCLHYIACVLLTYFINCLKTFTSLIP,36,0.7618
GEN_0525,FHCAKKPLAKHCLHYLACVILNYFNACLKAKTSVKP,36,0.7618
GEN_0526,THCAKKPLAKHCLHYIACVLLTYFNICLKTFTKLIP,36,0.7618
GEN_0527,FHCAKKPLAKHCLHYLACVLLTYFNACLKTFTSLAD,36,0.7618
GEN_0528,THCAKKAAAKHCLHYLACVLLTYFNSCLNRKVFAIM,36,0.7618
GEN_0529,FHCAKKPLAKHCLHVIACVLVTYFNACLKAKVFALF,36,0.7618
GEN_0530,SHCAKKIAAKHSLHYLACVLLTYFIACLKTFTSLAP,36,0.7618
GEN_0531,THCAKKAAGKNSLHYLACVLLTYFINCLKNFVSLAP,36,0.7618
GEN_0532,THCAKKIAAKHCLHYLACVLLNYFIACLKTFTSLAP,36,0.7617
GEN_0533,THCLKKIAAKHCLHYLACVLLYYFIACLKTYTTNIP,36,0.7617
GEN_0534,THCAKKIAAKHCLHYLACVLVTYFIAALKHFTSLAP,36,0.7617
GEN_0535,TVCPKKAAAKHCLHYLACVLLTYFINCTKRFTSLAP,36,0.7617
GEN_0536,SHCAKKIAAKHCLHYLACVLLTYFGSCLQKFTLLAP,36,0.7617
GEN_0537,THCAKKAAAKHSLHYLACVLLTYFNNCLKNFTSNAP,36,0.7617
GEN_0538,LHCAKKLVAKHCLHYLACVLLTYFNNLSKAYVFAIF,36,0.7617
GEN_0539,FHCAKKPLAKHCLHYLACVLLTYFNLCLKNFTKLAD,36,0.7616
GEN_0540,THCAKKILAKHCLHYLACVLLTYFNLCLKNFTKLAD,36,0.7616
GEN_0541,LHCAKKIAAKHSLHYLACVLVMYFIACLKTFHSLAP,36,0.7616
GEN_0542,FHCAKKPLAKHCLHYIACVLVTYFNACLKKKVYALF,36,0.7616
GEN_0543,TVCAKKIAAKHCLHYLACVLLTYFIGCLKTFTSAAP,36,0.7616
GEN_0544,THCAKKAAAKHCVHYLACVLLTYFINCLKNFTSLIP,36,0.7616
GEN_0545,THCAKKPLAKHVLHYLACVLLTYFNACLKTFTILIP,36,0.7615
GEN_0546,WHCAKKIAAKHCLHYLACVLLTYFNACLKTFTSLAP,36,0.7615
GEN_0547,THCAKKIAAKHCLHYLACVLITYFIGCLKTFTSAAP,36,0.7615
GEN_0548,LHCAKKIAIKHSLHYLACVLLTYFNACLKTFTSLAP,36,0.7615
GEN_0549,LHCAKKIAIKHSLHYLACVLLTYFIACLKTFTSLAP,36,0.7615
GEN_0550,TVCAKKIAAKHCLHYLACVLYTYFIGCLKTFTSAAP,36,0.7615
GEN_0551,SHCAKKIAGKHSLHYLACVLLTYFIACLKTFTSLAP,36,0.7615
GEN_0552,FHCAKKAAAKNCLHYLACVLLTYFNTCLNRRVFAIF,36,0.7615
GEN_0553,THCAKKPLAKHCLHYLACVLLTYLNGCVKAKVFAVP,36,0.7614
GEN_0554,THCAKKPLAKHSLHYLACVLLTFFNACLKTFTKLID,36,0.7614
GEN_0555,THCAKKAQAKHSLHYLALVLLTYFNACLKTFTILIP,36,0.7614
GEN_0556,TRCAKKAALKHCLHYLACVLLTYFNSCLKRKVFAIF,36,0.7614
GEN_0557,THCAKKLPAKHCLHYLACVLLSYFNAFLYAKANAIP,36,0.7614
GEN_0558,VHCAKKIAAKHCLHYLACVLVTYFIACLKTFLSLAD,36,0.7614
GEN_0559,THCAKKKAAKHCLHYLYCVALTYFIWCVKTFTLLAP,36,0.7614
GEN_0560,LHCAKKIAAKHCLHYLACVLLSYFNAFLYAKANAVP,36,0.7614
GEN_0561,THCAKRILAKHCLHYLACVLLTYFNACLKTFTNLAD,36,0.7614
GEN_0562,YHCAKKLLAKHHLHYIACALLTYFNACLHAKAFAIP,36,0.7614
GEN_0563,THCAKKPLAKHCLHYIACVLLTYVNADLHAKAFACP,36,0.7614
GEN_0564,LHCAKKIAAKNSLHYLACVLLTYFIACLKTYTSLIP,36,0.7614
GEN_0565,CHCARKILAKHTLHYLACVLLTYFNACLHAKAFAAD,36,0.7614
GEN_0566,TRCAKKINAKHSLHYLACVLVTYCIACLKTFTNLAP,36,0.7614
GEN_0567,FHCAKKSAAKHSLHYLACVLLTYANSCLKATVFAFF,36,0.7613
GEN_0568,THCAKKPLAKHSLHYLACVLLTYFNACLKTFTKLLK,36,0.7613
GEN_0569,THCAKKILAKHCLHYLACVLLTYFQLCLKNFTKLIP,36,0.7613
GEN_0570,TLCAKKIAAKHSLHYMACVLLSYFIACLKTFTSLLP,36,0.7613
GEN_0571,THCAKKIAAKHCLHYFACVLLTYYINCLKTFTSLIP,36,0.7613
GEN_0572,LHCAKKAAAKHSLHYLACVLLTYFNWCLKTFTFAAP,36,0.7613
GEN_0573,TRCAKKIAAKHCLHYLACVLLTYFIGCLKTFTSAAP,36,0.7613
GEN_0574,LHCAKKLAAKHSLHYLACVLVTYFIACLKKYTTNFP,36,0.7613
GEN_0575,THNLKKAAAKNCLHYLACVLLTYFGSCLQKFTLLVP,36,0.7613
GEN_0576,THCAKKPLAKHSLHFLACVLLTYFNACLKTFTKLIP,36,0.7612
GEN_0577,THCAKKILAKHCLHFLACVLLTYFNLCLKNFTKLIP,36,0.7612
GEN_0578,LHCAKKIAAKHSLHYLACVLLYYFIACLKTYTTNIP,36,0.7612
GEN_0579,TVCAKKIAAKHCLHYLACVLLTYFIGCAKTFTSAAP,36,0.7612
GEN_0580,THCPKKPLALHCLHYIAFVLITYFNAHLKAKTFAVF,36,0.7612
GEN_0581,THCLKKAAAKHSLHYLACVLLTYFNTCNKATVFALF,36,0.7612
GEN_0582,SHCAKKAAAKACLHYLACVLLTYFGSCLQKFTLLAP,36,0.7612
GEN_0583,THCAKKIAVKHCLHYLACVLLDYFNACLHAKAFAIP,36,0.7611
GEN_0584,FFCARKAAAKNCLHYLACVLLTAFNTCLNRWVFAIS,36,0.7611
GEN_0585,THCAKKIANKHSLHYLACVLLTYFHACLKTCNTALF,36,0.7611
GEN_0586,THCAKKALAKHCLHYLACVLLTYFNACVKTFYNLDD,36,0.7611
GEN_0587,THCAKKIAAKHCFHYLACVLLTYFNACLKNFTDLIP,36,0.7611
GEN_0588,THCAKKIAAKHSLHYLACVLLYYFIACLKTYTTNIP,36,0.7611
GEN_0589,FHWAKKAAAKNCLHYLACVLLTYFIATLKTKSSAIF,36,0.7611
GEN_0590,THCAKKLLAHHCLHYLACVLLTYFNALLKAKVFAIF,36,0.761
GEN_0591,FHCAKKPLAKHCLHYLACVLLTYFNLCLKNFTKLID,36,0.761
GEN_0592,THSAKKPLAKHCLHYLACVLLTYFNACLKTFTSLIP,36,0.761
GEN_0593,TRCPWKIAAKHCLHYLACVLLTYFIACLKTFTFAAP,36,0.761
GEN_0594,HHCAKKPQAKHCLHYLACVLVTYFNACLKAKVFAIF,36,0.761
GEN_0595,THCAKKAAAKHCLHYLACVLLTYFNSCLNRKVFARF,36,0.761
GEN_0596,TVCAKKIAAKHCLHYLACVLVTYFIACLKTFTSLAP,36,0.761
GEN_0597,THCAKKILAKHCLHYLACYLLAYFNACLKTSTSLIP,36,0.7609
GEN_0598,TVCARKILAKHCLHYAACVLLTYFNLCLKNFTKLIP,36,0.7609
GEN_0599,THCAQKLVAKHCLHYLACVLLTYFNSMLKATVFALF,36,0.7609
GEN_0600,LHCAKKIAAKHCLHYIACVLLTYFINCLKNFVSLAP,36,0.7609
GEN_0601,THCAKKAAAKNCLHYLACDLLTYFGSCLQKFTLLAP,36,0.7609
GEN_0602,THNLKKAAAKNCLHYLACVLLTYFGSCLQKFTLLAP,36,0.7609
GEN_0603,THCAKKILAKHCLHYLACVLYTWFNACLKAKVFALF,36,0.7609
GEN_0604,THCAKKAAKKHCLHYLAVVLLTYFINCLKNFTILAP,36,0.7609
GEN_0605,THCAKKPLAKHCLHYLACVLLTYFNAPLKTFTKLAH,36,0.7608
GEN_0606,THCAKKPLAKHCLHYLACVLLTYFNACLRTFTKLIP,36,0.7608
GEN_0607,THCAKKPLAKHSLHFLACVLLTYFNACLKTYTSLIP,36,0.7608
GEN_0608,FHNAKKPLAKHCLHYLACVLLAYFNACLHAKAFAIP,36,0.7608
GEN_0609,THCVKKIAAKHCLHYLACVLLTYFINCLKTFTSLIP,36,0.7608
GEN_0610,THCAKKIAAKHCLHYIACVLVTYFNACLKAKVFALF,36,0.7608
GEN_0611,TRCLKKIAAKHCLHYLACVLLTYFIACLKTFTSLAP,36,0.7608
GEN_0612,SHCAKKTAAKEILHYLACVLLTYFNSCLKASVFALF,36,0.7608
GEN_0613,LHCAKKAAAKNCLHYLACVLLNFFGSCLQRWDALAP,36,0.7608
GEN_0614,LHCAKKIAAKHSLHYLACVLLTYFINCLQRFTLLNP,36,0.7608
GEN_0615,TRCAKKGAAKNCLHYAACVLLTYFNSCLNRKVFAVF,36,0.7608
GEN_0616,THCAKRILAKHCLHYLACVLLTYFNACLKTFTSLAD,36,0.7607
GEN_0617,DHCAKKILAKHCLHYLACVLLTYFNLCLKNFTKLIN,36,0.7607
GEN_0618,FHCAKKPLAKHCLHYLALMLLTYFNACLHAKAFAAD,36,0.7607
GEN_0619,THCAKKILVKHCLHYLACVLLTYFNLGLKNFTKLIP,36,0.7607
GEN_0620,LHCAKKAAAKHSLHYLACVLLTYFINCLKNFTSLIE,36,0.7607
GEN_0621,THCAKKLVAKHCLHYLACVLLSYFNACLKNFTSLLP,36,0.7607
GEN_0622,LHCAKKIAAKHSLHYLACVLLTYLIACLKFYQTNFP,36,0.7607
GEN_0623,LHCAKKVAAKHSLHYLACVLVTYCIACLKTFTNPPP,36,0.7607
GEN_0624,LKCAKKIAAKHSLNYLACVLLTYFIACLKFYTTNFP,36,0.7607
GEN_0625,LHCAKKIAAKHSLHILACVLLTYFHAWLKTCTAALF,36,0.7607
GEN_0626,NHCAKKLVAKHCLHYLACVLLTYFNKCLKAKVFAIF,36,0.7607
GEN_0627,NHCAKKAAAKHCLHYLACVLLTFFNSQLNRKVFAIF,36,0.7607
GEN_0628,THCAKKILAKACLHYLACVLLTYFRACLHAKAFAAD,36,0.7607
GEN_0629,THCAKKLVAKHCLHYLACVLLTYFNWCLKTFTSAFP,36,0.7607
GEN_0630,THCAKKIAVKHCLHYLACILITYFNACLHVKAWAIP,36,0.7607
GEN_0631,THCAKKAAAKHCLHYLACVLLTYFINCRKNFTSLIP,36,0.7607
GEN_0632,THCAKKAAARHCLHYLACVLLTYFINCLKTFTNLEP,36,0.7607
GEN_0633,THCAKKAAAKHCLHYLACVLLSYQNSFLYAKAMAVP,36,0.7606
GEN_0634,THCAKKAAAKNCLHYFACVLLTYFINCLHAKAFAIP,36,0.7606
GEN_0635,THCAKKILAWHCLHYLACVLLTWFRACLHAKAFAGD,36,0.7606
GEN_0636,THCAKKLVAKFCLHYLACVLLTYFNACLKTFTSAAP,36,0.7606
GEN_0637,TICAKKIAAQHCLYYLACVLLTYFNACLKTFTNALP,36,0.7606
GEN_0638,THCAKKPLAKHCLHYIACVLATYFNACLKAKVFAIF,36,0.7606
GEN_0639,THCAKKIAAKHCLHYLACVLVTYFIWCLKTFTSLAP,36,0.7606
GEN_0640,LMCAKKIAAKHSLHYLACVLLTYWIICLKFYKTNFP,36,0.7606
GEN_0641,LHCAKKIAGKHCLHYIACVLLTYFGSCLQKFTLLAP,36,0.7606
GEN_0642,THIAKKLNAKHCLHHLACVLLTYFNSCLRAKIFAIF,36,0.7605
GEN_0643,THCAKKPLAKHVLHYLACVLLTYFNACLKTFTILID,36,0.7605
GEN_0644,THCAKKPLAKHCLHYLACVLLTYFNACLKTFTSLAD,36,0.7605
GEN_0645,THCAKKILAKHCLHYLACVLLTYFNRCLKAKVFAIF,36,0.7605
GEN_0646,THCAKKPLAKHSLHYLACVLYTYFNACLKTFTKLIP,36,0.7605
GEN_0647,THSAKKPLAKHCLHYLACVLLTYFNACLKTFTKLIP,36,0.7605
GEN_0648,TVCAKKIAAKHCLHYLACVLLTYFINCMKNFTSLLP,36,0.7605
GEN_0649,FHCAKKPLARHCLHTIACVLVTYFNACLKAKVFAIF,36,0.7605
GEN_0650,TPCLKKAARKNCLHYLACVLLTYFGSCLQKFTLLAP,36,0.7605
GEN_0651,FHPAKKAAAKHCLHYLACVLLTYFNSCLNRKVFAIF,36,0.7605
GEN_0652,THCAKKAAARHNLHFLACVLLTYLNSCLNRKVFAIF,36,0.7605
GEN_0653,SHCAKKTAAKHSLHYLACVLLTYFNSCLNRKVFAIF,36,0.7605
GEN_0654,TVCAKKIAAKHSLNYLACVLLTYFIACLKFYTTNFP,36,0.7604
GEN_0655,LSCAKKIAAKHCLHYLACVLLTYFIACLKTFTNLAP,36,0.7604
GEN_0656,THCAKKPLAKHCLHYLACALLTYFNACLKTFTKLHP,36,0.7604
GEN_0657,FHCAKKALARHCLHYLACLLLTYFNACLKDFTKLIP,36,0.7604
GEN_0658,FHCAKKPLAKHCLHYLACTLLTYFNASVKTFTKLAR,36,0.7604
GEN_0659,NHCAKKLAAKHCLHYLACLLLTYFNASLRTYTKLIP,36,0.7604
GEN_0660,LHCCKKIAAKHSLHYLACVLLTYYINCLKNFTKLAP,36,0.7604
GEN_0661,TVCAKKIAAKHCLHYLACVLLTYFNSCLNRKVGAIF,36,0.7604
GEN_0662,LHCAKKIAAKHSLHYLACVLLSYFIACLETFTSLAP,36,0.7604
GEN_0663,THCTKKIAAKHCLHYLACVLITWFIAALKTFTSLAP,36,0.7604
GEN_0664,THCAKKAAAKHCVHYLACVLLTWFINCLKNFTSIGP,36,0.7604
GEN_0665,THCAKKAAAYHCLHYLACVLLTYFINCLKNFTSDIP,36,0.7604
GEN_0666,FHCAKKTAKKHSLHYLACVLLTYFGSCLQRFTLLAP,36,0.7603
GEN_0667,FHCAKKPLAKHCLHYLACVILTYFNACLHAKAFAAD,36,0.7603
GEN_0668,LHCAKKIAAKHCLHYLACVLLTYFNACLKTFTSLAP,36,0.7603
GEN_0669,LHCAKKIAAKHSLHYLACTLLTYFINCLKNFTSAGP,36,0.7603
GEN_0670,THCAKKAAAKHCKHYLACVLLTYFINCLKNFTSLIP,36,0.7603
GEN_0671,TDCAKKANAKLCLHYLACVLLTYFGSCLQRFTLLAP,36,0.7603
GEN_0672,FHCAKKTAAKHCQHYLACVLLTYFGSCLQRFTLLAP,36,0.7603
GEN_0673,THCLKKAAAKNCLHYLACVLLTYFINCLKAKAFAIP,36,0.7603
GEN_0674,THCAKKILAKHCLHYLACVLLTYFNACLKTFTSLIP,36,0.7602
GEN_0675,THCAKKILAKHCLHYLACVLLTYFNACLKAKAFAIP,36,0.7602
GEN_0676,TVCPKKIAAKACLHYLACVLLTYFINCLKNFTSLIP,36,0.7602
GEN_0677,TVCAKKIAAKHSVHYLACVLLTYFIACLKTFTSLAP,36,0.7602
GEN_0678,WHCAKKIAAKHCLHYLACVLLAYFNACLKTFTSLAP,36,0.7602
GEN_0679,THCAKKAAALHSLHYLACVLLTYFNTCLNRKVFAIF,36,0.7602
GEN_0680,THCAKKPLAKHSLHYLACVLLTYFNACLKTFTKLIK,36,0.7602
GEN_0681,THCAKKPLAKHCLHYLACVLLTYFNACLKTFTSSPK,36,0.7602
GEN_0682,THCAKKPLAKHCLHYLACAILTYFNACLKTFTKLHP,36,0.7601
GEN_0683,THCAKKPLAKHCLHWLACVLLTYFNACLKAKVFAIF,36,0.7601
GEN_0684,FHCAKKELAKHCLHYLACVLLTYFNACLKAFTSAAP,36,0.7601
GEN_0685,THCAKKIAAKHCLHYLACVLLTYFNACLHAKAFAIP,36,0.7601
GEN_0686,TVCAKKIAAKHCLHYLACVLSTYVIACLKTYTTLIP,36,0.7601
GEN_0687,THCAKKIAAKHCFHYLACVLLTYFNACLHLKRFAAD,36,0.7601
GEN_0688,LHCAKKIAAKHSLHYLACVLLTYFIACLKNFTSKAP,36,0.7601
GEN_0689,THCAKKAAGKNSLHYLACVLLTYFDSCLQRKVFAIF,36,0.7601
GEN_0690,THCAKKAAAKNQLHYLACVLLTYFGSCLQRFTLDAP,36,0.7601
GEN_0691,THCAKKAFAKDCLHYLACVLLTYFINCLKNFVSLAP,36,0.7601
GEN_0692,FHCAKKPLAKHCLHYLACVLLTYFNACLKTFTSLAP,36,0.7601
GEN_0693,THCAKKIAAKHCLHYLACVLLTYFIGCLKTFTSAIP,36,0.7601
GEN_0694,THCAKKILAKHCLHYLACVLLTYFNACVKAKVFAIP,36,0.76
GEN_0695,HHCAKKPLAKHSLHFLACVLLTYFNACLKTFTKLIP,36,0.76
GEN_0696,FHCAKKPLAKHCLHYLACVLLTYFNACLKAKTSVKP,36,0.76
GEN_0697,FHCAKKPLGKHCLHYIACVLVTYFNACLKAKVFAIF,36,0.76
GEN_0698,LHCAKEILAKHCLHYLACVLLTYFNLCLKSKAFYIP,36,0.76
GEN_0699,THCAKKIAAKHCLHYLACVLVTYFIACVKTFLSLAD,36,0.76
GEN_0700,THCAKKIAAKHCLHYLACILLTYFNACLKTITNLLP,36,0.76
GEN_0701,EHCADRIAAKHCLHYLACVLLTYFNSCLKAKVFAIF,36,0.76
GEN_0702,LHCAKKIAAKHSLHYLACVLLTYFINCLKNFTSLAP,36,0.76
GEN_0703,LHCARKIAARHSLHYLACSLLTYFIACLKTFTSLAP,36,0.76
GEN_0704,THCAKKPLAKHCYHYLACVLLTWFNACLKNFTKLIP,36,0.76
GEN_0705,THCAKKLVAKHCLHYLAAVLLTYFNACLKTFTSAAP,36,0.7599
GEN_0706,TRCLKKIAAKHCLHYLACVLVTYCIACLKTFTNLAP,36,0.7599
GEN_0707,THCAKKINAKHCLHYLACVLLTYFIWCVKTFTLLAP,36,0.7599
GEN_0708,FHCARKIAAKHCLHYLACVLLTNFNSCLNKGVFAIF,36,0.7599
GEN_0709,NHCAKKIAAKHALHYLACVLLTYFIFCVKTFTILAA,36,0.7599
GEN_0710,THCAKKAAGKNSLHYLACVLLTYYIATLKTKSSAIF,36,0.7599
GEN_0711,THCAKKILAKHCLHYLACVLLTYWNACLKAKVFVIF,36,0.7599
GEN_0712,THCAKKLVAKHCLHYLACVLLTYFNNCLKTFTSLIP,36,0.7599
GEN_0713,THCAKKILAKHTLHYLACVLLTYFNACLKTFTSLIP,36,0.7598
GEN_0714,TVCARKAAAKHCLHYLACVLLTYFINTLKTFVSAIP,36,0.7598
GEN_0715,LHCLKKIAAKHSFHYLACVLLTYFIACLRTFTSLRP,36,0.7598
GEN_0716,THCAKKIAAKHCLHYFACVLLTYYINCLKTFTSLIA,36,0.7598
GEN_0717,VHCAKKIAAKHSLHYFACVLLTYFIACLKFYLTNIP,36,0.7598
GEN_0718,THCAKKAAAQNCLHYLACVWLTYFNSCLNRKVTAIF,36,0.7598
GEN_0719,FHCAKKPLAKHCLHYLACVLVTYFNACLKAKLFAIF,36,0.7598
GEN_0720,ARCAKKPLIKHCLHYIACVLVTYFNACLKAKVFAIF,36,0.7598
GEN_0721,THCAKKAAAKNCLHYLACVLLTYFNSCRNRKVFAIF,36,0.7598
GEN_0722,THCAKKAAAKHRLHYAACVLLTYFINCLQRFTLLAP,36,0.7598
GEN_0723,TSCAKKIIAKHCLHYLACVLLTYMRACLKTFTSLIP,36,0.7598
GEN_0724,TSCVKKILAKHCLHYLACILLTYMRACLHAKAFAAD,36,0.7598
GEN_0725,GHCAKKIAAKHCLHYLACVLLTYFIACLKTFNSLIP,36,0.7598
GEN_0726,THCAKKIAAKHCLHYLACVLLTYYINCLKTFTSLIP,36,0.7598
GEN_0727,THCAKKILAKHCLHYLACVLLTYFSRCLKAKVFNIF,36,0.7597
GEN_0728,THCAKKLVAKHCLHYLACVLLTWFNACLKTFTSAAP,36,0.7597
GEN_0729,TGCAKKAAAKNCLHYLACVLLTYFNSCLNRAVFAIF,36,0.7597
GEN_0730,THCAKKIAAKNCLHYLACVVLTYFNTCLNRKVFAIF,36,0.7597
GEN_0731,THCAKKAQAKHSLHFLALVLLTYFNACLKTFTILIP,36,0.7597
GEN_0732,LHCAKKIAAKHSIHYLACVLLTYFIACLKTYTSLIP,36,0.7597
GEN_0733,THCAKRILAKHCLHYLACVLLTYFNACLHGKAFAIP,36,0.7597
GEN_0734,THCAKKIAARHCLHYLACVLLTYFNACLKTFTSALP,36,0.7597
GEN_0735,THCAKKAAAKNNLHYLACVLLTYFNSCVNRKAFLIP,36,0.7597
GEN_0736,FHTAKVTAAKHSLHYLACVLLNYFNTMLKATVFALF,36,0.7597
GEN_0737,FHCAKKPLAKHCLHYLACVLLTFLNGCVKAKAFAVK,36,0.7596
GEN_0738,FHCAKKPLAKHCLHYLACVLATYFNACLHAKAFALP,36,0.7596
GEN_0739,TVCAKKIAAKHCLHYLACVLLTYIINCLKNFTSLIF,36,0.7596
GEN_0740,TVCAKKIAAKHCLHYLASVLLTYFINCHKNFTSLLP,36,0.7596
GEN_0741,LHCAKKIAVKHSLHYLACVLLTYWIACLKTFTSLFP,36,0.7596
GEN_0742,THCAKKAAAKHFLHYLAFVLLTYFNSCLNRKVYAIF,36,0.7596
GEN_0743,THCAKKIAAKHSLHYLACVLATYHHACLKTTVFAIF,36,0.7596
GEN_0744,FHVAKKPLAKHCLHYLACVLLTYFNACLHAKAFAAD,36,0.7595
GEN_0745,THCAKKILAKHCLHYLACVLLTYFNACLRTFTKLIP,36,0.7595
GEN_0746,FHCAKKPLAKHCLHYLACVLLTYFNACLKAKTSVKD,36,0.7595
GEN_0747,LHCAKKIAAKHSLHYLACVLLTYFNSILKAYVFAIF,36,0.7595
GEN_0748,DHCAKKILAKHCLHYLACVLLTYFNLCLKTKAFAIP,36,0.7595
GEN_0749,LHQAKKIAAKTSLHYLACVLLTYFIACLKTYTSLIP,36,0.7595
GEN_0750,THCAKKIAAKHCLHYLACVLVTYFNACLHAKAFAIP,36,0.7595
GEN_0751,THCAKKIAAKHCLHYLACVLLSYFNAFLYAKANAIP,36,0.7595
GEN_0752,NHCAKKPLAKHCLHYIASVLVTYFNACLKAKVYAIF,36,0.7595
GEN_0753,TVCAKKIAAKHCLHYLACVLLTYFQACLHAKAFAIP,36,0.7595
GEN_0754,THCAKKHVAKHCLHYLACVLLTRFNACLHAKAFAIP,36,0.7595
GEN_0755,THCAKKIAAKHPLHYLACVLLTYFNSCLKANVFALF,36,0.7595
GEN_0756,FHCAKKAAAKHCLHYLACVLETYFINTLHAKAFAID,36,0.7595
GEN_0757,LHKAKKIAVQHSLHYLACVLLTYFHACLKTCTTALF,36,0.7595
GEN_0758,THCAKKAAAKNCLSYLACSLLTYFGSCLQKFTLLAP,36,0.7595
GEN_0759,THCAKKIAAKHCLHYAACVLLTYFINCLRTFTSLIP,36,0.7594
GEN_0760,LHSAKKAAAKHCLHYLACILLSYFNAFLYAKANAVP,36,0.7594
GEN_0761,THAAKKAAAKHSLHYIACVLLTYFNSCLKRTVFALN,36,0.7594
GEN_0762,THCAKRILAKHCLHYLACVLLTYFNACLKTFTSLAP,36,0.7594
GEN_0763,THCAKKILAKHCLHYLACVLLTFFNACLKEPTSLVP,36,0.7594
GEN_0764,THCAKKPLAKHCLHYLACLLLTYFNAPLKTFTKLIP,36,0.7594
GEN_0765,FHCAKKPVAQTCLHYVACVLLTLFNATLKACTKAIP,36,0.7594
GEN_0766,THCAKKILAKHCLHYLACVLLTYFNACLKAKTSVKP,36,0.7594
GEN_0767,THCAKKILAKHCLHYLACVLLTYFNACLHAKAFAAE,36,0.7594
GEN_0768,QHCAKKLVAKHCLHYLACVLLTYFNAFLKTFTSAAP,36,0.7594
GEN_0769,TVCAKKIAAKHCLHYLACVLLSYFNAFLYAKANAVP,36,0.7594
GEN_0770,THCAKKINAKHCLHYLACVLLNWFNSCLKATVFAAF,36,0.7594
GEN_0771,FHCAKKIAAKHSLHYLACVLLTYFNSCLQKFQLLAF,36,0.7594
GEN_0772,LHCAKKIAAKTSLHYLACVLLTYFIACLKTYTRLIP,36,0.7593
GEN_0773,SHCAKKIAAKHCLHYLACSLLTYFIACLKTFTSLAP,36,0.7593
GEN_0774,FHCAKKAAAKHSLHYLACVLETYFINLLHAKAFAIP,36,0.7593
GEN_0775,FHCAKKTAAKHSLHYLACQLLTYFNSCLKATVFALF,36,0.7593
GEN_0776,FHCAKKPLAKHSLHYLACVLLTYFNLHLKNFTSLIP,36,0.7592
GEN_0777,THCAKKILAKHCLHYLACVLLTYFNACLKAKVFLIV,36,0.7592
GEN_0778,FDCAKKPLAKHCLHYLACVLLTYFNACLKTFTSLIP,36,0.7592
GEN_0779,THCAKKIAAKHCLHYLACVLLTYFIGSLKTFTSAAG,36,0.7592
GEN_0780,DHCAKKIAAKNCLHYLACVLLVYFIACLKNFTKLIP,36,0.7592
GEN_0781,LHCAKKIAAKHPFHYLACVLLTYFNACLHAKFFAAD,36,0.7592
GEN_0782,THRAQKYAARHCLHYLACVLLTYFIPCLKTFKSAIF,36,0.7592
GEN_0783,FHCAKKIAAKHSLHYLACVLVTYFIAGLKTFTSLAP,36,0.7592
GEN_0784,FHCAKKPLAKHELHYIACVLVTYFNACLKAKVFAIF,36,0.7592
GEN_0785,THCAKKIAAKHCLHYLACVLLTYFNACLKTYTSLIP,36,0.7591
GEN_0786,THCAKKILAKHCLHYLACVLLAYFNACLKTFYNLDD,36,0.7591
GEN_0787,LHCAKKIAAKHSLHYLACVLATYFIACLKTFTSGVP,36,0.7591
GEN_0788,THCAKKIAAKNCLHYLACVLLTYFNCCLQRKITGIF,36,0.7591
GEN_0789,THCAKKPLAKHCIHYLACVLLTYFNACLHAKAFAAD,36,0.759
GEN_0790,LHCDKKIAAKHSLHYLACVLLTYFIACLKTFTSLAP,36,0.759
GEN_0791,LHCAHRYAAKHSLHYLACVLLTYFIACLKTFTNLIP,36,0.759
GEN_0792,THCAKKPLAKHCLHYLACVLLTYLNACLKYFTKLIP,36,0.759
GEN_0793,THCAKKNLAKHCLHYLACVLLTYFNACLKTFTKLAH,36,0.759
GEN_0794,THCAKKILAKHCLHYLACVLLTYFNACLRTFDKLPK,36,0.759
GEN_0795,FHCAKKPLAKHCLHYLACVLLTFLNGCIKAKAFAAD,36,0.759
GEN_0796,FHCAKKPLAKHCLHYIACVLVTYFNACLKTFTKAAD,36,0.759
GEN_0797,THCAKKIAVKHCLHYLACVLVTYFIAGLKTFTSLAP,36,0.759
GEN_0798,THCAKKAAAKACLHYLACVLLTYFLSCNQKFFVIAP,36,0.759
GEN_0799,LHCAKKAAAKNCLHYMAMVLLTYFNSCLKAKLFAIF,36,0.759
GEN_0800,THCAKKILAKHCLHYLACVLLTYFNNLSKAYVFAIF,36,0.7589
GEN_0801,FHCAKKPLAKHCLHYLACVLLTYWIACLKTFTSLRP,36,0.7589
GEN_0802,THCAKKIAAKHCVHYLACVLLTYFIGCLKTFTSAAP,36,0.7589
GEN_0803,THCAKKAAAKHCLHFLACVLLTLFNSCLKKTVYALF,36,0.7589
GEN_0804,THCAKKPLGKVCLHYLAFVLLTYFNACLHAKAFAIP,36,0.7589
GEN_0805,LHCAKKIAARHSLHYTACVLLTYFIAALKTFTSLAG,36,0.7589
GEN_0806,LHCARKIAARHSLHYSACVLLTYFIFALKTFTSAIP,36,0.7589
GEN_0807,SHCAKKISAKHCLHYLACVLLTYFGSCLQRFTLLAP,36,0.7589
GEN_0808,THCAKKPLAKHSLHYLACVLLTQWNACLKAKVFVIF,36,0.7588
GEN_0809,THCAKKPLAKHCLHYLACVLITYFSACLHAKGFAAD,36,0.7588
GEN_0810,THCAKRILAKHCLHYLACVLLTYTNACLKTFTNLAD,36,0.7588
GEN_0811,THCAKKILAKHCLHYLACVLVTYNNACLKTFTKLIP,36,0.7588
GEN_0812,LHCAKKIAAKTSLHYLACVLLTYFIACLKTYTSLAP,36,0.7588
GEN_0813,THCAKKPLAKHCLHYIACVLANYFNACLKAKVFAIF,36,0.7588
GEN_0814,THCAKKAAAKHCAHYLACVLLTWFINCLHLKAFAIP,36,0.7588
GEN_0815,GHCAKKIAAKHCLHYLACVVLTYFITCLKTFTSLIP,36,0.7587
GEN_0816,THCAKKPVAKHCLHYLACVLLTWFNACLKNFTKLIP,36,0.7587
GEN_0817,EHCAKKAAAKHCLHYLACVLLTYFSNCLKNFTSLAP,36,0.7587
GEN_0818,THCAKKPLAKHSLHYLACVLLTYFNACLKTFTKLID,36,0.7587
GEN_0819,LHCAKKILAKHCLHYLACVLLTYFNACLRTFDKLIP,36,0.7587
GEN_0820,THCAKKILAKHCLHYLACVLLTYFNACIRAKVFAIF,36,0.7587
GEN_0821,THCAKKMAAKHCLHYLACVLLTYFINCLKTFTSLIP,36,0.7587
GEN_0822,THCAKKIAAKHCLHYLACVLLTYFIACLKTWTSLAP,36,0.7587
GEN_0823,LHCAKRILAKHCLHYIACVLLTYFNACKKAKVFAAF,36,0.7587
GEN_0824,THCAKKAAAKHCAHYLACVLLTYFINCLHAKAFAIP,36,0.7587
GEN_0825,THCAKKPLAKHCLHYLACVLLTYFNICLHAKAFATD,36,0.7586
GEN_0826,THCAKKIAVKHCLHYLACVLLTYFNMCLHAKAFAIP,36,0.7586
GEN_0827,NHCAKKAAAKNCLHYLACVLLTYFGNCLHVKAFAIG,36,0.7586
GEN_0828,FHCAKKPLAKHSLHYLACVLFSYFSACLKTFTKLIG,36,0.7586
GEN_0829,THCAKKILARHCLHYTACVLVTYFNACLKAKVFAIF,36,0.7586
GEN_0830,THCAKKLVARHCLHYLACVLLTYFNACLKNFTKLIP,36,0.7586
GEN_0831,LHCAKKIAAKHSLHYLACVLLTYWIACLKTFTSLFP,36,0.7586
GEN_0832,THCVKKAAAKHYVHYLACVLLTYFIACLKTFSSLAP,36,0.7586
GEN_0833,LHCARKIAARHSLHYTACVLLTYFIAALKTFTSLIP,36,0.7586
GEN_0834,FHCAKKPLAKHCLHYLACILLTYFNSKLNRKAFAIP,36,0.7586
GEN_0835,YHCAKKAAAKHCLHYLACVLITNFNSCLNKGVFAIF,36,0.7586
GEN_0836,THCAKKIAAKHCLHYLACVLLTYFIACLKTKASAVP,36,0.7586
GEN_0837,THCAKKAAAKHCLHFLACVLLTYFNSCLQRKVMAIF,36,0.7586
GEN_0838,THCAKKALAKHCLHYLACVLLTYFNACVKTFTKLAR,36,0.7586
GEN_0839,THCAKKAAAKHCLHYLACVLLTYFNKCANRKVFAIF,36,0.7586
GEN_0840,LHCAKKAAAKNCLHYIACCLLTYFGKCLQRFTLLAP,36,0.7586
GEN_0841,TSCAKKILAKHCLHYLACVLLTYMRAFLHAKAFAAQ,36,0.7585
GEN_0842,LHCAKKIQAKHSLHYLACVLLTYFNSCLKRTVFALF,36,0.7585
GEN_0843,IHCAKKAAAKHCLHYLACVLLTYFGNALKNFVSLAP,36,0.7585
GEN_0844,FHCAKKTAAKHSLHYLACVLLTYFINCLQRFTLLAP,36,0.7585
GEN_0845,SHCAKKTAAKHSLHYLACVLLTYIPSCLNRKVFAIF,36,0.7585
GEN_0846,THCAKKILAKHCLHYLACVLLTYFFACLKTFDKLPK,36,0.7585
GEN_0847,THCAKKIAAKHCLHFLACVLLTYFNSCAKRFTSAAP,36,0.7585
GEN_0848,THCAKKLVAKHCLHYLACVLLTYFISCLKAKVFLAP,36,0.7585
GEN_0849,THCAKKAAAKNCLHYAACVLLTYFNSCLNRKVFAIF,36,0.7585
GEN_0850,FHCAKKTAAKHSLHYLACQLLTYFNTCLKATVFALF,36,0.7585
GEN_0851,THCAKRILAKHCLHYLACLLLTYFNACLHQKAFAAD,36,0.7584
GEN_0852,FHCAKKIAAKHSLHYLACVLLTYFNSCLKATTSLAP,36,0.7584
GEN_0853,THAPKKAAAKNCLHYLACVLLTYGNTCLNRKVFAIF,36,0.7584
GEN_0854,THCAKKILAKHCLHYLACVLLTYFNACLKTFDKLPK,36,0.7584
GEN_0855,THCAKKPLAKHCLHYLACVLLTFLNGCVKAKVFAHK,36,0.7584
GEN_0856,THCAKKPLAKHCLHYLACLLLTYFNAPLHAKAFGAD,36,0.7584
GEN_0857,THCAKKILAKHCLHYLACVLLTWFNACLKTYTSLIP,36,0.7584
GEN_0858,TVCPKKAAAKHCLHYLACVLLTYFINCNKRFTSLAP,36,0.7584
GEN_0859,THCAKKPLAKTSLSYLACVLLTYFNACLHAKAFAVP,36,0.7583
GEN_0860,THCAKNPLAKRCLHYLACVLLTYFNACLKTFTKLIP,36,0.7583
GEN_0861,THCAKRILAKHCLHYLACVLLTYFNACLKTSTSLAD,36,0.7583
GEN_0862,THCAKRILAKHCLHYLACVLLTYFNACLHAKGFAIP,36,0.7583
GEN_0863,THCAKKPLAKHCLHYLACTLLTYFNASLKTFTSVKP,36,0.7583
GEN_0864,THCAKKIVAKHCLHYLAAVLLTYFNLCLKTFTSAAP,36,0.7583
GEN_0865,LLHAKKIAAKHSLHYLACVLLTYFIACLKTITWLRP,36,0.7583
GEN_0866,FHCAKKTAARHSLHYLACVLLTYFNSCLKRGVFALF,36,0.7583
GEN_0867,FHCAKKTAAKTSLHYLACELLTYFNSCLKATVFALF,36,0.7583
GEN_0868,THCAKKIAAKNCLHYLACVLLTYFINPLHAKAFAIG,36,0.7583
GEN_0869,THCAAKPHAHACLSYLACVLLTYLNPCVKAKVFAVP,36,0.7583
GEN_0870,SHCAKKIAAKHSLHWLACVLLTYFNTCLKATVFALF,36,0.7583
GEN_0871,THCAKKAQAKHSLHYLALVLLTYFNASLKTFTIAIF,36,0.7582
GEN_0872,THCAKKILAKHCLHYLACVLLTYFNACLKMFTSVKP,36,0.7582
GEN_0873,TSCVFKILARHCLHYLACILLTYMRAGLHAKAFAAD,36,0.7582
GEN_0874,DHCAKKILAKHCLHYLACVLLTYFNLCLKSKAFAIP,36,0.7582
GEN_0875,LHCAKKIALKHSQHYLACVALAYFNSCLKATVFANF,36,0.7582
GEN_0876,TVSAKKIAAKNCLHYLACVLLTYFNSCLNRKVFALF,36,0.7582
GEN_0877,FHCAKKPLAKHCLHYLACVLLTYFNVCLKTFTKLIP,36,0.7582
GEN_0878,THRAQKIAARHCLHYLACVLLTYFIICLKTFKSAIF,36,0.7582
GEN_0879,LHCAKKIAAKHSLHYLACFLLTYFIACLKTFTSLIP,36,0.7582
GEN_0880,LHLAKKIAVKHSLHYLACVLLTYWIACLKTFTSLFP,36,0.7582
GEN_0881,TRCLKKMAAKHCLHYLACVLLTYFIACLKTFTSLAP,36,0.7582
GEN_0882,LHCAKKIAAKHSLHYLACVLLGYFHACLKTCTTALF,36,0.7582
GEN_0883,LHCAKRIAAKHCLHYLACVLKSYFIACLKTFTSLAP,36,0.7582
GEN_0884,THCAHKAAAKNCLHYLACVLLTYFINALKNFTSNIP,36,0.7582
GEN_0885,THCAKKILAKHCLHYLACVLLTYENACLKAKLFAIF,36,0.7581
GEN_0886,THCAKKPLAKHCYHYLACVLLTYFNANLKTFTILIP,36,0.7581
GEN_0887,DHCAKKKAAKRSLNYLACVLLTYFIACLKFYTTNFP,36,0.7581
GEN_0888,YVCAKKIAAKHCLHYLACVLLTYFGGCLKTFTSAAP,36,0.7581
GEN_0889,SHCAKKAAAKHCLHYLAVYLMTYFINCLNRKVFAIF,36,0.7581
GEN_0890,THCAKKPLAKHCLHYLACVLLTYFNACVKTFTKLAR,36,0.7581
GEN_0891,TVCAKKIAAKHCLHWLACVLLTYFINCLKNFTSLIP,36,0.7581
GEN_0892,TVCPKKIAAKACLHYLACVLLTYFINCLKNFAFAAD,36,0.7581
GEN_0893,LHCAKKAATKHILHYIACVLLAYFIACLKTFTSLIP,36,0.7581
GEN_0894,LRCAKCIAAKKSLHYLACTLLTYFINCLKWHTSAGP,36,0.7581
GEN_0895,LHCWKKAAAKNCLHYLAIVLLAFFNSCLNRKVFAIF,36,0.7581
GEN_0896,THCAKKILAKHCLHYLACVLVTYFNACLKAKVFAIW,36,0.758
GEN_0897,TVCAKKIAAKHCLHYLACVLLTYFIACLKAKVFALF,36,0.758
GEN_0898,LHCAKKIAAKHSLHYLACVLLTYFNACLKAKVFAIF,36,0.758
GEN_0899,FHCAKKIQAKHSLHYLACVLLTYFGSCLQKFTLLAP,36,0.758
GEN_0900,THCAKKAAAKHCLHYIACVLLTYFNKCANRKVFAIF,36,0.758
GEN_0901,THCAKKILAKHCLHYLAMVLLTYFNACLHAKAFAIP,36,0.758
GEN_0902,LHCAKKIAAKHCLHYLACVLLTYLIACLKTFTSLLP,36,0.758
GEN_0903,TVCAKKIAAKHCLHYLACVLLTYFIACLETFTNLIP,36,0.758
GEN_0904,THCAKKIAVKHCLHYLACVLLTYFNACLNRKVWAIF,36,0.758
GEN_0905,TVCVKKIAAKHSLHYLACVLLTYFIACLKTYMTLIP,36,0.758
GEN_0906,THCAKKAAAKNCLHYLACVLLTYFGNCLKATVFALF,36,0.758
GEN_0907,NHCAAKPHAHACLSYLACVLLTYLNGCVKAKVFAIP,36,0.7579
GEN_0908,FHCAKKTEAKHSKHYAACVLLTYFNSCLKATVFALF,36,0.7579
GEN_0909,LRCAKKIAAKHSLHYLACMWLTYFHACLATCWTALF,36,0.7579
GEN_0910,LHSAKKIARKHSLHYLACLLLTYFHACVKTCTTALF,36,0.7579
GEN_0911,THCAKKAAAKHCLHYLATVLLTYFINCLNRKVFGVF,36,0.7579
GEN_0912,THCAKKIAAKHCLHYLACVLLTYFNACLKTYTSVIP,36,0.7579
GEN_0913,THCAKKIAANHCLHYLACVLLTYFNGCLKTFTSAAP,36,0.7579
GEN_0914,THCAKKAAAKHCLHYLACVLLTYFNSCLNRKVFAIP,36,0.7579
GEN_0915,THCAKRVTAKHSLHYLACVLLTYFNACLHAKAFAIP,36,0.7579
GEN_0916,THCWKKAAAKNCLHYLAIVLLAFFNSCLNRKVFAIF,36,0.7579
GEN_0917,WHCAKKAAAKQCIHYLACVLLTYYINAIHAKAFAIG,36,0.7579
GEN_0918,THCAAKPHAHACLSYLACVLLTYLNGCVKAKVFAIP,36,0.7578
GEN_0919,SVCAKKIAAKRCLHYLACVLLTYFIACLKTFTSLAP,36,0.7578
GEN_0920,THCAKKLVAKHCLHLLACVLLTYFNWCLKTFTSAFP,36,0.7578
GEN_0921,LHCAKKIASKHSLHYLACVLLTYFHACLKDCTTALF,36,0.7578
GEN_0922,TICAKKIAVKHCLHYLACVLLTYFINCLKNFTSLTP,36,0.7578
GEN_0923,THCAKKIAAKHCLHYLAIVLLTYFIACLKVYTTNIP,36,0.7578
GEN_0924,THCAKKIAVKHCLHYLACVLLTYFNACLRAKAFAIP,36,0.7578
GEN_0925,THCAKKAAWKNTLHYLACVLLTYFNSCLNRKVFAIF,36,0.7578
GEN_0926,FHCAKKTEAKNCLHYLACVLLTYFGNCLKNWVSLAP,36,0.7578
GEN_0927,THCAKKAAAKHSLHYLACDLLTYFHACLKTCTTGLF,36,0.7578
GEN_0928,FHCAKKPLAKHCLHYLACVVLTYFNACLKTFTKAAD,36,0.7577
GEN_0929,LHCAKKIAAKHCLHYLACVLLTVFINCTKRFTSLAP,36,0.7577
GEN_0930,THTAKKPLAKHCLHYLACVLLTYFNACLHAKAFATD,36,0.7577
GEN_0931,THCAKRVLAKHCLHYLACVLLTYFNACLKTSTSLAD,36,0.7577
GEN_0932,THCAKKILAKHCLHYLACVLLTYLNPCMKAKPKLIP,36,0.7577
GEN_0933,THCAKKIAVKHCLWYLACVLLTYFNACYKAKAFAIP,36,0.7577
GEN_0934,LHCARKAAAKTSLHYAACNLLTYFIACLKTVTSLIP,36,0.7577
GEN_0935,LHCAKRIAAKTSLHYLACVLLTYFIVALKTYTSLAP,36,0.7577
GEN_0936,THCAKKAAAKHCLHYLACVLLTYFHAALKTTVFALF,36,0.7577
GEN_0937,THCAKKPLAKHCLHYLACVLLTFLNGCVKAKVFAVK,36,0.7577
GEN_0938,SHCAKRILARHCLHYLACVLLTYFNACLHAKAFAAD,36,0.7577
GEN_0939,THCAKKPLGKVCLHYLAFVLITYFNACLHAKAFAIP,36,0.7576
GEN_0940,EHCAKKIAAKHCLHYLACTLLTYFIGCAKTFTSAIP,36,0.7576
GEN_0941,THCAKKLVAKFCLHYLACVLLTYFNACLRAKAFAIP,36,0.7576
GEN_0942,TRCAKKAAAAHCLHYLACVLLSYFNAFLTAKINARP,36,0.7576
GEN_0943,YHSAKKTAAHHSLHYLACVLLTYFNSCLARTVFALF,36,0.7576
GEN_0944,THCAKRVLAKHSLHYLACVLLTYFNGCLHAKAFAAD,36,0.7576
GEN_0945,FHCAKKPLAKHCLMYLACVLVTYFNACLKAKVFLIP,36,0.7576
GEN_0946,TRCVKKIAASHSLHYLACVLLTYWIACLKTYTTLIP,36,0.7576
GEN_0947,LHCAKKISAKHSLHYLACVLLTYFIACLKFYTTNFP,36,0.7576
GEN_0948,THCAKKILAKHCLHYLACVLLTYFNANLKTFTSLIP,36,0.7575
GEN_0949,THCAKNPLAKRCLHYLACVLLTYFNACLKTFTKLAP,36,0.7575
GEN_0950,FRCAKKPLAKKCLHYIACVLVTYFNACLKAKVFAIF,36,0.7575
GEN_0951,YHCAKKAAAKHCLHYLACVLLTNFNSCLNKGVFAIF,36,0.7575
GEN_0952,THSAKKAAAKHCLHYLACVLLTYFINCLKNFTSLAP,36,0.7575
GEN_0953,THAAAKPHAHACLSYLACVLLTYLNGCVKAKVFAIP,36,0.7575
GEN_0954,SVCAKKIAAKRCLHYLACVLLTYFINCLKTFTSLIP,36,0.7575
GEN_0955,YHRAKKAAAKHCLHYLACVLLSNFNSCLLKGVFAIF,36,0.7575
GEN_0956,TKCARKAAAKHCLNYLACVLLTYFINCLKTTVFALF,36,0.7575
GEN_0957,THCAKKNLAKHCLHYLACVLLTYFNACLKTSTSLIP,36,0.7574
GEN_0958,TACAKKILAHHCLHYLACVLLTYYNACLHAKAFAAD,36,0.7574
GEN_0959,THCRKKAAAKNCLHYLACVLLTYFNSCLNRKVFALF,36,0.7574
GEN_0960,THCAKKIAAKHCAHYLACVLLTYFINCLKNFTSLVP,36,0.7574
GEN_0961,TVSAKKIAAKNCLHYLACVLLTYFNSCLNRKVFAIF,36,0.7574
GEN_0962,THCAKKPLARHCLHYLACVLLTYFNACLKTFTKLIP,36,0.7574
GEN_0963,FHCAKKIAAKHSLHYLACVLLTYFNICLNRKVFAIF,36,0.7574
GEN_0964,GHCADKLVAKHCLHFLACVLLTYFNSCLKAKVFLAP,36,0.7574
GEN_0965,THCAKKAAAKNCLHYLACVLLTYFNSCLQRRVFAIF,36,0.7574
GEN_0966,THCAKKPLAKHCLHYLACVLLTYFNACLKDFTKLIP,36,0.7573
GEN_0967,THCAKKILAKHCLHYLACVLLTYWNACLKAKTCDVP,36,0.7573
GEN_0968,TRCAKKAARKHCLHYLACVLLTYFNSCLKRKVFAIF,36,0.7573
GEN_0969,THCAWKAAAKNCLHYLACVLLTYFNSLLQRKVFAIF,36,0.7573
GEN_0970,FHNAKKPLAKHCLHYLACVLLAYFNACLHGKAFAIP,36,0.7573
GEN_0971,THCGKKIAAKHCLHYLACVLLTYFITCLKNFTKRIP,36,0.7573
GEN_0972,GHTAKCIAAKHCLHYLACVLLTYGIWCVKTFTLLLP,36,0.7573
GEN_0973,SHCAKKIAAKHSLHYVACVLLTYFIACLKTFSSLAP,36,0.7573
GEN_0974,THCAKKAAAKNCLHNLACVLLTYFNSCLNRKVFTIF,36,0.7573
GEN_0975,LHCAKKIAAKHSLHYLACVLVTYFNACLKAKVFALF,36,0.7573
GEN_0976,THCAQKLAAKHSLHYLACVLLTYFIACLKFYTTNFP,36,0.7573
GEN_0977,THCAKRILAKHCLHYLACVLLTYFNAYLKTFTNLAD,36,0.7573
GEN_0978,THCAKKILAKHCLHYLACVLVSYFNACLKAKVFAIF,36,0.7573
GEN_0979,FHCAKKPLARHSLHYLACVLFSYFNACLHAKAFAAD,36,0.7573
GEN_0980,PHCAKKPLAKHCLHYLACTLLTYFNASLKTFTSVKP,36,0.7573
GEN_0981,THCAKKIAAKHCLHYLACVLLTYFIWCHKTFTTLIP,36,0.7573
GEN_0982,TKCAKKLVAKHCLHYLACVLLTYFNSCLKAKVFAIF,36,0.7573
GEN_0983,LHCAKKIAAKHSLHYLASVLLTYFIACLKTYTSLIP,36,0.7572
GEN_0984,IHCAKKAAAKHCLHYLACALLTWFNSCLNRKLFNIF,36,0.7572
GEN_0985,THCAAKPHAHACLSYLACVLLTYLNGCVKAKVFAVP,36,0.7572
GEN_0986,TRCAKKPLAKHCLHYLACVLLTYFNGSLKTFTSAAP,36,0.7572
GEN_0987,FHCAKKPLAKHCLHYLAIVLLTYFNALLHSKAFAAD,36,0.7572
GEN_0988,TVCAKKIAAKHCWHYLACVWLTYFIACLKNFNTLIF,36,0.7572
GEN_0989,THCAKKVAAKNCLHYLACVLLTYFNTMLKATVFALF,36,0.7572
GEN_0990,THCAKKILAKHCLHYTACVLLTYFNRALKNFTKLIP,36,0.7571
GEN_0991,THCAKKILAKHCYHYLACVLLTWFNACLKNFTKLIP,36,0.7571
GEN_0992,THCAKKIVAKHCLHYLACVLLTFLNGCVKAKVFAVP,36,0.7571
GEN_0993,THCAKKIKAKHCLHYLACVLLTYFIGCLKTFTSAAG,36,0.7571
GEN_0994,LHCAKKIALKHSQHYLACVALNYFNSCLKATVFANF,36,0.7571
GEN_0995,SHCAKKIAAKHCLHYLACHLLTYFIACLKTFSALLF,36,0.7571
GEN_0996,THCAKKPLAKHCLHWLACVLLTYFNSCLKAKVFAIF,36,0.7571
GEN_0997,GHCAKKIANKHCLHYLACYLLAYFNACLKTSTSLIP,36,0.7571
GEN_0998,THCAKKAAAKHCLWYIACVLLTYFNACLHAKAFAAD,36,0.7571
GEN_0999,THWAKRIAAKHCLHYLACVLLTYFNSCLKANLCALF,36,0.7571
GEN_1000,LKCAKKIAAKHSLNYLACVLLTYFIACLKFYTHNFP,36,0.7571
GEN_1001,FHCAKKTEAKHSLHYAACVLLTYFNSCLKATVFALF,36,0.7571
GEN_1002,THCAKKAAAKNCLHTLACLLLTYFWSCLKRKVFALF,36,0.7571
GEN_1003,THCAKKILAKHCLHYVACVLLTYFNAPLKAFTKLAH,36,0.757
GEN_1004,FHSAKKPLAKHCLHYLACVLLTYFQACLKTFTSVKP,36,0.757
GEN_1005,DHCAKKILAKHFLHYLACVLLTYFNVCLKNFTKLIN,36,0.757
GEN_1006,FHCAKKPLAKHCLHYIACVLVTYFNACLKAKVFLIP,36,0.757
GEN_1007,NHCAKKIAAKHALHYLACVLLTYFIFCVKTFTLLAP,36,0.757
GEN_1008,LHCAKKIAAKHSLHYLACVLVTWCIACLKAKANAVL,36,0.757
GEN_1009,THCARKIAAKHSLHYLACVLLTFFIACLKTFISLAP,36,0.757
GEN_1010,LHCAKKAAAKNCLHYLACVLLTWEGSCLQRFNLLAA,36,0.757
GEN_1011,THCAKKPLAKHCLHYLACVLLTYLNGCVKAKVFAVK,36,0.757
GEN_1012,SHCAKKIAAKHCLHYLACVLLTYFNACLKTYTSLIP,36,0.757
GEN_1013,THCAKKIAAKHHLHYLACVLLTYFNACLKNFTSLIP,36,0.757
GEN_1014,TVCAKKIAAKHCLHYLACVLLTYFINCLKNFTSLIE,36,0.757
GEN_1015,THCAKKPLAKHHLHYLACVLLTYFNACLKTFTKLAK,36,0.7569
GEN_1016,THCAKKPLAKHCIHYLACVLLTYFNACLHAKIFAAD,36,0.7569
GEN_1017,FHCAKKPLAKHSLHYLACVLLTYFNACLKTFDKAPK,36,0.7569
GEN_1018,THCAKKLVARHCLHYLACYLLTYFNSCLKAKVFLIP,36,0.7569
GEN_1019,FHCRKKPAAKTCLHYLACVLLSYFNAFLYAKANAVP,36,0.7569
GEN_1020,THCAAKPLAHACLSYLACVLLTYLNGCVKAKVFAVP,36,0.7569
GEN_1021,THCAKKIAAKHCLHYLACYLLVYFIACLKNFTKLIP,36,0.7569
GEN_1022,THSAKKIAAKHSLHYLACVLLTYFIADLKTFTSLLP,36,0.7569
GEN_1023,TKCAKKIAAKHSLHYLACVLLTYFIACLKTFTSLLP,36,0.7569
GEN_1024,FHCAKKIIAKHSLHFLACVLLTYKKACLKTYTHLIY,36,0.7569
GEN_1025,THCAKKIAAKHCLHFLACVLLTYFIACLKTFTILAA,36,0.7569
GEN_1026,THCAKRALAKHCLHYLACVLLTRLNACLHAKAFAIP,36,0.7568
GEN_1027,THCAKKPLKHACLSYLACVLLTYLNGCVKAKVFAVP,36,0.7568
GEN_1028,THCAKKLVAKHCLHYLACVLLTYDNACLKTKVFALF,36,0.7568
GEN_1029,DHCAKKIAAKHCLHYLACVLVTYFIACLKNFTKLIP,36,0.7568
GEN_1030,THCAKLIAVKHELHYLACVLLTYFNACLRAKAFAIY,36,0.7568
GEN_1031,THCAKKPLAKHCLHYLACVLLTYFNACLKTFTKLAR,36,0.7567
GEN_1032,TVCAKKIAAKHCIHYLACVLLNYFIASLKTFTSLRP,36,0.7567
GEN_1033,THCAKKPLAKHCLHYSACVLLTYFNACLKTFTKLIP,36,0.7567
GEN_1034,VHCAKKIAAKHCLHYLACNLVTYFIACLKTFLSLAD,36,0.7567
GEN_1035,SRCAKKLVAKHCLHYLACVLLTYFNWCLKAKVFAIF,36,0.7567
GEN_1036,THCAKKPLAKHCLHYLACVLLTYFSACLKTFTKLAR,36,0.7566
GEN_1037,THCAKNPLAKRCLHYLACVLLTYFNACLHAKAFAVP,36,0.7566
GEN_1038,THCAKKHAAKHCLHYLACVLLTMFIACLKTFTNLIP,36,0.7566
GEN_1039,YHCAKKAAAKHCLHYLACVLITYFGSCLQRFTLLAP,36,0.7566
GEN_1040,THCAKKAAAKNCLHYLACVLLTYFGSCLQKFFLLAP,36,0.7566
GEN_1041,THCAKKAAAWNCLHYLACLLLTYYINCLKNFTSNAP,36,0.7566
GEN_1042,FHCAKKPLAKHCLHYLACVLLTYWNASLHAKTFVAD,36,0.7566
GEN_1043,THCAKKIAAKHCLHYLACVLLTYFIACSKNFNKLIP,36,0.7566
GEN_1044,TRCVKKIAASHSLHYLACVLLTYFIACLKTYTTLIP,36,0.7566
GEN_1045,THCAKKIAAKHCLHYLACVLLTYFIACLKTKANAVP,36,0.7566
GEN_1046,THCAKKAAAKNCLKYLACVLLTYFINCLQRFTLLAP,36,0.7566
GEN_1047,THCAKKPLAKHCLHYLACVLLTYFNAPLHAKAFAAD,36,0.7565
GEN_1048,FHCAKKPLAKHCLHYLACVLLTLINGCVKAKVFAHK,36,0.7565
GEN_1049,THCAKKAEAKHCLHYLALVLLTYFNACLKTFTKLAP,36,0.7565
GEN_1050,THCAKKILAKHCLHYLACVLLTYFNLALKNFTKLIP,36,0.7565
GEN_1051,THRAQKIAARHCLHYLACVLLTYFIPCLKTFKSLAP,36,0.7565
GEN_1052,FHCAKKIAAKHSLHYLACVLLTYFINCLKAKAFAIP,36,0.7565
GEN_1053,THCAKKIAAKHCLHYLANVLLTYFINCLHAKAFAIS,36,0.7565
GEN_1054,THCAKRILAKHCLHYLACAANTYFNACLHAKAFAIP,36,0.7565
GEN_1055,TVCAKKIFAKHCLHYLACVLLTYYINCLKNFTSLIP,36,0.7565
GEN_1056,THCAKKIAAKHCLHYLACVLLTYFRACLKRCTTLIP,36,0.7565
GEN_1057,TVCAKKIAAKHSLHYLACVLLTYFNSCLKATVEAIF,36,0.7565
GEN_1058,THCAKRILAKHCLHYMACVLLTYFNACLKTFTKLIP,36,0.7564
GEN_1059,EHCAMKIAAKHSLHYLACLLLTYFNACLRSFTKLIP,36,0.7564
GEN_1060,THCFKRILAKHCLHYLACVRLTYFNRCLHAKAFALP,36,0.7564
GEN_1061,THIAKKLVAKHCLHYLACVLLTYFNECLHAKFFAIA,36,0.7564
GEN_1062,IHCAKKAAAKRCLHYLACLLLTYFNSCLNRNLFAIP,36,0.7564
GEN_1063,GKCAKKAAAKHCLHYLACVLLTMFNSCLKHTVFAIG,36,0.7564
GEN_1064,THCAKKILAKHHLHWLACVLLTYFNACLKNFTSLIV,36,0.7564
GEN_1065,TVCAKKIAAKHCLHYLACVLLTYFIWCEKTFTLLAP,36,0.7564
GEN_1066,RHCLHKAAVKNCLHYLACVLLTYFGSCLNRKVFAIS,36,0.7564
GEN_1067,THCAKKPLAHACLSYLACVLLTYFNACVHAKVFAAP,36,0.7563
GEN_1068,FHCAKKALARHCLHYLACLLLTYFNACLRTFTKLIP,36,0.7563
GEN_1069,TVCAKKIAAKHCLHYLACVLLTYFNLCLKNFTDLIP,36,0.7563
GEN_1070,LHCAKKAAAKHCLHYLACVLLTYFINCLKNTTSLLP,36,0.7563
GEN_1071,TRCVKKINAKHSLHYLACVLVTYCIACLKTFTNLAP,36,0.7563
GEN_1072,GHCAKKAAAKHPLHFLACVLLTYFWNCLPAKAFAIL,36,0.7563
GEN_1073,THCAKKPLAHHCLSYLACVLLTYFNACVHAKVFAVK,36,0.7562
GEN_1074,TVCAKKIAAKHCLHYLACVLLNYFIWCVKTFTLLAP,36,0.7562
GEN_1075,LHCAKKIAAKHSLHYLACVLINYFGSCLQRFTLLAP,36,0.7562
GEN_1076,THCLVKAAAKNCLHYLACVLLYYFINCAKAKQFAIP,36,0.7562
GEN_1077,THCAAKPKAHAALSFMACILLILNNGCIKTATKLIK,36,0.7562
GEN_1078,TRHAARPKAHACLSYTACVLLTYFNACLHAKAFAAK,36,0.7562
GEN_1079,GHCAKKIANKHCLHYLACILLTYFNACARTFTRTIP,36,0.7562
GEN_1080,LHCAKKIAAKHSLHYLACVLLTYWIACVKTFTSLAP,36,0.7562
GEN_1081,THCAKKIAAKHCLHYLACVLLTYFIACLKTFTSLLP,36,0.7562
GEN_1082,SHCAKKIAAKHSLHYVACVLLTYFIACLKTFSSLWF,36,0.7562
GEN_1083,FHCAKKTVAKHSLHWLACVLLTYFINCLKNFVTLAP,36,0.7562
GEN_1084,THCAKKAAAKNCLKYLACVLLTYFNSCLNRKVFAVF,36,0.7562
GEN_1085,WHCAKKAAAKQCIHYLACMLLTYYINAIHAKAFAIG,36,0.7562
GEN_1086,FHCAKKIAAKHSLHTLACVLQSYFWTCLKATVFALF,36,0.7562
GEN_1087,THCAKKIVRKHCLHYIACVLVTYFNACLKAKVFAIF,36,0.7561
GEN_1088,THCAKKIAAKHCLMYLACVLLTYFINCLKNFTSLLP,36,0.7561
GEN_1089,THCAKKAAAKHCLHYAACVLLTYWINCLKSFTSLIP,36,0.7561
GEN_1090,THCAKKAAAKNCLHYLACVLLTYFINCLKNFVSLAF,36,0.7561
GEN_1091,THCVKKIIAKHCLHYLACVLLTYFINCLNRKVFAIF,36,0.7561
GEN_1092,THCAKKIAAKHCYHFLACVLLTYFNACLKTFTSDVP,36,0.7561
GEN_1093,FHCAKKMAAKHSLHYLAFVLLTYFQSCLKAAVFQAY,36,0.7561
GEN_1094,THDAKKAAAKHCLHYLACVLLTYFINCLKNFTSLAP,36,0.7561
GEN_1095,THCAKKIAAKHSLHYLACVLLTYWIICLKFYKTNFP,36,0.7561
GEN_1096,THCAKKIAAKRCLHYLACVLVTYFIACLKTFTSLAP,36,0.756
GEN_1097,THCAKKPLAKHSLHYLACVLLTYFNACLKAKQFAIF,36,0.756
GEN_1098,THCAKKILAKHCLHYLACVLVTYFNACLKAKVFASW,36,0.756
GEN_1099,THCAKKPLAKHCLHYIACALLTYFNQCLHAKAFAIP,36,0.756
GEN_1100,FHCRKKPLAKHCLHYLACVLVTYFNACLKAKVFAIF,36,0.756
GEN_1101,THCAKKAAAKHFLHYLASVLLTYFNSCLNRKVYAIF,36,0.756
GEN_1102,THCAKKAAAKHCLHYLACVMLTYFINCLKTFTNLWP,36,0.756
GEN_1103,THCSAKPHAHACLSYLACVLLTYLNGCVKAKVFAIP,36,0.756
GEN_1104,LHCCKKIAAKHSLHYLACVLLMYYIVALKNFTKLAC,36,0.756
GEN_1105,THCAKKPLAKTTLNYLACVLLTYFLACLKTFTKLIP,36,0.7559
GEN_1106,THCAKKPLAKHCLHYLACVLLTYLNGCVKAKVFAPH,36,0.7559
GEN_1107,THCAKNPLAKRCLHYLACVLLAYFNACLHAKAFAVP,36,0.7559
GEN_1108,TRCAKKPLAKHCLHYSACVLLTYFNACLKTFTKLIP,36,0.7559
GEN_1109,TRCAKKAARKHCLHFLACVLLTYFNSCLKRFTSADY,36,0.7559
GEN_1110,THCAKKHVAKHCLHYLACVALTRFNACLHAKAFAIP,36,0.7559
GEN_1111,GHCAKKAAGKHCLHYLASVLLTYFNICLNRKVYAIF,36,0.7559
GEN_1112,LHCAKKIAAKHSLHYLACVVLTYFNTCLNRKVFAIF,36,0.7559
GEN_1113,GHCAKKIAAKHCLHYLACLLLTYFNACLRTFTKTIP,36,0.7558
GEN_1114,TRCAKKILAKHCLHYLACVLLTYFNLCLKNFTKLAD,36,0.7558
GEN_1115,LHCAKKIAAKHSLHYLACVVLTYFNSCLNRKVFAIF,36,0.7558
GEN_1116,THCAARPHAHVCLSYLACVLLTYLNGCVKAKVKAAH,36,0.7558
GEN_1117,LHCAKKIAIKHSLHYLACVLLTYFINCIKNFTSLIP,36,0.7558
GEN_1118,SHDAKKILAKHHLHYLACVLLTYFNACLHAKAFACP,36,0.7557
GEN_1119,THCAKKAAAKHCLHYLACVLLTYFINCLKNYTSADY,36,0.7557
GEN_1120,TRCAKKILAKHCLHYLACVLLTYFNTCLKNFTKIAD,36,0.7557
GEN_1121,THCAKKILAHGCLHYLACVLLTYFNACLHAKAFAAD,36,0.7557
GEN_1122,TVCAKKIAAKHCLHYLACVLLTYFINILKNFTSLLG,36,0.7557
GEN_1123,NHCAKKAAKKHCLHYLACVLLTYLCNDLKNFTILAA,36,0.7557
GEN_1124,THCARKAAAKHCLHYLACVALQYFINCLRNFTSLAP,36,0.7557
GEN_1125,THCAKRAAAKNCLHYLACVGLTYFDTCLYRKVFAIF,36,0.7557
GEN_1126,THCAKKPLAKHCLHYLACVLLTYFNAPLKAFTKLAH,36,0.7556
GEN_1127,FHCAKRPLAKHCLHYLACTLLTYFNATLKTFTSVKP,36,0.7556
GEN_1128,THCAKKILAHHCLHYLACVLLTYFNLCLKNFTKLAG,36,0.7556
GEN_1129,THCLKKIAAKHSLHYLACILLSYPNACLKTFTNLIP,36,0.7556
GEN_1130,THCAKKILAKHCLHYLACVLYTYFNANLKHFTSVIP,36,0.7556
GEN_1131,LSCAKKIAAKHSLHYLACVLLTYFNSILKAYVFAIF,36,0.7556
GEN_1132,KHCAKKIAAKHCFHYLACVLLTYFNACLHAKAFAAD,36,0.7556
GEN_1133,THCAKKIAARHCLHWLACVLLTYFNACLKTFTSALP,36,0.7556
GEN_1134,LHCAKKIAAKHSLHYLACVLYTYFIACLKTCTTLIP,36,0.7556
GEN_1135,THCAKKPLAKHCLHYLACALLTYFNACLKTFTSDVP,36,0.7555
GEN_1136,FHCARKPLAKHCLHYLACVLLTYFNACLHAKAFKAD,36,0.7555
GEN_1137,THCAKKARAKHCLHYLACVLLTYFINCLKNTVFALF,36,0.7555
GEN_1138,LHCAKKIAAKHCLHYLACVLLTYFINCDQRFTLLAP,36,0.7555
GEN_1139,GHCAKKIAAKHCLHYLACVLLTYFIWCVKTFTTNIP,36,0.7555
GEN_1140,THCAKKAAAKHSLHYLACQLLTYFNSCLKATVFALF,36,0.7555
GEN_1141,THCAKKIKAKHCLHYLACVLLTYFIACLKTFANLFR,36,0.7555
GEN_1142,THCAKKIAVKHCLHWLACVVLTYFNACLHAKAFAIP,36,0.7555
GEN_1143,THCAKKAAGKNSLHYLACVLLSYFESCLQTKGFALF,36,0.7555
GEN_1144,LHCAKKIALKHSQHYLACVLLTYFINCLKNFTSLIP,36,0.7555
GEN_1145,THCAGKPLAKHCLHYLACVLLTYLNGCVKAKVFAVP,36,0.7554
GEN_1146,THCAKRILAKHCLHWLACVLLAYFNACLKAKVFVIF,36,0.7554
GEN_1147,THCAKKLVAKHCLHYLACVLLTYFNWCLKTFTSAAP,36,0.7554
GEN_1148,THCALKAAAKNCLHYLACVLLTYFNTTLNRKVFCIH,36,0.7554
GEN_1149,THCAKKIAAKHCLHYLACVLLTYYINCLKTFCSQIP,36,0.7554
GEN_1150,SHCAKKISAKHNLHYLACVLLTYFNACLKTFTSLAP,36,0.7554
GEN_1151,FHCAKKELAKHCLHYLACVLLTYFINCLKTFTSLIP,36,0.7553
GEN_1152,THCAKKIAANKCLHYLACVLLMYFNACLHAKAFAIP,36,0.7553
GEN_1153,LHCAKKIIAKHSLHFLACVLLTYKIACLKTYTHLIY,36,0.7553
GEN_1154,THCAKKAAAKHCLKYLACVLLTYFINCLKTFTSLAP,36,0.7553
GEN_1155,THCAKKPLKHACLSYLACVLLTYLNGCVKAKVFAHP,36,0.7553
GEN_1156,THCAAKILAKHCLSYLACTLLNYFNACLKTFTSVKP,36,0.7553
GEN_1157,THCAKKLLAWHNLHYLACVLLDWFRACLCASTSVKP,36,0.7553
GEN_1158,FRCAKKYAAHNCLHYLACVLLTYFINCLHAKAFAIG,36,0.7553
GEN_1159,THAAKKPLAKHCLHYIACVLLTFLNCCVKAKVFAVL,36,0.7552
GEN_1160,THCAKKAEAKHCLHYLACYLLTYLNGCVKAKTKLIP,36,0.7552
GEN_1161,THCAKKIAAKHCAHYPACVLLTYFIWCLQRFTLLAP,36,0.7552
GEN_1162,TRCAKKILAKSCLHYLACVLLTYMRACVHAKAFAAD,36,0.7552
GEN_1163,THPLKKAAAKHSLHWLACVLLDYFITCLKATVFALW,36,0.7552
GEN_1164,THSAKKPLAKHCIHYLACVLLTYFNACLHAKAFAAD,36,0.7551
GEN_1165,THCAKKPLAKHSLHYLACVLFSYFSACLKTFTKLIG,36,0.7551
GEN_1166,FHCARKPLAKHVLHYLACVLLTYFNLCLKNFTKLIP,36,0.7551
GEN_1167,WHCAKKIAAKHSLHYLASVLLTYFMACLKTFTSLIP,36,0.7551
GEN_1168,LHCAKKIALKHSQHYIACVLVTYFNACLKAKVFALF,36,0.7551
GEN_1169,THCAKKAAAKHCLHYLACVLLTYFINCLKNFVSLGP,36,0.7551
GEN_1170,THCAKKAAAKHSLHYLACMWLTYFHACLATCWTALF,36,0.7551
GEN_1171,THCAKKILAKHCLHYLACVLLTYLNPCVKAKVFAVP,36,0.7551
GEN_1172,THCAKKIAAKHCLHYLACVLLTYFRACLKTFTKLIP,36,0.7551
GEN_1173,PHCAKKIAAKHCLHYLACALLTYFINCYKTFTSLIP,36,0.7551
GEN_1174,TVCPKKIAAKACLHYLACTLLTYFINCLKNFTSAGP,36,0.7551
GEN_1175,THEAKRILAKHCLHYLACVLLTYFNACLHAKAFAIP,36,0.7551
GEN_1176,THCAKKIAAKESLHYLACVLLTYFIACAKTYTTLDP,36,0.7551
GEN_1177,TVSAKKIAAKHCLHYLGCVLLTYFIACLKTFNSLAC,36,0.7551
GEN_1178,THCAKKAAAKNCLHYLACVLLTYFITCLNRKVFAIE,36,0.7551
GEN_1179,THCAKKPLAHHFLSYLACVLLTYFNLCVHAKVFAVK,36,0.7551
GEN_1180,THAAKKPLKHACLSYLACVLLTYLNGCVKAKVFAHP,36,0.7551
GEN_1181,TVCAKKAAAKHCLHYLACVLLSYFNAFTYAKANAVP,36,0.7551
GEN_1182,THCLKKAAAKNMLHYLACVLLTYFGSCLNRKVFAIW,36,0.7551
GEN_1183,THCAKKAAAKSCVHYLACVLLTYFGNCWKNFVSLAP,36,0.7551
GEN_1184,THAAAKPHAHACLAYLACVLLTYLNGCVKAKVFAIP,36,0.755
GEN_1185,THCAKKIAAKHCLHYLACVLVNYFIACLHAKAFAIP,36,0.755
GEN_1186,LHCAKKIAAHHSLHYLACVLLTYFIACLKTETTLFP,36,0.755
GEN_1187,NHCAKKFAAKHALHYLACLLLTYFIFAVKTFTILAA,36,0.755
GEN_1188,LHCAKKIAAKHCLHYIACVLLTYFINCLKAKAFAIP,36,0.755
GEN_1189,THCAAKPHAHACLSYLACVLLTYLNGCVKAKNFAAK,36,0.755
GEN_1190,TVCIKKIAAKHCTHYLACVLLTYFNAALKTFTSLVP,36,0.755
GEN_1191,THCAKKIAAKHCLHYLACVLLTYFNLCLKNFTDLIP,36,0.755
GEN_1192,TLCAKKIAAKHSLHYMACVLLSYFIACLKMFTSLLP,36,0.755
GEN_1193,SHCAKKIAAKHSLHYVACVLLTYFIATLKTFSSAIF,36,0.755
GEN_1194,THCAARPHAHVCLSYLACVLLTYLNGCLKAKVKAAH,36,0.7549
GEN_1195,THCAKKIAAKHCLHYLACVLLTYFINCLKAKVFALI,36,0.7549
GEN_1196,LHCAKKIAAKHSLHYLACVLLTIFIYCLKTFTSLAP,36,0.7549
GEN_1197,YHCAKKIAAKHSLHYLACVLLTYFNSCLKAKVFAIF,36,0.7549
GEN_1198,THCAKKAAAKNCLHYLACVLLTYFNTTLNRKVFAIH,36,0.7549
GEN_1199,THCLKKAAARNCLHYLACVLLDYFANCLKAKAFAIP,36,0.7549
GEN_1200,THCAKKILAKHCLHYLACVLLTYWNACLKAKTSDVP,36,0.7549
GEN_1201,THCAKKIAAKHSLHYLACILLTYFIWCVKTFTLMAP,36,0.7549
GEN_1202,THCAKKAAAKNETHYLACVLLTYFNSCLNRKVFAIF,36,0.7549
GEN_1203,THCAKKAAAKNCLHYLASGLLTYFNSALNRKVFAIF,36,0.7549
GEN_1204,THAAKKILVKHCLHWLACVLLTYFNANLKTFTSFIP,36,0.7548
GEN_1205,THCAKKPLAKTSLSYLAFVLLTYFNACLHAKAFAVP,36,0.7548
GEN_1206,TTCAKKIAVRHCLHYLAQLLLTYFIACLKTFTSLAP,36,0.7548
GEN_1207,TVCGKKINAKHCLHYLACVLLTYFQACLHAKAFAIP,36,0.7548
GEN_1208,THSAKKSAAKHCLHYLACILLSYFNAFLKAHKFALF,36,0.7548
GEN_1209,FHWAKKAAAKNCLHYLACVLLTYFHSCLQKFTLLAP,36,0.7548
GEN_1210,IHCAAKPHAHACLSYLACVLLTYLNGCVKAKVFAIP,36,0.7548
GEN_1211,FHCAKKPLAKHCLHQIACVLVTYFNACLKAKVSLAP,36,0.7548
GEN_1212,LHCAKKIWAKHCLHYLACVILTYFINCLKAVTSLIP,36,0.7548
GEN_1213,FHCARKIAAKHSLHWLACVLLTYFIACLKTYTTLIP,36,0.7548
GEN_1214,THCRKKAAAKNCLHYLACVLLTYFNSCLNRKVFAIF,36,0.7548
GEN_1215,THCAKKALAKHCLHYLACVLLTFLNGCVKAKVFAVK,36,0.7547
GEN_1216,LQCAKKIAAKHSLHYLACILLTYFIGCLKTWTSLRP,36,0.7547
GEN_1217,FHCARKIAAKHSLHYLACVLLEYFIACLKNFTSLAP,36,0.7547
GEN_1218,THDAKKAAAKHCLHYLACVLLMYFINCLKNFTSLAP,36,0.7547
GEN_1219,IHCAKKAAAKRCLHYLACLLLTYFNSCLNRNLLAIP,36,0.7547
GEN_1220,THAAKKAAAKNCLHYLAAVLLTYFIDCLHAKAFAIG,36,0.7547
GEN_1221,THCAKKPLAKHCLHYLACVLWTYFSACLKTFTKLAR,36,0.7547
GEN_1222,FHAAKKPLAKHCLHYVACTLLTYFNASLKTWTSVKI,36,0.7547
GEN_1223,THCAKRILAKRCLHYLACVLLAYFNACLHAKAFAVP,36,0.7547
GEN_1224,THCDMKILAKHCLHYLACVLLTWFNYCLKAKVFALF,36,0.7547
GEN_1225,THCAKKIAAKHSFHYLACVLLTYFNACLTAKAFAAD,36,0.7547
GEN_1226,LHCAKKIAAKHSLRYLACVLLTYFHACLKTTVFALF,36,0.7547
GEN_1227,FHCAKKPLAQTCLHYLACVLLTYFNATLKDFTKAIP,36,0.7546
GEN_1228,FHCAKKPLAKHCLHYLACVLLTFLNGCIKAKVFGVK,36,0.7546
GEN_1229,THCAKKAAAKHCLHYLACVLLTYFINCQKNFTPAIP,36,0.7546
GEN_1230,FHCAKKPLAKHCLHYLACVLLTFLDGCVKAKVFAVP,36,0.7546
GEN_1231,THCAKRILAKHCLHYLACVLLTYFNACKKAKVFAAF,36,0.7546
GEN_1232,THCAKKIAAKHCLHYLACVLGTMFNSCIKAKLFALF,36,0.7546
GEN_1233,THCARKIAAKHCLHYLACVLLTYFINCPKTFTSLIP,36,0.7546
GEN_1234,THCAKKIVAKHCLHYLACVLVTYFNACLKTFTHIAP,36,0.7546
GEN_1235,LVSAKKIAAKNCLHYLACVLLTYFNSCLNRKVFALF,36,0.7546
GEN_1236,THCAKKIAAKHCLHYLACVLLTYFNACLKTFTKLID,36,0.7545
GEN_1237,THCAKPILAKHCLHYLACALLTWFNAKLKTFTSLIP,36,0.7545
GEN_1238,SHCAKKISAKHNLHYLACVLLYYFNACLKTFTSLAP,36,0.7545
GEN_1239,THCAKNPLAKRCLHYLACVLLTYFYACLKTFTKLIP,36,0.7545
GEN_1240,THCAKKILAKHCVHYLACVLLTYFNACLKAKVFAIF,36,0.7545
GEN_1241,THCAKKILAKECLHYLACVLLTYFNACLHAKAFAIP,36,0.7545
GEN_1242,QDSAKKILAKHCLHYLACVLLTYFNACLKAHAFAIF,36,0.7545
GEN_1243,TSCAKKILAKHCLHYLACVLLAYFNACLKTSTSLIP,36,0.7545
GEN_1244,THCAKKILAKHCLHYLACVLLAYWNACAKTSTSLIP,36,0.7545
GEN_1245,THCAKKILAKRCLHYLACVLLTYFNACLHAKAFAAD,36,0.7545
GEN_1246,FHCAKNIAAKHCLHDLACTLVTYFIACLKTFLSLAD,36,0.7545
GEN_1247,THCALKALAKHSIHYLACVLLTYLNGCVKAKVFAVP,36,0.7544
GEN_1248,FHCAKKELAKHCLHYLACVLLTYFNACLKAKTSVRP,36,0.7544
GEN_1249,TLCAKKIAAKHSLHYLACVLLTYFNACLKTKAFAIP,36,0.7544
GEN_1250,THCAKKIPVKHCLHYLACVLLTYFNLGLKNFTKLIP,36,0.7544
GEN_1251,IHCAKKIAAKHSLHYLACVLLTYLIACLKFYQTNFP,36,0.7544
GEN_1252,THCAKKAAARNCLHYLAAVLLTYFNTCLNRKVFAIF,36,0.7544
GEN_1253,NHPAKKAAAKHCLHYLACVLLTYFNSCLNRKVFAIF,36,0.7544
GEN_1254,FRCATKDAAKWCLHYLACLLLTWFNTCLNRKVFAIF,36,0.7544
GEN_1255,TTCAAKPHAHACLSYLACVLLTYLNGCVKAKVFAVP,36,0.7544
GEN_1256,THCAKKPLAKHSLHYLACVLLTYFNACLKTYTSVIP,36,0.7544
GEN_1257,THSAKKILAKHCLHYLACVLLTYFRACLHAKAFAAD,36,0.7544
GEN_1258,THCAKKIAVKHCLHYLACVLLTYFNACLNRKVWAHF,36,0.7544
GEN_1259,THCAKKIAAKHCAHYPACVLLTYFIWCLKTYTTLIP,36,0.7544
GEN_1260,THCAKKAAAKNCLHYLACVLLTKFGNCLHVKAFAIG,36,0.7544
GEN_1261,GHCAKKPLAKHCLHYLACVLVTYFNACLKAKVFAIF,36,0.7543
GEN_1262,THCAKKILKKHCLHYLACVLLAYFNACLKTSTSLIP,36,0.7543
GEN_1263,TCCAKKPLAKHCLHYLAAVLVTYFNACKKAKVFAAF,36,0.7543
GEN_1264,LHCAKKIAAKHSLHYLACVLLTYFNACLHAKAFAAD,36,0.7543
GEN_1265,THCAKKPAAKHCLHYLGCVLLTYFNACLKTFTKLIP,36,0.7543
GEN_1266,THCAKRILTKHALHYLACVLLTYFMACLKTFTSLAD,36,0.7543
GEN_1267,THCAKKLLAWHNLHYLACVLLDWFRACLCAKAFAGD,36,0.7543
GEN_1268,LHCAKKIAAKHILHYLACVLLTYFIACLKTYTTLIP,36,0.7543
GEN_1269,SHCAKKPLKHASLSYLACVLLTYFNACLHAKAFAHP,36,0.7542
GEN_1270,TVCAKKIAAKHALHYLACVLLTYFINCLKTFTSIIP,36,0.7542
GEN_1271,THCAKKPLAKHCLHYLACVLITFLNACVKAKVFAVK,36,0.7542
GEN_1272,THCAKKPLAKHCLHYLACVLLTYLNGCVKTFTKLAR,36,0.7541
GEN_1273,FHCAKKPLAKHCLHSLACVLLTFLNGCVKAKVFAVK,36,0.7541
GEN_1274,FHCAKKPLAKHCLHYLAFVLLTYFNAKIKTFTKLIP,36,0.7541
GEN_1275,THCAKKILAKHCLHWLACVLLTYFNKCLKTFTKLPK,36,0.7541
GEN_1276,THCAKKIAVKHCLWYLACVLLTYANACLHAKAFAIP,36,0.7541
GEN_1277,TVCAKKIAAKHILHYLACVLLTYFIAHLKAKTFAVF,36,0.7541
GEN_1278,LHCAKKIAAKHSLHYLACVLLTYFIRCLKTFPSFAP,36,0.7541
GEN_1279,THCAKKPLAHACLSYLACVLLTYFNACVHAKVFAAK,36,0.7541
GEN_1280,THCAAKPHAHACLSYLACVLLTYLNGCVKAKVFAAH,36,0.7541
GEN_1281,THCAAKPHAHACLSYLACVLLTYLNGCVKAKVFAPH,36,0.7541
GEN_1282,THCNKKPLAKHCLHYLACVLLTYFNACLKTFTKLIP,36,0.7541
GEN_1283,THCAKKPLAKHCLHYLACVLLAYFNACLHARAFAVP,36,0.7541
GEN_1284,THCAKKIAAKHCLHYLACVLLNYFNACLKTFTFAAP,36,0.7541
GEN_1285,THCAKPIAAKHCLHYLACILLTYFNSKLNRKAFAIP,36,0.7541
GEN_1286,SHCAKKLVAKHCLHYLACVLLTYFNWCLKAKVFAIP,36,0.7541
GEN_1287,THCAKKIAAKHCLHYLASGLLTYFNSCLKATVLALF,36,0.7541
GEN_1288,THCAKKPLAKHCLHYLACVLLTYFNACLKTFTPLIP,36,0.7541
GEN_1289,THCAKKPLAKHCLHYLACVALTYFNACLHAKAFLIP,36,0.7541
GEN_1290,FHCSRKPLAKHSLHYAACVLLTFFNLCLKNFTKLIP,36,0.7541
GEN_1291,STCAKKLLAKHCLHYLACVLLTYFRGCLHAKAFGAD,36,0.7541
GEN_1292,VHCAKKIAAKHSLHYAACVLLTYFIACAKTYTTLIP,36,0.7541
GEN_1293,TRCAKKAAAAHCLHYLACVLLNYFNAFLLAKINARP,36,0.7541
GEN_1294,THCAKKAAAKTCLHFLAQVVLTYFISCLKNFTSNAP,36,0.7541
GEN_1295,THCAAKPHAHLALSYMACILLILNNGCIKTFFKLPK,36,0.754
GEN_1296,TRHAARPKAHACLSYTACILLLLNNGCIKTFPKLPK,36,0.754
GEN_1297,TVCAKKIAAKHCYHWLACVLLTYFNANLKTFTILIP,36,0.754
GEN_1298,TKCAKKIAAKHCIHYLACVLLTYFINCLKTFTSLIP,36,0.754
GEN_1299,LHCAKKIAAKHSLHYLAHVLLTYFLACLKYFTSLAN,36,0.754
GEN_1300,TKCAKKLVAKHCLHYLACVLLTYFNACLRTFTSSPK,36,0.754
GEN_1301,FECAKKPYAKHCLHYLASVLLTYFNACLKAKVFLIP,36,0.754
GEN_1302,THCAKKIAAKHSLHYLACVLLTYIINCLKNFTSLIF,36,0.754
GEN_1303,THCAKKPLAHACLSYLACVLLTYFNACVHAKVFALP,36,0.7539
GEN_1304,THCAKKPLAKHCLHYLACVLITYFNACLHAQAFAAD,36,0.7539
GEN_1305,THCAKKIAAKHCLHYLACVLLTYFRLCLKNFTKLIP,36,0.7539
GEN_1306,THCAKKILAKHCLHYLACVLLTYFNACLIAKAFKAN,36,0.7539
GEN_1307,THCAKQILAKHCLHYLACVLLTYFRACLHAKAFAAD,36,0.7539
GEN_1308,LHCAKKIAAKHSAHYLACVLLTYFIACLKTFTSLAP,36,0.7539
GEN_1309,THCAKNPLAKRCLHYLACVLLTYFNACLKWFTSLIP,36,0.7539
GEN_1310,TECAKKPLAKHCLHYLACTLLTYFNASLKTFTSVKP,36,0.7539
GEN_1311,THCAKKAQAKHSLHYLALVLLTYGNACLKTSTILIP,36,0.7539
GEN_1312,TRCAKKAALPHCLHYLACVLLTYFNSCLKRKGWGIF,36,0.7539
GEN_1313,SHCAKKIAAKHCLHYLACSWLTYFIGCLKTFTSLIP,36,0.7539
GEN_1314,YHCAKKTAAKHSLHYLACVLLTYFNTCNKATVFALF,36,0.7539
GEN_1315,FHCAKKPLAKMALHYLACVLLTYFNACLKTFTKLIP,36,0.7538
GEN_1316,LHSAKKNALKHSLHYLACVLVTYFIACLKTFHSLAP,36,0.7538
GEN_1317,LHKASKIAAKHSLHYLACVLLTYFIAWLKFESTNFP,36,0.7538
GEN_1318,THCAKKICAKFCLHYLALVLLTYFNSCLKKDAFPLG,36,0.7538
GEN_1319,THCAAKPHAHLALSYMACIILILNNGCIKTFFVAPK,36,0.7538
GEN_1320,FHCHKKPLAKHCLHYIACVLVTYFNACLKAKVFAIF,36,0.7538
GEN_1321,TICAKKIAAQKCLYYLACVLLTYFNACLKTFTNALP,36,0.7538
GEN_1322,FHCAGKAAAKNCLHYLACVLLTYFIKTVKTKSSAIF,36,0.7538
GEN_1323,THCAAKPLAHACLSYLACVLLTYLNGCVRAKVFAVP,36,0.7537
GEN_1324,TVVAKKIAAKHCLHYLACILLTYFNSKLNRKSFAIF,36,0.7537
GEN_1325,TVCAVKIAAKHCAHYLATVLLTYFIWCVKTFTKLAF,36,0.7537
GEN_1326,TRYHKKPHYHACLSTPACLLLTILNGCVKAKVFALP,36,0.7537
GEN_1327,THCAKKIAAKHCLHYLACVAVTYFYACLKTFISLAP,36,0.7537
GEN_1328,LHCAKKIAAKHSLHYLACVLLTYFNWCLKTFTSAFP,36,0.7537
GEN_1329,TVCVKKIAAKHSLNYLACVLLTYFIACLKTYTTAIP,36,0.7537
GEN_1330,THCAKKILAKHCLHYLACVLLTYFNGCLKAKVFAIF,36,0.7536
GEN_1331,THCARKIAAKHCLHYLACVLLTYFINCLKAKVFALI,36,0.7536
GEN_1332,THLAKKAAAKHCLHYLACVLLWYYNAFLYAKANAVP,36,0.7536
GEN_1333,THCAKKAAAKNSLHYLAWVLLTWFGNCLQRFTLLAP,36,0.7536
GEN_1334,FRCAKKAAAKNCLHYLACVLLTYFINTLHAKAFKMG,36,0.7536
GEN_1335,THCAKKAAAKHCLHYLACVLLTYFNSCLSRKVFAIF,36,0.7536
GEN_1336,TRHAARPKAHACLSYTACILILLNNGCIKTFPKLVK,36,0.7536
GEN_1337,TKCAKKPLAKHCLHYLACVLLTYFNACLKTFTKLIP,36,0.7536
GEN_1338,THCAKKPEAKHCLHYLAIVLLTYFNACLKTFTILIP,36,0.7536
GEN_1339,THCAKKPLAKHCLHYLACVLLTYFNACDKTFPKLIP,36,0.7536
GEN_1340,THAAKKIAAKHCLHYLAAVLLTYFNACLKTFTSLIP,36,0.7536
GEN_1341,THCAKKPLAKHCLHYLACVLLTYLNACLKYFDKLIP,36,0.7536
GEN_1342,THCAKKIAAKHCFHYLASILLTYFNACVKNFTDLIP,36,0.7536
GEN_1343,THAAKKIAAKHCQMYLACVLLTYFIACLKNFTSLLP,36,0.7536
GEN_1344,FHCAKKTAAGHTLHYLACVLLTYFNTCLKLTVFALF,36,0.7536
GEN_1345,TYCAKKAAAKHHLHYLACVLLTSLINCLHAKAFAIP,36,0.7536
GEN_1346,THCAKKPLKHACLSYLACVLLTYFNACLQAKAFAAK,36,0.7536
GEN_1347,TKCAKRILAKHCLHYLACVLLTYFNACLKTFTNLAD,36,0.7536
GEN_1348,THCAKRILAKHSLHYHACVLLTYFNACLHAKAFAAP,36,0.7536
GEN_1349,THCAKKIAAKHCLHYLACVLATYFNASVHADAFAIP,36,0.7536
GEN_1350,TGCAKKLVAKHCLHYLAMVLLNYFNGCLHAKAFAIP,36,0.7536
GEN_1351,TVSVKKIAAKHCLHYLACVLLTYFNSCLNRKVFAIF,36,0.7535
GEN_1352,THCAKKAEAKHCLRYLALVLLTYFDLCLKTNTLLIP,36,0.7535
GEN_1353,THCYKKPLAKHCLHYSACVLLTYFNACLKTFTKLIP,36,0.7535
GEN_1354,GHCAKKIAAKHCLYYLACVLLTYFIACLKTFTKLIP,36,0.7535
GEN_1355,THCAKRILAKHCLHYLACVLLTYFNACVHAKAWAGD,36,0.7535
GEN_1356,TTCARKIAAKQCLHYLACVLLTYFIWAVKGFTLLAP,36,0.7535
GEN_1357,THCAKRILAKHCLHYLACVRLTYFNRCLHAKAFALP,36,0.7534
GEN_1358,FHCARKIAAKHSLHYLAWVLLTYFIACLKTFTLLAP,36,0.7534
GEN_1359,AHCAKKIAAKHCLHYLACVLLTYFIACLKNFMNLEP,36,0.7534
GEN_1360,THCAARPKAHANLSYLACVLLHYWNACVHAKVFAAK,36,0.7534
GEN_1361,THCAKKPLAKHVLHYLACVLLTYFNACLKTFTKLIP,36,0.7534
GEN_1362,THCAKKPLAKHCLHYLACVLLTYFNAVLHAMAFAAD,36,0.7534
GEN_1363,THCAKRILAKHCLHYLACVLLTFFNACLKEPTSLVP,36,0.7534
GEN_1364,THCAKKIAAKHCLHYLACVSLTYFIGCLKNFTDLIP,36,0.7534
GEN_1365,LHCAKKIAAKHSLHYLACVALTYFIACLKTYTTNIP,36,0.7534
GEN_1366,FHCTRGIAAKHSLHYLACVLLTYFIACLKTFTSLAA,36,0.7534
GEN_1367,THCAKKPLAKRCLHYLACVLLTYFNACLKTFTKLIP,36,0.7533
GEN_1368,AHAAHKAAAKNCLHYLASVLLTYFINCLKAKAFAIG,36,0.7533
GEN_1369,THCAKKPVAKHCLHYLACVLLTYFWTCLHATAIAAD,36,0.7533
GEN_1370,FHCAKKPLAKHCLHYLAQVLLTYFNACLKTFTKLIP,36,0.7533
GEN_1371,FHCARKPLAKHALHYLACVLLTYFNLCLKNFTKLIP,36,0.7533
GEN_1372,THCAKRAEAKHCLHYLACYLLTYLNGCVKAKTKLIP,36,0.7533
GEN_1373,THCAKKEAAHHCLHYLACVLLSYFNAFLYAKANAVP,36,0.7533
GEN_1374,TVCAKKVAAKHCLHYLACVLLNYFIWSVKTFTLLAP,36,0.7533
GEN_1375,FRCAKKPLAKHCLHYIACVLVTYFNACLKAKVFAMF,36,0.7533
GEN_1376,YHCAKKPLAKHCLHYLACVLLTYFNACLKTFTSVKW,36,0.7532
GEN_1377,THCAKKIAAKHCLHFLACVLLTYFNSCLKRFTSADY,36,0.7532
GEN_1378,NHCAAKPHAHACLHYLACVLLTYFNACLKTFTKLPK,36,0.7532
GEN_1379,CHCARKPLAKHCLHYLACVLLTYFNACLHAKAFKAD,36,0.7532
GEN_1380,THCGKKILAKHCLHYLACVLVTYFNACLKAKVFAIF,36,0.7532
GEN_1381,KHCAKKIAAKHSLHYLACVLYTYFIACLKTCTILIP,36,0.7532
GEN_1382,FHCAKKAMAKNCLHVLACVLLTYFNTCLNRKVFAIF,36,0.7532
GEN_1383,THCAKKAEAKHCLHYLALVLYTYYNACLKTFTILIP,36,0.7531
GEN_1384,THCAKKILAKHCLHYAACVLLTYWNLCLKNFTKLQP,36,0.7531
GEN_1385,DHCAKKILAKYCLHYLACVLLTYFNLCLKNFTKLIP,36,0.7531
GEN_1386,LHCAKKIAAKHSLHYLACVLLTYFIACAKTYAFAIP,36,0.7531
GEN_1387,THCAKKMAAKHCLHYIACVLVTYFNACLKAKVFAGF,36,0.7531
GEN_1388,THCAWKAAAHHSLAYLACVLLTYFINCLKIFTSLIP,36,0.7531
GEN_1389,NHCAAKPHAHACLSYLACILLTYLNGCVKAKVFVIV,36,0.7531
GEN_1390,TFCAKKPLFKHHLHYLACVLLTYFNACLKTFTKLAK,36,0.7531
GEN_1391,FHCAKKPLAKHCLHYLACTLLTYFNASLKTWTSVKP,36,0.7531
GEN_1392,THCAKKILAKHHLRYLACVLLTYFNACLHAKAFATD,36,0.7531
GEN_1393,THCAIKLVARHCLHYLACVLATYWNTSLKAKVFYLF,36,0.7531
GEN_1394,THCAKKAAAKHCLHYLACVFLFWFNALLYAKANAVP,36,0.7531
GEN_1395,TCCAKKAAAKHRHHYLACVLLTYFNSCLKRTVFAIG,36,0.7531
GEN_1396,THCAKKPLAKHCLSYLACVLLTYFNACLHAKAFAAK,36,0.7531
GEN_1397,THCAKKPLAKHCVHYLACVLLTYFNACLKTFTKLAR,36,0.7531
GEN_1398,THCAAKPHAHACLSYLACVLLTYLNGCVSAKAFAAK,36,0.7531
GEN_1399,THCAKKLVAKHCLHYLACALLTYFINCYKTFTSLIP,36,0.7531
GEN_1400,LHCAKKIAAKHSLHYFACVLVTYCIACLKTFTNHAP,36,0.7531
GEN_1401,THCAKKAAAQNCLHYLACVLLTYFGSCLQRFTQLAP,36,0.7531
GEN_1402,LHCAKHIVAKHSLHYLACVLLTYWIACLKTITSLNP,36,0.753
GEN_1403,THCAKKIAANHCLHYLVCTLLTYFQACLKTWTSALP,36,0.753
GEN_1404,CHCAKKAAAKHSLHYLACVLLTYFINCLKNFTSLIE,36,0.753
GEN_1405,THCAKKIAAKKCLHYLACVLLTYFINCLKNFTSLIP,36,0.753
GEN_1406,LHCLKKYAAKNCLHYLACALLTYFGSCLQRKVFAIF,36,0.753
GEN_1407,THCAKKILMKHCYHMLACVLLTYFNAGLKTFTKLVK,36,0.753
GEN_1408,THCAKKILAKHCLHYLACVLLTYFQLCLHAKAFAIP,36,0.753
GEN_1409,TSCVFKILAKHCLHWLACILLTYMRATLHAKTFAAD,36,0.753
GEN_1410,AHCARKAAAKTSLHYAMCVLLTYFNSCLKAKVFAIF,36,0.753
GEN_1411,THCAWKAAAHHSLAYLACMLLTYFINCLKIFTSLIP,36,0.753
GEN_1412,THCAKKPLAKTSLSYLACVLLTYFNACLHAKAFAAK,36,0.7529
GEN_1413,THCAKKPLAKHCLHFLACVLLTYFNACLKTYTSLIP,36,0.7529
GEN_1414,THDANKLVAKHCLHYLACVLLTYFNSLSKAYVFAVF,36,0.7529
GEN_1415,THCAKKKAAKHCLHYLYCVALTWFIWCVKTFTLLAP,36,0.7529
GEN_1416,THCAKKLVAKHCLHYLACVLLTYFNSCLKATVFALF,36,0.7529
GEN_1417,EHCAKKIAAKHSLKLLACVLMTYFHACLKYCTTALF,36,0.7529
GEN_1418,YHSAKKTAAHHSLHYLACVLLTYFWSCLARTVFALF,36,0.7529
GEN_1419,FHCAKKPLAKHCLHYLACVLFTYFNACLHAKAFAAD,36,0.7529
GEN_1420,DHCAKKILAKHCIHYIACVLLTYFNLCLKNFCKLIA,36,0.7529
GEN_1421,WHCAKKAAAKHCLHYVAAVLLTYMNTCLNRKVFAIF,36,0.7529
GEN_1422,SHCAKKAAAHNCLHYLACVLLTYFNTCLNRKVFAIH,36,0.7529
GEN_1423,TWCAKKAAAKHSLHYQACVLLTYFINCLHAKAFAIP,36,0.7529
GEN_1424,THCAAKPHAHACLSYLACVLLTYLNGCVKAKVFAWH,36,0.7528
GEN_1425,TRCAKKAGAAHCLHYLACVLLSYFNAFLTAAINARP,36,0.7528
GEN_1426,THCAKKAAWKNTLHYLACVLLTYFESCLNRKVFAIF,36,0.7528
GEN_1427,TRCAKKIAAKKCLHYLACVLVTYFIACLKTFTSLAP,36,0.7528
GEN_1428,THCAKKIAVKHCLHYLACVSLTYFNACLKSKAFAIP,36,0.7528
GEN_1429,TVCAKKIAAKHCLHYLACVLLTYWINCLKNFTSLIP,36,0.7528
GEN_1430,THCAKKIAAKHCLHYLACVLVTYFNLCLKSHAFAIP,36,0.7528
GEN_1431,LHCAKKIAAKHSLHYLACVLVTWCIACLKAKANAVP,36,0.7528
GEN_1432,THWAKRIAARHCIHYLACVLLTYMNSCLKLNLCALF,36,0.7528
GEN_1433,THCAAKPHAHLALSYMACILLILNNGCIKTFFKIPK,36,0.7527
GEN_1434,THCAKKILAKHHLHYLACVLLTYFNACLKTWTKLAK,36,0.7527
GEN_1435,THCAKKPLAKHCLHYLACVLLTYFNACLKTFTSLIP,36,0.7527
GEN_1436,THCAKKILAKHCYHMLACVLLWYFNACVKAKVFAIP,36,0.7527
GEN_1437,THCARKPLAKHCLHYAACVLLTFLNGCIKAKAFAAD,36,0.7527
GEN_1438,THCAKKIAAKHCLHYAACVVLTYFNACLKTFTKAAD,36,0.7527
GEN_1439,TVCAKKILAKHCQHYLACVLLTYFINCLKTFTNLIP,36,0.7527
GEN_1440,THCAKKILAKHCLHYLACVLLTYFNWLSKAYVFAIP,36,0.7527
GEN_1441,LKCDKKIAAKHPFHYLACVLLTYFNACLHAKFFAAD,36,0.7527
GEN_1442,LHCAKKIAAKHSLHYLACSLVTYCIGCLKAFTNPAP,36,0.7527
GEN_1443,THCAKKPLAKVCLHYLAFVLLTYFNACLHAKAFAAD,36,0.7527
GEN_1444,THCAKKPLAKHCLHYLACVLLTYLNGSVKTFTKLAR,36,0.7527
GEN_1445,THCGKKPLAKHCLHYLACVLLTYLNGCVKAKVFAIP,36,0.7527
GEN_1446,THCAKKILAKHELHYLACVLLTYFNLCLKNFTKLIP,36,0.7527
GEN_1447,THCAKKILAKHCLHYLACVLVTWFNACLKAKVFAIW,36,0.7527
GEN_1448,THCAKKIAAKQCLHYIACMLVTYFATCLKTFTSLAP,36,0.7527
GEN_1449,LHCAKKIAAKHSLHYLACVLVTYCIGCLKTFTNPAP,36,0.7527
GEN_1450,LHCFKKIAAKHSIHYLACVVLTYFIACLKFYTTNFP,36,0.7526
GEN_1451,IHTAKKAAAKHCLHYLAAVLLTYFNSCLNRKLFAIF,36,0.7526
GEN_1452,LHCCKKIAAKHSLHYLACVLLMYYINALKNFTKLAP,36,0.7526
GEN_1453,TMCAKKIAGKHSLHYLACVLLTYWIACLKFYTTNFP,36,0.7526
GEN_1454,VHCAKKAAARHCLHYLACVLLTYWLNCLHAKAFNAP,36,0.7526
GEN_1455,FHTAKVTAAKHSLHYLACVLLNYFNTMLKVTVFALF,36,0.7526
GEN_1456,THCAKKIAAKHCLHYLACVLLTYFNACLHAKAFAAD,36,0.7526
GEN_1457,LHYSKKIAAKHSLHYLACVLVTYFNSCLKATVRALF,36,0.7526
GEN_1458,FHCAKKIAAKRSLHYLAHVLLTYFNSCLKAMVFALF,36,0.7526
GEN_1459,THCAKKPLAHACLSYLACVLLTYLNGCVKAKVFAVP,36,0.7525
GEN_1460,THCAKKPLAKHCLSYLACVLLTYFNACLKTFTKDAR,36,0.7525
GEN_1461,THCAHKPLVKHCLRYIACVLLTYLNACVKAKVFAVP,36,0.7525
GEN_1462,THCAKKIAAKHCLHYIACVLLTYFNACLHAKAFAAD,36,0.7525
GEN_1463,THCAKKILAHHCLHYLACVLLTYFNACLGTYDKLPK,36,0.7525
GEN_1464,THMAWRILAKHCLHYLACVLLTYFNACLHAKAGAIP,36,0.7525
GEN_1465,THRAKKAAAKHCLHYLACVLLTYFNSCLKRKVFAIF,36,0.7525
GEN_1466,THCAKKAAAKNCLHYLAAVLLTYFGNCLHVKAFAIG,36,0.7525
GEN_1467,THLAIKYKAHACLSFLACLLLIYNNLCLKAKIFAAH,36,0.7524
GEN_1468,THCAKKPLAKHCLHYLACVLLTLINGCVKAKVFAHK,36,0.7524
GEN_1469,THCAKKILAKRHLHYFACVLLTYFNAALHAKAFAIP,36,0.7524
GEN_1470,THCAKKPLAKHSLHYLACVLFSYFSACLKTFTKGMF,36,0.7524
GEN_1471,THCAKKPLAKHCLHYLATVLLTYVNADLHAKAFACP,36,0.7524
GEN_1472,THCAKKLVAKHCLHYLACVILSYFNSCLKAGLFAWF,36,0.7524
GEN_1473,FLCAKKPLAKHCLHYLACVVLTYFNACLKTFTKAAD,36,0.7524
GEN_1474,LHCAKKIAAKHSLHYLACVLLTYYINCLKNFTSLIP,36,0.7524
GEN_1475,THCAKKAAAKHMLHYLACVLLTYFNSCLNRFTSLLP,36,0.7524
GEN_1476,THCAKKILAKHCLHYLACVLLTYFFACLKTVDKLPK,36,0.7523
GEN_1477,THCAKKALAKHCLHYLACVLLTYFNACRHAKLFAAD,36,0.7523
GEN_1478,THFHKKILAKHVLHYLACVSLTYLNACLKNFTKLIP,36,0.7523
GEN_1479,THCAKKIRVKQCLHYLACVLLTYFNACLHAKAFAIP,36,0.7523
GEN_1480,THCAKKIAAKTSLHYAACNLLTYFIACLKTVTSLIP,36,0.7523
GEN_1481,THSTKKIAAKHCLHYLACVLVTYFINCIKNFTSLIP,36,0.7523
GEN_1482,YHCAKKIAAKHCLHYLACTLLTYFIACLKTLTSLAP,36,0.7523
GEN_1483,THCLKKAVARNCLHYLACVLLTYFGSCLQKFTLQAP,36,0.7523
GEN_1484,TRYRKKPHTHLCLSNLACLLLYPVNSCVYAKVFAAI,36,0.7523
GEN_1485,THCAKKALAKHCLHYLACVLLTYFNKCLKTFTKMPK,36,0.7523
GEN_1486,THCAKKILAKHCLHYLACVLLTFFNACLYEPTSLVP,36,0.7523
GEN_1487,TRCAKKPLAKHCLHYLACVLVTYFNACLKAKVFAIF,36,0.7523
GEN_1488,FHWAKKIAATHSLHYLACVLLTYFNSCLKATVFALF,36,0.7523
GEN_1489,FHCAKKIAAKHSLHYLACVLLTYFNSCLQKYTDLAF,36,0.7523
GEN_1490,THCAKKILAKHTLHYLAAVLLTYFNACLKTFTSLHK,36,0.7522
GEN_1491,DHCAKKLVAKHCLHYLACVLLAYFQACLKTATSKAP,36,0.7522
GEN_1492,THCAKRPLAHACLSYLACVLLTYLNGCVKAKVFAVP,36,0.7522
GEN_1493,IHCAAKPHAHACLSYLACVLLTYLNGCVKAKIFAAH,36,0.7522
GEN_1494,THCAKRVLAKHCLAYLACVLLTYFNACLKTSTSLAD,36,0.7522
GEN_1495,LHCAKKAKAKNCLHYMAMVLLTYFNSCLKATVFALF,36,0.7522
GEN_1496,THCAKKILAKHCLHYWACVLLTYFNACLKAKVFAIF,36,0.7521
GEN_1497,FHSAKKPLAKHCIHYLACVLLTYFNACLKDFTKLIP,36,0.7521
GEN_1498,THCLKKIAAKHCLHWLACLLLTYFNAALKTYTSLIP,36,0.7521
GEN_1499,THCTKKIAAKHCLHYLACVLIMWFIAALKTFTSLAN,36,0.7521
GEN_1500,THCAARPKAHANLSYLACVLLTYLNGCAKAKVFAVP,36,0.7521
GEN_1501,THCAKKQAAHHCLHYLACITLTYFIACLKTFTSLAP,36,0.7521
GEN_1502,THCAKRAAAKNCLHYLACVLLTYGNSCLQRRVFAIF,36,0.7521
GEN_1503,THCAAKPKAHACLSNLACVLLTYLNGCVKAKVFAVP,36,0.752
GEN_1504,THYAKKAAAKHCLHYLACVLLTNFNSCLNKGVFAIF,36,0.752
GEN_1505,THCMKKAAAKHHLHYLACILLTYFNTCLNRKVFAIF,36,0.752
GEN_1506,THCAQKLLAKHCLHYLACVLLTYFNACLHAKAFAIP,36,0.752
GEN_1507,THCAKKPLAKHHLHYLACVLLTYFNACLKTFTKLAR,36,0.752
GEN_1508,THCAAKPHAHLALSYLACILLILNNGCIKTWFKLPK,36,0.752
GEN_1509,THCAKKPLAKTSLSYLACVLLTYFNACLQAKAFAAK,36,0.752
GEN_1510,THCIKKPLAKHCLHYLACVLLTYFNANLKTFTSFIP,36,0.752
GEN_1511,THCAKKPLAKKCLHYLACVLLHYLNYCVKAKVFAVQ,36,0.752
GEN_1512,SHCAKKILAKHCLMYLACVLLTYFNIPLKTFTKLAK,36,0.752
GEN_1513,LHCAKKIAAKHSLHYLACVLLTYWIACLHAKAFAIP,36,0.752
GEN_1514,THCAKKPLAKHCLRYLALVLLTYFDLKLKTNTLLIP,36,0.7519
GEN_1515,THCAKKIAAKHCLHFLACVLLTDFIACAKTYTTLIP,36,0.7519
GEN_1516,FHCAKKPLAKHRFHYIACVLVTYFNACLKAKLFALF,36,0.7519
GEN_1517,THCAKWIAAKHCLHYLACVLLTYFIACLKTKANAVP,36,0.7519
GEN_1518,THCAKKIAAKHRLHYLACVLLTYFIACLKTFTNLIP,36,0.7519
GEN_1519,TDCAKKIAVKHALHYLAFVLLTYFNACLHAKAFAIF,36,0.7519
GEN_1520,ARCAKRPQAHLCLCTLACLLLFILNETYKTFTKLPK,36,0.7519
GEN_1521,THCAAKPKAHAALSYMACILLILNNGCIKTGTKLPK,36,0.7519
GEN_1522,THCQAKPHAHLCLSYLACVLLTYLNGCVKAKVFAIP,36,0.7519
GEN_1523,THAAKKILVKHCLHWLACVLLTYFNANLKTFTKLIP,36,0.7519
GEN_1524,TKCAKKIAAKHCLHYLACYLLVYFIACLKNFTKLIP,36,0.7519
GEN_1525,TRCAAKPHAHACLQYLACVLLNYLNGCVKAKVDAIP,36,0.7518
GEN_1526,THCAKKLVAKHCLHYLACVLLTYFNWCLKTFTKNIP,36,0.7518
GEN_1527,TVCAKKIAAKHCVHLLACVLLNYFIQCLKTFTSLIP,36,0.7518
GEN_1528,TMCRKKAALKHCLHYLACVLLTYFINSLHAKAFALF,36,0.7518
GEN_1529,THCAAKPHAHACLSYLACVLLTYLNLCVKAKVFAAH,36,0.7518
GEN_1530,THCAKKPLGKVCLHYLAFVLLTYNNACLHAKAFAIP,36,0.7518
GEN_1531,THCAKKILAKHWLHYLACVLLTYFNACLKAHAFAAC,36,0.7518
GEN_1532,THCAKKIAAKHSLHYLACVLITYFNAHLKAKTFAIF,36,0.7518
GEN_1533,THCAAKPKAHAALSYMACILLILNNGCIKTFTKLPK,36,0.7517
GEN_1534,TECAKKIAAKHCLHYLACVLLTYFNACVKTYTSAIP,36,0.7517
GEN_1535,THCLKKIAAKHCLHYLASVLITYFIACLKTFTSLIP,36,0.7517
GEN_1536,THCAKKDLAHGCLHYLACVLLTYYNACLHAKAFAAD,36,0.7517
GEN_1537,THCTKKIAAKHCKHYLACVLVTYFIAALKTFNSLAP,36,0.7517
GEN_1538,THCAKKAAAKHCLHFLACVLATRFINCLKNATSLAP,36,0.7517
GEN_1539,NHCAKKWAAKHALHYLACVLLTYFIFCVKTFTILAA,36,0.7517
GEN_1540,THCAKNPLAKRCLHYLGCVTLTYFWACLKTFTKLIP,36,0.7517
GEN_1541,TKCAKKACAKHCLHYIAIVLLTYFNACLKTWTILIP,36,0.7517
GEN_1542,TVCAKKIAAKHCLHELACVLLTYFINCLKKFTSLLP,36,0.7517
GEN_1543,NLMAKKIAAKHSLHYLACVLLTYFIWCVKTFTLWAP,36,0.7516
GEN_1544,FHCAKKPLAKHCLHYLACILLTYFNSRLNRKAFAHK,36,0.7516
GEN_1545,TVCAKKFLAHACLSYLAAVLLTYLNGCVKAKVFAVP,36,0.7516
GEN_1546,THCAKKQLAKHCLHYLACVLLTYFNACLKDFTKLIP,36,0.7516
GEN_1547,LHCAKKLVAKHCLHYLACNLLTYFNACLKTFTSAIP,36,0.7516
GEN_1548,THCAAKPHAHACLSYLACVLLTYLNGCVKAFSRLKR,36,0.7516
GEN_1549,TRHAARPKAHACLSYTACILLLLNNGCIRTFPKLPK,36,0.7516
GEN_1550,ARCAKRPQAHLCLCTLACLLLFILNETYKSFTFAAD,36,0.7516
GEN_1551,THCAKKPLAKHCLHYLACVLLTYLNGSVKTFSKLAR,36,0.7516
GEN_1552,TVCARKAAAKHCLHFLACVLLTYFINQLKTGVSAIP,36,0.7516
GEN_1553,FHCAKKPLARHCLHYLACVLLTYFNACLKTFTSLAD,36,0.7516
GEN_1554,LHCAKKIAANKSLHYLACVLLTYFIACLETYTTLIP,36,0.7516
GEN_1555,DHCADRIAAKKCLHYLACHLLTYFNSCLKAKVFAIF,36,0.7516
GEN_1556,THCAKKPLAHACLSYLACVLLTLNNGCIKTFIKLPK,36,0.7515
GEN_1557,THCAKKPLKHACLSYLACVLWTYLNGCLHAKAFAVP,36,0.7515
GEN_1558,QDSAKKILAKHCLHYLACVLLTYFNACLKAHAFAYF,36,0.7515
GEN_1559,FHCAKKPLAKHCLHWLACVLVTWFNACAKAKVFAIF,36,0.7515
GEN_1560,TKCNKKVAAKHCIHYLACVLLTYFINCLKNFTSVIP,36,0.7515
GEN_1561,THCAKKPKAHACLSYLACLLLTPVNGCVKAKVFPAV,36,0.7515
GEN_1562,HHCAKKLLAKHCLHYLACVLLTNFQACLKAKVFALF,36,0.7515
GEN_1563,THCAKKEAAKHCLHYLACVLLTYFNACLHAKAFAIP,36,0.7515
GEN_1564,THCAKKAAAKHNKHWLACVLLTYFINCLKNFTSLLP,36,0.7514
GEN_1565,THCAKKILAKHCLHQLALVLLAYFNACLKTFYHLDD,36,0.7514
GEN_1566,LHCAKKIAARHSAHYLACVLLTYFIACLKTFTSLAP,36,0.7514
GEN_1567,FHCAKKPLAKHCLHYLACVLVTGFNACLKAKVFANF,36,0.7514
GEN_1568,PHCAKKAAAKNCLHYLACVLLTYTINALHVKAFKIS,36,0.7514
GEN_1569,THCAARPKAHACLSYMACILLILNNGCIKTFTKLPK,36,0.7513
GEN_1570,TRCARKPKAHACLSYLACLLLTCNNGCVKAKVFAPR,36,0.7513
GEN_1571,THCAAKPHAHACLSYLACTLLTYFNACLKTFTSVKP,36,0.7513
GEN_1572,THCAKKPLAKRCLHYLACVLLTYLNGCVKAKVFAIP,36,0.7513
GEN_1573,THCAKKILAAHCLHNLACVLLTYFNACLHAKAFAAP,36,0.7513
GEN_1574,THCVKKAAAKHYVHYLACVMLTYFINCLKCFTSLIG,36,0.7513
GEN_1575,LHCAKKIAAKHSLHYLACWLLTYFHACLKAKVFAMF,36,0.7513
GEN_1576,LHCAKKAAAKNCLHYLAMVLLTYFNSCLQRFTLNAP,36,0.7513
GEN_1577,THCAKKPLAKTSLSYLAFVLLTYFNACLHAKAFAAK,36,0.7512
GEN_1578,THCAAKPKAHAALSYMACILLILNNACLHVKAFALD,36,0.7512
GEN_1579,THCAIKLVAKHCLHYLACVLATYFNSSLKAKVFYLF,36,0.7512
GEN_1580,FECAKKPYAKHCLHYLASVLLTYFNACLKAFTSLAP,36,0.7512
GEN_1581,LHCAKKIAAKHSLHYLACVLVTYFIICLKTFHSLAP,36,0.7512
GEN_1582,THCAKKIAAKHSLHYLACVLLTYFNACLKAKVFAMF,36,0.7512
GEN_1583,GHCAKKAAAKHPIHFLACVLLTYFWNCLPAKAFAIL,36,0.7512
GEN_1584,THCAAKPHAHACLNYLACVLLTYLNGCVKAKVFAAH,36,0.7512
GEN_1585,THCAKKPLAKTTLNYLACVLLTYFNACLKTFTKLHP,36,0.7512
GEN_1586,TYCAKKAAAKHCLHYLACVLLSYFSAFLYAKANAVP,36,0.7512
GEN_1587,TVCAKKIAAKHCLRYLACVLLTYFIWCVKTWSLLCP,36,0.7512
GEN_1588,THCAKKAAAKNCLHYLACVLLHYFNKCLNRKLWAIF,36,0.7512
GEN_1589,THLAMKPKAHACLSFLACLLLTYLNGCVKAKVFAVP,36,0.7511
GEN_1590,NHCAAKPHAHACLSYLACVLLTYLNGCVKAKAFAAK,36,0.7511
GEN_1591,TRAAKHRLAKHSLHYLACVLLTFWNACLKAKVFVIF,36,0.7511
GEN_1592,THCAKKIMVKHCLHYAACVLLTYFNLALKNFTKLIP,36,0.7511
GEN_1593,THCAKKAAKKHCLHYLACVLLTYFINCLKAKAFAIP,36,0.7511
GEN_1594,THCAKKPDAHACLSYLACLLLTCLNGCLKGKIFAAH,36,0.7511
GEN_1595,TRYHKKPKYHACLSNLACLLLTPVNGCLKAAVFAAV,36,0.7511
GEN_1596,RHCAKKPLAKHCLHYLACVLLTYFNLCLKDFTKLIP,36,0.7511
GEN_1597,TKCAKKILAKHCLHYLACVLLTYFNACLKAKVFAIF,36,0.7511
GEN_1598,THCAKKILAWHCLHYLACVLLDWFRACLHAHALAGD,36,0.7511
GEN_1599,THCAKKPLAKHCLHYLACVRLTYFNANLKTFTFAVP,36,0.7511
GEN_1600,PHCAKKPLAKHCLHYLACVILTYLNACLKYFDKLIP,36,0.7511
GEN_1601,THCVKKAAAKHYVHYLACVMLTYFINCLKCFTNLIP,36,0.7511
GEN_1602,THCAKKIAADHCLRYLACVLLTYFNACLKTFTSLAL,36,0.7511
GEN_1603,THLAMKPKAHACLSFLACLLLIYNNGCLKAKVFAAH,36,0.7511
GEN_1604,TRCAKKPLKHACLSYLACVLLTYLNGCVKAKVFAVP,36,0.7511
GEN_1605,HHCAKKPLAKHCLHWLACVLLTYFNACLKTFTKLAR,36,0.751
GEN_1606,THAAKKPLKHACLSYVACVLLTYLNGCVKAKVFAHP,36,0.751
GEN_1607,THCAKKPLAKHCLMYLACVLLTYFNACLKVKAFALD,36,0.751
GEN_1608,THCAKKIAAKQCLHYLACVLLTYFNACLHAKAFAAD,36,0.751
GEN_1609,LHCAKKIAAKHSLHYLAKVLLTYFLACLKTFTSLAP,36,0.751
GEN_1610,LHCMKKPLAKHCLSYLACVLVTYFNACLKAKVYAIF,36,0.751
GEN_1611,THCAKKPLAKRCLHYLACVLLTYLNGCVKAKVFAVP,36,0.751
GEN_1612,THCAKKILAEHCLHYLACVLLTFFNACAKEPTSLVC,36,0.751
GEN_1613,LHCAKKLVAKHCLCYLACVLLTYFNACLKTFTSAAP,36,0.751
GEN_1614,THCAAKPHAHLALSYMACILLILNNGCIKTFFPLPK,36,0.7509
GEN_1615,THCAAKPHAHACLSYLACVLLTYLNGCVQVKAFALD,36,0.7509
GEN_1616,TNCAKKILAKHSLHYLACVLLTYFNACAKTFTSLIP,36,0.7509
GEN_1617,THCAKKPAAKNCLHYLACVLLTYEGSCLERFTLLAP,36,0.7509
GEN_1618,THCAKKFLAKHCLSYLACVLLMYFNACLKTFTKLAR,36,0.7509
GEN_1619,THCAAKPHAHLALSYMACILLILNNGCIKTFFVIPK,36,0.7509
GEN_1620,SHCAKKPLKHASLSYLACVLLTYFNACLHAKAFAVP,36,0.7509
GEN_1621,THCAKRILAKHCLHYLACVLLTYFNACLHQKAFAAD,36,0.7509
GEN_1622,FHCAKKPLAKHCLHYVACVLVTYFNACLKAKMFAIF,36,0.7509
GEN_1623,LHSAKKIAAKHELHYLACVLVTYFNSCLKAKVFAIF,36,0.7509
GEN_1624,THCAQKAAAKDCKHYLACVVLTYFNTCLNRKVFALF,36,0.7509
GEN_1625,TRYRKKPHNHLCLSNLACLLLTYFNACLHLKAFAPR,36,0.7508
GEN_1626,THCAKKILAKHCLHYLACVLLTYWNACLKIFTKLHP,36,0.7508
GEN_1627,THCAKKPVAFHCLHYLACVLLTYLNGCVKAKVFAVP,36,0.7508
GEN_1628,THCAKNIAAKHCAHYPACVLLTYFIWCLQRFTLLAP,36,0.7508
GEN_1629,THCAAKPHAHLALSYMACILLILNNGCIKTFFGLPK,36,0.7508
GEN_1630,THCAKKPLAKNCLHYLAVVLLTYLNGCVKAKVFAAP,36,0.7508
GEN_1631,THPAKRTLAKHCLHYLACVLLAYFNACLHAKAFFVP,36,0.7508
GEN_1632,THCAKKILAKHCLHYLACELLTYFRACLHAKAFAAD,36,0.7508
GEN_1633,LHEAKKAAAKECLHYLACVLLTYFGFCLQRFTLLAP,36,0.7508
GEN_1634,TRCAARPKAHACLSYMACILLILNNGCIKTFTKLPK,36,0.7507
GEN_1635,FHCAKKGLAKHCLHYLACVLLTFLNGCVKAKVFAVK,36,0.7507
GEN_1636,THCAKKAAAKHCLHYLACVWLTYFNSCLNRRLFAIF,36,0.7507
GEN_1637,THCAKRAAAKHCLHYLACVLLTYFINCLKNFTSLIP,36,0.7507
GEN_1638,SVCAKKIAAKRCIHYLACVLLTYFNACLHAKAFAAD,36,0.7507
GEN_1639,THCAKKLVAKHALHYLAAVLLTYFNACLKTFTSLIP,36,0.7507
GEN_1640,THRAQKLVAKHCLHYLACVLLTYFNSCLKAKTTLIP,36,0.7507
GEN_1641,THCLKKAAAKDCLHYLACVLLTYFGSCLQKFTLLAF,36,0.7507
GEN_1642,LHCAKKIAAKHSMHYLACALLTYFGSCLQRKVFAIF,36,0.7507
GEN_1643,THCLKKAAAKNCLHYLACLLLTYFGSCLQKFTLLAP,36,0.7507
GEN_1644,THCAKKPKAHACLSYLACLLLIINNPCVKAFTRLPR,36,0.7506
GEN_1645,THCAAKPHAHLALSYMACILLTYFNACLHAKAFAAK,36,0.7506
GEN_1646,THCAARPKAHACLTYMACILLILNNGCIKTFTKLPK,36,0.7506
GEN_1647,THCAAKPKAHAALSYMACILLILNNGCVKAKVFAVP,36,0.7506
GEN_1648,THCAAKPKAHAALSFMACILLIWNNGCIKTATFAPR,36,0.7506
GEN_1649,THCAKRPLAKTSLSYLAFVLLDYFNACLHAKAFAVP,36,0.7506
GEN_1650,THCAKKILAAHCLHNLACVLLTYFNVCLKAKVFALF,36,0.7506
GEN_1651,THCAKKAAAKNCLHYLACVWLTYFDSCLQRKVTNFP,36,0.7506
GEN_1652,GHCAKKWVAKYCLHYLACVLLTYFNWCLKAKVFAIP,36,0.7506
GEN_1653,LHCAKKIAAKHSLHYLACVLLTYFIACLKTYITCDP,36,0.7506
GEN_1654,THCAAKPHAHACLSYLACVLLTYLNGCVKTWFKLPK,36,0.7506
GEN_1655,THCAKKILAKHHLHYLACVLLTFLNGMVKAKVFAVK,36,0.7506
GEN_1656,THCAKKIRVKQCLHYLACVLLTYFNACLKTFTSGAP,36,0.7506
GEN_1657,LHCAKKYAAKHSLHYLACVLLRYFNACLKTFTSAAP,36,0.7506
GEN_1658,TRCAKKPKAHACLSYLACLLLTCNNGCVKAKVFAPR,36,0.7506
GEN_1659,THCAMKIYAKHCLHYLACVLLTWFNASLKAKVFALI,36,0.7506
GEN_1660,TCCAKKLVARHWLHYLACYLLTYFNSCLKAKVFLID,36,0.7506
GEN_1661,FHCAKKPLAKHCLHYLACVLVTYFNACLKWFTSAAY,36,0.7506
GEN_1662,LHCAKKIAAIHSLHYLACVLLTYFNACLHAKAFAIP,36,0.7506
GEN_1663,THCAAKPLAHACLSYLACVLLTWLNGCVKAKVFAVP,36,0.7505
GEN_1664,THCAKKPLAKHCLHYLACVLLTYFNACLKTFDKLPK,36,0.7505
GEN_1665,LHCAKRILAEHCLHYIACVLLTYFNACLHLKRFAAD,36,0.7505
GEN_1666,IHCAKKINAKHCQHYLACVPLTYFNACLNAKAWAIP,36,0.7505
GEN_1667,THTAKKIAAKHCLHYLACDLLTYFIWCVKTFTLLAA,36,0.7505
GEN_1668,THCAKKAAAKHCLHYLACVLLTYVIACLKTFTSLAP,36,0.7505
GEN_1669,NHCAAKPHAHLALSYMACILLILNNGCIKTFFPLPK,36,0.7505
GEN_1670,TRCAKKPLAKHCLHYLACVLLTYFDACLHAKAFAAD,36,0.7505
GEN_1671,THMAKKIPAKHCLHYLACVLYTYFNLCLKNFTKLAP,36,0.7505
GEN_1672,TVCPKKIAAKACLHYLACTLLTYFINCLKNFTSAAP,36,0.7505
GEN_1673,TICAKKVGAKHCLHYLAAVLLTYFIWCVKTYTLAAP,36,0.7505
GEN_1674,THCAKKPLAKHCLSYLACVLLTYFNACLKAKVFAVP,36,0.7504
GEN_1675,ARCAKRPQAHLCLCTLACLLLFILNDTYKSFTFGAD,36,0.7504
GEN_1676,THCAKKPLAKHCLSYLACVLLTYFNACLKTFWKAVP,36,0.7504
GEN_1677,TKCAKKPLAKHCIHYLACVILTYFNACLKTFTKLIP,36,0.7504
GEN_1678,THCAKDILKKHFLHYLACVLLTYFRACLRAKAFAAD,36,0.7504
GEN_1679,FICAKKPLAKHCLHYRACVLLTYFINCLKNADSLIP,36,0.7504
GEN_1680,LHCARKAAAKTSLHYAMCNLLTYFIACLKTVTSLIP,36,0.7504
GEN_1681,FHCAKKIAAKHSLHYLACVLLTYFNSCLQHFTLLAF,36,0.7504
GEN_1682,THCAKKPKAHACLSYLACLLLTCLNGCVKAKVFAAP,36,0.7504
GEN_1683,THCAAKPKAHACLSYMACILLILNNGCIKTFTKLPK,36,0.7504
GEN_1684,THAAKKPLAHACLSYLACVLLTYFNACVKAKVFAVP,36,0.7504
GEN_1685,THCAHKPLAKHCLHYLACVLLTYLNGCVKAKVFAVP,36,0.7504
GEN_1686,THCAKKILAKHHLHYLACVLLTYFNARLHAKAFAIP,36,0.7504
GEN_1687,THCAKKIAVKHCLHYLACVLLTYFNLSLHAKARASP,36,0.7504
GEN_1688,ARCAAKPHAHLALSYMACILLILNNGCIKTFFDLPK,36,0.7503
GEN_1689,SHCAKRILAKHCLHYLACVLLTLFNACAKTSMSHAD,36,0.7503
GEN_1690,THCAKKPLAKHYLHYLGCVLLTYFNACLKTFTKLPK,36,0.7503
GEN_1691,THCAKKPLAKHCLHYLACVLLTYFNANLKTFTSFID,36,0.7503
GEN_1692,TVCAKKIKAKHCLHYLACVLLVYFIACLKNFTKLIP,36,0.7503
GEN_1693,THCAKKAAAKHCLRYLACVLLTYFNTAAKRHVFAIF,36,0.7503
GEN_1694,THCADRIAAKHSLHYLACVLVTYFIACLKSFKPAIF,36,0.7503
GEN_1695,THCVKKAAAKHYVHYLACVLLTYFIACLKTFSSLGA,36,0.7503
GEN_1696,THCAKKPLAHHCLSYLACVLLTYFQACLHAKAFAAD,36,0.7503
GEN_1697,THCAKKILAKHCLHYLACVLLTNFRACLHAKAFAAD,36,0.7503
GEN_1698,THCAKKPLAKHCLHYLACVLLTYFNLCLHAKAFAIP,36,0.7503
GEN_1699,THRAKKLVANHCLHLLACVLVTYFNSCLKAKVFAIF,36,0.7503
GEN_1700,THQAKKIAAKHCLHYLACVLLTYFNACLHAKAFAIP,36,0.7503
GEN_1701,FHCAWKPLAKHCLHVIACQLVTYFNACLKAKVFALF,36,0.7503
GEN_1702,TVYAKKIAAKHCLHYLACVLVTWCIACLKAKANAVP,36,0.7503
GEN_1703,LHCARKIAAPHDLHYLACVLLTYFIACLKNYTTNFG,36,0.7503
GEN_1704,TVCAAKPHAHLALSYMACILLTYFNACLHAKAFAAK,36,0.7502
GEN_1705,FRCAKKPKAHACLCTLACLLLIILNENWKTCAFIAK,36,0.7502
GEN_1706,TMAAKKPLAHACLSYLACVLLTYFNACVKAKVFAVP,36,0.7502
GEN_1707,THCAKRILGKHCLHYLACVLLTYFNACLHAKAFAEA,36,0.7502
GEN_1708,THCAKKIAAKHCLHYLACVALTYFIACLKYFTRLIP,36,0.7502
GEN_1709,FHCAKKIALKHDLHMLACVLLTYFNSCLKATVFALS,36,0.7502
GEN_1710,THCAKRAAAKNCLHYLACVGLTYFDTCLYRKVFAIP,36,0.7502
GEN_1711,THCAARPKAHACLSYMACILLILNNGCIKAKVFAVP,36,0.7502
GEN_1712,TACAKNPLAKRSLHYYACVLLTYFNMCLKTYTKLIP,36,0.7502
GEN_1713,SKCAKKILAKHCLHYLACVLLTYFRACLHAKAGAAD,36,0.7502
GEN_1714,TRCAKKINAAFSLHYLACVLVNYCIACLKTFTNLAP,36,0.7502
GEN_1715,THCWKKAAAKHCLHSLACVLLTYFINCLKNFTSLAP,36,0.7502
GEN_1716,THCAKKTAAKNELHYLACVLLTYFGSCGQRFTLVAP,36,0.7502
GEN_1717,THCAKKPLAKHCLHYLACVLLTYFNACLHAKGFAAD,36,0.7501
GEN_1718,THAAKKILGKHCLHYLACVLLTYFNACLKTFTSLIP,36,0.7501
GEN_1719,THCAKKNLVKECLHYLACVLLTYFNACLKSFTKLAH,36,0.7501
GEN_1720,THCAKKPLAKHCLHYLACVELTYFNACLKTFTKLIP,36,0.7501
GEN_1721,TRCAKKIAAKHCLHYLACVLLNYFNACLKTFTFAAP,36,0.7501
GEN_1722,LHCAKKIHAKHSAHYLACVWLTYWHACLKTCTTALF,36,0.7501
GEN_1723,THCAAKPKAHAALSYMACILLILNNGCIKAKVFAVP,36,0.7501
GEN_1724,FHCAKKPLAKHCLHYLACVLLTYFNACLRAKAFAAD,36,0.7501
GEN_1725,FHCARRPLAKHALHYIACVLLYYFNLCFLNFTKLIP,36,0.7501
GEN_1726,LHCAKRIAAKKCLHYLACVLLTYFINCLKAKVFALI,36,0.7501
GEN_1727,THCAKKLVAKHYLHYLAAVLLTYFNACLKAKAFAIP,36,0.7501
GEN_1728,THGAKKAAAKNQLHYHACVLLTYFGSCLEKFTLLAP,36,0.7501
GEN_1729,THCAKKAAAKHSLHYLACMWLTYLRACLKTVWTALF,36,0.7501
GEN_1730,FHCARKPLAKHCLHYLACVLLTDFNLCLKNFTKLIP,36,0.75
GEN_1731,FHNAKKPLAKHCLHYLACVLLTYFNLPLKTFTKLIP,36,0.75
GEN_1732,TVCAKKIAAKHCLRYLACVLLTYFIWCVKTWSLLYP,36,0.75
GEN_1733,THCAKKAAAKHCLHYLACVLLTLNWSCLKNFTDLIP,36,0.75
GEN_1734,LHCAKKIAAKSSLHYLACVLLTYFHACLKTMTTALG,36,0.75
GEN_1735,THCAKKPLAKHCLHYLACALLTFLNGCIKAKVFAHK,36,0.75
GEN_1736,THCAKKIAAKHCLHYIACVLLTYFINCPKTFTSLIP,36,0.75
GEN_1737,THCAKKAAAKHCLKYLACVLLLYFINCLQRFTDLAP,36,0.75
GEN_1738,FHCAKATAAKHSLHYLACVLLTIFITCLNRKVFAIF,36,0.75
GEN_1739,TRYAKRPKAYACLSYLACLYLTPVNPCVYAKVFAAI,36,0.75
GEN_1740,TRHAARPKAHACLSYTACILILVNNGCIKTFPKLVP,36,0.75
GEN_1741,THCAKKPLAKHCLHYLACVLVTYFNASLKTFTSDKP,36,0.75
GEN_1742,THSAKKILAKHCLHYAACVLLTYINSCLKNFTKLQP,36,0.75
GEN_1743,THCAKKIAAKHCLHYLACVLVTYFNACLKAKVFAPF,36,0.75
GEN_1744,TRCAAKPKAHACLCTLACLLLIILNETYKTFTFLPK,36,0.7499
GEN_1745,TRYHKKPHYHACLSTPACLLLTIANGCVKAKVFAAP,36,0.7499
GEN_1746,THLAMKPKAHACLSYLACVLLTYLNGCVKAKVFAVP,36,0.7499
GEN_1747,THCAKKPLGKVCLRYLAFVLLTYFNACLHAKAFAIP,36,0.7499
GEN_1748,THCAKKILAKHCLHYLACVLLTYFNACIKTQDKLPK,36,0.7499
GEN_1749,TRCAKKILAKHCLHYLACGLLTYFSMCLKNFTKLTD,36,0.7499
GEN_1750,THCAKKPLAKHCLHYLACVLNTYFQACLKTFTSVKP,36,0.7499
GEN_1751,QDSAKKIRAKHCLHYLACVLLTYFNACLKAHAFAIF,36,0.7499
GEN_1752,TKCAKKIAAKHCIHYLACVLLTYFINSLKTFTSLIP,36,0.7499
GEN_1753,GHCLQKLVAKHCLHYLACVLLTYFNNCLKAKVFWAP,36,0.7499
GEN_1754,THCAAKPKAHACLSYMACILLIINNGCGKTFTKLPK,36,0.7499
GEN_1755,THCAKKPDAHACLSHLACLLLTCLNGCLKGKIFAAH,36,0.7499
GEN_1756,THCAKKPLAKHCLHWLACVLLTYFNKCLKTFTKLPK,36,0.7499
GEN_1757,SHCAKKILKKHCLHYLACVLLAYFNAAAKTSTKWIP,36,0.7499
GEN_1758,NHCAKKWAAKHALHYLACVLLTYFIFAVKTFTILAA,36,0.7499
GEN_1759,FHCAKKTAAKHSLHYLACVLLTYFNTCLNRKVFAID,36,0.7499
GEN_1760,THCAAKPHAHLALYYMACILLIKNNGCIKTFFKLPK,36,0.7498
GEN_1761,TRCAKKPKAHACLSYLACLLLTCNNGCVKAKIFAPR,36,0.7498
GEN_1762,THCAKKIAAKHSLHYLACVLLTYFNKCLKAKVFAIF,36,0.7498
GEN_1763,THCAKKAAAKHCLHYLACVLLTYFNACLKAKVFAIE,36,0.7498
GEN_1764,FHCAKKIADKHSLHYLACVLLTYFNSFLKATVFALF,36,0.7498
GEN_1765,THCAKKAWAKHCLHYLACVLLTYFNSCLKRSVFAIG,36,0.7498
GEN_1766,THLAIKYKAHACLSFLACLILIYNNLCLKAKIFAAH,36,0.7498
GEN_1767,FHCAKKPLAKHCLHYLACTLLTFLNGCIKAKVFGVE,36,0.7498
GEN_1768,THSAKKIAAKHCLHYLVNVLLTYFLACLKAKVFAIF,36,0.7498
GEN_1769,THCAKKAAAKHSLHYLACVLLTYFIACLKTYTTLIP,36,0.7498
GEN_1770,FHCAKKPLAKHCLHYLACVLLTYFNWCLKTFTKNIP,36,0.7497
GEN_1771,FHCAKKPLAKHCLHYLACNLVTYFNACLKTFTSAAP,36,0.7497
GEN_1772,TVCVKKVAAKHSFHYLACVILTYFIACLKNYTTLQP,36,0.7497
GEN_1773,THCAKKPKAHASLSYLACLLLTPVNGCVKAKVFPAV,36,0.7497
GEN_1774,TRYRKKPHTHLCLSNLACLLLYPVNSCVRAKVFAAP,36,0.7497
GEN_1775,THCAKRILAKHCLHYLACVLLTYYNACLKGFTNLAD,36,0.7497
GEN_1776,THCAKKIAAKHCLHYLACVLLTNFINCLKTFTSLIP,36,0.7497
GEN_1777,LHCMKKLAAKHSLHYLACVLLTVFIAALKRCNTLIP,36,0.7497
GEN_1778,THCARKAAAKNCLHYLACVVLTYFNTCLNRKVFTIF,36,0.7497
GEN_1779,THCAAKPKAHAALSYLACLLLTCNNGCVKAKIFAPR,36,0.7496
GEN_1780,THCAKKAAAKNCLHYLAMVLLCYFNSCLQRKVVAIF,36,0.7496
GEN_1781,TRCAKKPKAHACLCTLACLLLIILNETYKTFTFLPK,36,0.7496
GEN_1782,TRCAKKPKAHACLCTLACLLLIILNETYKTCAFAAK,36,0.7496
GEN_1783,THCAKKILAKHCLHELACVLLTYFFACLKTFTKLPK,36,0.7496
GEN_1784,TRCAHKAARKHSLHFLACVLLTYFNSCLKRFTSADY,36,0.7496
GEN_1785,LHCNKKIAAHHSLHYLACVLLTYFIACLKTFTSLAP,36,0.7496
GEN_1786,THCAKKPKAHASLSYLACLLYTPVNGCVWAKVFPAV,36,0.7495
GEN_1787,THCAKKPLAKKCQHYLACVLLTYKNACIKTFTKLPK,36,0.7495
GEN_1788,THCAKNPLAKRCLHYLACVLLAYFNACLHAKAFDVP,36,0.7495
GEN_1789,THCAKKILAKHCLHYLACVLLTYFSRADKAKVFNIF,36,0.7495
GEN_1790,GLCAKKIAAKHCLHYLACVLLTYFIACLKTFTSLIP,36,0.7495
GEN_1791,LHCARKAAAKTSLHYAMCVLLTYFNANLHAKAFAIP,36,0.7495
GEN_1792,LRYHRKTKYHACLSNLACVLLTPVNGCVKAAVFAAV,36,0.7495
GEN_1793,FHCAKKPLAKHCLHYLACVLLTYFGLCWKNFTKLAD,36,0.7495
GEN_1794,TRCAKKPLAKHCLHYSGCVLLTYFNACLKTFTKLID,36,0.7495
GEN_1795,GTCAKKILAHHCLHYLACVILSYFNSCLKAGLFAWF,36,0.7495
GEN_1796,THCAKKAAGKNSLHMLACVLLTYFINCLKNFVSLAP,36,0.7495
GEN_1797,LRCAKKPQAHACLCTLACLLLFILNETYKTFTKLPK,36,0.7495
GEN_1798,THCAKKILAKHCLHYLACVLVTYFNACEQAKVFAIF,36,0.7495
GEN_1799,FHSAKRPLAKHCLHFLACVNLTFLGGCVKAKVFAVK,36,0.7495
GEN_1800,VHCAKKIAAYHCLHYLACVVLTYFIACLKQFSKLIP,36,0.7495
GEN_1801,TICAKKIAAKTCLHYLACVEVTYFIACLKTFTWLAP,36,0.7495
GEN_1802,THCAKKPLAKHCLHYLACVLLTRFNACSKNFNKLIP,36,0.7495
GEN_1803,TVVAKKIAAKHCLHYLACILLTYFNSKLNRKAFAIP,36,0.7495
GEN_1804,THCAKKAAAKHYAHYLACVLLTYFINCLKNFTSLIP,36,0.7495
GEN_1805,THCAAKPKAHAALSYMACILLIINNGCGKTFTKLPK,36,0.7494
GEN_1806,TRYHKKPHYHACLSTPACLLLTILNGCVKAKVFGLP,36,0.7494
GEN_1807,THCAARPKAHANLSYLACVLLHYWNACVHAKVFAAR,36,0.7494
GEN_1808,FHCAKKPLAKHSLHYLACVLLTYFNACLKYFDKAPK,36,0.7494
GEN_1809,THCAKKPLAKHCLHYLACYLLTYLNGCVKAKTKLIP,36,0.7494
GEN_1810,LHCAKKRAAKHSLHYLACVLLTYFIWCVKTFTLLAP,36,0.7494
GEN_1811,THCAKKIAPKHCLHYLACVLVTWFIAALKKFTSLAP,36,0.7494
GEN_1812,THCAKKPKAHACLSYLACLLLTCLNGCVKAKVFAPR,36,0.7494
GEN_1813,VHCAKKILAKHHLHYLACVLLTYFNANLKTFTSLIP,36,0.7494
GEN_1814,NACANKPHAHLALSYMACILLTYFNACLHAKAFGAK,36,0.7493
GEN_1815,THCAKKPVIKHCLHYLACVLLSYLNGCVKAKVFASK,36,0.7493
GEN_1816,THCAKKPLAKHCLHYLAAVLLTFFNADLKTFTKLIP,36,0.7493
GEN_1817,GHCAKKIAAKHSLHYLACLLLTYFNACLRTFTKTIP,36,0.7493
GEN_1818,THFAKKILAKHVLHYLACVSLTYLNACLKNYTSLIP,36,0.7493
GEN_1819,TVCAKKILAKHCLHYLACVLVTYFNACLKAKVFAIF,36,0.7493
GEN_1820,LHWAKKIATKHSLHYLACVLLTYFINCLKTFTSLAP,36,0.7493
GEN_1821,LHCAKKIAARHSLHYLACVALTYFIACDKTFTSLAP,36,0.7493
GEN_1822,TRYHKKPHYHACLSTPACLLLTILNGCVKAKVFAVP,36,0.7493
GEN_1823,THLAMKPKAHACLSYLACVLLTYLNGCVRAKVFAAP,36,0.7493
GEN_1824,THCAAKPHAHACLSYLACVLLTWLNGCVKAKVFAAH,36,0.7493
GEN_1825,NHCAAKPKAHACLSYLACVLLTYLNGCVKTFTSLAD,36,0.7493
GEN_1826,THCAKKPLMKHSLHFLACVLLTYFNAGLKTFTKLVK,36,0.7493
GEN_1827,THCAKKPLAKHCLHYLACALLTYWNACLKIFTKLHP,36,0.7493
GEN_1828,AHCAKKPLARHCLHYLACVLLTYFNACLHAKAFAAD,36,0.7493
GEN_1829,FHCLKKPLAKHCLHYIACVLVTYFNACLKAKVFAIF,36,0.7493
GEN_1830,TRYHKKPKYHACLSNLACLLLTPVNGCVKAIVFAAV,36,0.7492
GEN_1831,THCAKKPKAHAVLSYLACLLLYPVNSCVRAKVFAAP,36,0.7492
GEN_1832,THCAKKPLAKHCLSYLACVLLTYFNACLKTFTKLAR,36,0.7492
GEN_1833,FHCARKPLAKHCLHNLACCLLGYFNACLRAKAFAAD,36,0.7492
GEN_1834,EHCAMKIAAKHSLHYLACLLLTYWNACLRVYTKLIP,36,0.7492
GEN_1835,THCAKKIAAKHCWHYLACVLLTYFNACLHLKRFAAD,36,0.7492
GEN_1836,THCLKKIAAKHCLHYLACVLVTYFIACVKTFLSLAD,36,0.7492
GEN_1837,SRCAKKLVAKHCLHYLACVLLTYFNWCLKAKVFAIP,36,0.7492
GEN_1838,THCAAKFKMHACLSYMACILLILNNGCIKTFTKLAK,36,0.7492
GEN_1839,THCAAKPKAHAALSYMACILLILNNACIATGTKLPK,36,0.7492
GEN_1840,THCAAKPHAHLALSYMACILLILDNGCIKTFFALPK,36,0.7492
GEN_1841,THCASKIAAKACLHYLACVLVTYFIACLKEWLSVAD,36,0.7492
GEN_1842,TRKAARPKAHACLSYTACILLLLNNGCIKTFPKLPK,36,0.7491
GEN_1843,THCAKKPVAKHCLHYLACVLLTYFNACLHATAEAAD,36,0.7491
GEN_1844,TVCADKIAAKHCAHYLACVLLTYFINCLKHFTSLIP,36,0.7491
GEN_1845,FDCAKKPLAKHCLRYLACVLLTYFNYCLKTTTSLIP,36,0.7491
GEN_1846,THCAKKIAAKHSLHYLACVLITYFNAHLKAKSFAIF,36,0.7491
GEN_1847,GHCAKKWVAKYCLHYLACVLLTYFNWCLKAKVSLAP,36,0.7491
GEN_1848,THCAKKAAAKNCLHYLACVLLTYFNSCTQRKVFAIF,36,0.7491
GEN_1849,THCAKKPKAHACLTYLACLLLTPVNGCVKAKVFPAV,36,0.7491
GEN_1850,THCGKKPLAKHCLHYLACVLLTYLTGCVKAKVFAIP,36,0.7491
GEN_1851,THCAKKPLAKHCLHYLACVLLEYLNGCVKAKVFAVP,36,0.7491
GEN_1852,LHCAKKIAAKHSLHYLAKVLLTYFLACLKTFTSTAA,36,0.7491
GEN_1853,THCAKKIAAKHCLHYLACVLVTKFIACLKTYTTLIP,36,0.7491
GEN_1854,LHMAKGMAAKHSLHYLACVLATYFHACLKTTVFALF,36,0.7491
GEN_1855,IHCAAKPHAHACLSYLACVLLTYLNGCVKAKVHAIP,36,0.749
GEN_1856,THEAKKPKAKHCLHYLACALLFYFNACLKIFTKLHP,36,0.749
GEN_1857,THCAKRILAKHSLHYLASVLLTYFIACLKTYTSLIP,36,0.749
GEN_1858,THCAKKPLAKHCLRYLAIVILTYFDLKLKTNTLLIP,36,0.749
GEN_1859,LHCAKKYAAKHSLHYLACVLLRYSAACLKTYTSLIP,36,0.749
GEN_1860,TVSAKKIAAKHCLNYLACVLLTYFIACLKTQLSLAP,36,0.749
GEN_1861,FHCAKKAAAKNCLHYLACDLLTYFDTCLNRKVFAIF,36,0.749
GEN_1862,THCAAKNHAHACLSYLACVLLTYANGCVKLKNFAAK,36,0.7489
GEN_1863,THCAKKAQAKHKLHYLALVLLTYFNACLKTFTSSPK,36,0.7489
GEN_1864,FHCAKKPLAWHCLHYAACVLLTWFRACLHAKAFAGD,36,0.7489
GEN_1865,GHCAKKKAAKHCLHYLACVVLTYFITCLKTFTSLIA,36,0.7489
GEN_1866,THCARKAAAKNCLHYLACVVLTYFNTCLNRKVFAIE,36,0.7489
GEN_1867,THCAKKIAAKHCLHVLACVLLTYFRICLKTFTKLIP,36,0.7489
GEN_1868,THCAKKILAKRCLHYLACVLLTYFNACLIAKAFKAN,36,0.7489
GEN_1869,THCAKKAMAKNCLHVLACVLLTYFNTCLNRKVFAIF,36,0.7489
GEN_1870,THCAARPKAHANLSYMACILLILNNGCIKTFTKLPK,36,0.7489
GEN_1871,TRYHKKPKAHACLSNLACLLLTPVNGCVKAKVFAAP,36,0.7489
GEN_1872,THCAAKPKAHAALSYMVCILLILNNGCIKTFTKLPH,36,0.7489
GEN_1873,THCAKKPLAKHELHYLACVALTYLNGCVKAKVFAVH,36,0.7489
GEN_1874,TLCAKKAEAKHCLHYIALVLLTYFNACLKTHTELIP,36,0.7489
GEN_1875,GHCAKKIAAKHCLHYLACVLLTWFIACLRTWTSLIP,36,0.7489
GEN_1876,LHCAKKIAIKHSAHYLACVLLTYFIACLNRKVFAIF,36,0.7489
GEN_1877,LHCAKKIAAKHSLHYLACVLATYFIACLKEFTSGYP,36,0.7489
GEN_1878,THCAAKPKAHAALSYMVCILLILNNGCIKTFTKLPK,36,0.7488
GEN_1879,TRYHKKAHNHGCLSTLACLLLICNNGCLKGKIFAAH,36,0.7488
GEN_1880,THAAKKILGKHCLHYLACVLLTYFNACLKTKVFAWH,36,0.7488
GEN_1881,THCAKKPKAHACLSYLACVLLTYLNGCVKAKVFAHP,36,0.7488
GEN_1882,THCAKKPLAKACIHYLACVLLTYFNACLHHKAFTKD,36,0.7488
GEN_1883,THLAKKAAAKHRLHQLACVLLTYFINCLHAKALAMY,36,0.7488
GEN_1884,THCALKALAKHSIHYLACVLLTYLNGAVKAKVFAVP,36,0.7488
GEN_1885,THRAKKPLAKHCIHYLACVLLTYLNGCVKAKVFAVP,36,0.7488
GEN_1886,TDCAKKIAAKHSLHYMACVLLSYFIACLKTFTSLLP,36,0.7488
GEN_1887,FHCAKKTAAKHSLHYLACVLLTYFQSCLQRFTLLAP,36,0.7488
GEN_1888,THCAKKPKAHACLSYIACLLLICNNGCLKGKIFAAH,36,0.7487
GEN_1889,TRYRKKPHNHACLSNLACLLLTPVNGCVKAKVFAAP,36,0.7487
GEN_1890,THCAKKPLAHACLSYLACVLLTYLNGCLKGKIFAAH,36,0.7487
GEN_1891,TACAKKILAHHCLHYLACVLLTYYNACLGTYDYLPK,36,0.7487
GEN_1892,THCAKKILAKHHLHYLACVLLTYFNACLFAKAFAIP,36,0.7487
GEN_1893,THCAKKAAAKHSLHWLACVLLTYFAACLKTFTSLAP,36,0.7487
GEN_1894,THCAKKAAAKNLLKYLACVLLTYFNSCLNRKVFAQF,36,0.7487
GEN_1895,THCLKRAAAKHSLHYLACVALTDFNSCLNRKWFAIF,36,0.7487
GEN_1896,FHCAKKTAAKHSLHYLACVLLTYFINCLHAKGLAMY,36,0.7487
GEN_1897,IHCAKKAAAKQCIHYLACVLLTYYINAIHAKAFAIG,36,0.7487
GEN_1898,THCAKKPKAHACLCTLACLLLIILNETLKTFTKLPK,36,0.7486
GEN_1899,THCAKKALAHACLSYLACVLLTYFNACVHAKVFAAK,36,0.7486
GEN_1900,THCADKINAKHCLHYLACVLLTYRNACLKAKIFAIF,36,0.7486
GEN_1901,THCAKKILAKVCLHYLACVLLTYFNLALKNFTKLIP,36,0.7486
GEN_1902,THCAKKIAAKHCLHYLACILLTYFNSKLNRKAFAIP,36,0.7486
GEN_1903,SHCAKKQAAHNCLHYLACVLLTYFNTCLNRLVFAIH,36,0.7486
GEN_1904,IHCVKKAAAKRCLHYLACLLLTYFNSCLNRNLQAIP,36,0.7486
GEN_1905,THCAKHIVAHACLMYLACVLLTLLNGCVKAKVFAIP,36,0.7486
GEN_1906,THPAKRTLAKHCLHYLACVLLAYFNACLHAKAFAIP,36,0.7486
GEN_1907,THCMKKIAAKHCLRYLACLLLTYFIACLRTFTNLIP,36,0.7486
GEN_1908,THCAQKLVAKHCLHYLACVLLTYFNSCLKAKVTNFP,36,0.7486
GEN_1909,THCAAKPHAHFALSYMACIILILNNGCIKTFFVAPK,36,0.7485
GEN_1910,THCAKKKAAKHSLHYLACVLLTYFNLCLKAWVFQAF,36,0.7485
GEN_1911,THPFKKAAAKHCLHYLACVLLTYLINCLKNFTTWAP,36,0.7485
GEN_1912,THCAGKILKKHCLHYLAMLLWAYFNACLKTSTSLIP,36,0.7485
GEN_1913,THCAKKDLAKHCYHYLAAVLLTWFNACLKNFTKLSP,36,0.7485
GEN_1914,THCAKKIAAKHCLHYLACVLLTYFNACKHAKAFAIP,36,0.7485
GEN_1915,FHCAKKPLAKHCLHYLACVLLTFLNACLKEPTSLVP,36,0.7484
GEN_1916,FHCAKKPLAKHCHHYLACVLLTYFNACLKTDTSLAP,36,0.7484
GEN_1917,THCAQKLVAKHRLHYLACVLLTYFINCLKNFTSLAP,36,0.7484
GEN_1918,THCAKKAFAKHCLHSLACLLLTNWNSCINKGVFAIF,36,0.7484
GEN_1919,YHCAKKPLAKHCLHYLACILLTYFNACARTFTRTIP,36,0.7484
GEN_1920,TVCAKKIAAKHCLHYLACVLLTYFINCLKTYTSLIP,36,0.7484
GEN_1921,FHCAKKIAAKHCLHYLACVLLNYFIWCVKTKANAVP,36,0.7484
GEN_1922,DHCAKKKAAKHSLRYLACVLLTYFNSCLKATVFAIF,36,0.7484
GEN_1923,TICAKKAALKQCLHYLACVLLTWFGKCLKNFVSLAP,36,0.7484
GEN_1924,THCAKKPMAHACLSYLACLLLTCNNGCVKAKIFAPR,36,0.7484
GEN_1925,THCAKKPLAKHCLSYLACVLLTYFNACLKTFSKLAR,36,0.7484
GEN_1926,THCAKKPLWKHCLHYLACVLLTYFNANLKTFTILIP,36,0.7484
GEN_1927,THCAKKILAKHCLHYLACVLLTYFRACLHAKAFLIP,36,0.7484
GEN_1928,THYRKKAHNHACLSTLACLLLICNNGCLKGKIFAAH,36,0.7483
GEN_1929,THCAKKFLAHACLSYLAAVLLTYLNGCVKAKVFAVP,36,0.7483
GEN_1930,ARCAKRPQAKLCLCTLACLLLFILNETYKTFTKLPK,36,0.7483
GEN_1931,FHCAKQPLAKHGLHYLACVLLTYFNAPLKTFTKLSH,36,0.7483
GEN_1932,THAAKKPLKHACLSYLACVLLTYLNGCVKAKVFAVK,36,0.7483
GEN_1933,FHCAKKPVAKHCLHYLACVLLTFLNGCQKAKVFGVK,36,0.7483
GEN_1934,LNCAKKIAAKHSLHYLANVLLTYFIACLKTYTKTIP,36,0.7483
GEN_1935,THCAKKAAAKHCLHYLACVLLTYFIGCLKTFTSAAP,36,0.7483
GEN_1936,THCLKKIAAKLCLHYLACVLLTWMIACLKTFTSLAP,36,0.7483
GEN_1937,THCAKRILAKHCLSYLACTLLTYFNACLKTFTSVKP,36,0.7483
GEN_1938,FHCAKAALARHCLHYLAHLLLTYFNACWKDFTKLIP,36,0.7483
GEN_1939,THCAKPALAKHCLHYLACVLLTYFNACRHAKLFAAD,36,0.7483
GEN_1940,LRYHRKTKYHACLSNLACLLLTPVNGCVKAHTFLPK,36,0.7482
GEN_1941,THCAKKILAKHHLHYLASVLLTYFNACLKTWTKLAK,36,0.7482
GEN_1942,THCAKKPLAKHCLHYLAQVLLTYFNACLKTFTKLIP,36,0.7482
GEN_1943,THCAKKMAVKHCLWYLACVLLTYFNACLHQKAFAAD,36,0.7482
GEN_1944,LHCAKKIAIKHSLHYVACVLLTYFINCIKNFNSLIF,36,0.7482
GEN_1945,AHCAKKEAAKHPWHYLACVLLTYFNSCLNRKVFAIF,36,0.7482
GEN_1946,THCAARPKAHACLSYMACILLTYLNGCVKAKVFAVP,36,0.7482
GEN_1947,THCAKKPLAHACLSYLACVLLTYLNGCLKGKIGAAH,36,0.7482
GEN_1948,TKCAKKIAAKHCLHYLACVLLTYWINCLRTYTSSIP,36,0.7482
GEN_1949,DHCAKKILAKHCLHYLACVLLTYFNACLHAKAFAIP,36,0.7482
GEN_1950,THCAKKIAVKHCLHWLACVVLTYFNACLHARAQAIP,36,0.7482
GEN_1951,THCGKKQAAKHCLHYLACVLGTWFINCLHAKAFAIP,36,0.7482
GEN_1952,THCAKKPKAHACLSYLACILLTPVNGCVKAKVFPAV,36,0.7481
GEN_1953,SHCAKKPLKHACLSWLACVLLTYLNGCVKAKVFAVP,36,0.7481
GEN_1954,THCAKKPTAKHFLHYLACVLRTFFNACRHAKLFAAD,36,0.7481
GEN_1955,TVCAKKIAAKHCLHYLACVLLTYYNLCLKNFTDLIP,36,0.7481
GEN_1956,THCAKKIAAYHSLKYLACVLLYYFIACPKTYTTNIP,36,0.7481
GEN_1957,THCAKKLVAKHCLHYLACVLLTYFISCLKAGVFLAP,36,0.7481
GEN_1958,THCAKKIAAKHCLHYLACVLLTYWIACLKQFTSLAP,36,0.7481
GEN_1959,FHCAKRPLARHHLDYLACVLLTYFNACLKTFTKLIP,36,0.7481
GEN_1960,THCAKKPTAKHCLHYLACVLRTFFNACRHAKLFAAD,36,0.7481
GEN_1961,TKCAKKLLAHHCLHYLACVLLTYFNAALHGRAFAFG,36,0.7481
GEN_1962,THCAKKIAAKHCLHYLAHVLLTYFAGCLKTFTSLRP,36,0.7481
GEN_1963,LHCAKEIAAKHSIHYLACVLLTYFVACLKSFTSLAG,36,0.7481
GEN_1964,THCAAKPKAHACLSYMACILLILNNGCIKTFTKLAK,36,0.748
GEN_1965,TVCAAKPHAHLALSYMACILLTYLNGCVKAKIFAAH,36,0.748
GEN_1966,THCARKAAAKHMLHYLACVLLTYFNSCLNRFTSLLP,36,0.748
GEN_1967,LHCAKKIAAKHSLHYLGCVLLTYFISCLNKGVFAIF,36,0.748
GEN_1968,THSARKAAAKHCLHYYACIWLSYFNAFLKAKVFAIF,36,0.748
GEN_1969,THCAKKPLGKVCLHYLAFVLLTYFNACYKTFTKLIP,36,0.748
GEN_1970,THCAKKPLAKHSNHYLAAVLLTYFNAYLKTFTCLID,36,0.748
GEN_1971,FHAAKKPLAKHCLHYVACTLLTYFNASLKTWTSVKP,36,0.748
GEN_1972,THCAKKLAAKHCFHYLAKVLLTYFNACLHAKAFAAD,36,0.748
GEN_1973,THCAKKAAAKWCLHYLACVLLTNFNSELNKGVYAIF,36,0.748
GEN_1974,TRCAAKPKAHAALSYMVCILLILNNGCIKTFTKLPH,36,0.7479
GEN_1975,TTCAAKPHAHACLSYLACVLLTYLNGCVKAKVFMIP,36,0.7479
GEN_1976,THCLAKPKAHAALSYMACILLILNNGCIKAKVFAVP,36,0.7479
GEN_1977,THCAKKPLAKHSLHYLSCVLLTYFNACLKKFTKLIK,36,0.7479
GEN_1978,TYCAKKPLAHHCLHYLACVLLTYFNACLKTFTKLIP,36,0.7479
GEN_1979,THCAKKAAAKNCLHYLACAYLTYFGMCLQKFTLLAP,36,0.7479
GEN_1980,THCFKKPKAHACLSYLACLLLICNNGCLKAKVFAAH,36,0.7479
GEN_1981,TRCVKKPNAHACLSYLACLLLIINNPCVKAFTRLPR,36,0.7479
GEN_1982,THCAKKPKAHACLSYLACLLLTCLNGCVKAKVTPAV,36,0.7479
GEN_1983,THCAAKPKAHACLSNLACVLLTGVNGSVKAAVFAAV,36,0.7479
GEN_1984,GHCAKKPLAKHCLHYLACDLVTYFNACLRAKVFAIF,36,0.7479
GEN_1985,TVCAKKIAAKHCLHYLACVSLTYFNACLKTKAFAIP,36,0.7479
GEN_1986,SHCAKKLVAKHCLHYVACVLLTYFNKCLKAKVSAIA,36,0.7479
GEN_1987,THCAKKIAAKHCLHYEACVLLTYFIACLKTYTSLRP,36,0.7479
GEN_1988,THCAKKIAAKHCDHYLACVLLTYFNACLHAKAFAIP,36,0.7479
GEN_1989,FHCAKKTAKKHSLHYLACVLLTYLGSCLQRFTLEAP,36,0.7479
GEN_1990,THCAKKLVAKHCLHYLAQVLLTFFNACLKTKTSAAP,36,0.7478
GEN_1991,THCAKKAAAKHCLHYLACVRLSYINAFLPAKANAVP,36,0.7478
GEN_1992,FHCAKKPLAKHELHYIACVLVTYFNACLKAKVWAIF,36,0.7478
GEN_1993,TRCAKKPKAHACLSTLACASLIILNTCVKAFPRAAV,36,0.7478
GEN_1994,TRCAAKPDAHACLCTLACLLLIILNDTYKPFTFLPK,36,0.7478
GEN_1995,THCAKKPLAHACLSYLACVLLTYWNACVHAKVFAAK,36,0.7478
GEN_1996,THCAAKPKAHAALSYMACILLILNNGCIKTDTKAVP,36,0.7478
GEN_1997,TRCAKKPKAHACLCTLACLLLIILNETLKTDTFLPK,36,0.7478
GEN_1998,TRYRKKPHYHACLSTPACLLLTIANGCVKAKVFAVP,36,0.7478
GEN_1999,TFCAKKPLFKHHLHYLACVLLTYMNACHKTFTKLAK,36,0.7478
GEN_2000,TGCAKKPLAKHCLIYLACVLLTYMNGCVKAKVFAVP,36,0.7478
GEN_2001,LHCAKKIAAKHSLHYLAKVLLTYFIACLKTFTSAAG,36,0.7478
GEN_2002,THCAKKVVAKHCLHYLACVLLTYFINCLKNFTSLIS,36,0.7478
GEN_2003,FHCAKKAAKKNCLHYLAAVLLTYKNTCLNRKVFAIF,36,0.7478
GEN_2004,LRYHRKTKYHACLSNLACLLLTPVNGCVKAIVFAAV,36,0.7478
GEN_2005,TRCARKPDAHACLCYLACLLLTPVNGCVKAKVFPAV,36,0.7478
GEN_2006,THCAAKPKAHAALSYMACILLILNNGCIKTGIDAAM,36,0.7478
GEN_2007,LHCCKKIAAKHSLHYLACVLLTYFINCLKHFTSLIP,36,0.7478
GEN_2008,FHCAKKPLTKHCLHYLACVLLTYFNACLHAKAFAAD,36,0.7478
GEN_2009,THCAKKPKAHACLSYLAVLLLIINNGCGKTFTKLPK,36,0.7477
GEN_2010,TRHAARPKAHACLSYMACILLILNNGCIKTFTKLPK,36,0.7477
GEN_2011,THCAKKIAAKHCLHYLACVLLTYFNWCLKTFTSRAP,36,0.7477
GEN_2012,THCAKKAAAKHCLHYLACVLLTYFNSCLKRKVFAAP,36,0.7477
GEN_2013,THCAKKIAAKHCLHYIAHVLLTYFAGCLKTFTSLRP,36,0.7477
GEN_2014,THCLKKSAAKNCLHYLACVLLTYFINCLKAKAFMIP,36,0.7477
GEN_2015,THCFKKPKAHACLSYLACLLLICNNGCLKGKIFAAH,36,0.7477
GEN_2016,TRCAAKPPAHAALSYMACILLILNHGCLKTGTKLPK,36,0.7477
GEN_2017,THAAAKYKAHACLSFLACLILIYNNACLKAKIFTAH,36,0.7477
GEN_2018,HHCAKKPLAKHCLHWLACVLLTYLNGCVKAKVFAVP,36,0.7477
GEN_2019,THCAKKPLAKHSLHYLACVLLTYFNACLKTFDKLPK,36,0.7477
GEN_2020,FHCYKKPLAKHCLNYLACVLLTYFNAFLKTYTKLIP,36,0.7477
GEN_2021,TVCAKKIAAKHCLHYLACVALTYFINCLKNFTSAAP,36,0.7477
GEN_2022,LHCARKAAAKTSLHYAMCVLLTYFNACLHAKAFAIF,36,0.7477
GEN_2023,THCAKKAAALNLLHYLACVLLTYFNDCSRRKVFAIF,36,0.7477
GEN_2024,TRYHKKPHYHACLSTPACLLLTILNGCVKAKVFAAP,36,0.7476
GEN_2025,THCAAKPHAHAALSFMACIILILNNGCIKTKIFAAH,36,0.7476
GEN_2026,THCAKKILAKFHNHYLACVLLTYFNAALITWTKLAK,36,0.7476
GEN_2027,YVCAKKIAAKHCLHYLACVLLTYFIGCLKTFTSAAP,36,0.7476
GEN_2028,TNCAKKAAAKNCLKYIACVLLTYFNTMLNRKVFLIF,36,0.7476
GEN_2029,THCAKKIAAKHSLHYLACVLLTYFHACLKTCTYALF,36,0.7476
GEN_2030,THCAKKPLAHAALSYLACVLLTYRSGCVKAKVFATP,36,0.7476
GEN_2031,THSAKKPLAKHCLHYLACVLLTYFNACVKAKVFAVK,36,0.7476
GEN_2032,AHCGRKAAAKNSLHYAMCVLLTYFNSCLKAKVFAIF,36,0.7476
GEN_2033,THCAKKLVAKHCLHYLAELLLTYFNSCLKAKVCAIF,36,0.7476
GEN_2034,THCTKKIAAKHCLHYLACVIVTYFIADLKDFTSLAP,36,0.7476
GEN_2035,THCAAKPKAHAALSFMACIILILNNGCIKTKIFAAH,36,0.7475
GEN_2036,THCAKKPLAAHCLHYLACVLLTYFNACLKTFTKLAR,36,0.7475
GEN_2037,RHCAKKALAKHCLHYLACVLLTYFNLCLKDFTKLIP,36,0.7475
GEN_2038,THCAKKIAAKHSIHYLACILLTYFIWCVKTFSLMAP,36,0.7475
GEN_2039,LHCNKKIAAHHPLHWLACVLLTYFIACLKTFTSLAP,36,0.7475
GEN_2040,THCAKKAAAKHCLHYLACVILTYFQSCLKRTVFALF,36,0.7475
GEN_2041,TRYHKQPKYHACLSNLACLLLTPVNGCLKAAVFAAV,36,0.7475
GEN_2042,TRYHKKAHYHACLSTPACLLLTILNGSVKAKVFALP,36,0.7475
GEN_2043,TRYHKKPHYHACLSTPACLLLTILNGCVKAKRFALP,36,0.7475
GEN_2044,THEAKKPKAKHCLHYLACALLFYFNACLKIFTKCHP,36,0.7475
GEN_2045,FHCAKKPLAKHGLHYLACVLLTYFNVCLHAKAFAED,36,0.7475
GEN_2046,TSCAKKILAKHCAHYLACVVLALFNACLKTSTSLIP,36,0.7475
GEN_2047,RHCAKKAAAHNCLHYLACVLLTNFINCLKNFVSLAP,36,0.7475
GEN_2048,THCAAKLKMHACLSYMACILLILNNGCIKTFTKLAK,36,0.7474
GEN_2049,TNCAWRILAKHCLHYLAVVLLTYFNACLGAKEFAIP,36,0.7474
GEN_2050,TVCAKKIAAKHCLDYLACVLLTYFINCLKNFAFAAD,36,0.7474
GEN_2051,THCAKKIAVKHCMHWIACVLLTYFNACLHAKAFAAD,36,0.7474
GEN_2052,LHCAKKAAAKNCLHYLAMVLLTYFNSCLNRKVDAIF,36,0.7474
GEN_2053,GHCAKKAAACHCLHYLACVLSTYFIACLDRKVFAVF,36,0.7474
GEN_2054,THCAAKPKAHAALSYMACILLILQNGCIKTFTKLPK,36,0.7474
GEN_2055,NHCAKKIAAKHCLHYLACVLLTYFNLCLKNFTKLAD,36,0.7474
GEN_2056,THCAKKIAAKHCLHYLACALLTYFINCYKTFTSLIP,36,0.7474
GEN_2057,THCGKKILAKHCLHYLACVLVTYFNACLKAKTSLAP,36,0.7474
GEN_2058,TRCAAKPDAHACLCTLACLLLIILNETYKTFTFLPK,36,0.7473
GEN_2059,TVCAAKPHAHLALSYMACILLTYFNACLHASAFAAK,36,0.7473
GEN_2060,TGCAKKPLAKHCLIYLACVLLTYMNGCVKAKVFAVK,36,0.7473
GEN_2061,THCAKKPLAKHCLHYLACAILTYFNACLRTFDKLPK,36,0.7473
GEN_2062,TRCAQKALAKHCLHYLACVLLTYFNACVKTFYNLSD,36,0.7473
GEN_2063,THCAKKLVAKHCLHGLACVLLTYFNACLHAKAFAIP,36,0.7473
GEN_2064,THRAQKIAARHCLHYLACVLLTYFPICLKNDKSAIF,36,0.7473
GEN_2065,THCAKKPAAKHCAHYIAAVLVTYFNACLKAKVFANF,36,0.7473
GEN_2066,THCAKKIAAKHCLKYLACVLLTYFIACLKTCTNLIP,36,0.7473
GEN_2067,TRFHKKPKYHACLSNLACLLLTPVNGCLKAKVTAAG,36,0.7473
GEN_2068,TRCAAKPDAHACLCTLACLLLIILNETYKPFTFLPK,36,0.7473
GEN_2069,LHCARKAAAKTSLHYAMCVLLTYFNACLHAKAFAIP,36,0.7473
GEN_2070,FHCAKKAAAKNSLHYLACVALTYFIQCLHAEAFAAG,36,0.7473
GEN_2071,TICAKKIAAQFCLYYLACVLLNYNNACLKTFTNALP,36,0.7472
GEN_2072,TVCAKKIAAKHCLHYLACVLLTYFIGCAKTFTSHAP,36,0.7472
GEN_2073,NRYHKKPHYHACLSTPACLLLTILNGCVKAKAFALP,36,0.7472
GEN_2074,THCAKKPVIKHCLHYLACVVLTYLNGCLKYKVFAVP,36,0.7472
GEN_2075,THCAKKIAVKHCVHYLACRLLTYFNACLHAKAFAVP,36,0.7472
GEN_2076,THCAKKIAAKLCLHYLACVLVTYEIAAVKTFTSLAP,36,0.7472
GEN_2077,THCAKKPHAHTDLSYLACLLLTCLNGCVKAKVFAAP,36,0.7472
GEN_2078,TVCAKKFLAHACLSYLAAVLLHYHNGCVKAKVFAVP,36,0.7472
GEN_2079,NLCAKKAEAKHCLHYIALVLLTYFNACAKTRTELHP,36,0.7472
GEN_2080,FHCAKKPLAWHCLHYAACVLLTYFRACLHAKAFAGD,36,0.7472
GEN_2081,FHCAKKPLAKHCLHYLACILLTYFIWCVKTFTLLAP,36,0.7472
GEN_2082,TRYHKKPKYHACLSNLACLLLTPVNGCLKAKVNAAR,36,0.7471
GEN_2083,THCVKKPLAWHALHYLACVLLTQLNTCVKAKVFAVK,36,0.7471
GEN_2084,FHFAKKPLAKHCLHYLACVLHTYFNACLHAKAFAAD,36,0.7471
GEN_2085,THCAKKIAAKGCLHYLACVLLSYFNACLKTYTSVIP,36,0.7471
GEN_2086,GHCAKKIAAKHCLHYLACVLMTYFINCLKTFTSLIP,36,0.7471
GEN_2087,WHCAKKWLAKHCLHYLACVLLTYFNICLRDKAFALP,36,0.7471
GEN_2088,THCAKKPRAHACLSYLACLLLTPVNGSVKAKVFPAV,36,0.7471
GEN_2089,TRAIAKPKANACLCTLACLLLFILNETYKTFTQLPK,36,0.7471
GEN_2090,TVCAAKPHAHLALSYMACILLTYLNGCVKAKVFAVP,36,0.7471
GEN_2091,THCAAKPKAHAALSYMACILLILSNGCAKARVFAWP,36,0.7471
GEN_2092,TVCAKKPLAKHCLHTLACVLLTYLNASVKKFTKLAR,36,0.7471
GEN_2093,THCLKKAAAKNCLHYAACVLLTWFGSCLQKFTLLLA,36,0.7471
GEN_2094,LWCAKKIAAKHSLHYLAMVWLTYFHACLRTCTTALF,36,0.7471
GEN_2095,TRYRKKPHNHACLSNLACLLLTPVNGCVKAKVFAAV,36,0.747
GEN_2096,TVCAAKPHAHLALSYMACILLTYLNGCVKTAWKLIK,36,0.747
GEN_2097,FHCAKKPLAKHCLHYIACVLVTYFNACLKTFLSLAD,36,0.747
GEN_2098,THCAKKAAAKNCLHPLACVLLTYYGMCLKNFVSLAP,36,0.747
GEN_2099,THCAKKPKAHACLSYLACLLLICNNGCLKGKIFAAH,36,0.747
GEN_2100,THCAKKPNAHACLSHLAALLLTCLNGCLKVKIDAAM,36,0.747
GEN_2101,THCAKPILAKHCLHYLACALLAWFNAKLDTFTSLIP,36,0.747
GEN_2102,LHCAKKAAAKNCAHYLACVLLTYFNSCLNHKLFAIF,36,0.747
GEN_2103,TRYHKKPKYHACLSNLACLLLTPVNGCAKAKVNAAR,36,0.7469
GEN_2104,TRCAAKPKAHACLCTLACLLLIILNQTYKTFTFLPK,36,0.7469
GEN_2105,THCAKRILAKHGLHYLACVLLTYFNACLKAKVFAAP,36,0.7469
GEN_2106,HHCAKNCLAKRCLHYLACVMLTWFNACLKEFTKLIP,36,0.7469
GEN_2107,THCAKKILAKHCLHYLACVQLTYFSAMLKAKAFAIP,36,0.7469
GEN_2108,THCAKKIAAKHMLHYLACVLLTMFIACLKTFTSPIP,36,0.7469
GEN_2109,NRCALKPKAHACLCTLACLLLNIHNETYKTFTFLPK,36,0.7469
GEN_2110,AHCAKKPKAHACLSYLACLLLTCLNGCVKAKVFAAP,36,0.7469
GEN_2111,TRCAKKPHAHARLSTLACASLKILNYCVKAFPRALV,36,0.7469
GEN_2112,THCAAKPHAHLALSYMACILLILDNGCIKTFFGLPK,36,0.7469
GEN_2113,THCAKKPLAKTSLSYLACVLLTYFNERLHAKAFAVP,36,0.7469
GEN_2114,THCAKKILAWHCLHYLACVLLDWFRACLHAKAFAGD,36,0.7469
GEN_2115,LHCAKKIAAKHWLHYLACVLLRYFIGCLKTFTSCRP,36,0.7469
GEN_2116,THCAKKIAAKHCLHYLACVLLTKFIGCLKTFTSTAP,36,0.7469
GEN_2117,THCAKKPKAHACLSYLACLLLTCLNGCVKAFTRLPR,36,0.7468
GEN_2118,THCAKKPLAKHCLSFLACVLLTYWNACLKADAFAAK,36,0.7468
GEN_2119,THCAKKPKAHACLSYLACLLLIINNGCVKAKVFPAV,36,0.7468
GEN_2120,IHCAKRPLAHACLSYLACVLLTYLNGCVKAKVFAVP,36,0.7468
GEN_2121,THCAKKPLKHACLSYLACVLLTYLNYNLKTFTSLIP,36,0.7468
GEN_2122,TKCAKKPLAKHCLHYLACVDLSYLQACLKYFTKLIP,36,0.7468
GEN_2123,THYAKKPLAKHCLHYLACVLLTYFNACLRTFTSLIP,36,0.7468
GEN_2124,THCAKKIAAKHCLAYLACVLLTYFIACLKTFTSLAP,36,0.7468
GEN_2125,THCTKKIAAKHCLHYLACVLIMWFIAARKTFTSDAN,36,0.7468
GEN_2126,THCARKAAGKHCIHFLACVALSYFINCLRNFTSLLP,36,0.7468
GEN_2127,THCAARPKAHACLSYMACILLILNNGCIKAKVFAAP,36,0.7468
GEN_2128,THCAKKPLAHACLSYIACVLLTYLNGCLKGKIFAAK,36,0.7468
GEN_2129,THCAKKPLAKTCLSYLACVLLTYFNACLHAKAFAAK,36,0.7468
GEN_2130,THCFAKPKAHQCLSNLACVLLLYFNLCLRAKAFAAK,36,0.7468
GEN_2131,THCAKKPLAKTTLNYLACVLLTYFNACLHAKAFAVP,36,0.7468
GEN_2132,THCAKKLVAKHALHYLAAVLLGYFNACLKTFTSLAP,36,0.7468
GEN_2133,FHEAKKPLAKHCAHYIACVLATYFNACLKAHVFAIF,36,0.7468
GEN_2134,THCAKKIAAKHCLTYLACVLLTYFIWCVKTFTLEAP,36,0.7468
GEN_2135,FHTAKKTAAKHSLHYLACVLLTWFNSRLKATVFALC,36,0.7468
GEN_2136,TRCAKFPKAHACLCTLACLLLIILNENYKTWTKLPK,36,0.7467
GEN_2137,DRYHRKTKYHACLSNLACLLLTPLNGCVKAIVFAAV,36,0.7467
GEN_2138,THCAKKNLAKVCLHYLAFVLLTYNNGCVKAKIFAPR,36,0.7467
GEN_2139,GHCAKRIYAKHCLHYLACVLLTYFNACLKAKAFAIP,36,0.7467
GEN_2140,FHCAKKPLAHHCLHYLACVGLTYFDACLKTFTKLIP,36,0.7467
GEN_2141,THSAKKIAAKHCLHYLACVLLTSFIACLKAKVFAIF,36,0.7467
GEN_2142,THCAKKIAARHALHYLACVLLTYFIACLKTFGSLAP,36,0.7467
GEN_2143,TRYHKKPKYHACLSNLACLLLTPVNGCLKAKVTAAG,36,0.7467
GEN_2144,TRYHKKPKAHACLSTLACLLLTPVNGCVKAKVFAAV,36,0.7467
GEN_2145,TRCAAKPDAHACLCTLACLLLIILNETYKTFTFLAK,36,0.7467
GEN_2146,THCAKRILAKHCAHYLACVLLTYFNACLKTFTKLAK,36,0.7467
GEN_2147,THCAKKILAKHCLHYLASVLLTYLNPCMKAKPKAAD,36,0.7467
GEN_2148,THCAKKILAKHCLHYLACVLLTYMNVCLKTPTSLVP,36,0.7467
GEN_2149,THCAKKPLYKHCLHYLACVLLTYFNACLKTFTKLIP,36,0.7467
GEN_2150,FHCAKKPLAKHCLHYLACFLVTYFNYCLKTFTKLIP,36,0.7467
GEN_2151,TVCIKKIAAKHSTHYLACVLLTYFNAALKTFTSLVP,36,0.7467
GEN_2152,THCAKKPLAKHCLHYLACVLLTVFNACLHAKAFAIP,36,0.7467
GEN_2153,FHCAKKPLAKHCLHYLAAILLTYFNSRLNRRAFAHK,36,0.7467
GEN_2154,LHCAKKIAAKHHDHYLACVLLTYFINCLHAKAFAIS,36,0.7467
GEN_2155,TRCAKKGAAKNCLHYLACVLLTYFINCLKNFTSNAP,36,0.7467
GEN_2156,THCAKKPKAHACLSYLACLILTPVNGCVKAKVFPAV,36,0.7466
GEN_2157,TVCAKKFLAHACLSYLAAVILTYLNGCVKAKVFAVP,36,0.7466
GEN_2158,THFAKKIAVKHYLWYLACILLTYANACIHAKAFAIP,36,0.7466
GEN_2159,THCAKKIAAKHCLHYLACVLLTYYNACLHAKAFAIP,36,0.7466
GEN_2160,LHSAKKIAAKHSLHYLACVLLTYFNSWLKAKVFAIF,36,0.7466
GEN_2161,SHCAKKIAAKHCLHYLACVLVTYFDACLHAGVFAIF,36,0.7466
GEN_2162,FHCAKKFLAKHSLKYLACVLLTYFNSCLKATVFTAL,36,0.7466
GEN_2163,TRYHKKPKYHACLSNLACLLLTPVNGCLKTFTKLPK,36,0.7466
GEN_2164,TRYMKKPHNHACLSTLACLLLICNNGCLKGKIFAAH,36,0.7466
GEN_2165,THCAAKPKAHACLSNLACVLLTYLNGCVKAKVKVPK,36,0.7466
GEN_2166,TRHAARPKAHACLSYLACVLLTYLNGCVKAKVFAIG,36,0.7466
GEN_2167,FHCYKKPLAKHCLNYHACVLLTYFNAFLKTYTKLIP,36,0.7466
GEN_2168,TVCAKKILAKHCLRYLACVLVTYFNACLKAKVFAIF,36,0.7466
GEN_2169,THCAKKPLAKHCLHYLAEVLLTYFNSLSKAYVFAIF,36,0.7466
GEN_2170,RHCAKKLNAKHCLHYLACVPLTYFNACLNAKAWAIP,36,0.7466
GEN_2171,TQCAKKIAAKHCLHWLACVLLTVFIACLKNFNSLIF,36,0.7466
GEN_2172,THCAAKPHAHLALSYMACILLSLNNGCIKTFFKLPK,36,0.7465
GEN_2173,TVVAKKIAAKHCLHYLACILCTYFNSKLNRKFFAIE,36,0.7465
GEN_2174,TRCAKKPKAHACLCTLACLLLIALNETYKTFTFLPK,36,0.7465
GEN_2175,TRYHKKWHYHACLSTPACLLLTILQPCVKAKVTALP,36,0.7465
GEN_2176,TRFHKKPHYHLCLSNLAVLLLTPVNACLKAKVTAAG,36,0.7465
GEN_2177,THCAAKPKAHAALSYMACILLIINNGCVKAKVFPAV,36,0.7465
GEN_2178,THCAAKPHAHACLSYLACVLLTYLGGCVKAKAFAAK,36,0.7465
GEN_2179,LHCAKKHVAKHCLHYLACVLLTYFNACTKTFTSAAP,36,0.7465
GEN_2180,FHCAKKPLAKHCLHYIACVLVTYFNACLRAKAFAAD,36,0.7465
GEN_2181,IHCAKKAAAKHCLIYLACVLLTYFNSCHNRDLFPIT,36,0.7465
GEN_2182,THAAKKAAAKNCLHYLACVLLNYFNTCLNRKVEAIF,36,0.7465
GEN_2183,TRCAKKPKAHACLCTLACLLLIILNETYKTFTKLPK,36,0.7464
GEN_2184,TRCAKKPNKHACFSCLACLLLIILNGQGKTFTKLAL,36,0.7464
GEN_2185,TRCAKKPKAHACLCTLACVLLTYFNACLHAKAFAAK,36,0.7464
GEN_2186,TRCARKPKAHACLSYLACILLTVNNGCVRAKVFAPR,36,0.7464
GEN_2187,THCAKKPLAKHALSYMACILLILNNACLHVKAFALD,36,0.7464
GEN_2188,THCAAKPHAHLALSYMACILLILNNGCIKTFPKLVK,36,0.7464
GEN_2189,FHCAKKPLAKHCLHYLACVLLTYFNACLHALAFAAG,36,0.7464
GEN_2190,THCAKKIAAKHCFHYLACVLLTYWNLCLHAKAFAAD,36,0.7464
GEN_2191,THCAKKIAAKHCLHYLAGVLLTYFIACLKTFTNLIP,36,0.7464
GEN_2192,THAAKKLVAKHCLHYLAELLLTYFNSCLKAKVCAID,36,0.7464
GEN_2193,TRYRKKPHSHACLSNLACLLLTPVNGCVKAKVFAAP,36,0.7464
GEN_2194,THAAAKPHAHACLSYLACVLLSYLNGCVKAKVFASK,36,0.7464
GEN_2195,THCAKKPLAKHELHYLACVVLTYLNGCVKAKVFAVP,36,0.7464
GEN_2196,THCAKKILARHCLHYYACVLLTYFNACRHAKAFAAD,36,0.7464
GEN_2197,THCAKKPLAKHCLHYLACVLLTYFNAAGHAKARAAD,36,0.7464
GEN_2198,FHCAKKPVAKHCLHYLACVLLTWLNGCQKAKVFGLK,36,0.7464
GEN_2199,ARCAKKTLIKHCLHYIACVLVWYFNACLKLKVFAIF,36,0.7464
GEN_2200,THCAKKPKAHACLSYLACLLLTPLNETYKTFTFLPK,36,0.7463
GEN_2201,THCAAKFKMHACLSYMACILLILNNGCIKTFTKLPP,36,0.7463
GEN_2202,THCAKKPLAKHCLSYLACVLLTYFNACLITFWKAVP,36,0.7463
GEN_2203,THCAKKPLAKHCLCYLACVLLTYLNGCVKAKVFAVP,36,0.7463
GEN_2204,THCAKKLLAKVCLHYEACLLLTYFNAALKNFTKLIP,36,0.7463
GEN_2205,THCAQKLDAKHCIHYLACVLLTYFNSKLKARVFLAP,36,0.7463
GEN_2206,THCQFKAAAKNCLHYLACVWLTYFNSCLQRKVFAIF,36,0.7463
GEN_2207,THCAKKILMKHCYHMLACVLLTYFNAGLRTFTKLVK,36,0.7463
GEN_2208,THCAKKLVARHCLRYLACYLLTYFNSCLKAKVFLIP,36,0.7463
GEN_2209,THCAKKISAKRCLHYLACALLTYFNSTLKAKVFALF,36,0.7463
GEN_2210,TRYHKKPKYHACLSNLACLLLTPVNGCLKAKVFAAH,36,0.7462
GEN_2211,THLAMKPKAHACLSFLACLLLIYNNGCLKAKVKLAK,36,0.7462
GEN_2212,THCAKKPLAKKCQHYLACVLLTYFNACLKTFTKLAR,36,0.7462
GEN_2213,THAAKKPSVKHCLHWLACVLFTYFNANVKTFTKLIP,36,0.7462
GEN_2214,THCAKKILAKHCLAYLACVLLTYFEACLKWKVFAIF,36,0.7462
GEN_2215,FHCAKKIAAKHCLHYLACVLLNYFIWCVKTKTLLAP,36,0.7462
GEN_2216,LHCAKKAAAKHSLHYLACVMLTYFNWCVKTFTFAAP,36,0.7462
GEN_2217,TRCAKKDAAKLCLHDLACVLLTYFNSCLNRKAFALF,36,0.7462
GEN_2218,TRCVKKPKAHACLSYLACLLLIINNPCVKAFTRLPR,36,0.7462
GEN_2219,THCAAKLKMHACLSYMACILLILNNGCIKTFTKVAK,36,0.7461
GEN_2220,THLAIKYKAHACLSFLACLILIYNNACLKAKIFTAH,36,0.7461
GEN_2221,THCAKKLVAKNCLIFAACVLLKYFNACLKTFTSAAP,36,0.7461
GEN_2222,LHCAKKIAAWHSLHYLACVLVTWCIACLKAKANAVL,36,0.7461
GEN_2223,FHCAKKIAAKHSLHYLAFVLLTYTQSCLKAVVFQAF,36,0.7461
GEN_2224,FECAKKPYAKHCLHYLASVLLTYFNLCLHVKAFAAD,36,0.7461
GEN_2225,TECAIKLKAHACLCTLACILLIILNETLKTFTKLPK,36,0.746
GEN_2226,FTCAKKPLAKHCLHELAFVLLTYFNAKIKTFTHLAP,36,0.746
GEN_2227,THCAKDPLAKLHLHYLACVLLTYCQACLHAKAFAIP,36,0.746
GEN_2228,THRAKKILAKHCVHYLACWLLAYFNACLKTSTSLLP,36,0.746
GEN_2229,FHCAHKPLAKHCLHYLACVLVTYFNACLKAKVFASF,36,0.746
GEN_2230,LRYHRKTKYHACLSNLACLLLTPVNPCVKAIVFSAV,36,0.746
GEN_2231,TRYHKKPHYHTCLSTPACLLLTIANGCLKAKVFAAH,36,0.746
GEN_2232,TRCAAKPDAHACLCTLACLLLIILNETYKPFTFTPK,36,0.746
GEN_2233,TRYHKKAHNHGCLSFLACLLLTYLNGCVKAKVFAVP,36,0.746
GEN_2234,EHCAKKILAKHCAHYLACVLLTYFFACLKTLDHLPK,36,0.746
GEN_2235,THCIKKPLAKHSLHYLACVLLTYFNANLKTFTSFIP,36,0.746
GEN_2236,FHCAKKPLAKRCLHYLACVLLTYWNASLHAKTFVAD,36,0.746
GEN_2237,TVCAKKIAADHCLDYLACVLVTYFNACLKAKVFALF,36,0.746
GEN_2238,THCAKKAAAKHFLHYLAFVLLTYFCSCLNRKVYAIF,36,0.746
GEN_2239,FSCVKKTAAKHSLHYYACVGLTYFNSCLKRTVFAIF,36,0.746
GEN_2240,LHCAKKAAAHHCLHYLACCLLTYFINALHARAFAIP,36,0.746
GEN_2241,TRYHKKPKYHACLSNLACLLLTPVNGCVKAKVFPAV,36,0.746
GEN_2242,TKCAKKPLAKHSLHYLVCVLLTYFNACLKTFTKLEP,36,0.746
GEN_2243,THCAKKIAAKHCLHYLACVLQTYFNSCLKLTVFALF,36,0.746
GEN_2244,THCAKKPKAHACLSYLACLLLNCLNGCVKAKVFAAV,36,0.7459
GEN_2245,THSAKKPLFKHHLHYLACVLLTYFNACLKTFTKLAK,36,0.7459
GEN_2246,FHCAKKPLAKRCLHYLACVLLTLINGCVKAKVFAHK,36,0.7459
GEN_2247,TGCAKKIAAKHCLHYLACVLLKYFIACLKTFTSLAG,36,0.7459
GEN_2248,THCAKKPKAHACLSYLACLLLTCLNGCVKAKVFAPK,36,0.7459
GEN_2249,THCATKPLAKHCLHYLACVLLTYFNACLKTFMKLPK,36,0.7459
GEN_2250,NHCAKKPLAKHCRHYLACVLITYLNACVKAKVFAVT,36,0.7459
GEN_2251,FHCAKKPLAKHCLHYLACVLLTYFNACLHAKAFAIP,36,0.7459
GEN_2252,THCAKKPLSKLHLHYLACVLLCYFNACLHAKAFAIP,36,0.7459
GEN_2253,NHCAKMILAKHSLHWLACVLLTYFNLCLKNFTKLIP,36,0.7459
GEN_2254,THCAKKAAAQNCLHYLACVYLTAFNSCLNRKVTAIF,36,0.7459
GEN_2255,THYAKKPKAHACLCTLACLLLIILNETYKTFTFLPK,36,0.7458
GEN_2256,TRCAKKPKAHACLCTIACLLLIILNETYKTFTFLPK,36,0.7458
GEN_2257,THCAKKPLKHACLSYLACVLVTYLNGDVKAKVFAVP,36,0.7458
GEN_2258,TRYRKKPHTHLCLSNLACLLLTYFNACLHLKAFAAK,36,0.7458
GEN_2259,SKYAKKIAVKHCYHYLACVLLTYYNACLHAKAFAIP,36,0.7458
GEN_2260,THCAAKPHAHACISYLACTLLTYFNACLKTFTSVKP,36,0.7458
GEN_2261,LHCAKKIAMRHSAHYLACVLLMYFVACLKDFTSLAP,36,0.7458
GEN_2262,AHCARKIAAKTSIHWAMCVLLTYFQSCLKAHVFAIF,36,0.7458
GEN_2263,THCAKKPLAKPSLSYLAHVLLTYFNACLKAKAFAVP,36,0.7457
GEN_2264,THCAKKILAKECLHYLACQLLTYFNACLKTFTSAAP,36,0.7457
GEN_2265,TRYHKHPKYHACLSNLACLLITPVNGCVKAKVFAAV,36,0.7457
GEN_2266,TRYHKKSDFHTCLSTPACLLLTIANGCLKAKVFLAY,36,0.7457
GEN_2267,THCAKKPLAHAALSYLACVLLTYRSGCVKAKVFPAV,36,0.7457
GEN_2268,TVCAKKIAAKHCLHYLACVLLTYWNLCLHAKAFAAD,36,0.7457
GEN_2269,THCAKKIAAKHCLHYLACVLLTNFIVCLKTFTNLIP,36,0.7457
GEN_2270,GHCAKKAAAKNCLHYLACVLLTYFIGCLKTFTSLIP,36,0.7457
GEN_2271,THCLKKAAPRNWLHYLACVLATYFGSCLNTFTLRAP,36,0.7457
GEN_2272,THCAKKPLAKWCLHALASVLLTYLNGCVKAKVFAIP,36,0.7456
GEN_2273,THCAKKPLAKHGLHYLACALLTYFNAFLKIFTKLHP,36,0.7456
GEN_2274,GTCAKKILAHHCLHFLACVLLAYWNACAKTSTSLIP,36,0.7456
GEN_2275,TACAKRIAAKHCLLYLACVLQTYFINCIKTFTKLIP,36,0.7456
GEN_2276,LHPAKKIAAKHHLHYLACVLVTYWIACLKHFTSLFP,36,0.7456
GEN_2277,LHCAKKIAAKHSLHYLACVLVDYFIAALKHFTSLAP,36,0.7456
GEN_2278,THCAKKAAWKLCNHYLAAVLLTYFNSCLNRKVWAVF,36,0.7456
GEN_2279,TRYRKKPHNHACLSNLACLLLTPVNGCVKAKVFAAR,36,0.7456
GEN_2280,TRCAKKPKAHACLCTLACLLLIILNETYKTFTFLPQ,36,0.7456
GEN_2281,TRCAKKPKAHACLCTLALLLLIILNETLKTDTFLPP,36,0.7456
GEN_2282,THCAARAKAHACLSFMACLLLILANGCIKTFTKLPK,36,0.7456
GEN_2283,NACANKPHAHLALSYMACILLTYFNACLHAKVFAVP,36,0.7456
GEN_2284,THCAKKILAHHCLHILACVLLAYWNACAKTSTSLIP,36,0.7456
GEN_2285,TRYHKKPKYHWCLSNLACLLLTPVNGCVKAKVFAAV,36,0.7455
GEN_2286,TRYMKKPHNHACLSNLACLLLTPVNGCVKAKVFAAV,36,0.7455
GEN_2287,THCAKKPKAHACLSYLACLLLIINNPCVKAFTRLAK,36,0.7455
GEN_2288,THCAKKPLAKKCQHYLACVLLTYQNACLHAKAFALD,36,0.7455
GEN_2289,THCAKKIAALHCLHYLACVLLTYFIACLKAKTSVKP,36,0.7455
GEN_2290,FHCAKKIGAKHSLHYLACVLLEYWNSCLWATVFALF,36,0.7455
GEN_2291,THCWKKAAADNCLHYLACVLLTYFNSCLPRKVFAIF,36,0.7455
GEN_2292,RHCAKKAAAKNSLHYLACVGLTYFINCLKNFYSLAP,36,0.7455
GEN_2293,THCAKKPKAHACLCTLACALLLILNETLKTFTKLPK,36,0.7455
GEN_2294,THCAKKPKAHACLSYLACLLLIINNPCVKAFTRLHR,36,0.7455
GEN_2295,THCAAKPKAHACLSYMACILLTYLNGCVKAKVFAVP,36,0.7455
GEN_2296,THCAAKPHAHACLSYLACLLLIILNETYKTFTFLPK,36,0.7455
GEN_2297,FHNAKKPLAKHCLHYLACVLLTYFRACLHAKAFAAD,36,0.7455
GEN_2298,FHCAKKPLAKHCLLYIACVLVTYYNACLKAKVFAIF,36,0.7455
GEN_2299,TVSAKKIAARHILHYLACVLLTYFIAHRRAKTFAVF,36,0.7455
GEN_2300,THCAQKLVAKHNLHYLACVLLTYFNSCLKVKVWLMP,36,0.7455
GEN_2301,THCAQKLVAKHCLHYLACVLLNWFNSCSKATVFAAF,36,0.7455
GEN_2302,THCAKKPKAHACLSNLACVLLTYFNACVHAKVFAAK,36,0.7454
GEN_2303,TRYLRKHHYHACLSTPACLLLTILNGCIKAKVFAAA,36,0.7454
GEN_2304,NHCAKKPKAHACLSYLACLLLTPVNGCVKAKYWPAS,36,0.7454
GEN_2305,LHCAKKAAAKNCLHYMAMVLLTYFGSCLQKFTLLAP,36,0.7454
GEN_2306,LHCAKKIAAKSCIHYLACVLLTYFINCDQRFTILAP,36,0.7454
GEN_2307,TRYHKKPKYHDCLSNLACLLLTPVNGCAKAKVNAAR,36,0.7454
GEN_2308,TRSAKKPKAHACLSYLACLLLTCNNGAVKADIFAPC,36,0.7454
GEN_2309,LHCAKKIAAKHSLHYLACVLLDYFNACLHAKAFAIP,36,0.7454
GEN_2310,FHCAKKPLAKHCLHYLACVLLTYFIACLKTFTSLAP,36,0.7454
GEN_2311,THCAKKPKAHACLSYLACLLLIINNGCVKAKVFAPR,36,0.7454
GEN_2312,TRCAKFPKAHACLCTLACLLLIILNETYKTFTFLPK,36,0.7454
GEN_2313,IHCAKRPLAHACLSYLACVLLTCLNGCVKAKVFAVK,36,0.7454
GEN_2314,THCAKKPLAKHCLHWLACVLLTYFNAPLKTFNKLAH,36,0.7454
GEN_2315,FHCAKKIAAKHSLHYLACMLITPWNSCLQKFSLLAP,36,0.7454
GEN_2316,TVCAKKFLAHACLSYLAAVLLTYLNGCVRAKVFAVP,36,0.7453
GEN_2317,TRYHKKPHYHACLSTPASLLLTIANGCVKAKVFAAP,36,0.7453
GEN_2318,THCAKKPKAHACLSYLACLLLFILNMTYKTFTKLPK,36,0.7453
GEN_2319,THCAKKPLAHASLSYLACVILTYFNACVKAKVFARK,36,0.7453
GEN_2320,THCAAKPKAHAALSYMACILLLYFNLCLRAKAFAAK,36,0.7453
GEN_2321,TSCAKKIIAKHCLHYLACVLLTYMRACLKEFTSLIP,36,0.7453
GEN_2322,FHCAKNIAAKHCLHDLACTLVTYFIACLRTFLSLAM,36,0.7453
GEN_2323,THCARKPLAKHCLHYLACVLLTYFNARLKTFTNFID,36,0.7453
GEN_2324,WHALKKIAAKHCHHYLASVLIYYFIACLKTFTSLIP,36,0.7453
GEN_2325,FHCAKKPLAKHCIHYLACVLVTTWNACLKRKVFASF,36,0.7453
GEN_2326,LHCAKKQAAKHCNHYLACVLLTYFNACLKNFTSLAP,36,0.7453
GEN_2327,THCAKKIAAKHCSHYLACVLVTYFIACLKNFTSLIF,36,0.7453
GEN_2328,FHMAKKTAAKHSLHYLAQVLLTYFNTCLKATVFALF,36,0.7453
GEN_2329,THCAAKPKAHACLSYMACILLIINNGCGKTFTKLAV,36,0.7452
GEN_2330,TRYRKKPHNHACLSNLACLLLTPVNGCVKAKVFAAH,36,0.7452
GEN_2331,TRYHKKPKAHACLCTLACLLLIILNETYKTFTFLPK,36,0.7452
GEN_2332,THCAKKPLAKRCLHYLACVLLTYFNACLKTFDKLPK,36,0.7452
GEN_2333,TACAKNPLAKRCLHYYACVLLTYFNMCLKTYTKLAP,36,0.7452
GEN_2334,THCAKKPLAKHCLHYLACALVTYWNACLKIFTKLHP,36,0.7452
GEN_2335,FHCARKPLAKHCLRYLACVLLTYFNLLLKNFTKLIP,36,0.7452
GEN_2336,TVCAKKIAAKHCLHYLACVLLTYDINCLKTFTSLIP,36,0.7452
GEN_2337,THCAKKAAAKMSLKCMACVLLTYFIACLKTYTTPIP,36,0.7452
GEN_2338,THCAKKPKAHACLSYLACLLLIINNGCLHAKIFAAR,36,0.7452
GEN_2339,THCAMKPKAHACLSFLACLLLIYNNGCAKAKVFAAH,36,0.7452
GEN_2340,THCFKKPKAHACLSYLACLLLICQNGCLKGKIFAAH,36,0.7452
GEN_2341,THCAKKPKAHASLSYLACLLLIILNQTYKTSTFLPK,36,0.7452
GEN_2342,THCAAKPKAHAALSYMACILLIYFNGCVKAKVFAVP,36,0.7452
GEN_2343,THCAKKPLAKHCLHYYACVLLTTFNACLKTNTKLGK,36,0.7452
GEN_2344,FHCAFKPLAKHCLHYLATVLLVYFNLCLKNFTKLIP,36,0.7452
GEN_2345,THCAKKIVAKHCLRYLACVPLTYFNACLKNWTFAAP,36,0.7452
GEN_2346,FHSAKVTAHKHSLHYLACVLLNYFNTMLKATVFALF,36,0.7452
GEN_2347,THCAAKPKAHAALSYMACILLILFNGCVKAKVFAVP,36,0.7451
GEN_2348,THCAKRILAHACLMYLACVLLTYLNGCVKAKVFAIP,36,0.7451
GEN_2349,THCAHKPLVKHCLRYIACVLLTYLNGCISAKAFAAK,36,0.7451
GEN_2350,THCAKKPKPHACLSNLACVLLTYFNACHKAKVFAAH,36,0.7451
GEN_2351,THCAKKPKAHACLSYLACLLLTPVNGCVKAKVWPAV,36,0.7451
GEN_2352,THCAKKPLAKWCLHALASVLLTYLNGCVKAKVFAVP,36,0.7451
GEN_2353,THCAKKPLAKTTLDYLACVLLTYFLACLKTFTKLIP,36,0.7451
GEN_2354,NHCAKKIAAKHCLHYLACLKLTYFNACLRTFTKLIP,36,0.7451
GEN_2355,THCLKKAAGRNWLHYLACVLLTYFGSCLQKFTLRAP,36,0.7451
GEN_2356,THCAKKILAGHCLHYLACVLLTYFNANLKTFTSLIP,36,0.745
GEN_2357,THCAKKIAVKHCFHYLACVLLTYFHACLHGKAFAAD,36,0.745
GEN_2358,LHCAKKAGAKHTLHYLACVLLTYFNWCLHNFTSAFP,36,0.745
GEN_2359,TVPAKKICAKHCLKYLACVLLTYFINCLKNQTSLLP,36,0.745
GEN_2360,THCAKKPKAHACLSYLACLLLIINNGCVKVKVFAAH,36,0.745
GEN_2361,TRYHKKPKYHACLSNLACLLLTPVNGCAKAKVFAAH,36,0.745
GEN_2362,TRYLRKHHYHACLSTPACLLLTILNGCIKAKVKLHL,36,0.745
GEN_2363,TRYHKKPHYHACLSTPACLLLTIANGCVKAKVFLAP,36,0.745
GEN_2364,TRHAARPKAHACLSYTAHILLLLNNGCIRTFRKLPK,36,0.745
GEN_2365,TRCVKRPLAKHCLHYLACVLLTYFNACLKIFTFLPK,36,0.745
GEN_2366,THCAKKPKAHACLSYLACLILTPVNGNLKAMVFAAW,36,0.7449
GEN_2367,TRYHKKPKYHACLSNLACLLLTPVNGCIKAKVNAPR,36,0.7449
GEN_2368,TKCARKPHAHACLSYLACILLTVNNGCVKAKVFAPR,36,0.7449
GEN_2369,FHNAKKPLAKHSLHYLACVLLTYFNLPLKTFTKLIP,36,0.7449
GEN_2370,FHCAKKPLAKHMLHYLACVLVTWFNACLKAKVFAIC,36,0.7449
GEN_2371,THCAKKMAAKHCLHYLACVLVNYFAKCLKPFTSLIF,36,0.7449
GEN_2372,THCAKKIAAKHCLHHEASVLLTYFILCLKSFTSLAP,36,0.7449
GEN_2373,TRCAKKPKAHACLSTLACLLLIILNGCVKAFTRAAV,36,0.7449
GEN_2374,ARCAKRPQAHLCLCELACLLLFILNENYKTFTKLPK,36,0.7449
GEN_2375,TRYAKRPKAYACLSYLACLYLTPVNPCVKAKGFPAT,36,0.7449
GEN_2376,THAAAKPHAHACLSYLACVLLSYLNGCVKAKVFAIP,36,0.7449
GEN_2377,THCAYKIHAHACLSYLACVLLTYLGGCVKAKAFAAK,36,0.7449
GEN_2378,THCAKRILAKHELHYLACVALTYLNGCVKAKVFAVH,36,0.7449
GEN_2379,THCAKRPLAKHLLHYLACVLLTYFNACLHAKAFAAD,36,0.7449
GEN_2380,THCAKKIWAKHCLHYLACVLLTYFNAWLKAKVFAIF,36,0.7449
GEN_2381,LHCAKKIIAKISKHYLACVLLNYFIACLKTFTNLIP,36,0.7449
GEN_2382,THCAKRLLSHACLSYLACVLLTYLNGCVKAKVFAVP,36,0.7448
GEN_2383,THCAKKILAKHCAHYLACVLLTYFNACLKTFDKLPD,36,0.7448
GEN_2384,THCAKKPLAKHCLHYLACVLLYYFNAPLRAKAFAAD,36,0.7448
GEN_2385,WHCAKKILAKHCLHYLACELRTYFRACLHAKAFAAD,36,0.7448
GEN_2386,FHCARKPLAKVCLHYLACVLLTYFNLALKNFTKLIP,36,0.7448
GEN_2387,LHCAKKIAAKHSLHYLAYVLLTYFIACLKTYTSLIP,36,0.7448
GEN_2388,THCTKKIAAKHCLHYLACVLITWFIAALKTFTVLAP,36,0.7448
GEN_2389,THCAWKAAAKHCLHMLACVQLTYFINCLKNFVSLAG,36,0.7448
GEN_2390,TRYRKKPHNHACLSTLACLLLIILNGCVKAFTRLPR,36,0.7448
GEN_2391,THYRKKAHNHACLSTLACLLLIILNGCVKAFTRLPR,36,0.7448
GEN_2392,THCAAKPKAHACLSYMACILLILNNGCIKTKVFAAK,36,0.7448
GEN_2393,TRCAHKTKAHACLSYLASLLLTCNNGCVKAKVFAPR,36,0.7448
GEN_2394,THAAAKYKAHACLSFLACLVLIYNNACLKAKIFTAH,36,0.7448
GEN_2395,THCAKKIFWKHRIHYLACVLVTYFNACLSAKVFAIF,36,0.7448
GEN_2396,THCAKKAAAKHCLHYLACVLLTYFNSCLKAKVFIAP,36,0.7448
GEN_2397,TVCAKKIAAKHCLSYLACVLLNYFIWCVATFTLLAP,36,0.7448
GEN_2398,TRYHKKPKPQACLSNLACLLLTPVNGCLKYKVTAAK,36,0.7447
GEN_2399,TRYHKKPKYHPCLSNLACLLLTPVNGCLKAKVTAAG,36,0.7447
GEN_2400,FHCAKKPLAKHCLHYLAQVLLTYFNACLKTFTKMIP,36,0.7447
GEN_2401,THCAKRILAKHCLHYLACVLLQYFNACLHAKGFALP,36,0.7447
GEN_2402,TRCAKKPKAHACLSTLACVLLTYFNACVHAKVFAAK,36,0.7447
GEN_2403,DRLVHKPKAHASISTLNCLLLIILNACLKAKVFHAR,36,0.7447
GEN_2404,TRCAKKPNKHACMSTLACLLLTILNGCVKVKVFAAH,36,0.7447
GEN_2405,THYRKKAHNHACLSTLACLLLTPVNGCVKAKVFPAV,36,0.7447
GEN_2406,THCAKKPKAHACLCTLACLLLIILNETYRTFTFLPK,36,0.7447
GEN_2407,THCAAKPHAHLALSYMACLLLTIANGCVKAKVFAVP,36,0.7447
GEN_2408,FHCAAKPLAKHCLHYLACVLLTYFNRCLKIKVFATD,36,0.7447
GEN_2409,LHCAKKIAAKHSLHYQAGFLLTGFIACLKTFTSAAD,36,0.7447
GEN_2410,THCAKKPKAHACLSYLACLLLIINNGCLKAKIFASR,36,0.7447
GEN_2411,THCAKKPLAKHCLSYLACVLLTYFNPCVKAKGFPAT,36,0.7447
GEN_2412,THCAKEPLGKVCLRHLAFVLLTYFNACLKANAFEIP,36,0.7447
GEN_2413,FHCAKKPLAKHCLSYLACVLATYFNAILHAKAFAAD,36,0.7447
GEN_2414,THCAKKILAKHCLHYLACVQLTYFSAMLKAKAFAIM,36,0.7447
GEN_2415,TRYHKKPKYHACLSNLACLLLTPVNGCVKAKVFAAV,36,0.7446
GEN_2416,THCAKKPLAKHCLHYLACVLLTYFNGCVKAKVFAVP,36,0.7446
GEN_2417,TVCAKKIAAKHCLHYLACVLLTYKINCLKNFTSLIP,36,0.7446
GEN_2418,THCAKKIAAKHCLHYLAHVLLTYFIACLKAKVFAIF,36,0.7446
GEN_2419,IHCAKKAAAKRCLHYLACVLLTYDNPCLNRKLFAIP,36,0.7446
GEN_2420,FHCAKKIAAKPSLHYLASVLHTYFQWCLNRKVFAIF,36,0.7446
GEN_2421,TRYHKKPKYHACLSYLACLLLICQNGCLKGKIFAAH,36,0.7446
GEN_2422,NHCAKKPKAHACLSYLACLLLTPVNGCVKAKYWPAV,36,0.7446
GEN_2423,TRYHKKPHYHACLSTPACLLLTIANLCVKAKVYHAI,36,0.7446
GEN_2424,THCAKKPLAKKCQHYLACVLLTYLNGCVKAKVFAVP,36,0.7446
GEN_2425,NHCAAKPHAHACLSYLACVLLTYLNGCVHAKAFAAK,36,0.7446
GEN_2426,THAAKKIAAHHCLHYLACVLLRYFIACLKEFTNLIP,36,0.7446
GEN_2427,FHCAKKIAAKHCLHYLACSWLTYFIGCLKTFTSLIP,36,0.7446
GEN_2428,NRCAAKPKAHACLCTLACLLLIILNETYKTFTFLPK,36,0.7445
GEN_2429,TRCFWLAKAHACLSMSACLTLILLNHTLKAKVFYAV,36,0.7445
GEN_2430,HHCAKKPLAKHCLHWLACVLLTYLNACLKTFTKLAG,36,0.7445
GEN_2431,THCAMKILAKHCLEYLACVLLTWFNACLKNFTSLIP,36,0.7445
GEN_2432,THCAKKAAAKHRHHYLAAVLLTYFNSCLKRTVFAIG,36,0.7445
GEN_2433,THCAKKPLAKTSLSYLATVLLTRFNACLHARAFAVP,36,0.7445
GEN_2434,THCAKKPLAKTSLRYLACILLAYFNACLHAKAIAVP,36,0.7445
GEN_2435,THCAKKILAKHCFHYLACVLLTYFRACLHAKAFAAD,36,0.7445
GEN_2436,THSAKKAAAKHFLKYLACVLLTYFINCLNTVTSLAP,36,0.7445
GEN_2437,LHCAKKIVAKHSLHYLACVLVMYKIACLKTFHSLAP,36,0.7445
GEN_2438,THCAKKPKAHACLCTLACLLLIILNETYKTFTKLPK,36,0.7444
GEN_2439,TRYHKKPKYHWCLSNLACLLLTPVNGCVKAKVSAGR,36,0.7444
GEN_2440,THCAAKPLAKHCLHYLACVLLTYLNGCVKAKVFAVP,36,0.7444
GEN_2441,TRCAKRPLAKHVLHYLACVLLTYENACLKTFTKLIP,36,0.7444
GEN_2442,THCAKKPLAKHVLHYLACVLLTYFNACLKAKAFALP,36,0.7444
GEN_2443,THCAKKPAGRVCHHYLAFVLLTYNSACLHAKAFAIP,36,0.7444
GEN_2444,THCAKKIAAKHCLHYLACVLLTTFNACLKWFSNLIP,36,0.7444
GEN_2445,PHCAKKPLAKHCLHYLACVALTYLNACLKYFDKLIP,36,0.7444
GEN_2446,THCAKKPLAKHCLHYLACVLLTGVNGSVKAAVFAAV,36,0.7444
GEN_2447,THCAKKQLKHACLSYLACVLLTYLNGAVKAKVFAVP,36,0.7444
GEN_2448,TRCAKKPFAKHCLHYLACVLLTYFNACLHAKAWAIP,36,0.7444
GEN_2449,THCAKKGAAKHCLHYLACVLLTYFNSKLNRKFFASF,36,0.7444
GEN_2450,THCAAKPHAHLALSYMACILLILNNGCIKTFFDLPK,36,0.7443
GEN_2451,TRCAKKPLKHACLSYLACVLLTFLNGCVKAKVFAVP,36,0.7443
GEN_2452,THCAKKPLAKRCLHWLACLLLNYFNACLHAAAFAAD,36,0.7443
GEN_2453,LHCAKKIAAKHSLHYSACVLLTYFIACLKTSTQLIE,36,0.7443
GEN_2454,TRYHKKPKYHACLSNLACLLLTPVNGCVKLIVFAAV,36,0.7443
GEN_2455,THLAMKPKAHACLSFLACLLLTYLNGCVKAKAFAAK,36,0.7443
GEN_2456,THCAKKPLAHAPLSYLACVLLTYLNGLVKAKVFAVP,36,0.7443
GEN_2457,CRCAKKPNKHASFSNLACLLLIILRGQGKTYTKLHL,36,0.7442
GEN_2458,TRYHKKPKYHACLSNLACLLLTPVNGCVKAKVFAGR,36,0.7442
GEN_2459,WRLWYKPKAHACLSTLACLLLICNNGCLKAKVFAAH,36,0.7442
GEN_2460,THCAKKPKAHACLSYLACLILTPVNGSVKAKVFPAV,36,0.7442
GEN_2461,THCAKKPNAHACLSHLACLLLTCLNGCLKGKIDAAM,36,0.7442
GEN_2462,THCAAKPHAHVALSYMACILLILNNGCIKTFFKLQK,36,0.7442
GEN_2463,THCAKKPKAHAALSFMACILLILNNGCIKTATKLIK,36,0.7442
GEN_2464,THCAKKPEAKHCLHYLAIVLLTYFNACLKTFTKLHP,36,0.7442
GEN_2465,FHCAKRINAKHCLHYMACVLLTYFNACLKTFTKLIR,36,0.7442
GEN_2466,RHCAKKIAAKHCLHYLACVLLTDFIACLKTFTSLRP,36,0.7442
GEN_2467,LHCAKKIFAKHCLHYLACVLLTYFIACLKTFTNLEP,36,0.7442
GEN_2468,AHCKQKLVAKHCLHYLACVLLHYFNSCLKAKVFLAP,36,0.7442
GEN_2469,TRYSKKPKYHACLSYLACLLLICNNGCLKAKVFAAH,36,0.7442
GEN_2470,TRCAKKPKAHARLSTLACASLVILNYCVKAFPRALV,36,0.7442
GEN_2471,THCAAKPIAHAALSYMACVLLTYFNACLHAKAFAAD,36,0.7442
GEN_2472,THCAKKPKAHAALWYMACILLIYFNGCLKAKVFAVP,36,0.7442
GEN_2473,TRYHKKPKYHACLSNLACLLLTPVNGCIKAKVNAAR,36,0.7441
GEN_2474,THCAKKPLAKHCLSYLACVLLYYFNACLWAKAFAAH,36,0.7441
GEN_2475,TRCAKKPKAHACLCTLALLLLIILNETLKTDTFLPK,36,0.7441
GEN_2476,THCAKKPKAHANLSYLVCVLLHYWNACNHAKVFAAK,36,0.7441
GEN_2477,TRHAARPKAHACLSYTAHILLLLNNGCIRRFRKLPK,36,0.7441
GEN_2478,THCAKKILAKHCLSYLACVLLIYFNACLKAKVFAMF,36,0.7441
GEN_2479,FHCAKKILAKRCIHYLACVLVTWYNACLKAKVFAIF,36,0.7441
GEN_2480,FHIAKKPLAKHCLHYLACVLLTYFNACLHRKAVAAD,36,0.7441
GEN_2481,LHCEKKIAGKNSLHILACLLLTYFIACLKSYTSLIP,36,0.7441
GEN_2482,TVCAKKLAAKHCLVYLACVLLTYFNSQLNRKIFAIF,36,0.7441
GEN_2483,TKCAKKIAAKHCLHYLGTVLLTYFLACLKRFTRLAP,36,0.7441
GEN_2484,THCALKIAAKHCLHYLANVLLTYFIACLKTFTNLIP,36,0.7441
GEN_2485,TVSAKKIAAKHCLHYLACQLLTYFIACLKTFTSLAC,36,0.7441
GEN_2486,THCAKKPKAHACLSYLACLLLTILNGCVKAKVFAPR,36,0.7441
GEN_2487,THLAMKPLAKHCLSFLACVLLTDWNACLKADAFAAK,36,0.7441
GEN_2488,THCAKRIWAKHCLHFLACVLLTYFNACLKTFTSLAE,36,0.7441
GEN_2489,FHCFKKPLAKHCLNYHACVLLTYFRAFKKVYTKPIP,36,0.7441
GEN_2490,THCAKKLAGKHCLHFLACVLLTYFINQLKTGVSAIP,36,0.7441
GEN_2491,PHFAKKIAAKHCLHYLACANLTYFLNCYKTFTSLIP,36,0.7441
GEN_2492,TVCAKKIAAKGCLHYLASVLLTYFINCHKNFTSLLP,36,0.7441
GEN_2493,DHCAKKIAAKHCLHYLACVLLTYFIWAVKTFTDLAP,36,0.7441
GEN_2494,THTAKKPLAKHCLHYLACVLLTYENACLHAKAFATD,36,0.7441
GEN_2495,LHCAKKIVAKHSLHFLADVLLTYFIACLKTCTTLIP,36,0.7441
GEN_2496,THCAKKLVAKHCLHYLACVLLTYVNACLHAFTSLAP,36,0.7441
GEN_2497,THDAKKAAAKHCLHYLACVLLMDFINCLKNFTSLAP,36,0.7441
GEN_2498,THYRKKAHNHAALSTLACLLLICLNGCVKAFTRLPR,36,0.744
GEN_2499,TRFHKKPHYHLCLSNLAVLLLTPVNGCLKAKVTAAG,36,0.744
GEN_2500,THCAKKPLAKHCLKYLACVLVTYFNACLKAKVFAIF,36,0.744
GEN_2501,THCAKKIAAKYSLHYLACVALTYFISALKTFTSLIP,36,0.744
GEN_2502,TVVAKKIAAKHCLHYLACILLTYFNSKLNRKFFAIE,36,0.744
GEN_2503,THCAKKPKAHACLSYLACLLLIINNGCLKAKVFAAH,36,0.744
GEN_2504,THAAMKPKAHACLSFLACLLLIYNNGCLKAKVFAAH,36,0.744
GEN_2505,THCARKPLAKHCLHYLACVLLTDFNLCLKNFTKLIP,36,0.744
GEN_2506,TRCAKKAALPHCLHYLACVNLTYFNSCLKRKGWGIF,36,0.744
GEN_2507,LACAKKIAAKHSLKYLACVLLTYFHACLKTCETLIP,36,0.744
GEN_2508,THCAKKAAAKHPLHYLACVLKTYFNSCWNKKVFAIR,36,0.744
GEN_2509,TRYRKKPHNHASLSTLACVCLTILNGCVKVKVFAAH,36,0.7439
GEN_2510,TRCFWLAKAHACLSMSACLTLIILNETLKACVFYAV,36,0.7439
GEN_2511,THCFKKPKAHACLSYLALLLLICNNGCLKAKVFAAH,36,0.7439
GEN_2512,LRYHRKTKYHACLSNLACVLLTPVNGSVKAAVFAAV,36,0.7439
GEN_2513,LHCAKGLAAKHSLHYLACVLVTYWIACLKKYTTTFP,36,0.7439
GEN_2514,TRCAKKPNKHACFSTLACLLLIFANGQGKTFTKLAV,36,0.7439
GEN_2515,TRYRKKPHTHLCLSNLACLLLYPVNSCVYAKEFAAI,36,0.7439
GEN_2516,THCAAKPIAHAALSYMACILLILNNGCIKTFFKLPK,36,0.7439
GEN_2517,FHMAKSPLAKHELHTLACVLLTYFNLCLKNFTKLIP,36,0.7439
GEN_2518,THCAKRILAKRCLHYLACVLLTYFNACLHAKAFAIP,36,0.7439
GEN_2519,LHCAKKIAAKHSLHYLACALDTYFIACLKTFTSLIP,36,0.7439
GEN_2520,THCAKKPLAKHCLHYIACVLANYFNACLKAKTSLAP,36,0.7439
GEN_2521,TVSLKKIAAKHMLHYLACVLLTYFIACLKTFTSLAP,36,0.7439
GEN_2522,THCAKKPKAHACLSYLACLLLTPVNGCVKAKVFPVV,36,0.7438
GEN_2523,TRYAKKPKAHACLSYLACLLLTPVNGCVKAKVFPAV,36,0.7438
GEN_2524,THCAAKPKAHAALSFMACVLLTYLNGCVKAKVFAVP,36,0.7438
GEN_2525,THAAKKPWAKHCLHYIACVLLTFVNCGVKAKVFAVL,36,0.7438
GEN_2526,THCAKKIAAKHCLHYLACQLLTYFNACLKAKVFAIF,36,0.7438
GEN_2527,LHCAKKIAARHSLWYLANVLLTYFIACLKSYTTLIP,36,0.7438
GEN_2528,AHCARKIAAKNSIHWAMCVLLTYFQSCLKAHVFAIF,36,0.7438
GEN_2529,THCAKKPLAHLALSYMACILLILSNGCIKTFFKLPK,36,0.7438
GEN_2530,THAAKKIMGKHCLHYLACVLLTYFNACLQTKVFAIH,36,0.7438
GEN_2531,TSCVFKILAKHCLHYLAYILLTYMRATLHAKAFLAP,36,0.7438
GEN_2532,WRLWYKPKAHACLSTLACLLLIILNPCVKAKVFLAL,36,0.7437
GEN_2533,TRCAKKPKAHACLCTLALLLLIILNETLKSDTFLPK,36,0.7437
GEN_2534,THYAKKILAKHCLHYLACVVATYKNACLKTYTSLKP,36,0.7437
GEN_2535,THCAKKVLAKHCLHYLACVILTYWNLCCKNFTKVIP,36,0.7437
GEN_2536,THCAKKIRVKQCLHYLANVLLTYFNDCLFAKAFAIP,36,0.7437
GEN_2537,LMCAKKGAAKHSLHYIACGLLTYWIACLKFYTTNFG,36,0.7437
GEN_2538,THCAKKPKAHACLSNLACVLLTYLNGCVKAKVFAVP,36,0.7437
GEN_2539,THCAKKIAANHCIHYLACVLLTYFNACLKTQTSALP,36,0.7437
GEN_2540,THSAKKIAAIECLHYLACSLLTYFIADLKTFTSLLP,36,0.7437
GEN_2541,NHCAKKAAAKGSLHYLACVLLTYFGNCLKNFVSIAP,36,0.7437
GEN_2542,TTCAAKPHAHACLSYLACVLLTYLQYIVKAKVFAVP,36,0.7436
GEN_2543,THCAKKIPAKHCLHYLAAELLTYFRACLHAKAFAVD,36,0.7436
GEN_2544,THCGKKALAKNALHYLACVLLTYFGSCLQRFTLLAP,36,0.7436
GEN_2545,LHSRKKIAVKHSLDYLACVLLTYFVACLKTCTTALF,36,0.7436
GEN_2546,TRYHKKPKYHACLSNLACLLLTPVNGCVKAKVFAAR,36,0.7436
GEN_2547,TRCAAKPDAHACLCTLACLLLIILNETYKTFTFLGK,36,0.7436
GEN_2548,NRCVKKPKAHACLSYFAALLLIINYPCGKTFTKLPH,36,0.7436
GEN_2549,THCAKKTKAKHCLHDLMCVLLTYFNACLKAHVFALW,36,0.7436
GEN_2550,THCAKKAAAKHCAHYLACVLLTNFINCLHAKAFGIP,36,0.7436
GEN_2551,THCAKKPLAHNLLSFLACVLLTYLNGLVKAVVFAVP,36,0.7435
GEN_2552,FHCAKKPLAKHCLKYLACVLVTYFNACLKAKVFAIF,36,0.7435
GEN_2553,TRCAKKPNKHACFSTLACLLLIFLNGQGKTFTKLAV,36,0.7435
GEN_2554,TRYHKKPKYHACLSNLACLLITPVNGCLKVKVNAMR,36,0.7435
GEN_2555,TRCAKKPNKHACFSCLACLLLVILNGQGKTFTKLEL,36,0.7435
GEN_2556,DRCFWLAKAHHCLSLSACLTLIILFETLKAKVFYAV,36,0.7435
GEN_2557,LRYHRKTKYHACLSNLACLLLTPVNAPVKAHTFLPK,36,0.7435
GEN_2558,TRCAKKPKAHACLCTLACLLLIILNETYKAKVFAAP,36,0.7435
GEN_2559,WRLWYKPKAHACLSTLACLLLIILNPCNKTFTKCAV,36,0.7434
GEN_2560,THCAKKPDAHACLSYLACLLLIILNETLKTFTKLPK,36,0.7434
GEN_2561,TRCAARPKAHGCLSYMACILLILNNGCIKTFSKLPK,36,0.7434
GEN_2562,THCAKKIAVKLCLHYLACVLLTYFNMCLHIKAFAIP,36,0.7434
GEN_2563,LHCARKIAARHELHYSACVLLTYCGFALKTFTSAIP,36,0.7434
GEN_2564,THCAKKPKAHACLSYLACLLLIINNGCLKAKIFAAR,36,0.7434
GEN_2565,TRCAKKPNKHACFSTLACLLLIILNGQGKTGTKLAL,36,0.7434
GEN_2566,THCAKKPKAHACLSNLACLLLTPVNGCVKAKVFAAV,36,0.7434
GEN_2567,THCARKPKAHACLCTLACALLIILNQTYKTFTFLPK,36,0.7434
GEN_2568,THDAKKAEAKHCLHYLALVLLTYFNACLKTFTIAIK,36,0.7434
GEN_2569,FRSAKKPLAKHCLHYIACVLVYYFNACLKAKFFALF,36,0.7434
GEN_2570,LHCAFKLVAKHCLHYLAYVDLTYFNSMLKATVFASF,36,0.7434
GEN_2571,TRYHKYPKYHACLSNLACLLLTILNGCVKAKVFAAP,36,0.7434
GEN_2572,TRCARKPKAHACLSYLACLLLTSNNGVVKAKVFAPR,36,0.7434
GEN_2573,THCAAKPHATACLSYLACVLLTYLNGCVKAKVFAAH,36,0.7434
GEN_2574,TTCARKIAAKHCLHYLASVLLTYFIWGVKTFTLEAP,36,0.7434
GEN_2575,AVCAKKKAAKHSLHYLACVLLTYFNLCLKAWVFQAF,36,0.7434
GEN_2576,TRCAKKIAAKHCLHYLACVLLTYFIGQLKTFTYAAQ,36,0.7434
GEN_2577,TRCAKKPNKHACFSNLACLLVIILNGCVKAFTRAAV,36,0.7433
GEN_2578,THCAKKPLAKACLSYLACVLLTYWNACVHAKVFAAK,36,0.7433
GEN_2579,THCAKKPKAHAVLSYLACLLLTPVNGCVKAKVFPAV,36,0.7433
GEN_2580,TRCAKKPLAHACLSYLACVLLNYLNGCVKAKVFAVP,36,0.7433
GEN_2581,LHCARKIAAKHSAHYLACVLATYFIACLKTFTSGVP,36,0.7433
GEN_2582,TRCAKKPKAHACLSTLACLLLIILNGTVKAFTRLPR,36,0.7433
GEN_2583,TRYHKKPKYHACLSNLACALLTPVNGCLKTFTTLPK,36,0.7433
GEN_2584,TRCAKKPKAHAELCTLACVLLTYFNACLHAKLFAAK,36,0.7433
GEN_2585,THCAKKPTAKHCLHYLALVLRTFFNACRHAKLFAAD,36,0.7433
GEN_2586,LHCAKKIDAKHSLHYLACVLVTYWIACLKTFHSLAP,36,0.7433
GEN_2587,LLHAKKIAAKHSTHYLACVLLTYFIACLKTITWLRY,36,0.7433
GEN_2588,TRCAKSSKAHACLSTLACFWIIILNETLKAIVFAAV,36,0.7432
GEN_2589,THCAHKPHAHTDLSYLACLLLTCLNGCYKAKVFAAP,36,0.7432
GEN_2590,THCAAKPKAHAALSYMACILLILFNGCVKAKVFAVR,36,0.7432
GEN_2591,LHCAKKIAAKHSLRYLACVLLTYWIACLKTFTSLFP,36,0.7432
GEN_2592,TRCAKKPNKHACFSTLACHLLIILNGCLKYKVSAAR,36,0.7432
GEN_2593,TRCAAKPDAHACLCNLACLLLIILNETYKTFTFLGK,36,0.7432
GEN_2594,THCAAKPHAHACVSYLACVLLTYLNGCVKAKVFAVP,36,0.7432
GEN_2595,TRCAKKPKAHACLCTLALLLLIVLNETLKTDTFRPK,36,0.7432
GEN_2596,THCAKKPLAHLALSYMACILLTYFNACLHAKVFAVP,36,0.7432
GEN_2597,THNAKKILAKHCLHYLACVLVTYFNACLKGKVFAPY,36,0.7432
GEN_2598,THCAKKILAKKHLHYLACVLLTYFNKCLHARAFAIP,36,0.7432
GEN_2599,FHCAKKPLAKHCMHYLACVLLTYFNHCLHAKAFAAD,36,0.7432
GEN_2600,LHCAKKGAAKHNLHYLACVHLTYFIACLKTYTTLIP,36,0.7432
GEN_2601,THRAQKYAARHCLHDLACVLLTYFIPCLKTFKSAIF,36,0.7432
GEN_2602,THCFKKPKAHAQLSYLACLLLICNNGCLKGKIFAAH,36,0.7431
GEN_2603,THCAKKPKAHACLCHLACLLLIILNETYKPFTFLPK,36,0.7431
GEN_2604,THCAQKPLKHACLSYLACVLLTYFNACLWAKAFAAK,36,0.7431
GEN_2605,FHCAKKRLAKHCLMYQACVLVTFYNACLKAKVFAIF,36,0.7431
GEN_2606,THCAKKIAAKHSLHYLACVLINYFNLCLKNFTKVAG,36,0.7431
GEN_2607,THCAKKIYAKHCLKYLACVLLNYFIGCLKTFTSAAP,36,0.7431
GEN_2608,THCVKKAAAKHCLRYPACVILTYLINCLKNKVFAIF,36,0.7431
GEN_2609,TKSARKAAAKHMLHYLACVLLTYFIPCLKLKAFAIP,36,0.7431
GEN_2610,THAAKKPKAHACLSYLACLLLTILNGCVKVKVFAAH,36,0.7431
GEN_2611,THCAKKPLAKHCLHALASVLLTYLNGCVKAKVFGVP,36,0.7431
GEN_2612,THCAAKPKLHAALSYMACILLLYFNLCLRAKAFLAK,36,0.7431
GEN_2613,LHCAKKIAAKHSLHYLACVKLTYFIACLKTYTSLIP,36,0.7431
GEN_2614,TVCPKKAALKHYLHYLACVLLHYGINCNKRFYSLAP,36,0.7431
GEN_2615,THCAKKCAAKHCLKYLACVLLTYWINHLNRKVFAVF,36,0.7431
GEN_2616,DRYHRKSKYHACLSNLACLLLTPLNGCVKAIVFAAV,36,0.743
GEN_2617,TVCAKKFLAHACLSYLAAVLLIILNETYKTFTFVPK,36,0.743
GEN_2618,THAAKKPLAKQCLSYLGCVLLTYFNYILHAKAYAVK,36,0.743
GEN_2619,THCAKKPEAKHCLHYLACVYVTYFNACAKRKIFAIF,36,0.743
GEN_2620,THCAKKIAEKHHLHFLACVLLTYFNALLKNFTSLIP,36,0.743
GEN_2621,LHCAKKIAGKHSLHYLAKVLLTYFIACLKTFTSAAG,36,0.743
GEN_2622,DRLVHKPKAHATLSTLNCLLLIILNACLKAKVFHAR,36,0.743
GEN_2623,QRYHKKPKYHACLSNLACLLLTPVNGCVKAKVFAAV,36,0.743
GEN_2624,TRYHKKPKYHACLSNLACLLLTPVNGCVKAKVFLHL,36,0.743
GEN_2625,THCARKPKAHACLSYQACILLIINNGAGKTFTKLPK,36,0.743
GEN_2626,THCAKKKLQKHVLHYLACVLLTYFNACLKTFTILIP,36,0.743
GEN_2627,THCAKKPLVKHCLHYIACVLVTYFNACLKAKVFAIF,36,0.743
GEN_2628,LRYHRKTKYHACLSNLACLLLTPVNGCVKAKVFPAD,36,0.7429
GEN_2629,TRYHKKPHYHACLSTPACLLLTIANGCVKAKKFAAP,36,0.7429
GEN_2630,TRYHFKPKYHACLSNLACLLLTPVQGCLKAAYFAAV,36,0.7429
GEN_2631,THCAKKPLAHLALSYMACILLILNNGCIKTFFKLPK,36,0.7429
GEN_2632,TQCAKKIAVKHCLKYLACVLLTYFNACLHAKAFAIP,36,0.7429
GEN_2633,TMCAKKAHAKNCLHYLACVLITYFNSCLQRKVFNIV,36,0.7429
GEN_2634,LHCAKKIAAKKSLHYLACVLVMYFIACLKTFHSLAP,36,0.7429
GEN_2635,TVCAKKAAAKNCLRYLACVLLTYFNSCLHRKVVAIF,36,0.7429
GEN_2636,THCAKKPKAHACLSFLACVLLIIENGCLKAKVFAAR,36,0.7428
GEN_2637,LHCAKRILAKHCLHYLACALLTYFNLCLKSKAFGIP,36,0.7428
GEN_2638,TVVAKKIAAKHCLHYLACILLTYFNSKLNRKYFAIE,36,0.7428
GEN_2639,TKCARKAAAKHELCYLACLLLTYFQSTLKRNLFAIP,36,0.7428
GEN_2640,TRYHKKPHYHACLSTPACLLLTILNKCKKAYVFAAP,36,0.7428
GEN_2641,THCAKKPLKHQCLSYLACVLLTYLRGKVVAKVFAVP,36,0.7428
GEN_2642,IHCAARPKAHACLSYTACVLLTYFNACLHAKAFAAK,36,0.7428
GEN_2643,THCAKKPLAHHFLSYLACVLLTYLNGCVKAKVFAIG,36,0.7428
GEN_2644,THCAKKILAKHCLHYLACVLLTFLNGCVKAKVFAHK,36,0.7428
GEN_2645,THCAKKALAKHCLHYLACVLLSYFNACGHAKAFAPE,36,0.7428
GEN_2646,THCAKKLLAWHNLHGLACVLLTYFNACLKTFTKLIP,36,0.7428
GEN_2647,TRCAHKPNKHACFSTLACLLLIILNVKGKTFTKIPK,36,0.7427
GEN_2648,TRCAAKPHAHLALSYMAIILLILNNGCIKTFFKLPK,36,0.7427
GEN_2649,DRCWKKPKAHACLSTLACVLLTYFNACVHAKVFALK,36,0.7427
GEN_2650,TRCAKKPKAHACLSYLACLLLIINNGCLKAKVCAAH,36,0.7427
GEN_2651,TRYRKKPHNHANLSNLACLLLTILNGCVKAFTKLAV,36,0.7427
GEN_2652,TRCAKKPKAHACLCTLACLLLIIINETYKTFTKLPK,36,0.7427
GEN_2653,THCAAKPHAHACVSYLACALLTYLNGCVGAKVFAVP,36,0.7427
GEN_2654,TRYHKKPNYHACLSTPACLLLTIANLCVKAKVYHGI,36,0.7427
GEN_2655,THCAKYAKAKHCLHYLACVLLSGFNAFLYAKANAVP,36,0.7427
GEN_2656,THSAKKAAAKHCLHYEACVLLTYLINCFKNFTSLAP,36,0.7427
GEN_2657,SHCAKKAQAKHCLHYLACVLLTYFNSCINRKVFWIF,36,0.7427
GEN_2658,THCAKKPLAHACLSYIACVLNTYLNGCLKGKIFAAK,36,0.7427
GEN_2659,TRYAKKPKAYACLCTLACLLLFILNETYKSFTFAAD,36,0.7427
GEN_2660,THCAKRIAARHCVHYLAAVLLTYFNACLKLFTSLIP,36,0.7427
GEN_2661,QHCHKKIAAKHCLAYRACVLLTYFIACLKTFTSLAI,36,0.7427
GEN_2662,TRYHKKPHYHACLSTPACLLLTILNGCLKGKIFAAH,36,0.7426
GEN_2663,TTCAARPKAHACLSFMACILLILNNGCAKTWSKLPK,36,0.7426
GEN_2664,THCAKRINAKHCLHYMACVLLTYFNACLKTFTKLIP,36,0.7426
GEN_2665,THWAKKPLAKHCLHYLACVLLTYFNACLKTFTKLIP,36,0.7426
GEN_2666,THSAKKIAAKHCLHYLACVLLTYFITCEKTFTSLAP,36,0.7426
GEN_2667,TRYRKKPHNHACLSTLACLLLIILNGCVKAFSRLPR,36,0.7426
GEN_2668,NHCAKKPKAHACLNYLACLLLIINNGCLKAKVFALK,36,0.7426
GEN_2669,LRCAKKPQAHACLCTLACLLLIILNETYRTFTFLPK,36,0.7426
GEN_2670,THCAEKPLAHACLSYLACVLLTYFNAFVHAKCFAAG,36,0.7426
GEN_2671,THCAKKNLAKHVLHYLACVLLTYFNACYKTFTKLIP,36,0.7426
GEN_2672,YHCAAKPLAKHCLHYLACILLTYFNRCLKAKVFDIF,36,0.7426
GEN_2673,TRCAKSSKAHACLSTLACLWIIILNETLKAIVFAAV,36,0.7425
GEN_2674,TRCAHKPNKHACFSTLACLLLIILNVKGKTFTKNPK,36,0.7425
GEN_2675,CRCAKNPNKHASFSNLACLLLIILRGQGKTYTKLHL,36,0.7425
GEN_2676,TRYRKKRHNHACLSNLACLLLTPVNGCVKAKVFAAR,36,0.7425
GEN_2677,TRYHKKPKYHACLSYLACLLLTLVNGCVKAKVFAAD,36,0.7425
GEN_2678,TRYHKKPKYHACLSNLACLLLTPVNGSVKAKVFPAV,36,0.7425
GEN_2679,THCFKKPKAHACLSYLALLLLIINNGCGKTFTKLPK,36,0.7425
GEN_2680,THCSKKPLAHACLSYLACVLLTYLNGCVKDKVFAVP,36,0.7425
GEN_2681,IHCAAKPHAHAKLSYLACVLLNYLNGCVHAKVFAIP,36,0.7425
GEN_2682,TVCAKKLVAKHRLHYLACVLLSYFNASLKNFTSALP,36,0.7425
GEN_2683,THCDKKASAKHFLHYLACVLLTYFNSCLNRKVKAIF,36,0.7425
GEN_2684,TRYRKTPHNHACLSTLACLCLTIFNGCVKAKVFAAH,36,0.7425
GEN_2685,TRYHKKAHNHACLSTLACLLLICNNGCLKGKIFAAH,36,0.7425
GEN_2686,THCAKKILAKHCLHYLANVLLNYISACMKAKPKAAD,36,0.7425
GEN_2687,GHCAKKIAAKHCLHYLAIVILTYFDLKLKTNTLLIP,36,0.7425
GEN_2688,TRCAHKPNKHACFSTLACLWIIILNETLKAIVFAAV,36,0.7424
GEN_2689,TRCFWLAKAHACLSMSACLTLIILNHTLKAKVFYAV,36,0.7424
GEN_2690,THCAKKIAAKHRLHYLACVLLTYFIACLKTFTNWIP,36,0.7424
GEN_2691,TECAQKTAAKHSLRYLACVLLTYWNSCLKQTVFALF,36,0.7424
GEN_2692,TRYHKKPKYHASLSNLACLLLTPVNGCVKAKVFAAR,36,0.7424
GEN_2693,TRYHKKPKYHACLSYLACLLLTLVNGCVKAKVFLAD,36,0.7424
GEN_2694,THCAKNPLAKRCLHYLAYVLLTYNGASLKTYTKLIP,36,0.7424
GEN_2695,THCAKKIAAKHCLHHLACVLLTWFIACLKTFTSLRP,36,0.7424
GEN_2696,FHCAKKPAAKHCAHYIAAVLVTYFNACLKAKVFANF,36,0.7424
GEN_2697,THCAKKPKAHACLSYLACLLLTCLQGCVKAKVFAAP,36,0.7423
GEN_2698,NHCAKKVANKHCLHYLACLLVTYFNACMRTWTKLIP,36,0.7423
GEN_2699,TDCAKKILAKHCLHYLACVALTYFRACLKAKAHAAD,36,0.7423
GEN_2700,THCAKKAAAKHCLHYLACVLLTYNNSCLKNFTDLIP,36,0.7423
GEN_2701,TRYRKKPHNHACLSTLACLLLTILNGCVKAKVFAPR,36,0.7423
GEN_2702,TRYHKYPKYHACLSNLACLTLTILNGCVKAYSKLPK,36,0.7423
GEN_2703,FHCAKKPLAKHFLHYGACVLVTYFNACLKAKVFAMF,36,0.7423
GEN_2704,THCVWKPKAHAHLSYLACLYLIICNGCLKAKIFAAR,36,0.7422
GEN_2705,TRYHKKPHYHACLSTPACLLLTILNGCVKAFTKLAV,36,0.7422
GEN_2706,TRCAKKPKAHACLSTLACASLRILNTHLKAMVFAAT,36,0.7422
GEN_2707,THCAAKLKMHACLSYLACLLLAILNQTYKTSTFLPK,36,0.7422
GEN_2708,THCARKILAKHHLHYLACVLLTYFNACIHFKAFAEP,36,0.7422
GEN_2709,THCAKKLQAKGCLHYLACVLLTYWNNCLKTFTSLIP,36,0.7422
GEN_2710,TRHAARPKAHACLSYTACILLLLNNGCIHAKAFAAD,36,0.7422
GEN_2711,THCAKKAQAKHSLHFLALVLLTYFNACLHAKEFAAD,36,0.7422
GEN_2712,THCLKKIAAKHCLHYLACSLVTYCIGCLKAFTNPAP,36,0.7422
GEN_2713,THCAKNIAAKHFLHYLASVLLTYFNSCLNRKVYAIF,36,0.7422
GEN_2714,TRYRKKPHNHACLSNLACLLLVPVNGCLKAKVFAAH,36,0.7421
GEN_2715,THCAKKPKAHACLSYLACLLLTCLNGKVRAKVFAAP,36,0.7421
GEN_2716,THCAKKAAAKHCLHYLAAVLLTYFNSGLKRKVHAIF,36,0.7421
GEN_2717,THCAKKAAAKHYAHYLECVLLTYFINCLKNFTSLIP,36,0.7421
GEN_2718,LECAKKIAAKHWLHYLACILLTYFIACLKTYTTQIP,36,0.7421
GEN_2719,WRCFWLAKAHACLSMSACLTLIILNETLKAKVFYAV,36,0.7421
GEN_2720,LRCEKKPQAHACLCTLACLLLFILNETYKTFTKLPK,36,0.7421
GEN_2721,SRYRKKPHYHGCLTTPACLLLTIANACLKAKVFAVP,36,0.7421
GEN_2722,THAAKKILAHANLSYLACVLLTYLNGCAKAKVFAVP,36,0.7421
GEN_2723,THCSKKPLAKHVLHYLACVLLTYFNACYKTFTKLIP,36,0.7421
GEN_2724,THCARKPHAHLFLSYLACVLLTYLNGCVKAKVFAIP,36,0.742
GEN_2725,THCAKKPLAKHCLKYLACVLLTYFNALLKAKVFAIF,36,0.742
GEN_2726,VHCAKKIAAKHCLHYGACVLVTYFIWCLKTFTSLAP,36,0.742
GEN_2727,THCAKKIAAKHCLHYLACVLLTWFRACLKRCETLAP,36,0.742
GEN_2728,TRCAKKDAKKLCLYDLACVLLTYFNSCLNRKAFALF,36,0.742
GEN_2729,THCAKKAGMKHSLHYLACVLLTYFNSCLHRTVFALF,36,0.742
GEN_2730,TRYAKKPKAYACLSYLACLYLTPVNPCVKAKGFPAK,36,0.742
GEN_2731,THCAKKPLAHACLSYTACILLLLNNGCIKTFVKLPK,36,0.742
GEN_2732,THCAKNPLAKRCLHYLACVLLTWFNACLKEFTKLIP,36,0.742
GEN_2733,THCAMRILAKHCGHYLACVLLNWFNACLKAKVFKLF,36,0.742
GEN_2734,THCLKKIAAKHSLHYLACILLSYPNVDLKTFTNLIP,36,0.742
GEN_2735,THCAKKPKAHACLSYLACLLLIINNGCLKAKVFAAR,36,0.742
GEN_2736,TRYHKKPKYHACLSNLACLLITPVNGCVKAKVFAAV,36,0.742
GEN_2737,TRCAKKPNKHACLSYLACLLLIINNGCVKVKVFAAH,36,0.742
GEN_2738,TRYHKKPKYHACLSNLACLLLTPVNGCLKAKVFEAH,36,0.742
GEN_2739,TRYHKKPKYHACLSNLACLLLTPVNGCLKAKETAAG,36,0.742
GEN_2740,TRCAKKPKAHACLCTLACLALIILNETFKTFTFLPK,36,0.742
GEN_2741,THCAHKPDVKHCLRYIACVLLTYLNGCISAKAFAAK,36,0.742
GEN_2742,TKCNKKVAAKHCIHYLACVLLTYFINCLKNFFSLIP,36,0.742
GEN_2743,VHPAKKIAAKHHLHYLACVLVTYWIACLKHFTSLFP,36,0.742
GEN_2744,THCAQKLVAKHCLTYLACVLLTYFNSCLKAKVFLAP,36,0.742
GEN_2745,THCAWKAAAKHVLHYLACVLLTYFIYCLNRKAFQIF,36,0.742
GEN_2746,PRCAKKPNKHACLSNLACLLLTILNGCVKAFTKVAH,36,0.7419
GEN_2747,THCAKKPKAHACLSYMACILLIINNGCGKTFTKLPK,36,0.7419
GEN_2748,NHCAKEPKAHACLSYLACLLLTPVNGCVKAKYWPAV,36,0.7419
GEN_2749,THCAAKPKAHAALSYMACILLILFNGCAKARVFAWP,36,0.7419
GEN_2750,LHCAKKIAAKHSLKYLACVLLTYYIACLKTFTSLDD,36,0.7419
GEN_2751,TRCAKKPKAHACISTLACHLLIILNGNLKAMVFAAV,36,0.7419
GEN_2752,TRFHKKPHYFACLSTPACLLVSILDGCVKAKVFAAP,36,0.7419
GEN_2753,LRYHRKTKYHACLSNLACLLATPVNGCVKAIVFLAD,36,0.7419
GEN_2754,THCAKKPLGKVCLHYLAFVLLTYFNACVKAHIFAPR,36,0.7419
GEN_2755,NHCAAKPHAHLALSYMACILLILNNGCIKTKVFAVP,36,0.7419
GEN_2756,THCAKRILAKHCLHYMACVLLTYFNACLITMSKLIP,36,0.7419
GEN_2757,TSMVFKILAKHCLHYLACILLTYMRATLHWKAFAAD,36,0.7419
GEN_2758,THCAKKIAAKHCLMYLACVLLTYFSNCLKNFTSELP,36,0.7419
GEN_2759,THCAAKPKAHAAMSFMACIFLILNNGCIKTKIFAAH,36,0.7418
GEN_2760,THCAKKPLAKHAYHYLACVLNTWLNVCLKNFTKLIP,36,0.7418
GEN_2761,THCAKKILAKHCLHYLACNLYTWFNACLKAKVWALF,36,0.7418
GEN_2762,THCAKKHAAKHCLRYLACVLLTYFINCLKTFTSWIP,36,0.7418
GEN_2763,THCAKKIAAHHCLHYLACVLLTYFIQCLKTFTWLIY,36,0.7418
GEN_2764,NMCAKKIATKHCLHKLACNLLTFFNLCLKNFTKLRP,36,0.7418
GEN_2765,TRAAKKPKAHACLCTLLCLLLIILNRTYKTYSKLPK,36,0.7418
GEN_2766,THCAKKPKAHACLSYLACLLLTPVNGCVNAKVFPAW,36,0.7418
GEN_2767,THCAARIKWHANLSYLACFLLHYWNACVKAKTFAAK,36,0.7418
GEN_2768,THCAAAPKAHACLSYMACILLILNNGCIKTFTKLPK,36,0.7418
GEN_2769,WHCAKKPLAKHCLHYLACVLLTYFNICLRDKAFALP,36,0.7418
GEN_2770,THCVKKIAAKHCLHYLACVLLKYFINSLKTFTSVSP,36,0.7418
GEN_2771,LHCAKKIAAKHCLHDLACVWLTYFINCLKNFTDILP,36,0.7418
GEN_2772,DHCAKKKAAKRSLNYLACVLITHFNSCLKANVFAIF,36,0.7418
GEN_2773,TRYHKKPKYHACLSNLACLLLTILNGCVKAKVFAAP,36,0.7417
GEN_2774,THCAKKPKAHACLSYMACILLILNNGCIKTFTKLPK,36,0.7417
GEN_2775,THCAARPLAHACLSYMACILLILNNGCIKAAVFAAV,36,0.7417
GEN_2776,THCAKKPLAKRCLHYLACVLLTWFNACAKTFTKIAR,36,0.7417
GEN_2777,THCAKKPLAKRCLHYLACVLLTYFNMCLHAKAFATD,36,0.7417
GEN_2778,LHCAKKCAAKHSLHYLAEFLLTYVIGCLSRKVFAIF,36,0.7417
GEN_2779,THCAKKIKAKHCLHYLACVLLTYFIACLKTTTSLAP,36,0.7417
GEN_2780,FDCARKIAAKHCLHHLACVLLTNFNSCLNKGVFAIT,36,0.7417
GEN_2781,LRKASKIAAKHSVHYLACVLLTTFIAWLKFESTNFP,36,0.7417
GEN_2782,TRYHKKPKYHACLYNLACLLLTPVNGCVKAKVFLKL,36,0.7417
GEN_2783,THCAKKPKAHACLYNLACLLLTCLNGCVKAKVFAAH,36,0.7417
GEN_2784,THCAKKPLGKVCLHYLAFVLITYFNACLHIEAYALD,36,0.7417
GEN_2785,THCAKKPLAKKTLHYLACALLTYFNAALDTFTKLHD,36,0.7417
GEN_2786,WRCFWLAKAHASFSNLACLLLIILRGQGKTYTKLHL,36,0.7416
GEN_2787,TICFKKPKAHACLSYLAALLLICNNPCVKAKVFAAH,36,0.7416
GEN_2788,THCAKKPKAHACLSYLAYLLLTCLNGCVKAKVFAVP,36,0.7416
GEN_2789,ARCAKRPLAHACLSYLAAVLLTYLNGCVKAKVFAVP,36,0.7416
GEN_2790,THCAAKPKAHNCLSNLACVLLTYFNACLHAKAFAAK,36,0.7416
GEN_2791,THCAKRILQKTCLHYLACVLLAYFNAELHAKTPLIP,36,0.7416
GEN_2792,TNCAWKPLAKHCLHYLASVLLTFLNGCVKAKVFAVP,36,0.7416
GEN_2793,LHCAKKIAAKHSLHYLAKVALTYFIACLKDFTTLAP,36,0.7416
GEN_2794,THCAKKWHAMACLSYLACLLLVLNNPCPKAKIFAAR,36,0.7416
GEN_2795,TRCAAKPKAHACLCTLACLLLVILNFQGKTFTKLEL,36,0.7416
GEN_2796,THCAKKPKAHACLSNLACLLLTPVNGCVKAKMDIAL,36,0.7416
GEN_2797,TRCAAKPKAHACLCTAACLLLIILNETYKTFTFLPK,36,0.7416
GEN_2798,THCAAWPKAHAALSYMACILLILNNGCVKAKVFAVP,36,0.7416
GEN_2799,THCAKKILAKHHLHYMLCVLLTYFNACLHAKAEAIP,36,0.7416
GEN_2800,THCAKKGLAKRCLHWCACLLLNYFNACLHAAAFAAD,36,0.7416
GEN_2801,FHCAKHPLAKHCLHYLACFLVTYFNYCLKAKAFAIP,36,0.7416
GEN_2802,THCAKKAAAKHCLHYLACVLLTYFGSCLQGFTLLAP,36,0.7416
GEN_2803,LHCAKKAAAKNCLHYLACVLLNMFGSCLQRWDALAA,36,0.7416
GEN_2804,TRYHKKPKYHACLSNLACLLLTPVNGCVKAFSKLAV,36,0.7415
GEN_2805,TRCAKRPNKHACMSTLACLLLTISNTCVKVKVFAAH,36,0.7415
GEN_2806,TRCAKKPKAHACLSTLACASLRILNTHLKAMVFAAW,36,0.7415
GEN_2807,NHDLKKIIAKHCLHYLACLLLTYFNACLRTVTKLIP,36,0.7415
GEN_2808,TVCAKKIAAKHCDHYLACVLVTYFIACLKTFHSLAP,36,0.7415
GEN_2809,FHCAKKPKAKHCLHYLACVLLTYFIACLKTFTSLAP,36,0.7415
GEN_2810,TRYRKKPHNHACLSNLACLLLVPVNGCVKAKVFAAR,36,0.7415
GEN_2811,TRCAKKPKAHACLSYMACILLIINNGCGKTFTKLPK,36,0.7415
GEN_2812,TRYHKKPHYHACLSTPACLLLTIANGCVKAKVFHAP,36,0.7415
GEN_2813,THCAKKVAAKHHLHYLACVLVSYFNACLKDFTSLIP,36,0.7415
GEN_2814,THCAKKIAAKHCLHYLACVFVNYNIACLKNFTSLIW,36,0.7415
GEN_2815,LHCAKKWAAKHSLHYFACVLLMYFIACLKTYTTLIP,36,0.7415
GEN_2816,WHCAKKLAAKHHLHYLALVAVTYFIACLKKYNTNFP,36,0.7415
GEN_2817,TRCAAKPHAHLALSYMACILYILNNGCIKTFTKLPK,36,0.7414
GEN_2818,THQAAKPHIHACLSYLACVLLTYLNGCVKAKVFAIP,36,0.7414
GEN_2819,TKCAKKPLKHACLSYLACVLLTYLNGCVKAKVFAGP,36,0.7414
GEN_2820,TSCAKKLVAKHCLHYLACVLLTYFNSCLKAKVFAIF,36,0.7414
GEN_2821,FHCAKKIAAKHSLHYLAFVLLHYTQAFLYAKANAVP,36,0.7414
GEN_2822,NRCVKKPNAHACLSYLACLLLIINNPCGKTFTKLPK,36,0.7414
GEN_2823,TRYAKKPKAYACLSYLACLWLTPVNPCVKAKGFPAK,36,0.7414
GEN_2824,FHCAKKPLAKHCLHYLACVLLDWFRACLMAKAFAGD,36,0.7414
GEN_2825,THCAKKIVAKHCLHYLAIVLVRYFNACLKAKVFAIG,36,0.7413
GEN_2826,THCAKRILAKHCAHYLACVLLAYFNACLHAKAFAGD,36,0.7413
GEN_2827,GHCAKKPVAKHCLHYLACVLLTWFNACLKTWTSVKP,36,0.7413
GEN_2828,THCAKKLVAKHCLHGLACVLLTYFNACVHAKAFAIP,36,0.7413
GEN_2829,THSAKKAAAKHRLHQLASVLLTYFINCLHAKAFAIY,36,0.7413
GEN_2830,TRCAKKPKAHACLSTLACLLLIILNGCVKAFTRLPR,36,0.7413
GEN_2831,THCAKKPKAHACLCTLACVLLIILNQTYKTFTFAAK,36,0.7413
GEN_2832,KHCTLKALAKHSIHYAACVLLTYLNGCVKAKVFAVP,36,0.7413
GEN_2833,THCGEKIKAKHCLKYLACVLITYFNACLKAHYFAVF,36,0.7413
GEN_2834,TDYHKKPKYHACLSNLACLLLTPVNGCVKAKVFAAL,36,0.7413
GEN_2835,THCAKKPLAHHCLSYLACVLLTYFNLRVHAKVFAVK,36,0.7413
GEN_2836,THCAAKPHAHACLSYLACVLLTYNNGSIKTFFKLPK,36,0.7413
GEN_2837,THCAKRILAKHCLHRLACVLLTYFNACPHGKAFAIG,36,0.7413
GEN_2838,TVSARKAAAKHCLHYLANVLLTYFINCLKNFHSLIE,36,0.7413
GEN_2839,TVCAKKIAMKHCLHYTACVLSTYFNRCLKRKGWGIF,36,0.7413
GEN_2840,LHTAKKIAAKHSLHYLAWVLLTYRIACLKTCTTLIP,36,0.7413
GEN_2841,FHCAKKIRAKHSLKYLACVLITYFNSCLKATAFALF,36,0.7413
GEN_2842,TRCAKKPNKHACFSTLACLLLIILNGQGKTFTKLAL,36,0.7412
GEN_2843,PRCAKKPNKHACLSNLACLLLTIVNVCVKAFTKAAV,36,0.7412
GEN_2844,TPCAKKILAKHHLHYLACVNLTYFNACLQATGFAIP,36,0.7412
GEN_2845,LHCPRKIAAKHSLHYLADVLLGYFFACLKTFTSLIP,36,0.7412
GEN_2846,THCGKKILAKHCAHYLACVLVTYFNACLKTFTKAAD,36,0.7412
GEN_2847,THCAKKIAAKHSLRYLACLLLTYFIGCLKTFTSAAP,36,0.7412
GEN_2848,TVCAKKIAADHMLRYLACVLLTYFNACLKTFTSLAL,36,0.7412
GEN_2849,TRCFWLAKAHACLSMSACLTLIILNETLKAKVFYAV,36,0.7412
GEN_2850,TRYHKKPHYHACLSTPACLLLTILNGCAKTFPKLPK,36,0.7412
GEN_2851,THCAKKIAVKGCLHYLACVLLTYFNLCLKNFTKLIP,36,0.7412
GEN_2852,NHCAKKIAAKKSLHYLACVLLTYFIWCQKTFTLLAP,36,0.7412
GEN_2853,LHCAKKILAKHSPHYLACVWLTYWIACLKWCTTALF,36,0.7412
GEN_2854,THCAKKPKAHATLSYQACLLLIINNGALHAKCFAAR,36,0.7411
GEN_2855,TSAAKKELAHACLSYLACVLLTYLQGCVKAKVFAVA,36,0.7411
GEN_2856,THCAKKPKAHASLSYAACLLLIILNQTYKTSTFLPR,36,0.7411
GEN_2857,TRYAKKPKAYACLSYLACLWLTPTNPCVKARGFLAK,36,0.7411
GEN_2858,TRHAARQHAHACLSYTACILLLLNNGCIKTFPKLPK,36,0.7411
GEN_2859,THCAAKIHAHACLSYLACVLLTYLNGCVKAKVFAIP,36,0.7411
GEN_2860,THCAKKLVAGHCLHYMAAVLVTYFNACLKTFTNAAP,36,0.7411
GEN_2861,AHCAKKIAAKHSLHYLACVLLNYFHACSKSCTTLIP,36,0.7411
GEN_2862,TAYAKKAAAKHCLHYLACVRLTYFITCLNRKDFAIY,36,0.7411
GEN_2863,TKYHKKPKYHACLSNLACLLLTPVNGCVKAKVFAAV,36,0.7411
GEN_2864,NRCALKPKAHACWCTLACLLLNIHNETYKTFTFLPK,36,0.7411
GEN_2865,THCAKKALAKHCLSYLACVFLTYFNACLKTKTKLAR,36,0.7411
GEN_2866,THCAKKPLAKRCLHYLACVLLTWFNACAKTFTKLAR,36,0.7411
GEN_2867,THCARRPLAKHCLHYLAAVLLTYWNLCLKNFTKLTP,36,0.7411
GEN_2868,FACAKKPLAKVCLHYLACVLLTYFNLALKNFTKLIP,36,0.7411
GEN_2869,RHCAKKIAANHCLHYLACVLLTYFKGCLKTFTSAAP,36,0.7411
GEN_2870,SHCAKKIAVKHCLHYLACVLLTYFIACLKTFHSLAP,36,0.7411
GEN_2871,TVFAKKIAAKRALHYLACVLYTYFIACAKTFTSLAP,36,0.7411
GEN_2872,TVCAKKIAAKHCLDYLACVLVTYFNACLKAKVFALF,36,0.7411
GEN_2873,THLAKKPLAKWCLHYLACVLLTYFNACLKTFTKLAR,36,0.741
GEN_2874,ARCAKRPQAHLCLCTLACLGLFILNETYKTFAFAAK,36,0.741
GEN_2875,THCAAKPHAHACLSYLACVLLTFLGGCVKAKAFAAK,36,0.741
GEN_2876,TVCARKIGAKHCLHYAACVLLTYWNLCLKNFTKLIP,36,0.741
GEN_2877,THCAKKIAAKHCLHYLACVLVTYFNACLKAKVFLAP,36,0.741
GEN_2878,LHCAWKIAAKESLHYLACVLLTYFVACLKTYTTFIP,36,0.741
GEN_2879,TKPARKAAGKHCLHYLACVLAGYFINCFHTKADVIP,36,0.741
GEN_2880,THCFKKPKAHACLSYLACLLLILVNGCVKAKVFLAD,36,0.741
GEN_2881,TRYHKHPKYHPCLSNLACLLLTPVNGCLKAKVTAAG,36,0.741
GEN_2882,THCAKKPKAHAYLSYPACLLLKHVNSCVRAKVFDAP,36,0.741
GEN_2883,THCAAKPKAHACLSFLACLLLIYNNLCLKAKIFAAH,36,0.741
GEN_2884,GHCAKKIAAKHCRHYLACVLLTYLIACLKTQTSLIP,36,0.741
GEN_2885,THCAKKPLAKHCLHYLACVLVTYFNACLKAKAFAAD,36,0.741
GEN_2886,FHCAKKPLAKHCLHYLACVLLTYFIKCLKTFTNLIP,36,0.741
GEN_2887,TWYHKKPKYHACLSNLACLLLICNNGCLKAKVFAAH,36,0.7409
GEN_2888,TRYHKKPLKHACLSYLACVLLTYLNGCVKAKVFAVP,36,0.7409
GEN_2889,SHCAAKPHAHNCLSYLACVLLRYLNGCVKAKVFVIP,36,0.7409
GEN_2890,TNCAKKIAAKHALHYLWQYLLVYFAACLKNFTKLIP,36,0.7409
GEN_2891,THCAKKIAAHHSLHYLACVLITYFNAHLKAKTFAIF,36,0.7409
GEN_2892,NHCAWKAAAKHCDHYLACVLLTAFITCLNRKVFAIF,36,0.7409
GEN_2893,SRLVKKPKAHACLSTLACLLLIILNACLKAKVFAAR,36,0.7409
GEN_2894,TRYRKAPHNHACLSTLACLCLTILNGTVKAFTRLPR,36,0.7409
GEN_2895,THCSKKPLAHACLSYLACVLLTYLNGNVKLKVFVVP,36,0.7409
GEN_2896,THAAKKVLAKHCLHYLACVLLTYWNKALKTPTSLVP,36,0.7409
GEN_2897,LHCAKKIAAKHSLHYLAEVLLTYFIACLKTFTSLIP,36,0.7409
GEN_2898,SRLDQKPKAHACLSTLACLLLIFLNACHKAKVFVAR,36,0.7408
GEN_2899,TRCAKKPKAHACLSYLACLLLIINNGCLKAKVCAAR,36,0.7408
GEN_2900,TRYHKKPKYHVCLSYLACLLLTLVNGCVKAKVFAAD,36,0.7408
GEN_2901,TRYHKHPKYHACLSNIACLLLTGVNGCVKAKVFAAH,36,0.7408
GEN_2902,TRCAKFPKAWACLCMLACLLLIILNENYKTWTKLPK,36,0.7408
GEN_2903,THCAKKPLKHACLSYLALVLLTYWNACVHAKVFAAR,36,0.7408
GEN_2904,TCCAKKIAAKHTLHYLAEVLLQYFIACLKTTTSLAP,36,0.7408
GEN_2905,IHCAKKAAAKHCLHYLHCVLLTYFINCLKNFTSLAP,36,0.7408
GEN_2906,TKPARKAAAKHCLHYLACKLLTYFINCLYRKVFAIF,36,0.7408
GEN_2907,TVHAKRAAAKHCFHYLACVLLTYWNSCLKRTVMRLF,36,0.7408
GEN_2908,FRCWYKPKAHACLSTLACLLLIILNGCNKTFTKLAV,36,0.7408
GEN_2909,TRYHKKPKYHACLSNLACLLVTILNGCVKAKVFAAP,36,0.7408
GEN_2910,TRYHKKPKYHDCLSNLACLLLTAVNGCVKAKVFAAP,36,0.7408
GEN_2911,THCAKKPKAHACLCTLACVLLIILNQTYKTFTFLPK,36,0.7408
GEN_2912,THLAKKTADKHSLHYLACVLVTYFKPCLKRTVFALF,36,0.7408
GEN_2913,AHCAKKGAAKHCLHYLALVALTYFINSLHAKAFAIF,36,0.7408
GEN_2914,FRCWYKPKAAACLFTLACLQLIILNVKGKTFTKIPK,36,0.7407
GEN_2915,TVCAKKFLAHACLSYLSAVLLTYLNGCVKAKYVAVP,36,0.7407
GEN_2916,THCAKKPLAKHYLRYLGCVLLTYFNACCKTFTWLPK,36,0.7407
GEN_2917,THCAKKILAKHHLHYLASVLLTYLNPCMKAKPKAAD,36,0.7407
GEN_2918,FHCAKKGSAWHCLHIAACVLLTYFRACLHAKAFAGD,36,0.7407
GEN_2919,YHCAKKLAAKHCLHYLACNLLTYFIACLKTWTSLAP,36,0.7407
GEN_2920,THCTKKIAAKHCLHWLACVLITWFIAAQKTFTSLAP,36,0.7407
GEN_2921,LHCAKKIAAKHCLHYIGCVLLTYFINCLKAKAFGIP,36,0.7407
GEN_2922,TRCAKKPNKHACFSNLACLLLIILNGQGKTFTKLAL,36,0.7407
GEN_2923,FHCAKKAHAKRFLHYLACTLLTYFNNSLKTFTSVKP,36,0.7407
GEN_2924,THCAKKPLAHACLSYLACVLLTYLGGCVKAKGFAAK,36,0.7407
GEN_2925,THFAKKIKLKHCLHKLACVIVTYFNACLKAKVFAIF,36,0.7407
GEN_2926,THCAKHIAAKHCLHYLACVLVTYFNACLKAKVFAIF,36,0.7407
GEN_2927,THCAKRILAKHCLHYLACVLLTYFNACLKTFTSLAY,36,0.7407
GEN_2928,LHCAKKAAAKNCLHPLACVLLTYFIAALKEFTSLAP,36,0.7407
GEN_2929,RHCARKAAAKNCLNYLACDLLTYFGTCLQKFTLLAP,36,0.7407
GEN_2930,TRCAKKPKAHACISTLACHLLIILNGNLKAMVFAAW,36,0.7406
GEN_2931,THCAKKPKAHACLSYLACLLLIINNGCQHAKIFAAR,36,0.7406
GEN_2932,THCAAKPKAHAALSYMACILLTYLNGCVKAKVFAVP,36,0.7406
GEN_2933,THCAKKNHAKHCLHWLACVLLTYFNACLKTFTKLAR,36,0.7406
GEN_2934,THCAKKIAAKHCLHYLAIVLLEYFIWCLKTTTSAKP,36,0.7406
GEN_2935,TKCARKAAAKHCLHYLANVRLTYFINCLHLKMFAIP,36,0.7406
GEN_2936,TRCARKPKAHACLCGLACLLLIILNETYKVFTFLPK,36,0.7406
GEN_2937,THCAKKPNAHACLSYLACLLLIIWNPCVKAFTRLPR,36,0.7406
GEN_2938,THCAAKPMAHLALYYMACILLIKNNGCIKAKVFAPR,36,0.7406
GEN_2939,TKCAKKIAAKHCIHYLACELLTYFINCLKTFASLIP,36,0.7406
GEN_2940,THCAKKLVARHALHYLAAVLLTYFNAWLKTFTALIP,36,0.7406
GEN_2941,THSAKKLVAKHCVHQLACVWLTWFNACLHAKAFAIP,36,0.7406
GEN_2942,DHCAKKAARKNCLMYLACVLLTYFRNCLHPKAFAIG,36,0.7406
GEN_2943,TRCFWLAKAHACLSMSACLTLILLNHTLKAKVFYCK,36,0.7405
GEN_2944,TRCAAKPQDHACLCTLACLLLIILNETNKTFTFLAK,36,0.7405
GEN_2945,THCAAKPKAHAALSYMACILLAINNGCGKTFTKLPK,36,0.7405
GEN_2946,CQCAAKPHAHACLSYLACVLITYLNGCVKAKQFAVP,36,0.7405
GEN_2947,TRCAAKAKAHAALSYMVCILLILNNGCIKTFTKLPH,36,0.7405
GEN_2948,THCAKKPLKVAHLSYAACVLLTYLRGAVKAKVFAVP,36,0.7405
GEN_2949,THCAKKAEAKHCLFYLAAVLYTYYNACLKTFTILIP,36,0.7405
GEN_2950,THAFKKILAGHCLHCLACVRLTYYNRCLHAKAFALP,36,0.7405
GEN_2951,THCWKKAAAKHCLHSLACVLLTYFINCLKRKVFAIF,36,0.7405
GEN_2952,SRLVKKPKAHACLSTLACLLLIILNACVKAFTRLPR,36,0.7405
GEN_2953,NACANKPHAHAALSYMASILLTYFNACLHAKAFYLK,36,0.7405
GEN_2954,AHCAKKIAAKHCLHYLACALLTWFINCYKTFTSLIP,36,0.7405
GEN_2955,LHCDMKAAAKHSVHYLLCVLLTYFNWVLKTFTFAAP,36,0.7405
GEN_2956,NHCAKKIAAKHNLHYLACVLLTYFIACLKTFTNLIP,36,0.7405
GEN_2957,THCAKKIAAKHCLHYLACVLLTYFNSCLKADAFPLP,36,0.7405
GEN_2958,FRCWYKPKAAACLYTLACHLLIILNGNLKAKVFAAV,36,0.7405
GEN_2959,NRCALKNKAHACLCTLACLLLNIHNETYKTFTFLPK,36,0.7405
GEN_2960,TRYHKKPHYHACLSTPACLLLGILNGCVKAKVDAIP,36,0.7405
GEN_2961,LHCAKKIAAKHSLEYAACVLLTYFIACLKTFTSLIP,36,0.7405
GEN_2962,THCAKKPKAHACLCTLACLLLIIANETYKTFTKLPK,36,0.7404
GEN_2963,THCAAKPKAHAKLSYMACILLIINNGSGKTFTKLPK,36,0.7404
GEN_2964,THCAAKPKAHAALSYMLLILLMLNNGCIKTGTKLPK,36,0.7404
GEN_2965,THAAKKPLAKHCLHYLACVLLTYFNSRVRAKVFDAP,36,0.7404
GEN_2966,THCAKKILAKHCLHYLACALLTYWNHCLKAKTSDVP,36,0.7404
GEN_2967,THCAKKPLAKHCLHYLACTLLEYFNASLKTFTSVKP,36,0.7404
GEN_2968,THCAKKPLAKHCLHYIAAALLTNFNQCLHKKAFAIP,36,0.7404
GEN_2969,THCAKKAAAKHCMGYLACVLLTYFIACTKNFTFLIP,36,0.7404
GEN_2970,TRYHKKPHYHACLSTLACLLLTILNGCVKAKVFAAH,36,0.7404
GEN_2971,TRYRKKPHNHACLSTLACLCLTILNGCVKAKVFAAH,36,0.7404
GEN_2972,FYCWYKPKAAACAYTLACHLLIILNGNLKAKNFAAV,36,0.7404
GEN_2973,TRCAKKPKAHAKLSTLACASLVILNYCVKAFPRALV,36,0.7404
GEN_2974,LRYHRKTKYHAILSNLACLLLTPVNGCVKAHCWLPR,36,0.7404
GEN_2975,THLAMKKKAHACLSFLACLLLIYNNGCLKAKVFAAH,36,0.7404
GEN_2976,TLCAKKIAAKHSLMYMACVLLSYFIQCLKTFTALLP,36,0.7404
GEN_2977,THCAKKAAAKNCLHYLACVLLTYFSSSLNRKVFAIC,36,0.7404
GEN_2978,THCAKKAAAKHCAHYLACVLLTYFIACLKVFTNLIP,36,0.7404
GEN_2979,LHCAKKAAAKNCLHYGACVLLTYFGSCLCRFTALAP,36,0.7404
GEN_2980,TRCAKKPHAHARLSTLACASLTCLNGCLKGKIDAAM,36,0.7403
GEN_2981,THCAKKPLAKHCLHYLACVLLTYFNSRVRAKVFDAP,36,0.7403
GEN_2982,THCAKKILAKHCLHYLAQVLLTFFNACLKTFTKMIP,36,0.7403
GEN_2983,YHSAKKAAAKHCLHYLACCLITYFGSGLNRFTLLAC,36,0.7403
GEN_2984,TNCAKKAAMKNCLKYIACVLLTYFNTMLNKKVFLIF,36,0.7403
GEN_2985,TRPIKKPHYHACLRRLACIFLIILNGCVKAKVYAAV,36,0.7403
GEN_2986,PRCAKKPNKHACLSNLACLLLTIVNGCVKAFTKVAH,36,0.7403
GEN_2987,THLAMKVKAHACLSFLAHLLFIYNNGCFKAKVFAAH,36,0.7403
GEN_2988,THCAKKPLAHACLSYLACVLLTYLGGCVKAKAFAAK,36,0.7403
GEN_2989,TFCAKKDLAKHCLHYLACVLLTVFNACLHAKKFDGP,36,0.7403
GEN_2990,THCMKKIAAKHCLHYLACVLLTYKIWCAKTYTLLAP,36,0.7403
GEN_2991,TRYRKKPHNHASLSTLACVCLTILNGCVKVKTKLPK,36,0.7402
GEN_2992,THCAKKPKAHAHLSNLACVLLTYFNACVHAKVFAAK,36,0.7402
GEN_2993,THCAAKPHAHACLSYLACLLLIVLNEALKTDTFRPK,36,0.7402
GEN_2994,THCAKKPLAHLALSYMWCILLLLNNGCIRTFPKLPK,36,0.7402
GEN_2995,FHCAKKPLAKHCLHFLANVLLTYFNLCLHNKAFFAD,36,0.7402
GEN_2996,THCATKIGADHCLHYLACVLLTYFIACAKEFTNLIP,36,0.7402
GEN_2997,THCAKKIAAKHCLHGLACVLLTYFNSCLKATVFALL,36,0.7402
GEN_2998,TRCAKKPKAHACLSTLACLLLIILNGTVKAFTKLAV,36,0.7402
GEN_2999,WRLWYKPKAHACLSTLACLLLIILNPCVKAKVFAAV,36,0.7402
GEN_3000,DHCAKKKAAKRSLNYLACVLIKHFNSHLKANVFAIF,36,0.7402
GEN_3001,THIAKKPKAHACLSYIAALLLLCNNGCLKGDHFAAH,36,0.7401
GEN_3002,PHCAAKPKAHAALSWMAAILLILNNHCIKTATRLIK,36,0.7401
GEN_3003,THCIKKIAVKHWVHYLACVLLTYFNACLHKKAFAIP,36,0.7401
GEN_3004,FRCAKKIAAKHSLHYLACVLLNYFQICLNRKVFAIF,36,0.7401
GEN_3005,TRCAKKPNKHACFSTLACLLLIILNVKGKTFTKIPK,36,0.7401
GEN_3006,THCAAKPKAHACLSYMACLLLIINNGCLKAHIFAAR,36,0.7401
GEN_3007,NHCAKKPKAHACLNYLACLLLIINNGCLKAKIFAAR,36,0.7401
GEN_3008,LRYHRKTKYHACLSQLACLLLTPVNGCIKAKVFPAD,36,0.7401
GEN_3009,LRYHRKTKYHACLSNLACLLLTPVNAPYKTFTFLPK,36,0.7401
GEN_3010,LRYHRKTKYKACLSNLACLLLTPVNGCLKAKVFPAV,36,0.7401
GEN_3011,THCAKRILMKHSLHYLACVLLAYFNASLHAKAFAVP,36,0.7401
GEN_3012,LHCAKKIAAKHCLKWLASVLLTYFINCLKAFTSLIP,36,0.7401
GEN_3013,TRYRKKPHNHACLSTLACLLLIILNGCLKAFSRLPR,36,0.74
GEN_3014,TRCAKKPKAHACLSTLACLLLIILNGTVKAFSRLAV,36,0.74
GEN_3015,TRYRKKPHNHANLSTLACVCLTILNGCVKVKTKLPK,36,0.74
GEN_3016,LRYHRKTKYHACLNNLACLLLIPVNAPVKAHTFLPK,36,0.74
GEN_3017,THCAAKPLGNHCLSYLACVTLTYFNAVLHAKAFAAK,36,0.74
GEN_3018,THCAKGFLAHACLSYLAALLLTYLNGCVKAKVFAVP,36,0.74
GEN_3019,THCAKKIVAKHCLHYLACVLLTYFNACLRTFTKCIP,36,0.74
GEN_3020,TECVKKIAAKHCLKYLACVYLTYFVNCLKTFTSLIP,36,0.74
GEN_3021,THCWKKAAAKHCLHYLACVLLTYFNSCLNRKVFAIM,36,0.74
GEN_3022,TRCAKKPKAHACLSTLACLLLIILKGCVKAFTHAAV,36,0.74
GEN_3023,WRCFWKAKAHACLSMSACLWLIILNETLKAKVFYAV,36,0.74
GEN_3024,THCAKKPKAHASLSYVACLLLICNNGCLKGKIIAAH,36,0.74
GEN_3025,THCAKKPLAKHKLHYLACVLLTYFNAPLKTFTKLAH,36,0.74
GEN_3026,THCAKKIAARHCAHYLACVALTYFIRCHKTLTTLIP,36,0.74
GEN_3027,TRCAKKPNKHACFSTLACLLLIILNVKQKTFTKLAV,36,0.7399
GEN_3028,TRYRKKPHYHACLSNLACLLLTPVNGCVKAKVFAAV,36,0.7399
GEN_3029,LRYHRKTKYHACLSQLACLLLTPVNGCVKAKVFPAD,36,0.7399
GEN_3030,THCAKKPKAHACLSYLACFALIILDLCVKTFTRLPR,36,0.7399
GEN_3031,TRYHKKPHAHACCSYMACILLILNNGCIKAKVFAVP,36,0.7399
GEN_3032,THCAKKILAKHCLHYLACPLVTYNNACLKAKAFAAD,36,0.7399
GEN_3033,TVSAKKIAAKHCLHYLGCVLLTYFIACLKTFTSLAC,36,0.7399
GEN_3034,TRYHKKAHYHACLSTPACILLSILNGCVDAKVFGAP,36,0.7399
GEN_3035,KRCAHKPNSHACFSTLACLLLIILNVKGKTFTKIPK,36,0.7399
GEN_3036,TRYRKKPHTHLCLSNLACLVNYPVNSCVRAKVFAAP,36,0.7399
GEN_3037,TGCGKKPLLKHCLHYLACVLLTYMNGCIKAKVFAIK,36,0.7399
GEN_3038,THCAKKILAKHCLHYLACGLLTYFNHCLHAKAFAAD,36,0.7399
GEN_3039,THCAKKILAHHCGHYLACVLINYFNLCLKNFTKVAG,36,0.7399
GEN_3040,THCAKKWAAKHCLHYLAEVLLTYFIACLKTFTSLAY,36,0.7399
GEN_3041,THCAKKPKAHACLSYLACLLLIINNGCVHAKIFANR,36,0.7398
GEN_3042,TRCAKKPNKHACFSTLVCLLLNFLNGQGKTFTKLAV,36,0.7398
GEN_3043,TRCAKKPMARAELCTLACVLLTYFQACLHAKLFAAK,36,0.7398
GEN_3044,TRCAKKTLAKHCLHYLAAVLITYFNACLHAKAFAAD,36,0.7398
GEN_3045,NHCAKKPLAKHCLTYLACVLWTYFSACLKTFTKLAR,36,0.7398
GEN_3046,TRYHKKPHYHACLSTLACLLLTILNGCVKAKVFAPR,36,0.7398
GEN_3047,TWCFKKAKAHACLSYLACVLLICNNCCLKGKLFAAH,36,0.7398
GEN_3048,THCARKPKAHACLCTLACALLIILNQTVKAKVFALP,36,0.7398
GEN_3049,THCAKKPLAKRCLHWLACVLLTYWNACLKTFTKCIP,36,0.7398
GEN_3050,THCADRILAKHCLHYLACVLLTYFNACLKRFYNLDD,36,0.7398
GEN_3051,IHCMKKIAGKNSLHILACLLLNYFIACLKSYTSLIP,36,0.7398
GEN_3052,FRCWYKPKNHACLSTLACLKLIILNGCNKTFSKLAV,36,0.7398
GEN_3053,FHCARKPLAKHCLRYLACVLLTYFNLLLKYFTKLIM,36,0.7398
GEN_3054,THCAKKLVAKRCLEYTACVLLTYFNAALKTFTSVAP,36,0.7398
GEN_3055,YDCAKKPLAKHCLHYLASVHVTYFNAVLKAKVFAIF,36,0.7398
GEN_3056,WRLWYKPKAHACLSTLACLVLIILNPCNKTFTKCAV,36,0.7397
GEN_3057,TRYRKKPHYHACLSNLACLALTPVNGCVKAVVFAAV,36,0.7397
GEN_3058,THCAKKALAKHCLMYLACVLLTYFNANLKTFDHLPK,36,0.7397
GEN_3059,THCAKKPLAKHALHYLACALWTYFNACLPIFTKLHP,36,0.7397
GEN_3060,THCAKKGLAKRCLHWCACLLLNYFNACLHAAASVKP,36,0.7397
GEN_3061,TICAKKIDAKKFLHYLAVVLLTYFIACLKTFTSLAP,36,0.7397
GEN_3062,NHAAKKILAKHCLHYAACVLLTYRNLALKNFTKLIP,36,0.7397
GEN_3063,THCAKKILWKHCLHYLACVLLTYYNACLIARAFKAN,36,0.7397
GEN_3064,FHTAKRTAAKHSLHYLACVLLTWFNSRIKATVFALC,36,0.7397
GEN_3065,THCAAKPIAHAALSYMACILLILNNGMIKTATKLIK,36,0.7397
GEN_3066,TLCAKKPLAKKCPHYLACVLAHYLNYCVKAKLFAVQ,36,0.7397
GEN_3067,THCAKKPLAKHCLKYLACVMLTYFNACLHAKAFAGD,36,0.7397
GEN_3068,TNCAKKPKAHMCLSYLLCLALIINNGCLKAKVFAAR,36,0.7396
GEN_3069,LRTAKKPNKHACFSCLACLLLVILNGQGKTFTKLEL,36,0.7396
GEN_3070,LPCAKKPQAHACLCTLACLLLFILNETYKTFTKLPK,36,0.7396
GEN_3071,THCAKKPKAHAVLSYLACLLLTPVNGCVKAKIGAAI,36,0.7396
GEN_3072,THCAKKPLAKHCLKYLACVLLTYLNGCVKAKVFAVP,36,0.7396
GEN_3073,ARCAKRPQAHLCLCTLACLLLFILNETYGSFTFAAD,36,0.7396
GEN_3074,TRYHKKAHYHACASTPACLLLTILNGSRKAKVFALP,36,0.7396
GEN_3075,THCAKKIAAKHCLHYLACVLLTEFNACLKTFTKLIP,36,0.7396
GEN_3076,THCAKKPLKHACLSFLAPVLLTWLNGCRDAKVFAVP,36,0.7396
GEN_3077,THCAAKPHAHLALSYMACLLLTIANGCVKAKVWAVP,36,0.7396
GEN_3078,TRCAKKPNKHACFSTLACLLLIILNGQGKTFTKLAV,36,0.7395
GEN_3079,TRCAKKPKAHACLCTLACLLLIILNETYKAKVFRAH,36,0.7395
GEN_3080,THCAAKYRAHACLCFLAGLILIYNDLCNHAKVFAAK,36,0.7395
GEN_3081,TTCAKKIAAKHCLHYLACVLLTYFINCLRTFTSLIP,36,0.7395
GEN_3082,TKVAKKIAQKHCLHYLACVLLSYQIWCVKTFTLLAP,36,0.7395
GEN_3083,WRLWYKPKAHACLSTLACLLLIILNPSVKAKVDIAL,36,0.7395
GEN_3084,TRYHKGPHYHACLSTPACLLLRILNKCKKAYVFAAP,36,0.7395
GEN_3085,THCAKNPKAHWCLSYLACLLLIINNGCVKAKVFAPR,36,0.7395
GEN_3086,THCNKPIAAKHCLHYLACILLTYFNSKLNHKVFAIP,36,0.7395
GEN_3087,THCAPKAAAKNCQHFLACVVLTYFINCLKNFTSWAP,36,0.7395
GEN_3088,NRCWKKPKAHVCLSTLACLDLIILNGCVKAFTRLPH,36,0.7394
GEN_3089,THCAQKPKAMATLLYLAILLLIINNGCPKAKIFAAR,36,0.7394
GEN_3090,THCAKKPLAHACLSYLACVLLTYFNVCVHAKFFAAC,36,0.7394
GEN_3091,TRYHKKPHYHACLSTPACLLLTILNGCVKTFTKLKK,36,0.7394
GEN_3092,VRYHKKPLKHACHSYLACVLLTYLNGCHKALVFAVP,36,0.7394
GEN_3093,THCAKKPLAKHCLHYLACVLLTYFNARLEAKAFAIP,36,0.7394
GEN_3094,FRCWYKPKAAACLSTLACLQLIILNGCVKAFTRLPR,36,0.7394
GEN_3095,THCAKKPLAKTSLSYLATVLLTYLNACLHAKAFAAK,36,0.7394
GEN_3096,THCAAKPKAHANLSYLACVLLHYWNACVQAKVFAAK,36,0.7394
GEN_3097,NHCAAKPHARACLSYLACVLLTYLNGCVGAKAFAAK,36,0.7394
GEN_3098,THCAKKFVKKHCLHYLAIVLLTYFNNCHKTFTSLIA,36,0.7394
GEN_3099,THCAKKALAKNCLNYLACVLLTYFGSCLQRFTLLLP,36,0.7393
GEN_3100,THCLKKVAAKQCLHYLACVLLTYFWSVLNRKVDAIF,36,0.7393
GEN_3101,TRCATKPNKHAAFSTLACLLLIILNVKGKTFTRIPK,36,0.7393
GEN_3102,THCVKKPKAHACLNYLACLLLTPANGCVKAKVEPAI,36,0.7393
GEN_3103,THCAKKPLAKHCLHYLATVVLTYWNADLKAKAFACP,36,0.7393
GEN_3104,FRCWYKPKAAACLFTLACLQLIILNGCVKAKVFAAH,36,0.7392
GEN_3105,TRCAKKPKFHACLSTLACVLLTYFNACVHAKVFAAV,36,0.7392
GEN_3106,THCAAKPKKHAALSYMACILLILNSGCIKAKVFAVP,36,0.7392
GEN_3107,THCAKKILAKHCLHYLACVLLTCWRACLHAKLMAAD,36,0.7392
GEN_3108,FHCARKPLAKVCLHWLACVLTDYFILALKNFTKLIP,36,0.7392
GEN_3109,FHSAKKMLAKHELRYIACVLVTYFNACLKAKVFAIF,36,0.7392
GEN_3110,THCAKKAAADNNLHYLVCVLLNYFRSCLNRKAFGIP,36,0.7392
GEN_3111,SRCAKKPKAHACLSTLACLLLIILNGCVKAFTRLPR,36,0.7392
GEN_3112,THCAKKPKAHACLSYLACLLLIILNGCMKAKVFAAR,36,0.7392
GEN_3113,TRFHKGPKYHACLSNLACLVLTPVNGCLKAKVTAAG,36,0.7392
GEN_3114,THCAAKPHAHACLCTLALLLLIILNQTLKSDTFLPK,36,0.7392
GEN_3115,PHCAARIRWHANLSYLACFLLHFFNACVKAKEFAAK,36,0.7392
GEN_3116,IHGAAKPHAHACLSYLACVLLTYLNGCVKAKVHAIP,36,0.7392
GEN_3117,THCYKKALAKHCLHYLACVLLTYFNACVKTFYNLDD,36,0.7392
GEN_3118,TVCAKKIEAKHCLHWLACVLLTYFIGCAKTFTSDAP,36,0.7392
GEN_3119,FRCWYRPKAAACLTTLACLQHIINNGKAKTFTKNKNFFPLGKPDY,45,0.7391
GEN_3120,SRCAHKPKIHACLSTLACLLLIIVNACFKAKVFAAR,36,0.7391
GEN_3121,WRLWYKPKAHANLSYLACHLLIILNGCLKAKVSAPR,36,0.7391
GEN_3122,TRYSKKPLAKHCLSYLACVLLTYFNACLHAKAFAAK,36,0.7391
GEN_3123,THCAKKILAKHHLHYLACVLLTYFNACLHAKTSLIP,36,0.7391
GEN_3124,THCAKKHAAKHCLHYLAGVVLTWFIACLKTFTNLTP,36,0.7391
GEN_3125,THCVKKIAAKDCLHYLADVLLTYFINCLHAKALAIA,36,0.7391
GEN_3126,THCAKKAAAKNCLHYLAAVLLTYFNSCLKVTSSLAP,36,0.7391
GEN_3127,WRCWYKPKAHACLSTLACLDLIILNGCVKAFTRLPR,36,0.7391
GEN_3128,TRCADKPNKHACFSTLACLLLIFLNGQGKTFSKLAV,36,0.7391
GEN_3129,THYHKKPKYHDCLSNLACLLLTAVNGCVKAKVFAAP,36,0.7391
GEN_3130,TWCFKKAKVHACLSYLACVLLICNNCCLKGRLFAAH,36,0.7391
GEN_3131,TKYAKKPSAKHCLHVLACAILTYFNACLKTFTKLHN,36,0.7391
GEN_3132,LHCAKILVANHCLHYLADVLLTYFNACLKTFTCGAC,36,0.7391
GEN_3133,FRCWYKFKAAACLSTLACLQLIILNGCVKAFTRRAH,36,0.739
GEN_3134,SRLVKKPKAHACLSTLACLLMIILNACLKAKVFAAR,36,0.739
GEN_3135,TRYAKKPHNHAPLSTLACLLLTPVNGCVKAKVFPAV,36,0.739
GEN_3136,THCALKPKAHAALSYMACILLILNNGCIKTWTKAPK,36,0.739
GEN_3137,EHCAKKILAKHCLHYRACVALTYFNLCLKNFTKLIP,36,0.739
GEN_3138,THCAKKPWAHACLSYLACLLLTCLNETYKTFTFLPK,36,0.739
GEN_3139,THCAKKGKTQACLSYMACILLILNNGCIKTFTKLPF,36,0.739
GEN_3140,TRCAARPHAHACLSYLACVLLTYLNGAVKAHVQAIG,36,0.739
GEN_3141,TVCVKKIAAKHCYKWLACVLLTYFNANLKTFTILIP,36,0.739
GEN_3142,LHCAHRYAAKHSQHYLACVLLTYFIACLKTFTNLAP,36,0.739
GEN_3143,THCAKKISAKHNLPYLACVLLTYFNACLKTFTSLAP,36,0.739
GEN_3144,SRLVKKPKAHACLNYLAFLLLIVLNACVKAKMFAAH,36,0.739
GEN_3145,TRYHDKPKAHACLSTLACLVLIILNPCNKTYTKCAV,36,0.739
GEN_3146,TRCAKKPKAHACLCTLACLLLIILNETYKGKIFAAH,36,0.739
GEN_3147,TRCAKKPNAHAELCTLACGLLTYFNACLHAKLFAAK,36,0.739
GEN_3148,THCAKKKAAKHCQHYLACVLLTYFINCLMNFTSLIP,36,0.739
GEN_3149,TRCAKKPKAHACLSTLACLLLMILNACLKAKVFAAR,36,0.7389
GEN_3150,FHMAKSPLAKHELHTLACVLLTYFNACLKTWTKLIP,36,0.7389
GEN_3151,TVCAKKIAATHCLHYLACVLLTYFIACLKTFTSLAP,36,0.7389
GEN_3152,TACAQKLVAKHCVHYLACVLLTYYNACLHAKAFAIA,36,0.7389
GEN_3153,FRVWYKPKAHAPLSTLACLLLIILNPCQKAHIFAAH,36,0.7389
GEN_3154,TRKAKKPNKHLCFSTLACLLLIILNVKQKTFTKLAV,36,0.7389
GEN_3155,THCAKKPKAHACLSYLYCLLLIINNGCVKYKVWPAK,36,0.7389
GEN_3156,TRYHKHPKYHACLSNLACLLLTPVNGCVKAKVFPAV,36,0.7389
GEN_3157,THCAKKPKAHAALSWLACLLLTPVNGCVKAKVFPLA,36,0.7389
GEN_3158,TKCAKKNLVKECLHYLACVLLTYFNACLRTFDKLPK,36,0.7389
GEN_3159,THCAKKILMKHCYHMLACVLLTYFNAGLRHFWKLVK,36,0.7389
GEN_3160,TVCAHKIAAKMCLHYLACFLLTYFINCLKNFTSLAG,36,0.7389
GEN_3161,ARCFWLAKAHASLSMSAFLTLIILNETLKAKVFYVV,36,0.7388
GEN_3162,THCAKKPKYHACLSNLACLVLTILHGCVKARVFAPR,36,0.7388
GEN_3163,THCAKKPKAHACLSYLACLLLICNNGELKGKIFAAH,36,0.7388
GEN_3164,NRYHKKPHYHACLSTPACLLLTILNGCVKAKAFLAK,36,0.7388
GEN_3165,TRHAARPKAHACLSYMACHLLILFNGCAKARVFAWP,36,0.7388
GEN_3166,THCAKKILARHCLHYLACVGLTYFDANLKTFTSLIP,36,0.7388
GEN_3167,NHCAAKAKAHACLSFLACVLLTYLNGCVKAKVFVIP,36,0.7388
GEN_3168,FHCAKKPLAKHCLHYTACGLVTYFNLCLKAKVFAIF,36,0.7388
GEN_3169,TRCWKKPHAHASLSYLACHLLIILNGCLKAKVSAPR,36,0.7388
GEN_3170,TRYHRKTKRHACLSNLACLLLTPVNAPVKAHTFLPK,36,0.7388
GEN_3171,TRYAKRPKAYACLSYLALLLLIILNQTLKSDTFLPK,36,0.7388
GEN_3172,LHCDKKPAWKNCLHYLATVLLTYFGSCLQRFTLLAP,36,0.7388
GEN_3173,TRCAKKPKAHACLSYIACLLLTCNNGWVKAKVFAPR,36,0.7387
GEN_3174,THCAKKPLAKKCQHFLACVLLTYLNACVKAKVNAVP,36,0.7387
GEN_3175,TRCAKKPNWHACFSTLACLTLIILLGQGKTFTKLAV,36,0.7387
GEN_3176,THCAKKPKAHACLCTLACLVLIALNETLKTFTKLPK,36,0.7387
GEN_3177,THCAKKPKARACLSYLACLLLTPVNGCVKAKVFPAV,36,0.7387
GEN_3178,TRCACKPKAHACLCTLACLLLIILNETYKTFTWLPK,36,0.7387
GEN_3179,TRYRRAKHNHACASTLACLCLTYLIGTVKAFTRLPR,36,0.7386
GEN_3180,WRCWYKPKAHVCLSTLACLDLIILNGCVKAFTRLPR,36,0.7386
GEN_3181,THPAKKAAVKHCLEYLAAVLLTYFINCLKNFVSLAP,36,0.7386
GEN_3182,TRCAKKPKAHACLSTLACVLLTYFNETLKAIVFAAV,36,0.7386
GEN_3183,THCASKAAAKNCLHYLACDLITYFNSALQRKVFAIF,36,0.7386
GEN_3184,THCAAKPKAHAALSYMACILLIILNETYKTFTKLPK,36,0.7385
GEN_3185,TVCAKKFLAHAFLSYLSAVLLTYLNGCVKNKYVAVP,36,0.7385
GEN_3186,TKAAQKFKAHACLSFLACLILIYNNACLKAKIFTAD,36,0.7385
GEN_3187,THCAKKPLAKRCLHYLACVLLTYLSGCVKAKVFAIP,36,0.7385
GEN_3188,TRCAKKILAKHHLHSLAMVLLTYFNACLHSKTSLIP,36,0.7385
GEN_3189,FHCAKKPLAKHCLHYLACFLLTNFNACLKTFTKLIP,36,0.7385
GEN_3190,TVCAKKIAAKHCVHLLACVLLNWEIQCLKTFTSLIP,36,0.7385
GEN_3191,FHCAKKALAKHCLHYLACVLGTTFNACLKAKVFAIQ,36,0.7385
GEN_3192,THCAKKLVAKHKLHYLSCQLLTYFNAMLHAKAFAIP,36,0.7385
GEN_3193,TRCAKSPKYHACLSNLACLLLTPVNGCVKKKVFAAR,36,0.7385
GEN_3194,TRYAKKPHNHAPLSTLACVLLTYFNACVHAKVFAAK,36,0.7385
GEN_3195,THCAKKPSAKHCLHYLAAVLLTQFNACLKTFTKLAR,36,0.7385
GEN_3196,FHCRKKPLAKHCLHYAACVLVCYFNAALKAKKFAIF,36,0.7385
GEN_3197,THCAKKAAAKINAHYLACVLLTYFINCTKNFTSLAP,36,0.7385
GEN_3198,THCADKFKAHACLTYLACLLLIINNGCLKAKVFAAR,36,0.7384
GEN_3199,TRCAVKPKAHACLCTLACLLLIILNETEKNFTFLPK,36,0.7384
GEN_3200,THRAKKPLAHLALSYMACIYLIYFNACLHAKLFAVP,36,0.7384
GEN_3201,THCAGKPLAKHCLHALACVLLCYLQGCVKAKVFAAP,36,0.7384
GEN_3202,TRCPWKIWAKHCLKYLACVLLTYFIACLKNFTFAVP,36,0.7384
GEN_3203,FRCWYKPKAAACLSTLACLQLIILNGCVKAFTKLPK,36,0.7384
GEN_3204,TRYHKKPKYHWCLSNLACLLLIINNGCLKAKVFAAR,36,0.7384
GEN_3205,THCAKAALARHSLSYLACVALTEFNLCLHAKAFANK,36,0.7384
GEN_3206,THNAKKSAVKHCLHYLACVGLTYFNMCLTAKAFAIP,36,0.7384
GEN_3207,THLAKKAAAKHCLHYLACVLLTYFINCLKNKANAVP,36,0.7384
GEN_3208,TRCAKKPKAHACLSTLACALLIILNGCVKVFTRKAV,36,0.7383
GEN_3209,TRCFWLAKAHACLSMSACLTLIIKNETLKACVFYAV,36,0.7383
GEN_3210,TRYHKKPKYHACLSNLACLLLSPVNGCDKAKVNAAR,36,0.7383
GEN_3211,THCAEKPKAHACLCTLACLLLIILNETLKTWTKLPK,36,0.7383
GEN_3212,TRCAKKPKAHACLSTLACLLLIILNPCVKAFTRLPR,36,0.7383
GEN_3213,TRYRKKPHNHACLSTLACLLLIILNWCVKAFSRLPR,36,0.7383
GEN_3214,THCAGKPHAHLALSYMACILLTYFNACLHAKVFAAK,36,0.7383
GEN_3215,THCAKKPLAKHCLHWLACVLLTYLNAELKTFTKLAG,36,0.7383
GEN_3216,TKGVKKIAAKHCLHYLACVLLTYFYACLKTFTNLIP,36,0.7383
GEN_3217,LHCAKKIAAKHSLNYLARVLLTYFIACLKFYTTNFP,36,0.7383
GEN_3218,TRCAKKPKAHACLSYLACLLLIILNGCLKAKVFAAR,36,0.7382
GEN_3219,SRLVKKPKAHACLNYLAFLLLIVLNACLKAKVFAAQ,36,0.7382
GEN_3220,TRYHKRPKFHACLSNIACVLLTPVIGCAKAKVNAAR,36,0.7382
GEN_3221,NRCWKKPKAHVCLSTLACLDLIILNGCVKAFTRLPR,36,0.7382
GEN_3222,TRCAKKPNKHACFETLACLLLIILNGQGKTFTGLAV,36,0.7382
GEN_3223,WHCAKKPNKHACFNTLACLLLIFLNGQGKTFTKLAV,36,0.7382
GEN_3224,TRYRKKPHNHACLSTLACLLLIILNGAVKAHTRLPR,36,0.7382
GEN_3225,LRYHRKTKYKACLSNLACLLLTPVNGCLKYKLTAAK,36,0.7382
GEN_3226,THVAKKPRAHACLSYLACLLLTCLNGCVKNFTRLPR,36,0.7382
GEN_3227,TRHAWRPKAHACLSYLACVLLTYLNGCVKAKVFAVP,36,0.7382
GEN_3228,TRHAAKPLAHACLSYLACVLLTQLNGCVKAKVFAVK,36,0.7382
GEN_3229,LHCAKKIAAKHSLHILACVLLTNFHACLKTCTWAQF,36,0.7382
GEN_3230,SRCAKKPKAHACLSTLACLLLMILNACLKAKVFAAR,36,0.7382
GEN_3231,TRVAKKPYAHACLTTLACLWLIILNETLCAKVFAAV,36,0.7382
GEN_3232,TRYAHKPNKHACFSTLACLLLIILNVKGKTFTKIPK,36,0.7382
GEN_3233,TRCAKKPKAHACLSYLACLLLIINNGCLKAKVFAAR,36,0.7382
GEN_3234,WRLWYKPKAHACLSTLACLVLIILNPCNKTYTKCAV,36,0.7382
GEN_3235,THCAKKPKAHACLSYLACLMLTPVNGCVKAKVKLAV,36,0.7382
GEN_3236,TRCAKMPKAHACLCTAACLLAIILNETYKTFTFLPK,36,0.7382
GEN_3237,THCAAKPKAHACLSYMIAILLILDNGCIKTFTKLPK,36,0.7382
GEN_3238,THCAAKPKAHACLNYMACILLIINNPCVKAFTRLPR,36,0.7382
GEN_3239,TRCTRKPKAHACLSFLACLVLTSNNGVVKAKVFAPR,36,0.7382
GEN_3240,THCAKKPWAKHCLHYLACVLLTYFNACLKTFTKLAR,36,0.7382
GEN_3241,TRCAKKAARKHCLHGLACVLLTYFNSCLKRFTSAAY,36,0.7382
GEN_3242,LHCAKKIAAKHSLHYLACVLLTYFIGCLKFYTTNFP,36,0.7382
GEN_3243,TRCAKKPKAHACLSYLLCMLAIINNGCLKAKVCAAH,36,0.7381
GEN_3244,TRCAAKPKAHACLCTLACLLLVILNFQGKTFRKLEL,36,0.7381
GEN_3245,THCAKKPLAHACLSYLACVLLTYFNACVHAKTKLPK,36,0.7381
GEN_3246,TRYHKKPKAHACLSTLACVLLTYFNACVHAKVFAAK,36,0.7381
GEN_3247,THCAARPKAHANLSYMACILLILNAGCIDTFTKLPK,36,0.7381
GEN_3248,THLAMKPKAHACLSYLACVLLTCNNGCLKAKVFAPR,36,0.7381
GEN_3249,FRVWYKPKAHAPLSTLACLLLIILNPCQKAHVFAAH,36,0.7381
GEN_3250,TRCAKKPKAHASLSTLACVCLTILNGCVKVKVFAAH,36,0.7381
GEN_3251,TRCAEKPKAHACLCTLACLLLIFLNGQGKTFSKLAV,36,0.7381
GEN_3252,THCFKKPKAHAQLSYLACLLLICNNPCVKAFTRLPR,36,0.7381
GEN_3253,GHCAKKPLAHACLSWLACVLLTFKNAPVKAHTFLPK,36,0.7381
GEN_3254,THCAAKPKAHAALSYMACILLILLNETYKPFTFLPK,36,0.7381
GEN_3255,THCADKPKAHACLNYLACLLLIINNGCLKAKIFAAR,36,0.738
GEN_3256,TKCAKKPKAHACLCTLACLLLIILNETYKTFTKLPK,36,0.738
GEN_3257,KRCAKKPKAHACLSTLACVLLTYFNAAVHAKVFAAK,36,0.738
GEN_3258,THCAKKGKAHACLSYLACLLLTPVNGCVKAKVFPAV,36,0.738
GEN_3259,THCAKKILAKHCIHYLACVLLTYFFACIKTFDKLPK,36,0.738
GEN_3260,THCAQKTAAKHSLHYLACVLLTYFNSCLKRKAFKMG,36,0.738
GEN_3261,FRCWYRPKAAACLTTLACLQHIINNGKAKTFTKNKNFFPLGYPDY,45,0.738
GEN_3262,THCARKPKAHACLSYQACILLIINNGAGKTFTKLPR,36,0.738
GEN_3263,THCAKKPLAKHCLSYLACVLLTYFNAILHAKAYAAK,36,0.738
GEN_3264,FHSAKKPLAKLCLHYLACVLLTYFNNCLKNFTSAIP,36,0.738
GEN_3265,THAAKTAAAKHALHYLVCVLLTYFINCLKNFTSLIP,36,0.738
GEN_3266,THCAKKIAAKHSLHYLACVLVTWCIACLHAKANAVL,36,0.738
GEN_3267,THCAKKPKAHACLSFIGCLLLIINNGCLKAKVFAAR,36,0.7379
GEN_3268,THLAMKPKAHACLSNLACLLLTPVNGCLKAKVFAAH,36,0.7379
GEN_3269,THCAKKILAKTHLHYLACVLLTYRNACLKNFESLIP,36,0.7379
GEN_3270,LHCAKKIAHKHSLHYLACVLLTYFIACLKNYTSADY,36,0.7379
GEN_3271,TRAAKKPKAHACLTTLACLWLIILNETLCAKVFAAV,36,0.7379
GEN_3272,TRLLMKPKAHACVSFLACLLWIYNNGCLKAKVFAAH,36,0.7379
GEN_3273,THCAKRELAKHCLHYLACVLETYYNACLHAWAFAIP,36,0.7379
GEN_3274,LRCAKKEGLKHCLHYLACVLLTYFNSCAKRKVFAIF,36,0.7379
GEN_3275,THCAKKIAAKHSFNYLAIVLLNYFNACLHAKAFAAD,36,0.7379
GEN_3276,TVCAKKIAAKHCLHYLACALLTYFIFGVKTFTLLAP,36,0.7379
GEN_3277,TRCAKKPNKHACFSCLACLLLIILNETYKTFTFLPK,36,0.7378
GEN_3278,TRCAKKPKAHACLSTLACASLIILNTHLKAMVFAAW,36,0.7378
GEN_3279,THCAKKPKYHGCLSYLACLLLTLVNGCLKGKIFAAH,36,0.7378
GEN_3280,TRYHKKAHNWGCLSFIACLLTTYLNGCVKAKVFAVP,36,0.7378
GEN_3281,THCAARPKAHANLSYLACVLLHYWNAKVHAKVFAAK,36,0.7378
GEN_3282,FHCAIKPLARHCAHYIACVLVTYFNACLKAKVFAIH,36,0.7378
GEN_3283,YRLWYKPKAHACLSTLACLLLIIANGCQKTFTKLAV,36,0.7378
GEN_3284,THCAAKPIAHAALSYMACILLIVNSGCIKTGTKLAD,36,0.7378
GEN_3285,TKCAKKPKAHACLCTLALLLLIILNETLKTDTFLPK,36,0.7378
GEN_3286,THCAKKPLAHNLLSFLACVLLTYLNGLVKAKVFAVP,36,0.7378
GEN_3287,THCAKKIAAKHCLHYYACVILTYFRASLKEFTKLIP,36,0.7378
GEN_3288,DHCAKKILAKHCLHYLACVLLTYFNLCLKTFTFAIP,36,0.7378
GEN_3289,THCVKKIAAKHCLLYLAKVLVTYFIACLKNFTSMAP,36,0.7378
GEN_3290,LHCARKIAAKHSLIYLACVLLTYWIACLKTFTSLAP,36,0.7378
GEN_3291,THCAKKAADKHCLHYLACVLLTYAINCLNRKVFAIF,36,0.7378
GEN_3292,THCIKKGAAKHCLHYLACVLLTYFNSCLKRTAFASF,36,0.7378
GEN_3293,THCAKKPKAMACLSYLACLLLIINNGCPKAKIFAAR,36,0.7377
GEN_3294,TRYRKKRHNHACLSNLACLLLTVVNGCVKAKVFAAR,36,0.7377
GEN_3295,THCFKKPKAHACLSYLACLLLIANNACLKAKVFAAH,36,0.7377
GEN_3296,TRYHKKPHYRACLSTPACLLLTILNGCVKAKVFALP,36,0.7377
GEN_3297,TRYHKKAAYHAALNTWACLLLTFLNGSVKAKVFALP,36,0.7377
GEN_3298,THCAAKEKAHAALSYMACILLIYGNGCVKAKVFAAT,36,0.7377
GEN_3299,THCAAKGKAHAAISYMACILLILTNGCAKARVFAHP,36,0.7377
GEN_3300,THCAKKPLAKHILHYLACVYLTGFNACLKTFTKLAR,36,0.7377
GEN_3301,EGCAKKAAAKHCLHYLACVLIMWFIAARKTFTSDAN,36,0.7377
GEN_3302,THCAKVAAARNCRHYLALVLLTAFNSCLQKSTLLAP,36,0.7377
GEN_3303,TRYHKKPPYHACLSNLACLLLTILNGYVKAKVFAAH,36,0.7377
GEN_3304,WRLWYKPKAHACLSTLACLLLIILNPCVKAKVFAAH,36,0.7377
GEN_3305,FRCWYRPHYHACLSTLACLLLTILNGCVKAKVFAAH,36,0.7377
GEN_3306,THCAKKPKAHACLSYLACLALIILNGCVKAFTRLPR,36,0.7377
GEN_3307,THCAKKIAAKHCLHILACGLLTYFRACLHAKAFAAN,36,0.7377
GEN_3308,AHCAKKIANKHGLHYLACYLLAYFNACLKTSTSLAA,36,0.7377
GEN_3309,TRYHKKPHYHACLSNLACLLLTILNGCVKAKVFAAH,36,0.7376
GEN_3310,LRCWKKPHAHASLSYLACHLLIILNGCLKAKVSAAR,36,0.7376
GEN_3311,THCAKKPKAHACLSELACLLLTCLNGCVKAKVFSAV,36,0.7376
GEN_3312,TRCAKKPKAHACLCTLACLLLIIINETYKTWTKLPK,36,0.7376
GEN_3313,THCAKKPKAIAALCTLACALLLILNETLKTFTKLPK,36,0.7376
GEN_3314,THAAKKILAKHCLHYLACVLLTYFNACIKTFFGLPK,36,0.7376
GEN_3315,RHCAAKPHAHACLSYLACVLSTYLYGTVKAKAFAAK,36,0.7376
GEN_3316,FHCAKKPLAQHSAHYLACVLLTYFNLLLKNTTSLPP,36,0.7376
GEN_3317,FECAKKPYAKHCLHYLASVLLTYFQLCLHVKLFAAD,36,0.7376
GEN_3318,THAAKKASAKHCLHFLACQLLTYFNSCLQRKVMAIF,36,0.7376
GEN_3319,TRCWKKPHAHASLSYLACHLLIILNGCLKAKVSAAR,36,0.7376
GEN_3320,QHCAKKNLAKHCLHYIACVLLTYFNACLKTMTSLIP,36,0.7376
GEN_3321,TVCAKKIAAKHCLHYLACVLSTYFNSCLKRKGWGIF,36,0.7376
GEN_3322,VHCAKKILAKGCLHYLACVLMTYFIACLKNFTSLAP,36,0.7376
GEN_3323,GHTAKCIAAKHCLHYLACVLLTYGIWCVKTFVFAIF,36,0.7376
GEN_3324,TVCAKKVAVKHCLHYLACVLLNYFIWSVKTETLLAP,36,0.7376
GEN_3325,ERYHKFKHYHACLSTPACLLLTILNGCVKAKVFAAP,36,0.7375
GEN_3326,PRCAKKPKAHACLSTLACLLLTPVNGCVKAKVFAAV,36,0.7375
GEN_3327,THCAMKPTAHACLSFLACLLLIMNNGLAKAKVFAAH,36,0.7375
GEN_3328,NRCVKKPNAHACLSYLACLLLIINNPCVKAFTRLPR,36,0.7375
GEN_3329,THCAAKPKAHAALSFMACILLILFNACLKTFTSLIP,36,0.7375
GEN_3330,TRCAKKPLLKHCDHYLACSLLTWFNAPLKTFTKLAH,36,0.7375
GEN_3331,THCAKKPLTKHCLHYLACVLLTYFTACLHAKAFAIG,36,0.7375
GEN_3332,FHCAKKPLARHCLHTIACVKVTYFNACLKAKVFAIG,36,0.7375
GEN_3333,THCAKKIAALHCLRYLAMVLWTYFNAILKPFTSLAL,36,0.7375
GEN_3334,THCAKKPKAHACLSYLACLVLTILNGCVKAKVFAPR,36,0.7375
GEN_3335,TRYRKKPKYHACLSNLACLLLTPVNGCVKAKVFAAV,36,0.7375
GEN_3336,ARCAKRPQAHLCLCTLAVALLFILNETYKTFTKLPK,36,0.7375
GEN_3337,THCAAKLHAHACLSYLACVLLTYGNGCVKAKVFRIP,36,0.7375
GEN_3338,THCAKRIKKKHKLHYLACGLLAYFFACLHAKAFAVP,36,0.7375
GEN_3339,THKGHKIAAKHCLHYYACVLLTYYITCLKNFTKRIP,36,0.7375
GEN_3340,TRCAKKPKAHACISTLACHLLIILNGNLKAKVFAAV,36,0.7374
GEN_3341,FRCWYKPKAHAKLSTLMCLLLIILNGCTKTFTKLAV,36,0.7374
GEN_3342,TRCVKKPNAHACLSYLACLLLIINNPCVKAYTRLPR,36,0.7374
GEN_3343,THCAKKPLVKHCLKYLACVLVTYFNACLKAKVFAIF,36,0.7374
GEN_3344,TRCAKKPKAHAFLSTLACLLLIILNGCVKFKVWASH,36,0.7374
GEN_3345,THCAKKPLAHACLSYLAAVLLTYWQACVHAKVFAAK,36,0.7374
GEN_3346,FRSAKKPLAKHCLHYIACVLVYYFNACLKAKVFAIF,36,0.7374
GEN_3347,FHCAKKPLAKHCLHYIACVLVTYYNACLKAKVFALF,36,0.7374
GEN_3348,RHCAKKAAAKNSLHYLVCVGLTNFINCLPNFYSLAP,36,0.7374
GEN_3349,SRCPKKPHAHACLSTLACLLLIILNPCLKAKVFAAR,36,0.7373
GEN_3350,PRCAKKPNKHACLSNLACLLLTIVNGCVKAKVFAAR,36,0.7373
GEN_3351,TRYHKKPHYHACLSTLACLLLIILNGTVKAFTKLAV,36,0.7373
GEN_3352,TRHAWRPKAHACLSYTGCVLLTYFNAALHAKAFAAK,36,0.7373
GEN_3353,THCAVKPWAKHCLHYAACVLLTYLRGCVKAKVFAVP,36,0.7373
GEN_3354,THCAKKPVAKHCLHYLGCVLLTYFNACLKTFTKLIP,36,0.7373
GEN_3355,THCAKKPLAKPCLSYLAHVLLTWFNASLKAKAFGVP,36,0.7373
GEN_3356,THCAKRAQRKHKLHYLALVYLTRFNACLKTFTSSGK,36,0.7373
GEN_3357,FHCAKKPLAKHCLHYEACVLVTYFNACLKAKVSLRP,36,0.7373
GEN_3358,TRCAKKPKAHACLSTLACLLLTIFNACVKAKVFAAH,36,0.7373
GEN_3359,THCAKKIAAKHCLHYLACVLLVYFIACLKTFTSLLP,36,0.7373
GEN_3360,FHSAKKPLAKHCLVYLACVLLTYFNNRLKNFTSAAP,36,0.7373
GEN_3361,THCAKKIAAKHCLHYLACVQLTYFIGCLKTFTSAIP,36,0.7373
GEN_3362,THCAKKAGAKNCLHYLACVLLTYFNSCLNRKVFAIF,36,0.7373
GEN_3363,WRCWYKPKAHACLSTSACLWLIILNETLKAKVFAAV,36,0.7373
GEN_3364,THLAMKPKAHACLSFLACLALIYNNGCLKTKVFKAH,36,0.7373
GEN_3365,LQYHRKTKYHACLSNLACLLLTPVNGSVKAKVFPAV,36,0.7373
GEN_3366,TRCAKKPKAHACLCTLACLLLIIINETYKSWTKLPK,36,0.7373
GEN_3367,TRCAAKPKAHAALCWLACLLLVILNDQIKTFRKLEL,36,0.7373
GEN_3368,HHCAKKPLAHLALSYLACILLILNNGCIKTWFKLPH,36,0.7373
GEN_3369,EHCAKKIKAKHCLHYLACVLYTYFNANLKHFTSVIP,36,0.7373
GEN_3370,THCAKKNLVKECLHYLACVLLSYFNACLKSFSKLAH,36,0.7373
GEN_3371,FACAKKPLAKHCLHYLACVALTYFNAWLHARAFAAD,36,0.7373
GEN_3372,TLCAKKAAAKLCLHYLACVLHNYFNWCLNRKVFAIF,36,0.7373
GEN_3373,FRCWYKFKAAACLSTLACLQLIILNGCVKAFTRLPR,36,0.7372
GEN_3374,THRAKKPLAKWCLHMLAIVLITFLNCCVKAKVFAVK,36,0.7372
GEN_3375,FHAAKKPLAKHCLHFLAFVLLTYFNAKIKTRTKLIP,36,0.7372
GEN_3376,TRCAKKPYAHACLCTLACLLLIIVNETYKAKVFRAH,36,0.7372
GEN_3377,TRCWKKPHAHANLSYLACHLLIILNGCLKAKVSAPR,36,0.7372
GEN_3378,TRCAKSSKAHACLSFLACLLLIILNGQGKTGTKLAL,36,0.7372
GEN_3379,ERYHKFKHYHACLSTPACLLLTILNGCLKAKVFAAH,36,0.7372
GEN_3380,THCAKKGLAKHCLHYLACVLLTYLNGCVKAKVFAVP,36,0.7372
GEN_3381,THCAKKIMWKHCVHYLASVLLTYFNICLRAKAFAIP,36,0.7372
GEN_3382,THCAKKAAAKNCLHRIQYVLVTLFNACLKAKVFAMF,36,0.7372
GEN_3383,THCAKKAAGKNFLHYLACVQLTYFINCLKNFVSLAP,36,0.7372
GEN_3384,SRCAKKPKAHACLSTLACLLLIILNACLKAKVFAAN,36,0.7371
GEN_3385,FRCWYKPKAAACLYTLACLQLIILNVKGKTFTKIPK,36,0.7371
GEN_3386,NHCAKSFAAKHALHYLACLLLTNFVFAAKTFTILAA,36,0.7371
GEN_3387,THCAKKPKAHACLSYLACLLLIINNACLKAKVFAAR,36,0.7371
GEN_3388,TRCAKKPKAHAALSSLACLLLLILNGTVKNFSRGAV,36,0.7371
GEN_3389,TRCAKKPNRHACFSCMACLLVIILNGQGKTFTKLAL,36,0.7371
GEN_3390,TRCAKKPHFHACLSTLACLLLTILNGCVKAKVFAAH,36,0.737
GEN_3391,THDAKKPLYKRCLHYLACVLLTYSNACLKTFTRLIP,36,0.737
GEN_3392,THCAKKILAGHHLHYLAGVLLTYFNACLKTWTKLAK,36,0.737
GEN_3393,TRYHKKPHYHACLSTDACLLLTIINGCVRAKVGAIP,36,0.737
GEN_3394,THCAAKYKAHACLSFLAGLLLIYNNLCLKAKIFAAH,36,0.737
GEN_3395,LHCAKKIAKKHCLHYGACVLLTYFINCLHAKLFAIS,36,0.737
GEN_3396,TRYRKKPHNHASLSTLACVNLTILNGCVKAKVFAAP,36,0.7369
GEN_3397,TRYHKKPKYHACLSNLACLLLTLVNGCVKAKVFAAR,36,0.7369
GEN_3398,THCAAKPHAHLALSYMACILLYYFNACLWAKAFAAH,36,0.7369
GEN_3399,FRCWYKPKAAAALSTLACLQLIILNVSKKTFTKIPK,36,0.7369
GEN_3400,THCAKKPKAHACLCTLACALLLILNETLKAKAFAAK,36,0.7369
GEN_3401,RHCAKKPLAKHCLKYLACVLLSYLNGCVKAKVFAVP,36,0.7369
GEN_3402,THCAKKALAKHCLHYLAMALGTYFRACLHAKAFAAD,36,0.7369
GEN_3403,THCAAKPKAHAALSYMACILLTYLNGCVKAKVFAVM,36,0.7368
GEN_3404,THKATKPLKHACLSYLMCMLLTYLNGCVKAKTFAVP,36,0.7368
GEN_3405,YRCLKKIAAKHCLEYLASVLFTIFIACLKTFTSLAP,36,0.7368
GEN_3406,TRCAKKPNKLACFGNLACMLLIILNAQAKVFTKLAL,36,0.7368
GEN_3407,TEYAKKPHNHACLSNLACLLLQPVNGCVKAKVFAAR,36,0.7368
GEN_3408,LHCARKAAAKTSLHYAACNLLRFFIAELKTVGSLIR,36,0.7368
GEN_3409,THCAKKKAAKHCLHYHYCVALTYFIWCVKTFTELAP,36,0.7368
GEN_3410,TRCAKKPKAHACLSTLACLWLIILNETLKAKVFAAV,36,0.7367
GEN_3411,CRCAKKPDKHASFSNLACLLLIILRGQGKTYTKLHL,36,0.7367
GEN_3412,THLAMKPKAHGCLSFLACLLLTYLNGCVKAKYFAVP,36,0.7367
GEN_3413,THCAKKPEAKHCLHPLAIVLLTYFNACLKTKVFAVK,36,0.7367
GEN_3414,TRCAKKPKAHACFSTLACLLLIILNGQGKTFTKLAL,36,0.7367
GEN_3415,THCAKKPKAHACLSYLACLLLIINQGCLKAKVFAAR,36,0.7367
GEN_3416,TRYRKKPHNHACLTNLRCLLLTPVNGCVKAKVFAAV,36,0.7367
GEN_3417,LRYHKKPKYHACLSSMACLLLTILNGCVKAKVFAAP,36,0.7367
GEN_3418,THCAKKPLAKHCLHYLACVLNTYWQACLKTFTSVKP,36,0.7367
GEN_3419,SHCAKKSAAKHCLHYLACVLLTYFIACNKTFTSLAP,36,0.7367
GEN_3420,FRCWYKPKAAACLSTLACLQLVWLNGCVKAFTRVPR,36,0.7366
GEN_3421,WRTWYKPKAHACLSTLACLLLTPVNGCVKAKVFAAV,36,0.7366
GEN_3422,THCAKKAAGKDCLHYLACVLLTYFNSCLNRKVFAIF,36,0.7366
GEN_3423,THCAKKIAAKHCLHGLACVALTYFNSCLRATVFALF,36,0.7366
GEN_3424,SRCAKKPKAHACLSTLACLLLIILNACLKAKVFAAR,36,0.7366
GEN_3425,TRYHHKPHYHACLSTLACLLLTILNGCVKAKVFAPR,36,0.7366
GEN_3426,THPAGKFKAHACLTYLACLLLINNNGCLKAKVFACR,36,0.7366
GEN_3427,TRYHKKPKYHACLSNLASLLLTPVNGCVKAKVFDAL,36,0.7366
GEN_3428,THCAKCILAKHCLPYWACVLLTYPNACLHAKAFAAD,36,0.7366
GEN_3429,THCAKKPLAKHSLKYLACVLLTYFNASLKTFTKLID,36,0.7366
GEN_3430,THCAKKPEAKHCLHYLACVLLTYFNACLHAKAFATD,36,0.7366
GEN_3431,THCAKKIAAKRCLHYLACVLLKYFNACLKAKHLALF,36,0.7366
GEN_3432,TRCWKKPKAHACLSYLACLLLIILNGCLKAKVSAAR,36,0.7365
GEN_3433,TRYHHKPHYHACLSTLACLLLTILNGCVKAKVFAAH,36,0.7365
GEN_3434,TRYHKKPKYHACLSNLACLLLTLVNGCVKAKVFLPK,36,0.7365
GEN_3435,TRYRKKPHSHLCLSNLACLLLTYFNACLHLKAFAFR,36,0.7365
GEN_3436,THAAAKPHAMACLSYLACVLATYLNGCVKAKVFAIP,36,0.7365
GEN_3437,THCAKAILALHAVHDLACVLLTYFFACLKTFDKLPK,36,0.7365
GEN_3438,THCAKKPLAKHSLHYPAAVLLTYFNACLKTFTKLLK,36,0.7365
GEN_3439,THCAKKILAKHCLHYLACVLLTFLNGCNKAKVFAVK,36,0.7365
GEN_3440,THCAKKILKKHCLHYVACWLLTYFNASLKTWTSVKP,36,0.7365
GEN_3441,THFAKKALAKNCLHYLACVLLTYFGSCQPRFTLLAP,36,0.7365
GEN_3442,TRCARKPKAHACLSTLACLLLIELNGCLKAHVFEAR,36,0.7365
GEN_3443,CRSAKKPNKHASFSNLACLLLIILRGQGKTFTKLQL,36,0.7365
GEN_3444,TRCAKKPKAHACLCTLVLLLLIILNETLKTDTFLPK,36,0.7365
GEN_3445,SRCLKKMAAKHCLEYLACVLLTYFNACLKTSTSLAY,36,0.7365
GEN_3446,THCAKKAAAKHYLHYLAHVLLSYFNAFLYAKANAVP,36,0.7365
GEN_3447,TRYRKAPHNHACLSTLACLCLTILNGTVKAWTRLPR,36,0.7364
GEN_3448,TRCAKKPDKHACMSTLACLLLTILNGCVKAKVFAPR,36,0.7364
GEN_3449,THCYSKPLAKTSLSYLACVLLTRFNACLHAKAFAAK,36,0.7364
GEN_3450,THCAKKLAAKNCLHRLACVWLTYFGNCLKVFRSLAP,36,0.7364
GEN_3451,TKCARKAAAKHCLKYLACMLLTYFNSCLNRNVYAIP,36,0.7364
GEN_3452,NRCWKKPKAHVCLSTLACLLLIILNGCVKAFTRLPK,36,0.7364
GEN_3453,TRCAKKPNKHACFGNLACMLLIILNGQAKTFTKLAL,36,0.7364
GEN_3454,TRYAKKPKAHACLSYLACLLLTEVNGCVKAKVFPAV,36,0.7364
GEN_3455,THCAAKPIAHAALSYMACILLILNSGCIKTGTKLAK,36,0.7364
GEN_3456,THCAKKPDARACLSYLACLLLTCLNGCLKGKIDAAM,36,0.7364
GEN_3457,THCAAKYRAHACLCFLAGLILIYNDLCLKAKIFAAH,36,0.7364
GEN_3458,THCAKKPLQKHCLHYLACVLLTYFNACLHKKAFEAD,36,0.7364
GEN_3459,FHCAKKPVAKHMLHALACVLLTGFNACLHAKLFAAD,36,0.7364
GEN_3460,THCAKKILAKHCLHYAATVLLTYFNACLHAKAFAAD,36,0.7364
GEN_3461,LDCAKKIAAKHSLHWLAAVLLTYFIACLKNFTSLIP,36,0.7364
GEN_3462,TRYSKKPKYHACLSYLACLLLIILNGQGKTFTKLAL,36,0.7364
GEN_3463,THCAAKPKAHACLSYMACILLIILNETYKTFTFLPK,36,0.7364
GEN_3464,THGAHKPKAHACLSYLACLLLTPNNPCVKAKIFPAV,36,0.7364
GEN_3465,TRCAKKPKAHACLSTLACLTLTILNGCVKAYSKLPK,36,0.7364
GEN_3466,THYRIKAHNHACLYKLACLLLICNDGCLKGKIFLAH,36,0.7364
GEN_3467,TRCARKPHAHACLCYLACLLLTPVNGCVKAKLFPAV,36,0.7364
GEN_3468,THCPERPLAKRCLHYLACAALTYFNACLKTFTKLAP,36,0.7364
GEN_3469,TRCAKKPKAHACISTLACHLLIILNGNLKAFSRLPR,36,0.7363
GEN_3470,TRYHKKPKYHACLSNLACLLLTPVNGCVKAKVFEAV,36,0.7363
GEN_3471,SRLHDWPKAHACLSTLACWLMIILNACLKAKVFAAR,36,0.7363
GEN_3472,TRYHKKPHYHACLSTPACLLLWILNKCKKAYVFAAP,36,0.7363
GEN_3473,THCAKRILAKHALPYLACVLLTYRNACLKTFTSLAD,36,0.7363
GEN_3474,TMCVKKILLKHCLHYLACIGLTYMRACLEVKAFAAD,36,0.7363
GEN_3475,TRCAKKPNKHYCFSTVACLLLIILNGQGKTGTKLAL,36,0.7363
GEN_3476,THLAKKPKAHACVSWLACLLLAINNGCVKAKVFAMR,36,0.7363
GEN_3477,THCAKKIAAKHCLHYLACVLLTYFINNDQRFTLLAP,36,0.7363
GEN_3478,TRCAKSSKAHACLSTLACLWIIILNETLKAKVFAAV,36,0.7362
GEN_3479,TRCAKKPKAHACLSTLACLLLWILNGTVKAFTRLPR,36,0.7362
GEN_3480,WRLWYKPKAHACFSTLACLLLIFLNGQGKTFTKLAV,36,0.7362
GEN_3481,THCAKKPKAMATLSYLAILLLIINNGCPKAKIFAAR,36,0.7362
GEN_3482,CRCAKKPNKHASFSNLACLLLIILRGQGKTYTKLGL,36,0.7362
GEN_3483,NHCAKSPLAKHSLRYLACVLLTFFNACLKMFTKLLK,36,0.7362
GEN_3484,ERCAKKPKYHACLSTLACLLLTILNGCVKAKVFAPR,36,0.7362
GEN_3485,TRCAKKPKDHACLSTLACLLLIILNGTVKAFTKLAV,36,0.7362
GEN_3486,THCAKKPKARACLSYLACLLLTLVNGCVKAKVFAAD,36,0.7362
GEN_3487,THCAKKPKAHACLNYLACLLLIINNPAVKAFSRLKR,36,0.7362
GEN_3488,THCAAKPRAHACLSYLACVLLTYLNNCVKAFSRVRR,36,0.7362
GEN_3489,THCAKRVLAKHCLTYLACGLLTYINGGLKTSTSLAD,36,0.7362
GEN_3490,THCHKRILAKHCLHYLACVLLTYFNACLHNKAFAVP,36,0.7362
GEN_3491,NHCAKKIAAKSCLHYLACLLLTGFAACLRTFTKIIP,36,0.7362
GEN_3492,LHCAKKIAAKHSLHYLACVLLVYFIACLKTFTSLAP,36,0.7362
GEN_3493,WRCWYKPKAHACLSTLACLLLIILNGCNKTFTKLAV,36,0.7361
GEN_3494,TRCAKKPKAHAKLSTLHCLLLTILNGCVKAKVFAPR,36,0.7361
GEN_3495,TRYRKKPKNHACLSTLACLLLIILNGCNKWFTKLAV,36,0.7361
GEN_3496,LRCWKKPHLHASLSYLACHLIIILNGCLKIKVNAAR,36,0.7361
GEN_3497,LRCAKKPQAIACLCTLACLLLIYNNGCLKAKVFAAH,36,0.7361
GEN_3498,THCAKTALAKHCLRYLACVLLTYFNHCLETFTKMPV,36,0.7361
GEN_3499,THCLKKPLAKHSLHYLAAVLLTNWNACLKAKVFVIF,36,0.7361
GEN_3500,TRCAKKPKAHACLSTLACLLLIILNETLKAKVFRAH,36,0.7361
GEN_3501,THPAGKFKAHACLSYLACLLLIINNGCLKAKVFAAR,36,0.7361
GEN_3502,THCAKKPKAHACLSNLACLLLTCLNGCVKAKVFAPK,36,0.7361
GEN_3503,THCAYKYLAKHCLHYLACVLLTYFNACLKTNTKLAR,36,0.7361
GEN_3504,THCAKKPLGKVCLHHLAFVLLTYLNGCVKAKAFAAK,36,0.7361
GEN_3505,TKCAKKPLAKHCLHYLAMAQLLDLTGCVKAKVFYVK,36,0.7361
GEN_3506,THYAKKPLAKHCLHYLACAILTYFNACLKTFTKLHP,36,0.7361
GEN_3507,TRCAKKAGAAHIQHTLACVLLSYFNAFATAAINARP,36,0.7361
GEN_3508,THCAWKAAAKHCLPYLAEVLLTYFITCLNRKVFATF,36,0.7361
GEN_3509,TRCWKKPKAHACLSTLACLLLIILNGCVKAFTRLPR,36,0.736
GEN_3510,LRCWKKPHLHASLSYLACHLIIILNGCLKIKVSAAR,36,0.736
GEN_3511,TRYAKKPHNHAPLSTLACLLLTPVNGCVKAKVFKAV,36,0.736
GEN_3512,THCARKPIAKHSLHYLACVLLSYFNACLKQFTKLID,36,0.736
GEN_3513,THCAKKILAKHCLHYLACVLLNFSNACKKEETSLVP,36,0.736
GEN_3514,LHCAKKIAAKHSLHYLACVCLVYFIACLKTYTSLIP,36,0.736
GEN_3515,TKCAKKIAAKHCRHYLACVLLNYFNACLKTFTFAAP,36,0.736
GEN_3516,THCAKKAAAKHCLHYLACVLDTYFNMALKAKVFAIE,36,0.736
GEN_3517,SRCAKKPKAHAFLSTLACLLLIILNGCVKFKVWASH,36,0.736
GEN_3518,TRVIARPKANACLSTLACLLLFILNETYKTFTDLPK,36,0.736
GEN_3519,SRCANKLVAKACLVYLACVLLTYFNWCWKAKKFAIP,36,0.736
GEN_3520,TRCARKPKAHACLSTLACLLQAILSGCVKAFTRLPR,36,0.7359
GEN_3521,DALVHKPKAHASKTTVNCLLLAILNAWLKAKVFHAH,36,0.7359
GEN_3522,THCAKKPLAHHCLSYLACVLLTYFNACLKTYTSLIP,36,0.7359
GEN_3523,TKCAKRILAKHCLHYLACVDLTYTNACLKTFTNLAD,36,0.7359
GEN_3524,THCAWKAAAKHCLHYLACVLLTPFITSLNRKVFAIF,36,0.7359
GEN_3525,NHCAHKPKAHACLNYLACLLLIINNGCLKAKVFAAR,36,0.7359
GEN_3526,TRCAKFPKAHACLGTLACLLLIILNETYRTFTFLPK,36,0.7359
GEN_3527,TRCALKPKAHACLSYLACLLLTCNNGCVKAKVFAPR,36,0.7359
GEN_3528,THLAIKYKAKACLSFLGCLLLIYNNLCLKAKIFAAH,36,0.7359
GEN_3529,TMCAKKLMVKECLHYAACVRLTYFNLALKNLTKLIP,36,0.7359
GEN_3530,FRCWYKPHAHAELSTLACLLLIIANGCLKAKVFTAV,36,0.7358
GEN_3531,TRCAKKPKAHACLSTLACLLLIILNPSVKAKMDIAL,36,0.7358
GEN_3532,TRAAKKRHNHACLSTLACLLLTPVNGCVKAKVFPAV,36,0.7358
GEN_3533,FHQAKKPLAKDSLHALACVLLTYFNACLKTFDRAPK,36,0.7358
GEN_3534,THCAKKILAKHCLHYLACVTLTYWDACLKAKTSDVP,36,0.7358
GEN_3535,THCAKKLVAKHCLRYLACVLLTYWNLCLKNFTKLIP,36,0.7358
GEN_3536,NHCAKKIALKHSLHYLACVGLTYFIACLKTYTTLIP,36,0.7358
GEN_3537,TRYHKKPHYHACLSNLACLLLTIVNGCVKAKVFAAR,36,0.7358
GEN_3538,FRCWYKPKAHACLSTLACLLPIILNGCNKTFTKLAV,36,0.7358
GEN_3539,TRCAWKPNYHACLSNLACLLLTPVNGCVKAKVFAAL,36,0.7358
GEN_3540,TRCAAKPKAHACLLTLACLLLIILNETYKTFTFLPK,36,0.7358
GEN_3541,THCAAKPKAHAALSYMACILLFILNETYKTFTKLPK,36,0.7358
GEN_3542,LHPAKKIAAKHCLHSLACVLLTYGINCLKNDTSLLP,36,0.7358
GEN_3543,TRYHKKPHYHACLSTLACLLLTIVNGCVKAKVFAAH,36,0.7357
GEN_3544,NRCLKKPKAHACLSTLACLLLIILNGSLKAKVFAAR,36,0.7357
GEN_3545,TGYRKAPKNHACLSTLACLCLTILNGTVKAFTRLPR,36,0.7357
GEN_3546,WRLWYKPKAHACLSTLACLLLIILNPCVKAKVFAAR,36,0.7357
GEN_3547,TRAAKKPKYHACLSNLACMLLTPVNGCVKAKVFAAR,36,0.7357
GEN_3548,ARCFWLAKAHASLSMSATLTLIILNETLKAKVFYVV,36,0.7357
GEN_3549,WRTWYKPKAHACLSYNACLLLIINNPCVKAFTRLPR,36,0.7357
GEN_3550,THCAKEPKAHACLSYLAYLLLTCLNGCVKAKVFLPK,36,0.7357
GEN_3551,FHCAKKPNTKHCLHYLACVLLTYFNAADHAKAFAAD,36,0.7357
GEN_3552,TRCAHKAAHKIILHFLACVLLTYFNSCLKRWTSAAY,36,0.7357
GEN_3553,WRCWYKPKAHACLSTLACLWLIILNETLKAKVFAAV,36,0.7357
GEN_3554,TRCAKKPKAHACLSTLVCLLHIILQGSVKAFTRLAV,36,0.7357
GEN_3555,TRHAAKPLAHACLSYLACVLLTQLNGCVKAKVFAVP,36,0.7357
GEN_3556,HRCWYKAKAALRLCFLACLQLIIGNVSKKVNRACLSI,37,0.7356
GEN_3557,HRCAMKPKAHACLSTLACLLLIILKGCVKAFTHAAV,36,0.7356
GEN_3558,TRCAKKPKVHSCLSTLACWLLSYFNICVHAKVFAAV,36,0.7356
GEN_3559,THSAKKPKAHACLSYLASLLITPVNGAVKARVFPAV,36,0.7356
GEN_3560,THCAKKPLAKRQLHYLACVLLTWFNACAKTWTKIAR,36,0.7356
GEN_3561,LHCAKKLAAKHCPHYLACVLLTAFNACLKTFTSAAP,36,0.7356
GEN_3562,THCAKKIAAKESLHYLACVLLTYFIACLKTCTILIP,36,0.7356
GEN_3563,THSAKKAAAKKCLHYLACVLLTYFINCLKNFTSTVP,36,0.7356
GEN_3564,THCAAKPKAHACLSYMACLLLIINNGCLHAKIFAAR,36,0.7356
GEN_3565,THCAKKPKAHATLSYQACLLLIINNGGLDAKCFAAR,36,0.7356
GEN_3566,WRYRKKAHNHACLSTLACLLLLILNGCVKAFTRLPR,36,0.7356
GEN_3567,TRCAKKPKAHACLCTLALLLLIVLNETLKTDTWRPK,36,0.7356
GEN_3568,TRHAARQHAHACLSYTACIALLLNNGCIKTFPKAAD,36,0.7355
GEN_3569,THYAKKPLAKHCLHYLACAILTYFNVCLKTFTKLIP,36,0.7355
GEN_3570,FHCAKKILARHCLHYLACVLLTYFNACLHADAFAAD,36,0.7355
GEN_3571,THCAKKPLAKECLHILGCVLRTWFNACLHAKAFAIP,36,0.7355
GEN_3572,THCAKKIAVKHCLHYLACKLLTYFNACLHAKAFAIG,36,0.7355
GEN_3573,THCAKKPLAKHCLKYLACVLLTYLNGCVKAKVFAAP,36,0.7355
GEN_3574,FHCAKKPLAKHCLHYLAHLLLTYFNACWKDFTKLIP,36,0.7355
GEN_3575,SHDAKKILAKHHLHFLACVLLTYFNACLHAKAFACP,36,0.7355
GEN_3576,TRCWKKPKAHACLLYLACLLLIILNGCLKAKVSAAR,36,0.7355
GEN_3577,TRYHKGPHYHACLSTPACLLLRILNKCKKLYVFAAP,36,0.7355
GEN_3578,TRYHKKPKAHAALSYMACILLILNNGCIKTFTKLPK,36,0.7355
GEN_3579,THAPKKAAAKNCLHYLAYVLLTYFNTCLNRKVFAIF,36,0.7355
GEN_3580,FRLWYKGKAHACLSTLACLLLIIVNPDNKTFTKCAV,36,0.7354
GEN_3581,TRCAKKPKAHACLCTLACLLLGILNGCLKAKVFAAH,36,0.7354
GEN_3582,THCAKKPHYHTYLSTPACILLTIANGCLRAKVFAAH,36,0.7354
GEN_3583,TRCMRKAGARACLSYLACLLLTCNNGCVKAKVYAPR,36,0.7354
GEN_3584,THLAIKYKAKACLSFLACLVLIYNNLCLKAKIFAAH,36,0.7354
GEN_3585,THCAKKPLAHHVLHYLAAVLVTRFNACLKTFNILID,36,0.7354
GEN_3586,FHCAKKPLAKHCLHYLACVLVTYFINELKTFTSLIP,36,0.7354
GEN_3587,THCRKKIGAKHCLHYLACVVLTYKIWPVKTFTLLAP,36,0.7354
GEN_3588,TVCAKKIAAKHCLRYLACVALTYFIACLKTWTSLAP,36,0.7354
GEN_3589,THCAKKIAAKHQLHFLACVLLTYFNSFAKRFTCEAP,36,0.7354
GEN_3590,TRYHKKPKYHACLSNLACMLLTPVNGCVKAKVFAAR,36,0.7354
GEN_3591,TRCAAKPKAHACLSYLACLYLICNNGCLKAKVFAAH,36,0.7354
GEN_3592,THCAKKPKPHACLSNLACVVLTYFNACHKAKVFAAH,36,0.7354
GEN_3593,TSCAKKPLAKTSLSYLATVLLTYLNACLHAKAFAAM,36,0.7354
GEN_3594,THCAAKPKAHACLSVMACILLILNNGCVKAKVFPAV,36,0.7354
GEN_3595,HHCAKKPLAPHCLHWLAAVVLTYFNACLKEFTKLAR,36,0.7354
GEN_3596,THCAAKPKAHAALSYMACIALILNNACLHVKAFALD,36,0.7354
GEN_3597,TGCAKKMLAHACLSYLACVLLTYFNACVHAKVFAMK,36,0.7354
GEN_3598,LHCAMKIWAKHCLHYLACVILTYFIRSLKAVTTLIP,36,0.7354
GEN_3599,THVAKKAAGKNCLKYLACVLLTYFNSCLNEKVYAIF,36,0.7354
GEN_3600,DRLVHKPKAHASKTTVNCLLLIILNAWLKAKVFHAH,36,0.7353
GEN_3601,THCAKKPKAHACLSYLACLALIILRGCVKTFTRLPR,36,0.7353
GEN_3602,THCAKKPLAKHCKHWLACVLLTYFNHPLTTFTKLPK,36,0.7353
GEN_3603,THCAKKIVAKHCLKYMACRLLTYFINCLHAHALAIP,36,0.7353
GEN_3604,TRYHKKPKYHACLSNLACLLLIILNGCVRAFTRYPH,36,0.7353
GEN_3605,THCAAKPKAHNCLSNLACVLLTGVNGSVKAAVFAAV,36,0.7353
GEN_3606,THAAMKPLAHACLSYLACILLTVNNGCVRAKVFAPR,36,0.7353
GEN_3607,LHCAKKIAAKHSLHILACVILTYFHACLKTCTTAPF,36,0.7353
GEN_3608,THCAAKPKAHAALSYMACQLLIINNGCGKTFTKLPK,36,0.7352
GEN_3609,FRCQKKPLAKHCLHYLACVLHTYFLACLRTFTSVKP,36,0.7352
GEN_3610,THCAKKAAKKHCLHYLACVVLTYFINGLHNFTILAP,36,0.7352
GEN_3611,TRPIKKPHYHACLRRLACIFLIILNGCVKAKVFAAH,36,0.7352
GEN_3612,THYRKKAHNHACLSTLACLLLIILNGCLKAFVFAAH,36,0.7352
GEN_3613,FHCGKKPLAKHCLHYIACVLLTNFNACLKAKTSVKD,36,0.7352
GEN_3614,TRYAKKPHNHACLSTLACGLLTILNGCVKAKVFAPR,36,0.7351
GEN_3615,THCAKKPKAHACLSNLACLLLTCLNGCVKAKVFLPK,36,0.7351
GEN_3616,THCAKKPKYHGCLSYLACLLLTLVNGCVKAKVFAAD,36,0.7351
GEN_3617,FHSCKKIAAKHSLHELTCVLLNWFNSALKATVFAAF,36,0.7351
GEN_3618,TRYHKKPRYHARLSNLACLLLTPVNGCVKAKVFAAV,36,0.7351
GEN_3619,SRLHEWPKAHACLSTLACVLMIILNACLKAKVFAAR,36,0.7351
GEN_3620,LRCGKKPQAHACLCTLACLLAFILNETYKTFTKLPK,36,0.7351
GEN_3621,THCAAKIKAHAALSYMASILLILQNGCIKTFTRLPK,36,0.7351
GEN_3622,THYAKKPLAKMCLHYLACVLLTYFNACLKTFTKLIP,36,0.7351
GEN_3623,QHCAKKILAKHCLHYLACVLVTYFNACLKAKVFAIF,36,0.7351
GEN_3624,NHCAKKIAAKRCLHVLAPVLLTYFRICLKTFTKLIP,36,0.7351
GEN_3625,GHCQKKAAIKNCLHYLACVLLTYFNSCLSRKVFGIF,36,0.7351
GEN_3626,THSFKKPKAHLCLSYLACLLLICKNGCIKGKIFAAH,36,0.735
GEN_3627,THAAMKPHAPACLAYLACVLVRYLNGCVKAKVFAIP,36,0.735
GEN_3628,THCAKKICAKHCWRYLACVLLTYFNAKLKTFTSLIA,36,0.735
GEN_3629,THCAKRILAKHRLHYHACVLLTYFNACLHAKAFAAP,36,0.735
GEN_3630,THCAKVIAAKHCLHYLACVDLTYFIWMVKTFTLNAP,36,0.735
GEN_3631,SVCAKKIAAKHCHHYLACVLLTAWINAVKNFTSLIP,36,0.735
GEN_3632,TGCAHKPNKHACFSTLACLLLIINNGCLKAKVFAAR,36,0.735
GEN_3633,FHCAKKPLAKHCLHYLACVLMTYFNHCLKTKAFAIP,36,0.735
GEN_3634,THWAKKAAAKHCFIYLACVLLTYWNLCLHAKAFAAD,36,0.735
GEN_3635,ERCAKKPKYHACLSYLACLLLIINNGCLKAKVFAAH,36,0.7349
GEN_3636,TRCWKKPHAHANLSYLACHLLIILNGCVKAFTRYPH,36,0.7349
GEN_3637,FRCWYKPMAHAELSTLACLLLIILNGCLKAKVFAAV,36,0.7349
GEN_3638,SKCAKKPKAHACLSYLACLLLWINNGCLKAKIFAAR,36,0.7349
GEN_3639,TRYRKKPHNHASLSTLACVCIIILNETLKAIVFAAV,36,0.7349
GEN_3640,TCDARKIIAKNCLHYLACVLLTYFNCCLQRKMTGIF,36,0.7349
GEN_3641,TRCAAKPKAHACLSTLACLLLIELNGCIKVKVFAGH,36,0.7348
GEN_3642,TRYRKRPHNHACLSTLACLLLIKVNGCVKAFTRYPR,36,0.7348
GEN_3643,THYRKKPHNHACLSNLACLLLTPVNGCVKADVFAAR,36,0.7348
GEN_3644,GACFKKIEAKQSLHYLACLLLTYFNACLRTFTHTIP,36,0.7348
GEN_3645,THCAKKPLAKMDLHYLACRWVTYFNACLAAKVFAIF,36,0.7348
GEN_3646,TRCAKKAAAKHWLHYHACVLVTYFNAALHHHAFAIG,36,0.7348
GEN_3647,SRCAKKPKAHAFLSTLACLLLIILNACAKAKFFAAR,36,0.7348
GEN_3648,TRCWKKPHAHASLSYLACHLLIILNGCLKAKVFAAR,36,0.7348
GEN_3649,SRCAKKPKAHAFLSTLACLLLIILNGCVKAKVFASH,36,0.7348
GEN_3650,TRCAKKPKAQACLSTLACVLLTYFNACVRAKVFAAK,36,0.7348
GEN_3651,TRYHKKPHYHACLSTPACLFLTILNGCIKAKVFAAA,36,0.7348
GEN_3652,CRCAKKFDKHASFSNLASLLLIILRGQGKTYTKLHL,36,0.7348
GEN_3653,TRYHKKPKAHACLSYLACLDLIINNPCVKAHTPLPK,36,0.7348
GEN_3654,THCAKKELKTACLSYLACVLLTYENALLQAKAFAAK,36,0.7348
GEN_3655,SRCAKKPKAHAFLSTLACLLLIILNGCVKAKVFAAH,36,0.7347
GEN_3656,THCAWKPLAKHCLHYLACVLLTYFDSCLKAKAFAAD,36,0.7347
GEN_3657,LRHLARPKAHACLSYTACILDLLNNGCIRTFPKLVK,36,0.7347
GEN_3658,THCAVKPLAKHCMHYLACVLLTWFNACLKAKVFAAW,36,0.7347
GEN_3659,FHCAKKGLAKHCLAYLACVLVTYFNACLKAKVNAIF,36,0.7347
GEN_3660,TVCALKIAAKHALAYLACVLLSYFNAFLYAKANAVP,36,0.7347
GEN_3661,SHCAKKIAAIHWLHYLACVLMTLFGACLQKFTLLAP,36,0.7347
GEN_3662,FHCAKKIAAKHSLHYLACVLLCYFNSCLNRKVLLAP,36,0.7347
GEN_3663,TRCAKKPKAHACLSMLACLLLIILNETLKAKVFRAR,36,0.7347
GEN_3664,SRCAHKLKIHACLSTLACLLLIIVNACFKAKVFAAR,36,0.7347
GEN_3665,TRCAKKPNKHACSSTLACLLLIILNGQGKTGTKLAL,36,0.7347
GEN_3666,THYTKKPKYHDCLSNLACLLLTAVNGCVRAKVFAWP,36,0.7347
GEN_3667,THCAKKPQKHLALSYLALVLLTYLNGCVKAKVFAIP,36,0.7347
GEN_3668,THCAKKPLAKHWLHYLASVLLLWFNACLHAKAFQTD,36,0.7347
GEN_3669,TVCAKKIAAKPCLHYLACVVLTYFLNCLKNFTALLP,36,0.7347
GEN_3670,THCLKKAAAKNCLHYLAIDLLTYFGSRLQRFTLLAA,36,0.7347
GEN_3671,TACAHKPNKHACFSTLACLLMIILNVKGKTFTKIPK,36,0.7346
GEN_3672,TRYHKKPKYHAGLSNLAALLLTPVNGCLKAKVNAAR,36,0.7346
GEN_3673,TRCAKKPKAHACLKTLACTLLIILNETYSTFTELPK,36,0.7346
GEN_3674,THCFKKPKAHACLSNLACLLLIINNGCLKAKVFAAR,36,0.7346
GEN_3675,THCAAKPKAHACLSYMACILSILNNGCIKTFTKLPK,36,0.7346
GEN_3676,SHCAAKPKAHACLSYMAAILLILNNGCIKTFTKLAK,36,0.7346
GEN_3677,THCLQKAAAKNCLHYLACVLLTYFNSCLKRTVFALF,36,0.7346
GEN_3678,TRYHKKPHYHACLSTLACLFLIILNGCVKAKVFAAH,36,0.7346
GEN_3679,THCAAKPKAHAALSYMACLLLILNNGCIKTDTKEVP,36,0.7346
GEN_3680,VHCAKKPLAKTSLRYLACILLAYYNAGLHAKAIAPP,36,0.7346
GEN_3681,THCAAKPKDHAALSYMACILLILNRMCLHVKAFALD,36,0.7345
GEN_3682,THCAKKIDAKHCLHCLACVLLTYFNFCLHAKAFAAD,36,0.7345
GEN_3683,THCAKRILDKHCLHYLACVLLTYVNACLHAKAFAIP,36,0.7345
GEN_3684,THSAKKIAAKTFLHYAACNLATYFIACLKTVTSLIP,36,0.7345
GEN_3685,TRYHKKPHLHACLSTLAAALLTILNGCVKAKKFAAH,36,0.7345
GEN_3686,TRCAKKPNKHACFSTLACLLLIILNGQGKTFTNLAV,36,0.7345
GEN_3687,THCAKKLMAHACLSYLACLLLTPVNGRVHAKVFGAV,36,0.7345
GEN_3688,TRCAAKGKAHAALSYMVCILLILNNGCIKTFVKLPH,36,0.7345
GEN_3689,TRHAARPKAHACLSYQACILLLLNNGCIKTFPKLPG,36,0.7345
GEN_3690,THCAKKIKAKHCGHYLACVLVNYFIICLKNFTSLIF,36,0.7345
GEN_3691,TVSAKKIAAKHCLHYIACVLLTNFIACLKTFTSLAP,36,0.7345
GEN_3692,THCAKKAAAKHCLHYLACVLLTYFINCLQRFTLLAV,36,0.7345
GEN_3693,WRCYYKPKAHDCLSTSACLWLIILNETLKAKVFAAV,36,0.7345
GEN_3694,THCAKKPKAHACISTLACHLLWILNGNLKAMVFAAV,36,0.7345
GEN_3695,THCAKKIAAKHCLHYLACVFVNYNIACAKNFTSLIW,36,0.7345
GEN_3696,FHCARKIAAKHSLHWLACVLLTYFIAQLKTYTTLIP,36,0.7345
GEN_3697,TRCARKPKAHACLSTLACLLLIELNGCLKAHVFEGR,36,0.7344
GEN_3698,WRLWYKPKAHACLSTLACLLLIILNGCVKAKVFAAK,36,0.7344
GEN_3699,SRVATKPKAHACISTLACLLLPILNACLKAKVFAAN,36,0.7344
GEN_3700,FRCFYRPKAAALLSTLACNKLIILNPQGKPFTKLAV,36,0.7344
GEN_3701,TRCAKSSKAHACLFTLAFLWIIILNETLKAIVNGAV,36,0.7344
GEN_3702,TRCAKKPNKHACFSNLACLLVIILNGGFKAFTGAAV,36,0.7344
GEN_3703,TRYHKKPHYHACLSTPACLLLWILNKCKKAYVFAAH,36,0.7344
GEN_3704,THCAAKPKAHACLSMTACILLILNNGCIKTFPKLPH,36,0.7344
GEN_3705,LHSAKKILAKMSLHYLACVLLTYYINCLKNFTSLIA,36,0.7344
GEN_3706,TRCTKKAKAHACQSTLACILLIILNGCVKAFTRLPR,36,0.7344
GEN_3707,TRCWKKPHAHASLSYLACHLLIILNGCVKAFTRYPH,36,0.7344
GEN_3708,WHCVKKPLAWRALHYLACVLLTQLNTCVKAKVFAVK,36,0.7344
GEN_3709,LHLAKKIGAKHSLHYLACSLVTYCAGCLKAFTNPAP,36,0.7344
GEN_3710,TRCWKKPKAHACLSTLACLLLCKLNGKAHTFTKLPK,36,0.7343
GEN_3711,TRYRKKPHYHACLSTLACLLLTIVNGCVKAKVFAAV,36,0.7343
GEN_3712,FRCWYRPKAAACLTTLACLQHIINNGKAKTFTKNKNYFPLGKPDY,45,0.7343
GEN_3713,THCAKKPKAHACLSNLACVLLTYFNACVKAKVFAAH,36,0.7343
GEN_3714,TRYHKKAHPHMCLSTLACLLLICNNGCLKSKIFAAH,36,0.7343
GEN_3715,FRCAKKPKAHRCLCTLACLLLIILNENWKTCAGIAP,36,0.7343
GEN_3716,THAAKKPLKHACMSYLACVLLTYLDGCVKAKVNAHA,36,0.7343
GEN_3717,NRCWKKPQAHACLSTLACLLLIILNGCVKAFTKLPK,36,0.7343
GEN_3718,HRCAHKANKHACFSTLACLLLIIVNVKGKTFTKFPK,36,0.7343
GEN_3719,WRLWYKKKAHACLSTLACLLLICNNGCLKAKVFAAH,36,0.7343
GEN_3720,TRCAKKPNKHACFSCLATLLLIILNGQGKGFTKLAS,36,0.7343
GEN_3721,VRCAKKPHAKACLSTLACASLAILNWCVKAFPRAAV,36,0.7343
GEN_3722,TRCAAKKDAHACLCTLACLLLIILNETYKPFTFLPK,36,0.7343
GEN_3723,THLAMKPKAHACLSFLACLMLTYLNGCVKAKAFAAK,36,0.7343
GEN_3724,THCAKRILAKHCLHSLACVLLGAFNACLHAKAFAIP,36,0.7343
GEN_3725,THCLKKIAAKHSLHYGACILLSYPNACLKTFTNVIP,36,0.7343
GEN_3726,THCAKKAAAKINAHYCACVLLTGFYNCTKNFTSLAP,36,0.7343
GEN_3727,TRCWKKPKAHACLSTLACLLLIICNGCVKAKVFAAK,36,0.7342
GEN_3728,TRYHKKYHAHACLSTLACLLLIILNGCLKAKVFAAR,36,0.7342
GEN_3729,FRCYYKPKAAACLSTLACLQLNILNGCVKAFTRLPR,36,0.7342
GEN_3730,TRCAKKPNKHACFSTLACLLLIILNGQGKAKVFAAH,36,0.7342
GEN_3731,TRCVKKGKASACISTLACHLLIILNGNLKAMVFAAV,36,0.7342
GEN_3732,TRYHKKPKYHACLSNLACLVLTILHGCVKAKVFAPR,36,0.7342
GEN_3733,NHCKKKPKAHACLSYLACLLLTPVNGCVKAKYWPAS,36,0.7342
GEN_3734,THCRKKATAKNCLHYLAGVLGTYFNPCLNRKVFALF,36,0.7342
GEN_3735,SRCAHKPKIHRCLSTLACLLLIIVNACFKAKVFAAR,36,0.7342
GEN_3736,TRYHFKPHYHACLSTLACLLLTILNGCVKAKVFAAH,36,0.7342
GEN_3737,SRCAKKPKWHACFSTLACLTLIILLGQGKTFTKLAV,36,0.7342
GEN_3738,TRCAAKPKAHAALCWLACLLLVAMNDQIKTSRKLEV,36,0.7342
GEN_3739,TRYHKKPHYHACLSTPASLLYTIANGCVKAKVFAAP,36,0.7342
GEN_3740,THAAKKPLAKHCLHYLACALLTYANACLKIRTKLHP,36,0.7342
GEN_3741,THCAKKPLAKHCLHYLANVLLTYFNACLKAKQFAIF,36,0.7342
GEN_3742,THCAPKPKAHACLSYLACLLLIINNGALKAKVFAAR,36,0.7341
GEN_3743,CRCAKVPNKHASISNLACLLLIILRGQGATYTKAHL,36,0.7341
GEN_3744,TRCQAKPKADACLCTLACLLLIILNETWKTFTFLPK,36,0.7341
GEN_3745,THCAKKMLAKRQLHYLACVALTYFNACLKTFNHLIP,36,0.7341
GEN_3746,TKCAKDAAAKNCLHNLACVLLTVFNTCLNRKVFAIH,36,0.7341
GEN_3747,THCAKKAPAKNCLHYLACVLLTYFINCLKNFTSNAP,36,0.7341
GEN_3748,FRCWYKPKAAACLTTLACLQHIINNGKAKTFTKNKNF,37,0.7341
GEN_3749,TRCAKKPKAHAGLSRLACLLLTPVNGCVKAKVFPAV,36,0.7341
GEN_3750,CRCATKFDKHASFSNLASLLLIILRAQGKTYTKLHL,36,0.7341
GEN_3751,TRCAKKPKAHACLCTIACLLLIIVNGCIKTFFKLPK,36,0.7341
GEN_3752,ARCAKRPQAHLCLSYMACILLTYLNGCVKAKVFAVP,36,0.7341
GEN_3753,THCAGKPLKHACLSYLACVLLTYFNACLWAKAFAAK,36,0.7341
GEN_3754,THCAKKGLAKHCLHYLACALLTYFNACLKTFTILIP,36,0.7341
GEN_3755,THCAKRILAKHCLVYLAMVLLTWFNACLHAKAFAAA,36,0.7341
GEN_3756,THCAKKAALKHCLHYLACVLLSYFNAFLYAKANAVP,36,0.7341
GEN_3757,TRCAKKPKAHACLSTLACLLLIILNETLKAKVFRAR,36,0.734
GEN_3758,THCAKKPKAHACLSTLACLLLIILNETLKAKVFRAR,36,0.734
GEN_3759,SRCWKKPHAHASLSYLACHLLIILNGCLKAKVSAAR,36,0.734
GEN_3760,THCFKKPKAHACLSYLACVLLTYFNACVHEKVFALK,36,0.734
GEN_3761,THCAAKPQAHAALSFMACLLLIKNNGCIKTATKLIK,36,0.734
GEN_3762,TRCAAKPHAHACLQYLACFLLNYLRGCVKAKVDIIP,36,0.734
GEN_3763,TVAIKKIAAKLCTHYLACVLLTYFNAALKTFTSLVP,36,0.734
GEN_3764,WNCAKKLVAKHCLHCLACVLLTGFNACLKTFTSALP,36,0.734
GEN_3765,TRCAKKPKAHACLSTLACLLLIILNETLRRKVFRAH,36,0.734
GEN_3766,TRCAKKPKAHACLSTLSCLLLIILNGTVKAKIFAAV,36,0.734
GEN_3767,TRCAKKPKAHACLSTLHCASLRILQTHLKAMVFAAD,36,0.734
GEN_3768,SRHAKSSKAHFCLSTLACLDIIILNETLKAIVFAAV,36,0.7339
GEN_3769,TRYRKTPHNHACLNTLACLLLIILNVSKKHFTKIPK,36,0.7339
GEN_3770,TRCWKKPHAHASLSYLACHLLIILNGCLKHKVSAPR,36,0.7339
GEN_3771,LRTAKKPNKHAAFSVLACLLLVILNGQGKTFTKLEL,36,0.7339
GEN_3772,TRYHKKAHNWACLSYLACVLLTYFNACVHAKVFAAK,36,0.7339
GEN_3773,TQCAKKPLKRACLSYLACVILTYLNGFVKAKVFAVP,36,0.7339
GEN_3774,IHCAKKILEKHCEHYLACVLYTWFNACLKAKVFAIF,36,0.7339
GEN_3775,TVCAKKIAAKHCLHYIACVLLTYFIGDAKTFTSAAV,36,0.7339
GEN_3776,LHCAKKIAAKHSGHYNACVLLTYFIACLKTYNTLIP,36,0.7339
GEN_3777,FHCAKKIAAKHSLGYLACVKLTYFNSCLKATVFALF,36,0.7339
GEN_3778,LMCAVKGAAKHSLHSILCGLLTYLIACLKWYTTNFG,36,0.7339
GEN_3779,FRCWYRPKAHASLSTLACLQCIILNGKGKTFTKLPK,36,0.7338
GEN_3780,NHCAKKPKAHACLSYLACLLLTPVNGRVKAKYWPAH,36,0.7338
GEN_3781,TECAIKLKAHACLSYLACLLLTCNNGCVKAKVFAPR,36,0.7338
GEN_3782,THCAARPKAMACLSYMACILLILNNGQIKTFTKLPK,36,0.7338
GEN_3783,THCAKKVAAKHCLHYLACVGLTYFNSRLGRTVFAII,36,0.7338
GEN_3784,TRCWKKPNKHACFSTLACLLLIILNGQGKTFTKVAV,36,0.7338
GEN_3785,TRCAKKPNKHACFSTIACLLLIILNGQGKTFTKLAV,36,0.7337
GEN_3786,TRCAKKPKAHACLSTLACLWLIILNPCLKAKVFAAR,36,0.7337
GEN_3787,TRCAQKPKAHACLSTLACLLLIILNGTYKEFNRLPR,36,0.7337
GEN_3788,FRCWYRPKAAACLTTLACLQHIILNNCLKAKVFAAR,36,0.7337
GEN_3789,TRCAKKPKAHACLSNLACLLLTPVNGCVGAKVFAAV,36,0.7337
GEN_3790,TRDAAKPDAHACLCTLACLLLIILNETYKTFTFLPK,36,0.7337
GEN_3791,TSCVKKILAKHCQHYLAAVLLTYMRACLHAMAFAAD,36,0.7337
GEN_3792,THCAKKLLAWHNLTYLACVLLDWFRLCDCAMAFAGD,36,0.7337
GEN_3793,TRCWKKPNKHACFSTLACLLLIILNGQGKRFTKIPK,36,0.7337
GEN_3794,DRCWKKPKAHACLSTLASVLLTYFNACVHAKVFALK,36,0.7337
GEN_3795,LRYHRKTKYHACLSNLAMILITPVNYCVKAAVFAAV,36,0.7337
GEN_3796,THCAKRILAKHCLHYLACVLITYFIACLTTFTSLIP,36,0.7337
GEN_3797,LHCAKKCAAKHSLHYLAEFLLTYVIGCLKTFTSLIP,36,0.7337
GEN_3798,RRCAKKAARKHCLHFLACVLLTYFNSCLKRKVFAIF,36,0.7337
GEN_3799,TRYHKKPHYHACLSTLACLLLIILNGCVKAKVFAAH,36,0.7336
GEN_3800,TRYSKKPKYHANLSYLAWLLLICNNGCLKAKTFAAH,36,0.7336
GEN_3801,TRYHKKPHYHAVLSTPACLLLTILNGCVKAKVFAAP,36,0.7336
GEN_3802,THCAKKPLGKVCLHDLAFVLLTYNNACNHAKAFAIP,36,0.7336
GEN_3803,TRPHKKPHYHACLSTLACLLLTILNGCVKAKVFRAH,36,0.7336
GEN_3804,THCAKRVYAKHSRHYLACVNLTYFNACLHAKAFAIP,36,0.7336
GEN_3805,FHQAKKTVAKHSLHYVACVLLTYFINVLKHFVSLAQ,36,0.7336
GEN_3806,SRAVKKPKAHACLSTLACLLLIILNACIKAKVFAAR,36,0.7335
GEN_3807,THCAKKQKIKACLSYLACLLLYCLNGCVKAKVFAPR,36,0.7335
GEN_3808,THCAKKPNRHACFSCMACLLVIILNGQGKTFTKLAL,36,0.7335
GEN_3809,TRYHKKPHYHACLSTPACLLLTILNGCIKTFPKLPH,36,0.7335
GEN_3810,THCAKKLLAKIYLSYLACVLLTFFNACLHAKAFAAK,36,0.7335
GEN_3811,THCAKKPLAKHCLHYLAMAQLLDLNGCVKAKVFAVK,36,0.7335
GEN_3812,TRYHKKPKYHAALSNLACLLLTILNGTVKAFTRLPR,36,0.7335
GEN_3813,TRYHKKPHYHAALSTPACLLLFILNKCKKAYVFAAP,36,0.7335
GEN_3814,VRCARKPDAHECLCYLACLLLTPINGCVKAKVFPAV,36,0.7335
GEN_3815,TKCAKKPKAHACLSYLACLLLGINNPCVKAFTHLHR,36,0.7335
GEN_3816,ARCAKRPQAHLKLCTLACYLLFILNETYKTFTKVPK,36,0.7335
GEN_3817,TWCGKKALAKHCLSYLACVLLTYFNACVDAKVFAVK,36,0.7335
GEN_3818,TVCAKKIAQKKCLHYLACVLLTYFINCLKNFTSLIM,36,0.7335
GEN_3819,SRCIKKPKAHACLSTLACLLLIILNGCLKAKVFAAR,36,0.7335
GEN_3820,TRCPKKPKAHACLSTLACLLLIILNGCLKAKVFAAV,36,0.7335
GEN_3821,PRCAKKPNKEACFSTLACVLLLILNGQGKTFTKLAV,36,0.7335
GEN_3822,TRCWKKPHAHANLSYLACHLLLILNGCLKAKVSRAR,36,0.7335
GEN_3823,TRYHKKPRYHARLSTLACLCLTIFNGCVKAKVFAAH,36,0.7335
GEN_3824,PRCAKKPNKHACLSNLACLWIIILNETLKAAVFAAV,36,0.7335
GEN_3825,TRYRKKPHNHACLSTLACGLLTILNGCVKAKVFAPR,36,0.7335
GEN_3826,TRYRKKPHNHACLTKLACLLLTTVNGCVKAKSFAAR,36,0.7335
GEN_3827,TRCLHKPKAHACISTLACHLLIHLNGNLKAYIFAAW,36,0.7335
GEN_3828,YVCAKKFLAHACLSYLAAVLLHYHNGCVKAKVFAVP,36,0.7335
GEN_3829,YKCAKKWLAKHCLHYLACVLLTYFNHCLKTFTSVKP,36,0.7335
GEN_3830,LHCAKKIAAKHCFHYMACVLLTYFMAHLHAKAFAAD,36,0.7335
GEN_3831,TRYHKKPHYHTCLSTPACILLTIANGCLRAKVFAAH,36,0.7334
GEN_3832,VHCAKKIAAKHSLHYLAACLATMFINCLKNFTSLAP,36,0.7334
GEN_3833,THCAKKAAAKHCLHYLACVLLTYFINCLKNHTSLIP,36,0.7334
GEN_3834,FHCAKKIGAKHSLHYLACVLLSYFSSCLKAPVFALF,36,0.7334
GEN_3835,FRCWYKPKAAHCLFTLACLQLIILNVKGKTFTKIPK,36,0.7334
GEN_3836,THNAKKPKMHAYLSYLACTLLTCINGCVKAKVFAAP,36,0.7334
GEN_3837,TVTAKKPLAKHCLHDLACVLLTYINASVKFFTKLAR,36,0.7334
GEN_3838,THCAKRILAKHELHYLACVALTYFNACLKDFTKLIP,36,0.7334
GEN_3839,THCAKKILAKHCLHYLACVLVTYFNACLKAKVFVIF,36,0.7334
GEN_3840,THCAKKPLAKHCLMYLACVGLTYFNACLKVKAFALD,36,0.7334
GEN_3841,THCAKKPNAKHCLHYLACVLLTYFNACLHAKAFAIP,36,0.7334
GEN_3842,TRCVKKPNKHASFSTLACLLLIALNKQGKTFTKLAL,36,0.7333
GEN_3843,WRLWYKPKGDACLSTLACLLLIIFNPCVKAKVFAAV,36,0.7333
GEN_3844,TRCWKKPHAHANLSYLACHLLIILNGCVRAFTRYPH,36,0.7333
GEN_3845,FHCAKKPLYKDCLHYLACVLLTYFNWCLGEFTKNIP,36,0.7333
GEN_3846,QHGARGIAAKHCLHYLACVLVTYFIACLKTFTSLAP,36,0.7333
GEN_3847,THAAGKIAAKHCWHYLACNLLTYFNACLHLKRFTAD,36,0.7333
GEN_3848,TRCAKKPKAHACLSTLACLLLIILNGCLKAKVFAAR,36,0.7333
GEN_3849,FRCWYKPKAHAPLSTVACLLLIILNVSKKHFTKIPK,36,0.7333
GEN_3850,TRCAKKPKAHACLSTLACLLLINLNETLKAKCERAR,36,0.7333
GEN_3851,TRYHKIPKYHACLSNIACLLLTPVNGCVRAKVFAAR,36,0.7333
GEN_3852,THCAKKPHAHACLSYMACILLILNNGCIKTFTKLPP,36,0.7333
GEN_3853,LHCAKKIAEKHCLHCWACVLLTYFINCLKNFTSAMP,36,0.7333
GEN_3854,TRCWKKPKAHACLSTLACLLLIILNGCLKAKVFAAV,36,0.7332
GEN_3855,TRCWKKPNKHACFSTLACLLLIILNGQGKTFTKLAV,36,0.7332
GEN_3856,FRCWYKPKAAACLSTLACLQLIFLNVSKKVIRFAAV,36,0.7332
GEN_3857,SRCPKKPEAHACLSTLACLLLIILNPCLKAKVFAAR,36,0.7332
GEN_3858,TRCAAKPEAHACLCNLACLLLIILNETYKPFLWLGK,36,0.7332
GEN_3859,THCAKKIAGKHCYHFLACVALTYFNACLKTFTSDVP,36,0.7332
GEN_3860,THCAKKAAAKHCLHYLACVLLTYFNSCLNRKAFAIP,36,0.7332
GEN_3861,THCAKKIAAKHCLHYAACVYLTYFIGCLKTFTSAAP,36,0.7332
GEN_3862,FRCWYKPKAANCLSTLACLQLIILNVSGKAIRACSSI,37,0.7332
GEN_3863,WRCFWLAKAHACLSMSGCLTLIILNETLKAPVFYAV,36,0.7332
GEN_3864,SRYHKKPRGHVCLSNLASLLLTPVNGCLKAKVTAAG,36,0.7332
GEN_3865,TRCAKKPKAHASLATLACLLLIILNETYKTFTFLPK,36,0.7332
GEN_3866,ARCAKRPQAFLCLCTGAWLLLFSLNETYKTFTKAPK,36,0.7332
GEN_3867,TRYTKKPHTHLCLSNLACVLLYAVNSCVRAKVFAAP,36,0.7332
GEN_3868,THCAKKALAKHCLHYMAMVLLTYFNACLRTFTKLIP,36,0.7332
GEN_3869,THCAKKPKAKHCVHYGACVLLTYFNACLRAKAFAFD,36,0.7332
GEN_3870,TRYHKKPHYHACLSTLASLLLTILNGCVKAKVFAAH,36,0.7331
GEN_3871,TRCWKKPNKHACFHTLACLLLIILNGQGKTFTHLAV,36,0.7331
GEN_3872,THCAKKCKAHAILSMLACLLLIINNGCVKVKVFAAH,36,0.7331
GEN_3873,THCAKKPLALHCLHYMACVLLTYFNACLKTFTKLAR,36,0.7331
GEN_3874,THKAARPVAHACLSFTACILLLLDNGCIKTFPKLPK,36,0.7331
GEN_3875,YRCWYKPKAHACLSTLACLLLIIANGCQKTFTKLAV,36,0.7331
GEN_3876,TRYRKKPHNHACVSTLACLLLIILNGCVKAFTRLPR,36,0.7331
GEN_3877,THCAAKPKAHACLSYMACILAILNNGCIKTFTKLPK,36,0.7331
GEN_3878,THWAKRIAARHCPHYLACVLLTYMNSCLKLNLCAIF,36,0.7331
GEN_3879,FRTWYKPKAHACLSTLACLLLIILNGCNKTFTKLAV,36,0.733
GEN_3880,THCAWLAKAHACLSMSACLTLIILNETLKAKVFYAV,36,0.733
GEN_3881,TRYHKKPHYHACLSTPACLLLTIANGPVKAKWFCAP,36,0.733
GEN_3882,TRCAKKPKVHARLSTLMCASNVLLNYCVKAFPRALV,36,0.733
GEN_3883,TRYHVKHHAKACLSNPACLWLTIANGCVKAKVFALP,36,0.733
GEN_3884,THCAAKPHAHVALSYMACILLILNNGCIKTGTHLPK,36,0.733
GEN_3885,TVQAKHIAAKKSLNYLAAVLLTYTIACLKFYTTNFP,36,0.733
GEN_3886,WRCWYKPKAHAPLSTLACLLLIILNSCMKAKVFAAK,36,0.733
GEN_3887,FRVWYKPKAHAPLSTLACLLLIILNPCVKAKVFAAH,36,0.733
GEN_3888,TRYHKNPKYHACLSTVACLLLTHLNGCKKAFTRRAH,36,0.733
GEN_3889,SRCAKKPKAHACLSTLACLLLIILNACHKAKVFAAR,36,0.733
GEN_3890,TRCAKKPRAHACISTLGCHLLIILNGNLKFMVFNAV,36,0.733
GEN_3891,FRCWYKPKAHAKLSTLMCLLLTILNGCVKVKVFAAH,36,0.733
GEN_3892,TRYHVKPKYHACLSNLACLLLTPVNGCLKAKVNAAH,36,0.733
GEN_3893,THCAKKPKAHANLSYLACVLLHYWNACAHAKVFAAK,36,0.733
GEN_3894,TVCAKKFLAHACLHYLACVLLTYFNACLKTFTKLAR,36,0.733
GEN_3895,PHCAAKPKAHAARSWMAAILLILNNHCIKTATRLIK,36,0.733
GEN_3896,TACAHKPNKHACFSTLACLWAIILNETLKAIVFAAV,36,0.7329
GEN_3897,TMCAKKIAVKHCLHYLACVLLRWYNLCLKNWTKLIP,36,0.7329
GEN_3898,YHRAKKIAAKHSGHYLACALLTYFNQCLKATVFALF,36,0.7329
GEN_3899,FRCWKKPKAHACLSTLACLLLIKLNGKAHTFTKLPK,36,0.7329
GEN_3900,TRYHKKPHYHACLSTLACLLLTHLNGCVKAKVFAAH,36,0.7329
GEN_3901,TRYHKKPHYHACLSTLACLLLIILNGCVKAKVFAPR,36,0.7329
GEN_3902,FRCWYKPKAHAPLSTLACLLLIIANGCVKAKVFAAK,36,0.7329
GEN_3903,SRCAKKPKAHACLSTLACLLLIILNETLKAKVFRAH,36,0.7329
GEN_3904,TRCAKSSKAHACLSTLACLWIIILNECVKAKMFAAH,36,0.7329
GEN_3905,TRRAKKPKAHACLSTLACASLIILNGCLKAHIFAAR,36,0.7329
GEN_3906,THCAKKPLAKSCEHYLACVLLTYFNACLHAKAFAAD,36,0.7329
GEN_3907,FRCWYKPKAHAPLSTLACLLLIILNPCVKAKVFAAK,36,0.7328
GEN_3908,TRYHKKPHYHACLSTLACLLLTITNGCVRAKVFVPR,36,0.7328
GEN_3909,TRYHSKPKYHACLSNLACLLIAIVNGCVKAKVFAAV,36,0.7328
GEN_3910,TKCFHKPKAHACLSYLACLLLICNWGCLKAKVFAAH,36,0.7328
GEN_3911,TRYMKKPHNHACLITLACLLLICNNGSLKGKIFAGP,36,0.7328
GEN_3912,THCAAKPHAHLALSYGAMILLQYFNACLHAKAYAAK,36,0.7328
GEN_3913,TKCARKPLAKHCLHYLAMVLLSYFNACLHAKAFAAH,36,0.7328
GEN_3914,TVCARKIGAKHKLHYLACVLITYFIWCVKTFELLAP,36,0.7328
GEN_3915,FRCWYKPKAAACLSTLACLQLIILNVSKKVIRACNSI,37,0.7328
GEN_3916,TRCAKKPKAHACLSTLACLLLIILNETLKRKVFRAH,36,0.7328
GEN_3917,THCARKPKAHAHLSNLACVLLTYFNACVHAKVFAAK,36,0.7328
GEN_3918,THCAKKPKAHACLSYLACILLTPVNGCIKTFTKLPK,36,0.7328
GEN_3919,THIAAKNKAHAAISYMAAILLILNNGCVKTFTKLPK,36,0.7328
GEN_3920,THCAKKAAAKHCLHYAACVLLTRFNSCLKRHAFAIF,36,0.7328
GEN_3921,FRCAKKPLAKHCLGYIACVLVTYENACLKARVFAIF,36,0.7328
GEN_3922,THCARKAAAKTSLHYAACNLLRFFIAQLKTVGSLIR,36,0.7328
GEN_3923,FRCWYKPKAHAPLSTVACLLLIILNPCVKAKVKLAV,36,0.7327
GEN_3924,THCGKKPLAKHCLHYLACGLLTYLSGCVKAKVFAVK,36,0.7327
GEN_3925,THAAKKPLKHACLSYKACVLLDYLNGCVKAKVFAHP,36,0.7327
GEN_3926,TRCAKKPNKHACFETLACLQLIILNGCVKAKVFAAH,36,0.7327
GEN_3927,WHCAKKPNKHACFNTLACLLLISLNGQGKTFTKLAV,36,0.7327
GEN_3928,WRLWYKPKAHACLSTLACLVLVHLNACNKNFWKCAV,36,0.7327
GEN_3929,THCFKKPKAHACLSYLACVCIIILNEDLKAIVFAAV,36,0.7327
GEN_3930,TRCARKPKAHACLSYLAFAGLTSNNPVVKAKVFAPR,36,0.7327
GEN_3931,THCAAKAKAHAALTYMACILLILFNGCVKAKVFRVP,36,0.7327
GEN_3932,THCAKSLVAKHCLHYLACVLLNYFNACLKMFTYAPP,36,0.7327
GEN_3933,NRCWKKPKAHACLSTLACLLLIILNGCVKAFTRLPR,36,0.7326
GEN_3934,SRCAKKPKAHACLSTLACLLLIILNGCLKAKVFAAR,36,0.7326
GEN_3935,SRLVVKPHAHAILDTLLCLLLIILNACLKAKVFAAR,36,0.7326
GEN_3936,NRCAAKPIAHACLCTLACLLLIILNETYKTFTFLPR,36,0.7326
GEN_3937,TRYRRAKHAHACASTLACLCLTYLIGTVKAFNRLPR,36,0.7326
GEN_3938,THCAAKPHAHACLSYLACVLLTYFNACVHAKVFAAK,36,0.7326
GEN_3939,FRCFSRPKAHASLSTLACLWCIILNGTGKTFTKLPK,36,0.7325
GEN_3940,WRCWYKPKAHACLSTLACLLLIILNGCNKAKVFAAV,36,0.7325
GEN_3941,NRCWKKPKAHACLSTLACLLLIILNGCVKAFTRLPK,36,0.7325
GEN_3942,TRYHKKPHYHACLSTLACLLLTILNGCVKNKVFAAH,36,0.7325
GEN_3943,TRYHKKPKYHACLSNLACLLLIINNGCAKAKVFAAH,36,0.7325
GEN_3944,THCTAKPKNHAQLSYMACILLILNNGAIKTFTKLPK,36,0.7325
GEN_3945,THCAKKPLAKPSLSYLAHVLLTYFNACLKAKASLAD,36,0.7325
GEN_3946,FRCWKKPKAHACLSTLACLLLIKLNGKAHSFLKLPK,36,0.7324
GEN_3947,THCAPKPKAHACLSYLACLLLIINNGCLKANVFAAR,36,0.7324
GEN_3948,THCAKKPLAKKCQHYLACVFLWYFNAALKTWTKLAR,36,0.7324
GEN_3949,THCAKKAAAYHCLHYLACVLLTYQINCLKNFTSDIP,36,0.7324
GEN_3950,TRYRDKPHNHACLSTLACLCLTILNGCVKAKVFAAH,36,0.7324
GEN_3951,TRYLRKHHYHACLSTPACLLTTILNGCIKAKVFAAA,36,0.7324
GEN_3952,TRYHKKPKAHACLCTLACLLLIILNETYKTFTKLPD,36,0.7324
GEN_3953,TRCAAKPAAEACLCTLARLLLIILNETYQTFTFLAK,36,0.7324
GEN_3954,SHCAKKPLKHRSLSYLACHLLTYFQACLHAKAFGTP,36,0.7324
GEN_3955,TRFHKKPHYFACLSTPACLLVSILDGCVKAFTRAAV,36,0.7324
GEN_3956,TRYHKKPKYHACLSYLACLLLICQIGCLKGKIDAAH,36,0.7324
GEN_3957,THCAKKIWAKHCLHYLACVLLTYFNAWQKAKVFAIF,36,0.7324
GEN_3958,TRCAKKPKAHACLSTLACLLLIELNGCLKAKVFAAR,36,0.7323
GEN_3959,TRYHFKPHYHACLSTLACLLLTILNGSVKAKVFAAH,36,0.7323
GEN_3960,TRCAKKPKAHACLCTLACLLQIILNETYKTFTKLPK,36,0.7323
GEN_3961,THLAMKPKAHACLSYLASVLLTYLNGCAKMKVFAVP,36,0.7323
GEN_3962,FHCAKKPLAKRCLHQIACVLQTYFNALLKAKVFHIF,36,0.7323
GEN_3963,THCLKGAAAKNCLHYLACVLLTYFGSCLQKFTLLAP,36,0.7323
GEN_3964,FRCWYKPKAAACWSTLACLQAIILNACGKVKVYVLV,36,0.7323
GEN_3965,TRCAKKPNKHACFSTLACLVLIILNVKGKTFTKIPK,36,0.7323
GEN_3966,THCVKKPKAHACLSNLACVLLTYFNACVHMKVFAAK,36,0.7323
GEN_3967,THCAKKPKWHACLCTLACLLLIELNETIKTFTKLPK,36,0.7323
GEN_3968,TRYAKKPKAHACLSYLACVLLTYFNACVHAKVFAAK,36,0.7323
GEN_3969,THEAKKPLGKKCLKYLACVLLTYFNACLKTFTKLIP,36,0.7323
GEN_3970,TICAKKIAAQFHLYYLACVLLNYNNGCLKTFTNANP,36,0.7323
GEN_3971,THWAYKPKAKHCLHYIACVLAWYFNACLKAIVFAIF,36,0.7323
GEN_3972,TRYRKKPHNHACLTNLWCLLLTPVNGCVKAKVFLAR,36,0.7322
GEN_3973,LGYHRKTKYHACLSQLACLLLTPVNLCVKAKVFPAD,36,0.7322
GEN_3974,TRYHKKPKYHACLSNLACELLTPVNGCAKAKINFAR,36,0.7322
GEN_3975,TVCAAKPHAHEALSYMACILLTYLNGCVKAKIFAAH,36,0.7322
GEN_3976,TVCAKKIAAKHCLHYLACVLLTYFINCLKNFTILIF,36,0.7322
GEN_3977,TRCAKKPKAHACLSTLACLTLIILNETLKAKVFAAV,36,0.7322
GEN_3978,NRCWKKPKAHVCLSTLACLDLIILNGCRKAFTRLPR,36,0.7322
GEN_3979,QRCAKRAQAHLCLCTLACLLLFILNYTWKTFTKLVK,36,0.7322
GEN_3980,THCAKRPLAKHVLHFLACVGLTYENACLKTFTKLIP,36,0.7322
GEN_3981,AHCFKKIAAKHELHYLACALLTYFNSILKAYVQAIF,36,0.7322
GEN_3982,FHCEKKPLAKHCLHYLACVLVTYFNACLKMKVQAIF,36,0.7322
GEN_3983,LHCAQKIAAKHSLHYRACVWLTYFHACLKTCTTALV,36,0.7322
GEN_3984,YRPIKKPHYHACLRRLACIFLIILNGCVKAKVYAAV,36,0.7321
GEN_3985,TRYHKKPKYHACLSYLACLLLICQIICLKGKIDAAM,36,0.7321
GEN_3986,THCAKKILAKKCLHYLACVLLTYFNACLKAKVFAIF,36,0.7321
GEN_3987,TVCAKKIAHKHCLQYLACVLLTYFIACLGTFTELTP,36,0.7321
GEN_3988,THCAKKAAAKHCLHYLACVLLTYFNSCLNRKVFFIP,36,0.7321
GEN_3989,FRSAKKPAAKHCLEYIACVLVYYFNACLKAKVFALF,36,0.7321
GEN_3990,TKCAKKAIAKNCLHYLACVLLTYFGSCLQAFTLLAP,36,0.7321
GEN_3991,THWAKRIAAKHCLHSLACVLLTYFINCLKRKVHAIF,36,0.7321
GEN_3992,FRCWYGPKAAACLSTLACLQLIILNVSKKVIRFAAV,36,0.732
GEN_3993,TRFHKKPKWHACLSNLACLLLTPVNGCAKYKVNAAR,36,0.732
GEN_3994,THCAARGKAHHNLSYLACVLLHYGNACVHAKVFAAA,36,0.732
GEN_3995,THFAKKPLAKHSLHYDACVLLTFFNACWKTFTKLID,36,0.732
GEN_3996,TRCAKKPKAHACLSTLASLLLMILNACLKAKVFAAR,36,0.732
GEN_3997,THCVKKPLAKHCLHVLACVLLTYFNWNLRTFTILIP,36,0.732
GEN_3998,WRGCYKPKAHACLSTLACLLRIILNPCVKLKVCAAH,36,0.7319
GEN_3999,ARYHKKPKYHACLYNLACLLLTPVNGCVKAKVFPAV,36,0.7319
GEN_4000,WRCWYKPKAHACLSTLACLLLIILNGCNKAKVFAAN,36,0.7319
GEN_4001,TSCAKKPKAHACISYLACLLLIINNPCVKAFNRLPR,36,0.7319
GEN_4002,THCAAKPHAHACLSYLACVLLTYLNWDVKAKVFALP,36,0.7319
GEN_4003,THCAKKADAKHCLHYLACVLLSYFNSCLNRKVFAIM,36,0.7319
GEN_4004,EHWAKKPAAKNWLHYLACVLLSYFHSCLQKFTLLAP,36,0.7319
GEN_4005,FRCWYKPKNAACLSTLACLQLIILNGCLKAKVFAAV,36,0.7318
GEN_4006,SRCAKKPKAHACLSTLACLLLIILNETYKAKVFRAH,36,0.7318
GEN_4007,DRLVHKPNKHACYSTLACLLLIFANGQGKTFTKLAV,36,0.7318
GEN_4008,TRCAKKPKAHACLCTAACLLAIILNETYKTFTFLPK,36,0.7318
GEN_4009,THGAMKPKAHASLSFLACILLIYNNGCLRAKVFAAH,36,0.7318
GEN_4010,THCAKKPLAKKCQHYLACVFLWYFNAALRTWTKLAR,36,0.7318
GEN_4011,LHCAKKLEAMHCLHYLACVLLTYFNACLKTFGSVCP,36,0.7318
GEN_4012,THAAKKPLAKHALVYMACILLILNNACLHIEAYALD,36,0.7317
GEN_4013,THCAKKLVAKHCLHHLACVLLTYFNSCLKAKVEAIF,36,0.7317
GEN_4014,FRCWYKAKAALRLSTLACLLLIILNGCLKAKVFAAV,36,0.7317
GEN_4015,TRCWKKPKAHACLSTLACLLLIILNGCLKAKVFAAR,36,0.7317
GEN_4016,SRCAKKPKAHACLSTLACLLLIILNGCVKAKVFAPR,36,0.7317
GEN_4017,THRAKKIAAKHCLGDLACVLSTFFIACLKTFTNLIP,36,0.7317
GEN_4018,FRCWYKPKIAAALSTLACLQLIILNVSKKHFTKIPK,36,0.7316
GEN_4019,TQCAKKILDKHCLHYLACVLLTYFNACLKTFDKLPK,36,0.7316
GEN_4020,TRCAKKPKARVALCTLACLALIILNETYKTFTFLPK,36,0.7316
GEN_4021,THCAAKPQAHAALSFMACLLLIKNNGSIKTATKLVK,36,0.7316
GEN_4022,THCAKKPKAHACLSYLACLILTPVNDCVKAKEFPAV,36,0.7315
GEN_4023,THCAKKPLAKHCLSYLAQVLLTYFNLCLKAKIFAAH,36,0.7315
GEN_4024,THCDKKPLAKHCLHWLACVLLSYFNAPLKTFNKLAH,36,0.7315
GEN_4025,THCAKKLVAKRCLHYLACVLVTYFIACLKTFTSLAP,36,0.7315
GEN_4026,THCYIKAAGKNSLRYLACVALTYYNSCLQRKVFAIF,36,0.7315
GEN_4027,TRCARKPKAHACLSTLACLLLIELNGCLKAHYFEGR,36,0.7315
GEN_4028,FRAWYKPKAAAALSTLACLQLIILNGTVKAFTRLPR,36,0.7315
GEN_4029,TRCATKHNKHAAFSTLACLLLIILNVKGKTFTFAAP,36,0.7315
GEN_4030,TRYHKKPKYHACLSNLACLLLIILNETVKTFTKLPK,36,0.7315
GEN_4031,THNAKKPLAHHFLSYLACVLLTYFNACLKTFTKLAR,36,0.7315
GEN_4032,THCCKKIAAKHSLHYLACVLVTYFIACLKTFTSLAP,36,0.7315
GEN_4033,TRPIKKPHYHACLRRLACIFLIILNGCVKAFTRLPR,36,0.7314
GEN_4034,TRYRKKPHNHACLTKLACLELTTVNGCVKAKSFAAR,36,0.7314
GEN_4035,THCAKQVKANACLSYLCYLLLTCLNGCVKAKVFLPK,36,0.7314
GEN_4036,THCAKKILAKHCIKTLAMVLLTYFNACLHAKASAAP,36,0.7314
GEN_4037,TLCAKKIAAKHCLHYLACVLLTYFVACLKTFTNLIP,36,0.7314
GEN_4038,THCAKKIAAKKCLHYLACVLLNYFIACLKTFTSLAP,36,0.7314
GEN_4039,NRCWKKPKAHACLTTLACLLVIIANGCVKAFTRLPR,36,0.7314
GEN_4040,TRCAKKPKAHACLSTLACLLLIILNGKGKTFTKLPK,36,0.7314
GEN_4041,TKCAAKPKAHACLSYMAILLIIINNGCIKTFTKLPK,36,0.7314
GEN_4042,THCAKKPLAKHSHHYLACVLLTWFNAMLKTFTKLIP,36,0.7314
GEN_4043,THCTKKILAKHCLHYLACVLLTYFNVCLKAKVFALF,36,0.7314
GEN_4044,TRYHKKPHYHACLSTLACLWLIILNETLKAKVFAAV,36,0.7313
GEN_4045,TWCAKKIAAKHCLHYLACVLLTYPIACLKTWTSWMP,36,0.7313
GEN_4046,THCAKKILLKHCLHYLACVLLTYFNLGLKNFTKLIP,36,0.7313
GEN_4047,THCAKHIAAKHCLEYLACSLLTWFIACLKTFTSLAP,36,0.7313
GEN_4048,TRYHKKPKYKACLSNLACLLLTPVNGCVKAKVFAAR,36,0.7313
GEN_4049,TRCAFKPNKHACFSNLACLLAIILNGCVKAFTVAAV,36,0.7313
GEN_4050,FHCAKKIAAKHSLRYLACVLLSYFNICLKATEWALF,36,0.7313
GEN_4051,HRCWYKAKAALRLCFLACLVLIIGNVSKKVNRACLSI,37,0.7313
GEN_4052,TRSAKKPNKHACFSTLACLLLIILNNQGKTFSKLAV,36,0.7312
GEN_4053,NRCWKKPQAHACLSSLACLLLIILNGCVKAKVFAAK,36,0.7312
GEN_4054,FRCKYKPHAHAELSCLACLLLIIAQGCLKFKVFTAV,36,0.7312
GEN_4055,NRCWKKPKAHVCLSTLACLLLIILNGCVKAMTRLPK,36,0.7312
GEN_4056,TRCMKRPKAHACLSHLACASLRILNCHLKAMVFAAT,36,0.7312
GEN_4057,THCAKKPLAKHFLRYLACRLLTYFNACFKPFTKLIP,36,0.7312
GEN_4058,FRCWYKPKAHAELSTLACLLLIILNGCLKAKVFAAV,36,0.7312
GEN_4059,TRNHKKPKSHAALSTLACVLATYFNLCVHAKVFAAK,36,0.7312
GEN_4060,VHCAKKIFAKHCLHFLACSNLTDFIACAKTFTTLIP,36,0.7312
GEN_4061,WRCWKKPKAHACLSTLACLLLIILNGCLKAKVFAAV,36,0.7311
GEN_4062,TRCFKKPKAAACLFTLACLQLIILNVKGKTFTKLAV,36,0.7311
GEN_4063,TRCWKKPHAHASLSTLHCLLLTILNGCVKAKVFAPR,36,0.7311
GEN_4064,THCAKKLVAKHCLHYLACVLLTYFIGCLKTFTSAAP,36,0.7311
GEN_4065,TRCAKKILAKHCLHYLACSLERYFNGCLHAKAFAAD,36,0.7311
GEN_4066,FRCWYKPKKHACFSTLACLLLIILNGQGKPFTKVAV,36,0.7311
GEN_4067,TRYHKKPKYFACLSNLACLLLTPVNGCTKAKVFPAV,36,0.7311
GEN_4068,TDCQKKPLAKHCLSYLACVLLTYFNACLTARAFKAK,36,0.7311
GEN_4069,THCAKKPKAHAILSQLACLLLIINNPCVKAFTRLAK,36,0.7311
GEN_4070,FRCWKKPHYHACLSTLACLLLTILNGCVKAKVWAAH,36,0.731
GEN_4071,THCAKKPKAHACLSYLACNLLTPVNGCVKAKVWPAV,36,0.731
GEN_4072,TVCAAHPHAHLWLSYMACYLLTYLNGCVKAKVFAVP,36,0.731
GEN_4073,TGCAKKIAAKHCLHYLWCVLLTYFIACLKTFSSLAP,36,0.731
GEN_4074,NRCAKKPKAHACLSTLACLLLIILNGCLKAKVFAAR,36,0.731
GEN_4075,THCADKPKAHACISYLACLLLIINCGCLKAKVFGAH,36,0.731
GEN_4076,WRLWYKPKAHACLSTLACLLMEILNPSVKAKTDIAL,36,0.731
GEN_4077,NRCGHKPFAHACLSTLACASLIILNTHLKAKVFAPR,36,0.731
GEN_4078,LRYHRKTKYHACLSNLACVLLTWFNACVHAKVFAAK,36,0.731
GEN_4079,THCAKKDLKHACLSYLACILVTYLNGIVKAKVFAVP,36,0.731
GEN_4080,TRCARKPKAHACLSTLACLLLIELNGRLKALVFEVR,36,0.7309
GEN_4081,THCWYKPNKHACFSHLACLLLIILNGQAKTFTKVAH,36,0.7309
GEN_4082,NRCAKKPKAHACLCNLACLLLIILNEMYRTFWFLPK,36,0.7309
GEN_4083,TRYRKRPHNHASLSTLACLCLTILNGVAKAKVFAAH,36,0.7309
GEN_4084,SRAARKLKIHACLSTLACLLLIIVNQCFKAKVFAAR,36,0.7309
GEN_4085,WRLWYKPKAHACLSPLACLTLIILLGQGKTFTKLAV,36,0.7309
GEN_4086,THCFKKPKAHACLSYLACLLLICNNGCLKIKVFAAH,36,0.7309
GEN_4087,THCAKKPLAKHFLHYLACRALTYLNGCVKPKVFAVH,36,0.7309
GEN_4088,THCAKKILAKHCVHYLACVLLTYLNGCVKAKVFAVP,36,0.7309
GEN_4089,LQCAKKIAAKHSLHYLACVLLTYFITCGKFYTTNKP,36,0.7309
GEN_4090,TRCAKKPKAHAFLSTLACLLLIILNGERKAKVFAAT,36,0.7308
GEN_4091,WRLWYKPKKHACFSTLACLLLIILNVKGKTFTKIPK,36,0.7308
GEN_4092,TRYLRKKHYHACLSTPACLLLTILNGCIKAKVFAAA,36,0.7308
GEN_4093,TRCAAKVKAHACLCTLACLLLIILNETYKTFTFLPK,36,0.7308
GEN_4094,TRYAKKMKAYACLSYLACLYLTPVNPCVKAKGFPAK,36,0.7308
GEN_4095,THYAHKPLVKHCLRYIACRLLTFLNACVHAKVFAVP,36,0.7308
GEN_4096,THCAKKAAAKNCLHYLACVLLTYFGSSVQRFTLAAP,36,0.7308
GEN_4097,EHCAKKAAAKHCLHCLASVLITYFINCLKNFVSLAP,36,0.7308
GEN_4098,FRCWYKPKAAACLSTLACLLLIILNGQGKTFTKLAV,36,0.7308
GEN_4099,TRCAHKPNKHACFSTLACLWAIILNEGLKAIVFAAV,36,0.7308
GEN_4100,THLAMKPKAHACLSYMACILLILNNTCIKTGTKLPK,36,0.7308
GEN_4101,THCAAKPHAHACLSYKACVLLTYLNGCAKALVGAAH,36,0.7308
GEN_4102,THCTKKNAAKHCLHYLACVLVMWFIAARKTFTSDAN,36,0.7308
GEN_4103,DRCWKKPKAHACLSTLACALLTYYNACVHALVFALK,36,0.7307
GEN_4104,TRYRDKPHAHACLSTLACVLMIILNACLKAKVFSAR,36,0.7307
GEN_4105,THCPKKPMAHLCLSYLACLLLTCQNGCFKAKIFAPR,36,0.7307
GEN_4106,THCAKKIAEKHSLHYLACVLLTYFIACYKTFTSLLP,36,0.7307
GEN_4107,PRCAKKPNKHACFSTLACVLLIILNGQGKTFTKLAV,36,0.7307
GEN_4108,TPCWKKPHAHASLSYLACHLLIILNGCLKAKVFAAR,36,0.7307
GEN_4109,THCAKLPKAHACLSYLACLQLIINDGALKAKVFLAR,36,0.7307
GEN_4110,TRYHKKPKYHACLSMSACLTLIILNHTLKAKVFYAV,36,0.7307
GEN_4111,THCAKKPKARACLCTLACLLLIILNETLKTYTKLPK,36,0.7307
GEN_4112,THCRKKPNAVACLSGLAALLLTCFNLCLKVKIDAAM,36,0.7307
GEN_4113,TWCAKRILAKHCLHYMACVLLTYFQACLKTFTSLAD,36,0.7307
GEN_4114,THCAVKAAAKHCLHYLACVLLTYFNSCLNRKVFAIF,36,0.7307
GEN_4115,SHCAKKISAHHNLHYLACSLLYYFNATLKTFTSLAP,36,0.7307
GEN_4116,PRDFKKPNKLACLSNLACLLLTIVNGCVKAKVFAAR,36,0.7306
GEN_4117,TRYHKGPKYHACLSNLACLLLTILNGCVKAKVFAPR,36,0.7306
GEN_4118,THCAKKPKAHACLSYLACLAWIILNGSVKAFTRLPR,36,0.7306
GEN_4119,THCARKVKAHACLSYEACILLIINNGCGKTFTMLPK,36,0.7306
GEN_4120,WRLWYKPKAHACLSTLACLLLIILNGCMKAKVFAAR,36,0.7306
GEN_4121,SHDAKKIAAKHCLHYLAYVLLTYFIWWVKHFTLLAP,36,0.7306
GEN_4122,THCAKKIAAKHSLHYLACVILTCWTSCLKATVFAIQ,36,0.7306
GEN_4123,TRCAKKPNKHACFSTEACLLLIILNRMCKTFTKLAV,36,0.7305
GEN_4124,TRCAKSSKQHACLSTLACYWIIIINETLKAKIFAAV,36,0.7305
GEN_4125,YQCWYKPKAHACLSNLACLLLIIANGCSKTFTKLAV,36,0.7305
GEN_4126,TRYHKKPHYFACLSTPACLLLTILNGCVKAKVFAAP,36,0.7305
GEN_4127,TRYHKKPHYHACFSQLACLLLIILNGQGKTFTKLAL,36,0.7305
GEN_4128,THCAKKILAKHCAHYLACVLLTYFNACIRAKVFAIF,36,0.7305
GEN_4129,TRYHKKPHYHACLSTLAAALLTILNGCVKAKKFAAH,36,0.7305
GEN_4130,WRLWYKPKAHACLSLLACLVLMILNPCNKTYTKCAV,36,0.7305
GEN_4131,TFCWKKIAAKHSLHYLACVLLTWFIACLETYTSLID,36,0.7305
GEN_4132,FHCAKKIAAKKSLHYLACVLLTYFNSCLKATVFALF,36,0.7305
GEN_4133,DRCWYKPKAAACLSTLACLQLINLNCSKKVIRFAAV,36,0.7304
GEN_4134,WRCWYKPKAHACLSTLACLLLIILNGTNKAKVFAAV,36,0.7304
GEN_4135,TRCAKSSHAKACLSVLACFWIIILNETYKAIVFAAV,36,0.7304
GEN_4136,LHCAKHLVAKHALHYLACVLLTANNACLKTFTSAAP,36,0.7304
GEN_4137,YHSFKKTAAHHSLHYLACVLLHYFWSALARTVYALF,36,0.7304
GEN_4138,FRCWYKPKAHAPLSTLACLLLIILNGCVKAKVFAAK,36,0.7304
GEN_4139,DRCWYKPKAAACLSTLACLQLIILNCSKKVIRFAAV,36,0.7304
GEN_4140,NRCWKKPKAHAVLSTLACLLLIILNGCVKAFTRLPR,36,0.7304
GEN_4141,TRCAKKPKAHACLSTIACILLTELNACVKAKDFAAH,36,0.7304
GEN_4142,THCAKKPKAHACISTLACHLLWILNGNLKAMVFLPR,36,0.7304
GEN_4143,TRCLKKPKGHACISTLACHYLIHLNGNLKAMIFAAW,36,0.7304
GEN_4144,THCAKKAKAHACLSNLACLLLTPVNGCVKAKMDIAA,36,0.7304
GEN_4145,NRTWKKPQAHACLSTLACLLLIILNGCVKAFTKLPK,36,0.7303
GEN_4146,TRCAARPDAHACLCTLACLLLIILMDTYKGFTFLPK,36,0.7303
GEN_4147,TNCAKKPDAHACLSYQACLLLTCLNGMLKGKRFAAH,36,0.7303
GEN_4148,THSAKKAQAKNCLHGLACVLLTYFGSCLQKFTLLAP,36,0.7303
GEN_4149,TRCFKKPKAHMCLSTLGCLLLIFLNDCLKATVFVAG,36,0.7303
GEN_4150,THCAKKPKAHACLSYLACLLQIINNGCLKGMVFAVP,36,0.7303
GEN_4151,THCAKKAAAKHCLHYLACVLLTYFNSCLNRKVFAAP,36,0.7303
GEN_4152,TRCFKKPKAHACLSTLACLLLIILNGCVKAKVFAMK,36,0.7302
GEN_4153,TRYHHKPHYHACLSTLACLLLTIANGCVKAKVFAAH,36,0.7302
GEN_4154,TRCLKKPKAHACISTLACHLLIHLNGNLKAMIFAAW,36,0.7302
GEN_4155,GHCAKKPLAHACLSYLACVLLTFKNMCVHARAFAAK,36,0.7302
GEN_4156,THCAKKVAAKHCLHYGACVLLTYFNSCLNRKVFAIF,36,0.7302
GEN_4157,FHCAKKIAAKHSLHYLACVLLSYFYTCLKATVFLAP,36,0.7302
GEN_4158,CRCGKKDNKHASFSNLACLLLIILRGQGKTYTKLHL,36,0.7302
GEN_4159,TRCYKKPKAHACLSTLACASLRILNTHLKAKVFAAK,36,0.7302
GEN_4160,THAAAKPKAHACLCTLACLLLIILNETYKTFTFLPK,36,0.7302
GEN_4161,THCAKKILAKHCYHMLACVMLWYFNAAVHVKVFAIP,36,0.7302
GEN_4162,THSAKKIAGIECLHYLAWSLLTYFIADLKTFTSLLP,36,0.7302
GEN_4163,THCAKKPKAHACLSYLACLKLIINNPCVKAFTSLGR,36,0.7301
GEN_4164,THCAKKPKAHAVLSYLACLLLTIANGCVKMKVFAVP,36,0.7301
GEN_4165,TRCAKKTLAKHCLHYLAAVLITYFNAVLHAKAYAAD,36,0.7301
GEN_4166,THCAHKILAKHCLHYLACVLLTYHNANLKQFTSLIP,36,0.7301
GEN_4167,FHCAKKPLAKHCLHYLACVLVTYFNKCAKAKLFAIF,36,0.7301
GEN_4168,FRCWYKAREAACLSTLACLQLIILNVSKHIIRFAAV,36,0.7301
GEN_4169,FRCWYGPKAAACLSTLACLQIIILNVSKKWIRFAAL,36,0.7301
GEN_4170,TRCAKKPKAHACLSTLAALTLIILSESLKAAVFAAV,36,0.7301
GEN_4171,TYCWYKFKAAACAYTLACHLLIILNGNLKAKNFAAV,36,0.7301
GEN_4172,TRCAKFPKAWACLCMLVRLLLIILNENYKTWTKLPK,36,0.7301
GEN_4173,THCAKKPHARACLSYLAMLLLNCLNGCVKQKVFAAV,36,0.7301
GEN_4174,TVCAKKIAAKHCLHYLACVLLTYFIACLKFYTTNFP,36,0.7301
GEN_4175,SRCIKKPKAHACFSTLACLLLIILNGKGKTFTKLAV,36,0.73
GEN_4176,FRCWYKPKAANCLSTLACLQLIILNACLKAKVFAAR,36,0.73
GEN_4177,TRCAKSSKQHACLSTLALYYIIIINETLKAKIFAAV,36,0.73
GEN_4178,TRCFKKPNKHTCFGNVACLLLVILNGQGKTFTHLAL,36,0.73
GEN_4179,WRLWYKPKAHACLSTLACTVLIMLNPCNKTYTKCAV,36,0.73
GEN_4180,TNCAKKPLGKTSLSYLACVLLTYFNACLGAKAFAAK,36,0.73
GEN_4181,HHCAKKPLAPHCLTWLAAVVWTYFNACLKEFTKLAR,36,0.73
GEN_4182,THCAAKPHAHLALSYMACGLLALNDGSIKTFFPLPK,36,0.73
GEN_4183,TRCATKSNKHACFSTLACLLLIILNGKGKTFTRLPR,36,0.73
GEN_4184,TRCAKKWEKHYCFSTVACLLLIILNGQGKTMTKLAL,36,0.73
GEN_4185,TRWHKKPKYHACLSNLACLLITPINGCLKVKDNLMR,36,0.73
GEN_4186,TKCAKKPRAHACLSYLACLILTPVNGSVKAKVFSAV,36,0.73
GEN_4187,THCAAKPKAHACLSNVACVLLTYKNGCVKAKVFAVP,36,0.73
GEN_4188,THCAAKPLAHACLSYLACFLLTYLNGCVKAKVFAVP,36,0.73
GEN_4189,THAAAKPHEHACLSYLACVLLTYLNGCVKAKVFAIP,36,0.73
GEN_4190,TRCAKKPKAHACLSYLACLLLIILNGALEAKVFAAR,36,0.73
GEN_4191,FRCWFKPKAAACLSTLACLLLIILNGERKAKVFAAT,36,0.73
GEN_4192,TRCAKKPNWHACFSTLACLTLQILLGQGKTFTKLAV,36,0.73
GEN_4193,TRCVKKPNKHASFSTLACPLLIALNGNLKAKVFAAV,36,0.73
GEN_4194,LRYHRKTKYHACLSNLACLLLIILDETLKTFTKLPK,36,0.73
GEN_4195,WHCAKKPLAKHCHHYLACVLLTYFNACLKTNTSLAP,36,0.73
GEN_4196,FRCWYKPKAAASLSYLACHLLIILNGCLKAKVSAAR,36,0.7299
GEN_4197,IHCAKKYAAKHMLHYLACELLTYFVSCLNRKLWAIF,36,0.7299
GEN_4198,THCAKKPKAHAALSYKACLLLIIDNPMVKAFTALHR,36,0.7299
GEN_4199,THCSKKPLAHACLSYLACVLLQYLNGCVKYKVFAVP,36,0.7299
GEN_4200,THCAGKILAKHCLHYLACVLLTYFNACIRAKVFAIF,36,0.7299
GEN_4201,KRCKWQCDLAALSHLRGAYLTFSLFLIYG,29,0.7298
GEN_4202,TVCAMKPHAHLALSYMACILLNYFNACLHAKVFAAK,36,0.7298
GEN_4203,THCAAKPKAHAALSYMACILRILFIGCVKAKVFAVR,36,0.7298
GEN_4204,THCAKKGLAKHCLHYLACVALTYFNACLKTFTKLIP,36,0.7298
GEN_4205,THCLKHKLAKHCLHYLACVLLTYFNLIAKNFTKLAD,36,0.7298
GEN_4206,TRCPWKIAAKHCLHYLACVLLTYFIACLKTYTTLIP,36,0.7298
GEN_4207,THCAKKAAAKHCLHYLACVLLTYFLSCLKNKVFAIF,36,0.7298
GEN_4208,TRCAKKPKAHACLCTLACLWLIIRTETYKAKVFRAH,36,0.7298
GEN_4209,WRCFWLTKAHACLSMSACLTLIIINETLKAKVFYAV,36,0.7298
GEN_4210,THCAKGAKAHACLSYLACLLLICNNGCLKGKIFSAH,36,0.7298
GEN_4211,THCAKKPLAKTSLSYLAFVLLTYFIACLHAKAFAAK,36,0.7298
GEN_4212,THCAKKPLGKVCVHYLAFVLLTYFNACYKTFTKLIP,36,0.7298
GEN_4213,THCAKKILAKHCLHYLACVLLTYFNACSKAKVYAIF,36,0.7298
GEN_4214,TLCAKKAEAKHCTHYIALVLLTYFDACLKTHTELIP,36,0.7298
GEN_4215,FRCWYKPKAAACLSTLACLQLIILNVSKKVIRFAAV,36,0.7297
GEN_4216,TRCANKPKAHAKLSTLACLLLIILNGCLKAKVFAAR,36,0.7297
GEN_4217,TRCARKPKAHACLYTLWCLLLIDVNGRLKALVIEVR,36,0.7297
GEN_4218,TRCGKKPKAHACLSTLACASLIILNTHLKAKVFAPR,36,0.7297
GEN_4219,THDVKKLAAKHCLHYLACVLLMDFINSLKNFTSLAP,36,0.7297
GEN_4220,TRYHKNPKYHACLSTVACLLLTHLNGCKKAKVFAAH,36,0.7297
GEN_4221,THCAKKALARHCLSYLACVLLTEFNLCLHAKAFASK,36,0.7297
GEN_4222,THCAKKPKAHACLCTLACALALIINETLKTFTKLPK,36,0.7297
GEN_4223,FRCWYKPKAAACLSTLACLQAIILNAKGKTFTKLPISFGIGNLSR,45,0.7296
GEN_4224,PRCAKKPKAHACLSTLACVLLTYFNETEKAIVFAAV,36,0.7296
GEN_4225,TRCAKKPKYHDWLCTLAFLLLIILNETYKTFTKLPK,36,0.7296
GEN_4226,TRPIKKPHYHACLRTLACIFLIILNGCVKAKVFAAH,36,0.7296
GEN_4227,THCWYKPNKHACFSHLACLLLIILNGQGKTFTKVAH,36,0.7296
GEN_4228,THVAKKPRAHACLSYLACLLLTCLNGCVKNLTRLPR,36,0.7296
GEN_4229,THCAKKIAAKHCLHYLACVLVTYFIACLKIFTSLAI,36,0.7296
GEN_4230,TRCAKKPRIHACLCTLACLWLAIRTETYKAKVFRAH,36,0.7295
GEN_4231,TRCAKKPKAHAKLSTLACLWLIILNETLKAKVFAAV,36,0.7295
GEN_4232,TRCAKKPNKHACFSTLACHLIIILNGNLKYKVHAAR,36,0.7295
GEN_4233,NHCAAKPHVHACLSYLACNLLFYLNGLVKAKVFAIP,36,0.7295
GEN_4234,FHCAKKAVMKNCLHYLACVLLTYFNTCLNRKVFAIF,36,0.7295
GEN_4235,THCAKKAANRHCLHYLAAVLLTYFINCWKAKAWNAP,36,0.7295
GEN_4236,THCAKKPHAHACLSYLACWILTPVNGCVKAKVWPAV,36,0.7294
GEN_4237,FDCAKKTEAKNCLHYGACVLLTYFGNCLKNWVSLAP,36,0.7294
GEN_4238,TRCAKKANKHACFTTLACLLLIILNGQGKTFTKLAL,36,0.7294
GEN_4239,TRCAKKPYAHACLSTLACASLIILQTHLKAMVFGAW,36,0.7294
GEN_4240,THCAKKALAHACLSYDACVLLTYFNACVWAKVFAAE,36,0.7294
GEN_4241,LRYHRKTKYKACLTYMACILLILNNGCIKAKVFAAP,36,0.7294
GEN_4242,THLALKYKAHACLSFLACLLLIYNNLCLKAKIFAAH,36,0.7294
GEN_4243,TRCGKKPKAHDCLCTLALLLLIILNETLKSDTWLPK,36,0.7294
GEN_4244,THCAKKDLAKHVYHYHAAVLLNWFNACLKNFTKNSP,36,0.7294
GEN_4245,TRCATKPNKHVAFSTWACLLLIILNVKGKTFTRIPK,36,0.7293
GEN_4246,TMLAIKGKAHACLSFLAMVLLIYNNLCLKARIFAAH,36,0.7293
GEN_4247,THCAKKPLAKHSLHSLACVLLTYFNACLKTFTSLIP,36,0.7293
GEN_4248,FRCWKKPKAHACLSTLACLLLIILNGCNKAKVFAAN,36,0.7292
GEN_4249,SRCWKKPKAHACLSTLACLLLMILWACLKAKVFAAR,36,0.7292
GEN_4250,KHCAAKPHDHASLSYLACVLLTYLNGCVRTWFKLPT,36,0.7292
GEN_4251,VHAAKKPLKHANLSGLACVLWTYLNVCLHAKAFAVP,36,0.7292
GEN_4252,NHCAKRGLAKNSLHYLACVLLTYFGSELQRFTLLAP,36,0.7292
GEN_4253,TRCAKKPKAAACLSTLACLQIIILNVSKKWIRFAAL,36,0.7292
GEN_4254,TRCAAKPNKHACFSTLADLLLIIVNGQGKTFTKFAV,36,0.7292
GEN_4255,THCAKKSFAHACLSYLACLLILINNGCVKAKVFAPR,36,0.7292
GEN_4256,NHSRKKPLAKHCLEYIISVLVTYFNACLKAKVYAIC,36,0.7292
GEN_4257,TRCATKGNKHACFSTLACLLLIILNGKGKTFTKLAV,36,0.7291
GEN_4258,LRYHRKTKYHAWLNNLACLLLTPVQACVKAIVFAAA,36,0.7291
GEN_4259,FHCAHKELAKGCLHYLACVYLTYFNACLKAKSSARP,36,0.7291
GEN_4260,THCAQKLVAKHCLHYLACVLVTYFIAGLKTFTSLAP,36,0.7291
GEN_4261,THCAKFAAAKNCLHYLARVLLTYFNSCLQRKVFAIF,36,0.7291
GEN_4262,TRPIKKPHYHACLRRLACIFAIILNGCVKAKVYAAV,36,0.7291
GEN_4263,SRLVKKPHAHACSETLACLLMIIANACLKAKVFAAY,36,0.7291
GEN_4264,THQVKRLLSHACLSYLACVLLTYLYGCVKAKVYAVP,36,0.7291
GEN_4265,THCAKKILAKHCLHYLACVLLTYFRACLHAKLFAIF,36,0.7291
GEN_4266,THCAQKLVAKHCSHYLAMVLLTWFNSCLKNKVFLAE,36,0.7291
GEN_4267,TRCWKKPKAHACLSTLACLLLIILNGCVKAKVFAAK,36,0.729
GEN_4268,THCAKRILAKHCLKYLAAVLLAYFNACLHAKAGAVP,36,0.729
GEN_4269,TRCFKKPKAAACLFTLACLQLIILNVGGKTFTKIPK,36,0.7289
GEN_4270,TRYHKKPKYHGCLSNLACLLLTPVNGCEKAAVFAPV,36,0.7289
GEN_4271,THLAMKPKAHACLSYLACVLLTYNNLCLKAKIFAAH,36,0.7289
GEN_4272,THCAKKPLAKKCQYYLGCVILTYFNACLKTFTKLAR,36,0.7289
GEN_4273,TRYHKKPHYHACLTSPACLLRTILNACVEAKRFALP,36,0.7289
GEN_4274,THCAKKAASKHCLHYLACVLLTYFINCLKNFSHLIP,36,0.7289
GEN_4275,FRCWYHPKAHAELSTLACLLLIINNGKGKTFTKLPRPFGIGTICV,45,0.7289
GEN_4276,TRYRKKHHYHACLSTPACLLLTILNGCEKAKVFAAA,36,0.7289
GEN_4277,LRCAKKPKPHACLSNLACVVLTYFNACHKAKVFAAH,36,0.7289
GEN_4278,THCAKKGLAKHCLKYLACVLLTYLNGCVKAKVFAAP,36,0.7289
GEN_4279,TVCGKKIAAHHCLHYLACVLLTYYINCLKTFTSLIP,36,0.7289
GEN_4280,LHCAKKGAAKHNLHYLACSHVTYFIACLKSYTTLIP,36,0.7289
GEN_4281,SREAKKPKAHAFLSTLACLLLIILNACAKAKFFAAR,36,0.7288
GEN_4282,YRCWYKPKAHACLSRVACLLLIIINLCQKTFNKLAV,36,0.7288
GEN_4283,SRYAKKPKAHAFISTLACLLLIILNGCVKAKKFASH,36,0.7288
GEN_4284,THLAKKILAKHCSKYLACVLLTQFNACLKAKVWLIV,36,0.7288
GEN_4285,THCAKKINAKHHLHWLICVLLTYPNACLKNFTSLIV,36,0.7288
GEN_4286,THYHKKPHYHACLSTLACLILTIVNGCVKAKSFAAH,36,0.7288
GEN_4287,THCAKRIIAKHCLHYLASVLLTYYNACLKTFTKLIP,36,0.7288
GEN_4288,LHCAKKIAAKHSLHYLKCVLLTYFIACLRRFTSLLP,36,0.7288
GEN_4289,THCAKKIGVFHCLHYLACVLIDAMNACLHAKAFAIP,36,0.7288
GEN_4290,FRCWKKPKAHACLSTLACLLLLKLKGRAHTFTKLPK,36,0.7287
GEN_4291,NRCWKKPKAHVCLNTLACLLLIILNGCVKAFTRLPL,36,0.7287
GEN_4292,SRDAKKPRAHAFLSTLACLLLIILNGCVKAKVFASH,36,0.7287
GEN_4293,SKCAVKPLLHASLSYLACVLLSYFNACLHAKAFAVG,36,0.7287
GEN_4294,THYAKKAAAKNCLHRLAPVLLTYFGDCLKRFTLLAP,36,0.7287
GEN_4295,FRCWYKPKAAACLSTLACLLLYILNGQGKTFTKLAV,36,0.7287
GEN_4296,FRCYYKPKAHAGLSTLACLLMIIANGCLKAKVFAAR,36,0.7287
GEN_4297,TRYTKKPHNHACLSTLLCLLLDWLNGIVKAFTRLPR,36,0.7287
GEN_4298,TRYRKKPKYHACLSYHACLVLICQNGCLKAKVFAAW,36,0.7287
GEN_4299,TRWIKKPKYHACLSYLACLLLMCQIICLKGKIDAAG,36,0.7287
GEN_4300,TWCAKKPEAHHFLSYLACALLTYFNFCVHAKVFAVK,36,0.7287
GEN_4301,TVCAKKIFAKHCLHYLACVLLTYFNSCLNRKAFAIF,36,0.7287
GEN_4302,FRCWYRGKAHASLSTLACLQCIILNGKGKTFPKLPK,36,0.7287
GEN_4303,TRYRKKPHNHACLNTLAFLMLTILNGCVKAIVFKAH,36,0.7287
GEN_4304,FRCWYKPKAHAKLSTLMCLELIIFNGCTKTSTKLAV,36,0.7287
GEN_4305,TYCAKKPKAHACESYLACLLLIINNGCYHAKAFAAR,36,0.7287
GEN_4306,THCAWLAKAHGCLSMSACLTVIILNETLKAKVFYAV,36,0.7287
GEN_4307,TRCWKKPKAHACLSTLAHLLLIILNACVKAKTKLPR,36,0.7286
GEN_4308,TRCFKKPKAAACLFTLACLQLIILNVKGKTFTKIPK,36,0.7286
GEN_4309,TRYHKKGHYHACLFSLACLQLIILNGCVKAKVFAAH,36,0.7286
GEN_4310,TRCAPKPKAHACLSYLACLLLIINNGCLKAKVCAAH,36,0.7286
GEN_4311,NRYHKRPKYVACLSNLACLLLTPVNTCVKAKVWPAV,36,0.7286
GEN_4312,TRCAKKILKHACLSYLACVLLTRLNGCVKAKVFAVP,36,0.7286
GEN_4313,FRVWYKPKAHAPLSTLACLLLIILNGCQKAKIFAAR,36,0.7286
GEN_4314,YRCWWKPKAHACLSTSACLWLIIANETLKAKVFAAV,36,0.7286
GEN_4315,TRYRKKPHYHACLSTPACLLHTIANGCVKAKVFAVP,36,0.7286
GEN_4316,THCAARAHAHLALSNMICILLKLNNGCIKTFFPLPK,36,0.7286
GEN_4317,THCAKKPLAKACYTDLGCVLLTWFNACLKNFTKLIR,36,0.7286
GEN_4318,TRCAKKIAAKKCLHYLACVLVTNFNACLHAKAFAIP,36,0.7286
GEN_4319,FRCWYKPKAAACLSTLACLQLIILNVSKKVIRAVAV,36,0.7285
GEN_4320,WSCWYKPKAHAFLSTLACLLLIELNGCNKTHTKLAV,36,0.7285
GEN_4321,TRHMKKPHNHASLSTLACLLLICMNGCLKGKIFAAH,36,0.7285
GEN_4322,TRCWKKPKAHMCLSTLGCLLLIFLNDCLKATVFAAV,36,0.7285
GEN_4323,THVVKKPYAHACLSYLACLVLTILNGAVKAKVFAPR,36,0.7285
GEN_4324,TRCAAKPDAHACLCTLAKWLLIILNETYKPFTFLPK,36,0.7285
GEN_4325,TREHKKPHYHACLSTPACLLLTIANGCVKAKVFPAV,36,0.7285
GEN_4326,FHQAKKPLAKDSLHALACVLLTYWDACLKTFNRAPK,36,0.7285
GEN_4327,LHCDKKIWAKHSLHYLACVLDTYFIACLKTGTSLAP,36,0.7285
GEN_4328,FRCWYKPKAAACYTTLACLQAIIHNGCGKTFTKLPNSFGLGDLNR,45,0.7284
GEN_4329,THCAKKPKAHACLSTLACLLEIILNPCVKAKVFAAV,36,0.7284
GEN_4330,NRCAAKPKAHACLCTLACLLTIIANETYKTFTFLPK,36,0.7284
GEN_4331,THCAAKPKAHLCLCTLACLLLFILNETYKTSTKLPK,36,0.7284
GEN_4332,TRHGARPKAHACLSQTACILLLLNNGCIKTFPKLPK,36,0.7284
GEN_4333,WRCWYKPKAHACLSTLACLQLIILNGCNKAKVFAAV,36,0.7284
GEN_4334,FQCWYKPKAKACSSTLACVLLIILNGCNKWFTKLAV,36,0.7284
GEN_4335,THCAKHYKAKECLHYLACVILTYLNGSVKTFTKLAR,36,0.7284
GEN_4336,FHCAKKPLAKHCLHYLACVLLTFLNGCVKAKVFAIF,36,0.7284
GEN_4337,TRCAKKPKAHACLSTLACLLLIILNGERKAKVFAAR,36,0.7283
GEN_4338,TRCAKKPKAHACLSTLACLQLIYLNGCVKAKVFAAH,36,0.7283
GEN_4339,TRYHVKPKYHACLSNLACLILTPVNGCLKAKVFAAH,36,0.7283
GEN_4340,THCAARPKAHACLSYMACILLILNIGCIKAKVFAVP,36,0.7283
GEN_4341,THCAAKPHAHLALSYWVCILLILNNGYIKTFFQLPK,36,0.7283
GEN_4342,SHCATKPLAHACLSYLAQVLLTLNNGCIKTFIKLSK,36,0.7283
GEN_4343,LHCAKKRAAKHSLHRLACVLLTYFIACLKTYTTLIP,36,0.7283
GEN_4344,TVCAKKIAAKHCDHYPACVLVTYFIACLETFHSLAA,36,0.7283
GEN_4345,TRCAKKPKWHNCLSTLACLLLIILNETLKAKVWRAH,36,0.7283
GEN_4346,THCWKKIMAKHSFHYLACVLLTYFNACLTAKAFAAD,36,0.7283
GEN_4347,FHCAKKIAAKHSLHRLACVLLSYFYTCLKATVLLAP,36,0.7283
GEN_4348,HRCWYKPKAAACYTTLACLQALIHNGKGKTFRACNTI,37,0.7282
GEN_4349,TRCAKKPKAHACLSTLNCLWLIILNETLKAKVFAAV,36,0.7282
GEN_4350,FRCWYKPKAAACLFTLACLQLAILNGCVKAFTRLPR,36,0.7282
GEN_4351,TRCAKKPNKHACFSNLACLLVIILNGCVKVFTRAAV,36,0.7282
GEN_4352,PRCAKKGNKHACLSNLACLWIIILNCTLKAALCAAV,36,0.7282
GEN_4353,LRYHRKTKYHACLSQLACLRLTPVNGKVKAKVFPAD,36,0.7282
GEN_4354,LRYHRKTKYKACLSNLACLLLTPSNGCVKAIVFAAV,36,0.7282
GEN_4355,FHCAKKPLAKHCLHYLACVLLTYFNAPLHAKAFGAD,36,0.7282
GEN_4356,THCAKKPKAHACLSYLACHLLIINNGCVKVKVFAAH,36,0.7282
GEN_4357,TRCAKFPKAHACLCTYACLLLIILNENYKTWWRLPK,36,0.7282
GEN_4358,THCAAKPKAHAALSYMACVLGTYFNACLHAKAFAAD,36,0.7282
GEN_4359,THCAKKIAAKHCLHYLACVLLTYFIACLKFYTTNFP,36,0.7282
GEN_4360,FRCWFKPKAAACLSTLACLLLIILNGDNRTFEKLAV,36,0.7281
GEN_4361,FRCYFKPKAAACLSTLACLLLIILNGEKKAKVFAAN,36,0.7281
GEN_4362,FRCPYKPKYAACLYELACLQLIILNVKGKTFTKIPH,36,0.7281
GEN_4363,DRCWKKPKAHACLSTLACKLLTYFSACVHAKLFALR,36,0.7281
GEN_4364,TRCGKKPKAHACLSTLACASLIILNTHLKAKVFAAH,36,0.7281
GEN_4365,TRCFWLAKAHACLSMSACLELILLNACVHAKVFAAK,36,0.7281
GEN_4366,THCAKKAEAKECLEYLALVLLTYFNACLKLFGILIP,36,0.7281
GEN_4367,WRCWYKPKAHACLSTLACLLLIILNGTLKAKVFRAR,36,0.7281
GEN_4368,TRYRKTPHNHACLSTLACLLLIILNGQGKRFTKIPK,36,0.7281
GEN_4369,TRYHKKPHYHACLSTLACLLGTILNGCVKAKVFAAH,36,0.7281
GEN_4370,TRYHKKPNKHACFNTLACLLLIFLNGQGKTFTKLAV,36,0.7281
GEN_4371,THCAKKPKAHECLSTLACLKLIILNGCVKAFTRAAV,36,0.7281
GEN_4372,TRYHLKPKYHACLSNLACYLLTPVNGAVKAKVFAAR,36,0.7281
GEN_4373,THCARKIAAKHCLHYLACVLATYTINHLKTFTSLIP,36,0.7281
GEN_4374,THCAKKCAAKHSLHYLACVLLTYFHACLNRKVFAVF,36,0.7281
GEN_4375,TRYHHKPHYHACLSTLACLLLTILNMCVKAKVFAAR,36,0.728
GEN_4376,TRHIAKWHAHACLSGTACILLLLNNGCIKTFPKLPK,36,0.728
GEN_4377,THCAAKPKAHAALSFIACILLILNNGCIKTATKLIK,36,0.728
GEN_4378,THCAAKPRAHACLSVLACVLLTYLNGCVKAKVFSWH,36,0.728
GEN_4379,TVCAKKIDAKHSLHYLACVMLTYFNSCLKATVFQAF,36,0.728
GEN_4380,THCAWLAKAHGTLSMSACLLLTIANGCVKAKKFAAP,36,0.728
GEN_4381,LVCAKKIAAKHCLHYLACVLLTYFIACLKTFTSLAP,36,0.728
GEN_4382,TRYHKKPHYHMCLSTLACLLLIILNGCVKAKVFAAH,36,0.7279
GEN_4383,TRYHHKPHYHACLSTLACLKLIILNGCNKTFSKLAV,36,0.7279
GEN_4384,TRCAKKPKAHACRSTLACHLLIILNGQGKTFTKLAV,36,0.7279
GEN_4385,TVCAKKIAAKHCLHWLACVLYTYFIGCLKTFTSAAP,36,0.7279
GEN_4386,SRCAHKPKIHACLSTLACLLLIIVNETLKAKVFRAR,36,0.7279
GEN_4387,TRYHKKPKYHASFSNLACLLLIILRGQGKTYTKLHL,36,0.7279
GEN_4388,TRYRKKPHNHACLSTLAKLLLIILNGCVKAFTKLPR,36,0.7279
GEN_4389,LHCAKRILAKHCLHYLACVLLAYFDACLHAKAFAVP,36,0.7279
GEN_4390,IHCAKKAAAKHCLHYLACVLLTYFNSCLNRHVFAVF,36,0.7279
GEN_4391,FRAWYKPKNHACLSTLACLKLIILNGCNKTFSKLAV,36,0.7278
GEN_4392,TRLDQKPKAHACISTLAELLLIFLNACKKAKVFVAQ,36,0.7278
GEN_4393,TGCAKKLKAHACLCTLASLLLIFLNETYKTFTKLAK,36,0.7278
GEN_4394,FHCAKKPLAKHCLHYLACVLLTYFNACLKTKAFYIP,36,0.7278
GEN_4395,TRCAKSSGWHACLSTIACVWIIILNETLKATVFAAV,36,0.7278
GEN_4396,TRCAKKPKAHACLCTLACLLEIALNETYKTFTFLPK,36,0.7278
GEN_4397,ARAAKRPQAHLCLCTLACLGLFIRNATYRTKAFAAK,36,0.7278
GEN_4398,THCAKKPLAKHCLHYVACVLLTYLNGCNKAHVFGVK,36,0.7278
GEN_4399,THCAKKPLAKHCLHNLACFLLTYFNAPLKTFTKLAH,36,0.7278
GEN_4400,FLCWYKPKAAACLSTLACLQAIILNPKGGTFTKLPKSFGIGTGNR,45,0.7277
GEN_4401,THCTKKAAGDNSLHYLACVLLTLFNLCLQRKVFAIF,36,0.7277
GEN_4402,TRCWKKPKAHACLSTLACLLLIILNGQGKVIRACNTI,37,0.7277
GEN_4403,THMAKKIAAKHCLHYIAKVLLKYFAGCLKTYTSLRP,36,0.7277
GEN_4404,THCTWKAAAKHCLHMLACVALTYFINSLKNFVSLFG,36,0.7277
GEN_4405,TRSAKSSKAHACLSTLACLWIIILNETLKAKVFAAP,36,0.7276
GEN_4406,TRCAKSSKAHACLSFLAQLLLIILNETYKTFTKLPK,36,0.7276
GEN_4407,TRYHKKPHYHACLSTPRCLLLTILNGCVKAKIFAAH,36,0.7276
GEN_4408,THQAAKPHIHACLSWLACVWLTYLNGCLKAKVFPIP,36,0.7276
GEN_4409,IECAKKPYAKHCLHWLASVQLTYFNLCLHVKVFAAD,36,0.7276
GEN_4410,FRCWYKPKAAACLITLACIQAIILNGKGKTFTRICSI,37,0.7276
GEN_4411,TRCAKKPKAHACLSTLACLLLIILNGDNRTFEKLAV,36,0.7276
GEN_4412,FRQWYRPKAAACLTTLACLQHIINNGKAKTFTKNKSFFPLGKPDY,45,0.7276
GEN_4413,NRIWKKPQAHACLSSLACLLLIILNGCVKAKVRLPR,36,0.7276
GEN_4414,TRCFKKPNKHTCFGNVACLLLVILNGQGKTFTKLAL,36,0.7276
GEN_4415,TRCAKKPKAHACLPTLAGASLRILNTHLKALVFAAT,36,0.7276
GEN_4416,THCAKKPLYHATLSYCACVLLTYLNYNLKTFTSLIP,36,0.7276
GEN_4417,THCAKYPLAKHCLHYLACVLVTYFNACLKTFTKLPH,36,0.7276
GEN_4418,TGCAKRILAKHCLHKLACILHTYTNACLKTFTNLAD,36,0.7276
GEN_4419,THCAKKAAAKHCLHALACVLLSYFNAFLYAKANAVP,36,0.7276
GEN_4420,THCAKKPKAHACLSYLACLLQIINNGCLKGKVFAAR,36,0.7275
GEN_4421,THCAAKPKAHAALSNLACLILTPVNGCLKAKVFPAV,36,0.7275
GEN_4422,THCAKRILTKHLLHYLAQILLTYFMACLKTFNSLAD,36,0.7275
GEN_4423,QDSAKRIRAKHCLHYLACVLLSNFNACLKAHAFAIF,36,0.7275
GEN_4424,LHCAKKLLAKHCLHYLACVLVTYFNACLCAKHFAIF,36,0.7275
GEN_4425,FRCWYKPKAVACLSTLACLLLIILNGQGKTKVFAAR,36,0.7275
GEN_4426,FRCWYKPKAHAELSTLACLLLIICNGKGKSFTRLPRPFGIGTICV,45,0.7275
GEN_4427,TRCIQKPKAHACCPTLAHLLLIILNACVKAKVFAAK,36,0.7275
GEN_4428,TRYHHKPHFHACLSFLACLWAIILNETLKAKVFGAV,36,0.7275
GEN_4429,NHCAAKPKAHAALSYMACRLLILNNGCIKTATKLPK,36,0.7275
GEN_4430,THCAKKDLAKWCLHYLACLLLTYLVGSVKTASKLAR,36,0.7275
GEN_4431,THCAQKLVAKHCLHYLACVLLTYWNSCLKDKVFLMP,36,0.7275
GEN_4432,FRCWYKPKAAACYTTLACLQAIIHNGKGKTFRACNTI,37,0.7274
GEN_4433,TRYHDKPKYHACLINLACLLLTAVNGCVKAKVFPAV,36,0.7274
GEN_4434,THCAKKPLAKHCLHYMACILYILNNGCIKTFTKLPK,36,0.7274
GEN_4435,TVCAKKIAKKVELHYLACVLYTYFIGCLHTFTSAAP,36,0.7274
GEN_4436,TECAKKIAAKHCLHYLACVLLTYFIACLHAKAFAIP,36,0.7274
GEN_4437,FRCWYKPKAAAYLFGLACLQLIILNVKGKTFMKIPK,36,0.7273
GEN_4438,FTNAKKPLAKHCLHYLACVKLAYFNACLHGKAFAKP,36,0.7273
GEN_4439,FACAKKIAAKHSHHYLACVLLTYFNGCLKATVFALF,36,0.7273
GEN_4440,FRCWYRPKAAACLTTLACLQHIIHNGKGKTFTKNKNSFGLGDANY,45,0.7273
GEN_4441,TRYRKTPHNHAALFTLAALCLTIFNGCVKAKVFILH,36,0.7273
GEN_4442,FLCWYKPKAAACLSTLACLQAIILNGKGKTFTKIPKSFYSWDAWR,45,0.7272
GEN_4443,FRCWWKPKAHLCLYTLACLNVIILNPKGKKFDKLPKSYGVGFGLR,45,0.7272
GEN_4444,TRCAKKAKAHACLSTLACLLLTIFNACVKAKVFAAV,36,0.7272
GEN_4445,TRYHKKPHFHACLSTPACLLLTIWNGCVKAKVFAVP,36,0.7272
GEN_4446,FRCWYKPKAAASLSYLACHLLIIANGCLVAKVSAAR,36,0.7272
GEN_4447,TRYMKKPHNHACLSTLACLVLICNNGCLHGKIFAAH,36,0.7272
GEN_4448,TRYLRKHHYHACLSTPACKLLTILNGCIKAKVFAAA,36,0.7272
GEN_4449,TRCAKKAKAHACLCDLAALLLIILNETRQTFTFLPK,36,0.7272
GEN_4450,TVCYDKAAAKHCLHYLAAVLLTYFINCTKRFNSLAP,36,0.7272
GEN_4451,TRHAKKPKAHACSSYLACLLLIILNGCLKAKVFAAR,36,0.7271
GEN_4452,FRCWYKPKAHAPLSTVAMLLLIILNPCVKAKVKLAV,36,0.7271
GEN_4453,FRCWYKPMAHAELSTLACLLRIILNGCLKAKVFAAH,36,0.7271
GEN_4454,TRYGKKPNKHACDSTLACLLLIILNGQGKTFTKLAL,36,0.7271
GEN_4455,THCAAKPFASACLSYGACVLLNYLNWDVKAKVFAPP,36,0.7271
GEN_4456,TRCARKPKAHACLSYLAFWGLTSNNPVVKAKVFGPR,36,0.7271
GEN_4457,FRCWYKPKAHACLYTLACLNVIILNPKGKKFDKLPKSYGIGFGLR,45,0.7271
GEN_4458,TQYRKKPHNHACLSTLACLLLIILNGCVKAKVFAAV,36,0.7271
GEN_4459,SREAAKEKAHACLCTALCLLLIILNETYKTFTFLPK,36,0.7271
GEN_4460,THCAKKPLAKHCLHYLACVLLTYLNGCHKAKVFRVP,36,0.7271
GEN_4461,THCAKKIAAKHCSHYLACVLVTYFIACEKNFTSLIF,36,0.7271
GEN_4462,FHCAKKILAKHCLHYIKCILVTYFNACLLAKVFALF,36,0.7271
GEN_4463,TWCAKKAAAKNCLHYIACVLVTYFNACEIAKHFAMA,36,0.7271
GEN_4464,TRCWYKGKAHACLSTLACLLLIIVNPDNKTFTKCAV,36,0.727
GEN_4465,TRYHKKHHAKACLSNPACLWLTIANGCVKAKVFAAP,36,0.727
GEN_4466,KRCKWQCDKAALSHLLGALPTFSLFLIYG,29,0.727
GEN_4467,TRCWKKPKAHACLSTLAHLLLIILNACVKAKTKLPE,36,0.727
GEN_4468,FRCWYKPKAAACLSTLMCLQLIILNVSKKVIRAVAV,36,0.727
GEN_4469,TRCARKPKAHACLFTLWCLLLIDLNGRLKALVIEVR,36,0.727
GEN_4470,TVCAKKIALKHCLHYLACVLLTYFIACLKTFTSLAP,36,0.727
GEN_4471,THGLKKAATKHSLHYLVQVLLTYFNLCNKATVFALF,36,0.727
GEN_4472,TWSAARPLAHACLSYMACHLLILNNGCIKAAVFAAV,36,0.7269
GEN_4473,FHCAKKPLAKHCLHYIACVLVTYFNACLKTFTKLQP,36,0.7269
GEN_4474,FRCWYKPRAAAFLSTLACIQAIILDASKKVIIACNTI,37,0.7269
GEN_4475,FRCWYKPKAAMCLSTLACLGAAILSGPGKDFTKLPK,36,0.7269
GEN_4476,TRYHKKPHYHACLSTLACLLLTIVNGCVKAKMFAAH,36,0.7269
GEN_4477,THCAKKPKPHAALSNLACVLLTYFNACHKAKVFAAH,36,0.7269
GEN_4478,THCAKKPLAAHCLHYLACVIRECFNACLKTFTKLIP,36,0.7269
GEN_4479,LHCAKKIFLKHSQHFLARWLLTYFIRCLKNFTSLIP,36,0.7269
GEN_4480,FRCWYKPMAHAELSTLACLLLIILNGERSAKVFAAT,36,0.7268
GEN_4481,TRSAKKPNKMACFSTLACLLLIIANNQGKTFSKLAV,36,0.7268
GEN_4482,TRYHRKIKYHACLSNLACLLLNPINGCAKAKVYAAH,36,0.7268
GEN_4483,FRCVYKPKAAACLTTLAWLQHIINNGKAKMFTKNKNF,37,0.7268
GEN_4484,TRCWKKPNAHAALSTVAMLLLIILNPCVKAKVKLAV,36,0.7268
GEN_4485,IHCAARVKAHACLSYMACIALILNQGCIKTFTKLPK,36,0.7268
GEN_4486,THKAKKIAVKHCLHYLACVLLTYFNACLIAKAFAIP,36,0.7268
GEN_4487,KRCKYQCDKAALSHLRGALLTFSLFLIYS,29,0.7267
GEN_4488,THCAKKPKAHAQTCTLACLLLNILNETPKTFTTLPK,36,0.7267
GEN_4489,THCAKKPKAHACLSYIACLLLICNNGCLKGKIFAAK,36,0.7267
GEN_4490,THCAKKPDAHLALSYMACLLLAIANGCVKAKVFAVP,36,0.7267
GEN_4491,WRCWYKPKAHACLSTLASLLLIILNGCNKAKVFAAV,36,0.7267
GEN_4492,FRCWKKPKAHACLSELACILLIRLNGKAHTFTKQAK,36,0.7267
GEN_4493,TRYHKKYHAHACLSTLACLLLIIENVSGKAIRACSS,36,0.7267
GEN_4494,THCAKKGKAHACLSWLACLLLIINNWCVHAKIFANR,36,0.7267
GEN_4495,THCAAKPKAHACLSYMACILLFILNMTYKRFTKLPK,36,0.7266
GEN_4496,TRCAKKPNKKDCFNTLACLLLIWANGQGKTFTKLAV,36,0.7266
GEN_4497,TRYLRKHHDRACLSTPACLLLTILAGCIKAKYFAAA,36,0.7266
GEN_4498,THCAKRILAKHCLHYLASVLLTYYNACLHAKAFVSP,36,0.7266
GEN_4499,LHCAKKAAKKHILHYIACVLLAYFIACLHAKAFAAD,36,0.7266
GEN_4500,TREAKKPKAHACLSMLACLLLIILNETLKAKVFRAR,36,0.7265
GEN_4501,TRCWYKPKAHACLSTLACLLLIIINPCVKAKVFAAR,36,0.7265
GEN_4502,TRCFWLAKAHACLSMSACLTLPELNHTLKAKVFYAV,36,0.7265
GEN_4503,THCRKRILAGRCLHYLARVLLGYFNACLKTFTNLAD,36,0.7265
GEN_4504,THCEKKIAGHHCLAYLACVLLTYKIWCAKTYTLLAP,36,0.7265
GEN_4505,FRCWYKPKAHAELSTLACLLLIINNGKGKTFTRLPRPFGIGTICV,45,0.7265
GEN_4506,FRCWYKPKAAACLTTLACLQHIIHNGKGKTFTKNKNSFGLGDANY,45,0.7265
GEN_4507,FRYWYKPKAAACWSTLACLQAIILNACGKVKVHVLV,36,0.7265
GEN_4508,KRCWAKPKQHACLSYLACLLLIKLFGCLKAKVSAAR,36,0.7265
GEN_4509,TREAKKPKAHAKLSNLHCLLLTILNGNVKAKVFALR,36,0.7265
GEN_4510,TVCAKKFLAHACLSYLACVLLTYFNACLHAHAFAAK,36,0.7265
GEN_4511,FRCWYKPKAAACLSTLACLQAIILNGKGKTFTKIPKNFGSWTPSR,45,0.7264
GEN_4512,FMCWYKPKAHACLYTLACLNVIILNPKGKKFDKLPKSYGIGFGVR,45,0.7264
GEN_4513,THCAKKPLAKTSLSYLACVDLTYLNGCVKAKVFAWH,36,0.7264
GEN_4514,THCVKKAEAKHCLHYLGCYLLTYLNGCEKAKTKLIP,36,0.7264
GEN_4515,THCAKKGAAKHCLHYLACALLTYFNSKLNRFFEASF,36,0.7264
GEN_4516,NRCWKKDKAHACLSTLACLLLIILNGQGKTFTKLPK,36,0.7264
GEN_4517,WRLWYKPKAHACLRTLHCLLLIILNGCVKAKVFAAK,36,0.7264
GEN_4518,FRCWYKPKAAACLYSLADLNLIILGVKGKTFTKIPK,36,0.7264
GEN_4519,TRCAKKPNKHAIFSTLAALLLIFLNGQGKQFTKLVV,36,0.7264
GEN_4520,LHCASKIAAKHSLHYLASVLLTHFIACLKTDTTLIP,36,0.7264
GEN_4521,FHCAAKTAAKHSLHYLACVLLTMFNQCLKRTVFADF,36,0.7264
GEN_4522,IHCAKKVAAKHCLHYLASALLYWVNSMLNRKLFNIF,36,0.7264
GEN_4523,THCAKKAAAKNCLHYLACMLLTYDQNCLKNFVSDAP,36,0.7264
GEN_4524,FRCWYKPKNAACLSTLACLQLIILNGALKAKVFAAV,36,0.7263
GEN_4525,THYRRAKHNHACASTLRCLKLTYLIGNVKAFTRLPR,36,0.7263
GEN_4526,SDLVKKPKNHACLTTLACLAMIILNACLKAKVFATR,36,0.7263
GEN_4527,THCKKKPLAKHCLSYIACVLLTYQNDCLKTYWKAVP,36,0.7263
GEN_4528,TRCAKKPKAKANLSTLACLLLIILNGCVKAFTRLPR,36,0.7262
GEN_4529,NRCWKKPQAHACLSTLAVLLLCILKGCVKAFSKLPK,36,0.7262
GEN_4530,NRCWKKPKAHACLSTLSCLCLTILNGCVKAKVFAAH,36,0.7262
GEN_4531,TPCAKKPKAHACLSYLAKLLLIMNNGCLKAKVFAAH,36,0.7262
GEN_4532,THCAKKILAHDCVHYLAAVLLTYFQAGLHAKAFAAD,36,0.7262
GEN_4533,KRCKWQCDKAALSHLLGALLTFSLFLIYG,29,0.7261
GEN_4534,WRCWYKPKAHAPLSTLACLRLIILNSCMKAKVFAAK,36,0.7261
GEN_4535,FRCWYKPKAAACLTTLACLQHIINNGKAKTFTTNKN,36,0.7261
GEN_4536,NKCWKKPHEHVCLSTLACLLLIILNGCKKAFTRLPK,36,0.7261
GEN_4537,THCAMRPKAHACLSYMACILLTYLNGCVKAKVFAVP,36,0.7261
GEN_4538,THCALKPLAHHARSYMACILVILNNGCIKTWTKAPK,36,0.7261
GEN_4539,TRCWKKPKAHACLSTLACLLLIKLNGKAKTFTKLPK,36,0.7261
GEN_4540,TRYRKKPKAHACLSTLACLLLMILNACGKAKVFAAR,36,0.7261
GEN_4541,TRYHFKPHYHACLSTLACLLLIILNGTVKAFTRLPR,36,0.7261
GEN_4542,THCAKKILAKHCLHYLACVLLTYFNACLVAKVFAIF,36,0.7261
GEN_4543,TRCWKKPKAHACLSTLAHLLLIILNACVKAKVFAAK,36,0.726
GEN_4544,ARCAKRPQAHLHLCTLACLLLFILNEHYTTFTKLPK,36,0.726
GEN_4545,THCAKKPLAKKCLKYLAQVLLWYMNACLHAKAFAAD,36,0.726
GEN_4546,FHCAKKPPAWHCLHYAACVLLTWFRACLHAKAFAGD,36,0.726
GEN_4547,FRCWYKPKAAACLSTLACLQAIILSGPGKDFTKLPK,36,0.726
GEN_4548,TRYRKKPRYMPCLSNLACLLLTILSGCVKAKVFAAH,36,0.726
GEN_4549,TRYRKKPHNHVCLSTLACLLLIILNGQGKTGTKLAL,36,0.726
GEN_4550,TRCWKKPHAHANLSYLACHLEIILNGCLKAKVTAFR,36,0.726
GEN_4551,THCAHRPKAHANLSYLACKLLTYLNACAKRKVFAVP,36,0.726
GEN_4552,THCAKKAAAKHCLHYLACVLLTYFNSCLNGKVFAIF,36,0.726
GEN_4553,THCFKKAAAKHGLHYLAEVLLTYFINCLKNFESLAP,36,0.726
GEN_4554,TRCWQKPKAHACLPTLAHLLLIILNACVKAKVFAAK,36,0.7259
GEN_4555,TRCWQKPKAHACLPTLAHLLLIIFNACVKAKVFAAK,36,0.7259
GEN_4556,TRSWKKPNKHACFSTLACLLLIILNGQGKTFTKLAV,36,0.7259
GEN_4557,THCAKKPRAHACASYLACLLLIINNGAPHAKIFANR,36,0.7259
GEN_4558,THCFKKPKAHACLSYVACFALICNNGCLKGKQFLAH,36,0.7259
GEN_4559,WHCAKKPKAHACMSYLACLVLICNNGCRKGKIFAAH,36,0.7259
GEN_4560,THCAAKPKMHAALSYMACILLIILNETYKTFTKLPK,36,0.7259
GEN_4561,AKCAHKLVFKHCLHYLACVLLTYFNACLKTFTSAAP,36,0.7259
GEN_4562,LHCAKRILAVHCLGYLACPLLTYFNLSLKSKAFAIA,36,0.7259
GEN_4563,THCAKKIAAKHCLHYLACVLLTYFINCLHAHAFAIS,36,0.7259
GEN_4564,WRCWYKPKAHACLSTLACLLLIILNGQGKTFTKLPKSFGIGTGMR,45,0.7258
GEN_4565,WRCSKKPHAHACLSTLACLKAIILNGRGKTFTYLPKMFGVGDANR,45,0.7258
GEN_4566,HRCWWKPKAHFELSTLACLLLIINNAKGKTFTKLPISFGIGNLSR,45,0.7258
GEN_4567,TRYHKKPHYHACLSTLACLLLTILNGKGKTFTKIPK,36,0.7258
GEN_4568,TRIGKKPKAHACCCTLACLLLIALNEIYKDFTFLPK,36,0.7258
GEN_4569,GHCARKPLAKHCLHYLACVLLTWSNAMLHAKAFAAD,36,0.7258
GEN_4570,KHTKWECCKAALRHLRGAILTFTAYLLYY,29,0.7258
GEN_4571,FRCWYKIKAAASLSTLACLQLIILNVSKKVIRACNSM,37,0.7258
GEN_4572,THCAKRILAKHCLHYLACVLLTYFNACLHAKAFAIF,36,0.7258
GEN_4573,TICAKKIAARHCLHYLACVLLTYFIACLKTFTSLAP,36,0.7258
GEN_4574,TRCAKKAKAHACLSTLACLALIILNGTVKNFTRLPR,36,0.7257
GEN_4575,SRCIHKPNKHACFSTLACLLLIILNVKGKTFTKIPK,36,0.7257
GEN_4576,THCAKKILAKHCLHYLACVLLTYFFACLKTFTKLAR,36,0.7257
GEN_4577,THCAKKLVAKHCLDYLACAHLTTFNSPLKAKVFAIF,36,0.7257
GEN_4578,LHCAKKIGAKHSEHYLACVLLTYFIACLKTWSTLIP,36,0.7257
GEN_4579,LHPAKKISAKHSCHYLGCVLVTNFIACLKTFHSLAP,36,0.7257
GEN_4580,WRCWYKPKAHACLSTLACLNVIILNPKGKKFDKLPK,36,0.7257
GEN_4581,FRCWYRPKASACLTTLACLQHIINNGKAKTFTKNKQFFPLGKPDY,45,0.7257
GEN_4582,TRYRKKPHIHACLSTQACLLLIILNGCLKAFSRLPR,36,0.7257
GEN_4583,WRCWIKPKAHACISTSACLWILILNETLKLKVFAAV,36,0.7257
GEN_4584,FHCAKKPLAKHCLHYLACVLLTYFIACLETFTSLIP,36,0.7257
GEN_4585,SHCVKKIANKHSLHYVACVGLTYFIATLKNFSSAIF,36,0.7257
GEN_4586,FRCWYKAKAALRLSTLACLQLIIGNVSKKVIRACNSI,37,0.7256
GEN_4587,THCAKKGLAKHCLHYLACLLLTYFNRPLKTFTKLIP,36,0.7256
GEN_4588,THCAKKAQIKHDLHQLALVLLTYFNAFLKTFTIIIP,36,0.7256
GEN_4589,EHCADRIAAKHCLHYLACVLETYFYSCLKAKVFAIF,36,0.7256
GEN_4590,TRCWKKPKARMCLSTLGCLLLIFLNDCVKATVFLAV,36,0.7256
GEN_4591,TRCIKKPKAHACLSTLACLQLIILNETLKAKVFAAV,36,0.7256
GEN_4592,THCAKRILAHHCLWYLACSLLTKFNACLGIYDKLPK,36,0.7256
GEN_4593,THCAKKAALKNCLHYLACVLLTYFNSCLNRKLFAIF,36,0.7256
GEN_4594,FRCWYRPKAAACLSTLACNLLIILNPQGKPFTKLAV,36,0.7256
GEN_4595,FRCWYKPKAAWALSTLACLQLIILNMSHKTLTKIPK,36,0.7256
GEN_4596,THCAKKPLAHACLSFLACVLLTYFNACVHAKVFAAK,36,0.7256
GEN_4597,THHTKKPDAHACLSYLACLLLIILNETLKTFTKLPK,36,0.7256
GEN_4598,THCAAKPHAHSCLSYLACVLLTYLNGCVKTFIKLPK,36,0.7256
GEN_4599,FHCAKKLAHKACLHYLACVLITYFINCLKNFVLLAP,36,0.7256
GEN_4600,TRYHKKPHYHACLSTLAVYFLILLNGCVKAHVFAAH,36,0.7255
GEN_4601,TRCPKKPKAHACLRTLACLLLIILNGCLKAKVFAAV,36,0.7255
GEN_4602,TRCWKKPKAHACFSTLACRLLIILNGQGKTFTKLAL,36,0.7255
GEN_4603,GHCAKKIAAMHCLHYLACVLITYFIACLKTFTSLIP,36,0.7255
GEN_4604,TICAKKIAAKHCLHYAACVLNTYFINCLWNFTSLLP,36,0.7255
GEN_4605,THCAAKPKAHACLSYMACILAILNNGCIKNWTKLPK,36,0.7255
GEN_4606,THCAKKAAAKHSLHYLACVLATYFHACLKTTVFALF,36,0.7255
GEN_4607,THCAKKILAKHCLYYLACVLVTSNNACLKTFTKLIP,36,0.7254
GEN_4608,FRCWYKSKAAACLTTAACRQAIILNGKGKTFTKLPKSFGIGDANR,45,0.7254
GEN_4609,FRCWYKPKAAACLSTLACLQAIILNGKGKTFTKIPKSFGIGNGNR,45,0.7254
GEN_4610,FRCKWQCDKAALSHLRGAVLTFSLFLIYG,29,0.7254
GEN_4611,SRCAKWPKATACLSTLACLELIIVNACLKAKVFGAN,36,0.7254
GEN_4612,THCAKKPKADACLSYLACLLWIALNGCMKAKVFIAR,36,0.7254
GEN_4613,TRCAKKPKAHACLTTLACLAMVILNACLKAKVFATR,36,0.7254
GEN_4614,TRLRKKPHYHACLSNLACLVLTILNGCQKAKHFAAH,36,0.7253
GEN_4615,NRYHKKPHYHACLSTLASYLLSILNGCVKLKVFAAH,36,0.7253
GEN_4616,TRYRKKPHNHACVWNLAALMLTPVNGCVKAKVFAAP,36,0.7253
GEN_4617,TRCPWKILAEHCLHYIACLLLTYFNACLHLKRFAAD,36,0.7253
GEN_4618,FRCWKKPNKHMCFSTLACLLLIINNAKGKTFTKLPI,36,0.7253
GEN_4619,TRYHKKPHYHACLSTLACLLLTILNGKGKYFTKIPK,36,0.7253
GEN_4620,TWCAKKPDAHACLSTLACASLTALNTHLKAMVFHAW,36,0.7253
GEN_4621,TRYHKFYHYHACLSTLACLLLTILNGCVKAKVFAAH,36,0.7252
GEN_4622,THCAKKILTKHCLHLLACVLVTYFNACLKAKVFAIY,36,0.7252
GEN_4623,FRCWYRPKAAACLTTLACLQHIINNGKGKTFTKNKNFFPLGDANY,45,0.7252
GEN_4624,TRCWKKPNKHACFSTLACLLLRILNGQGKTFTKLAI,36,0.7252
GEN_4625,PRCAQKPNKHACLSNLACLLWTQVNGLVKAFTKVAG,36,0.7252
GEN_4626,THCAKKFKAEATLSYLAILLLIINEGCPKAKIQLAR,36,0.7252
GEN_4627,FRCWYKPKAAACLSTLACLQAIILNGCGKVKVFVAV,36,0.7251
GEN_4628,TRCWKKPNKHMCFSTLACLLLIINNAKGKTFTKLPI,36,0.7251
GEN_4629,TRCPKKPKAHAFLSTLACLLLIILNGCNKAKVFLAH,36,0.7251
GEN_4630,THCADKPKAHACLSYLADLLLIINNGCLKAKCFAAR,36,0.7251
GEN_4631,THSYKTPKAHDCLSTLACALRIILNGCVKAFTRAAV,36,0.7251
GEN_4632,TRCWKKGKAHACLSTLADLLLIILNACVKAKTKLPM,36,0.7251
GEN_4633,TKCGKKPKAHACLSYLACLLLGINNPCVKAFTHLHR,36,0.7251
GEN_4634,THCAKKLVAKHCLHYLACVLLTYFIACLKTFTSLAP,36,0.7251
GEN_4635,LHCAKKAAAKDCLTYLACVLLTYFGSCLQRFTLLAP,36,0.7251
GEN_4636,FRCWYNPKAHACLYTLACLNVIILNPKGKKFDKLPKSYGVGFGLR,45,0.725
GEN_4637,FRCWYKPKAHAPLSTLACLLKIILNGCVKAKVFAAK,36,0.725
GEN_4638,FRCWYKPKAAACLSTIACLQLIILNYSKKGIRAVAV,36,0.725
GEN_4639,TRCKKKPKGHACLSYLACLLLIINNGCLKAKVFAAR,36,0.725
GEN_4640,THSAKHILAKHCLHYLACVLVTYFNACLKAKVFAIY,36,0.725
GEN_4641,THCAGKIAAKHCLHYLACVLQTYFNSCLKLDVFAFF,36,0.725
GEN_4642,WRLWYKPEAHACMSTLACLLLIILNPCNKTFTKNAV,36,0.725
GEN_4643,TRYRRKPHNHACLMNLACLLLVPVQGCLKAKVFAAH,36,0.725
GEN_4644,TCCLKRLVAKHTLHYLACVLLTYFNACLKTFTSLAD,36,0.725
GEN_4645,THCAKKIAAKHCLHYLACTLLTYFINCGKTPTSWID,36,0.725
GEN_4646,WRCWYKGKAHACLSTLACLLLIILNGKGKTFTKLPK,36,0.7249
GEN_4647,TRFMKKPKYDACLSNLACLLLTPVNGALKAKVTAAG,36,0.7249
GEN_4648,THCIKKPLAHHCLSYLACVILTYFNQCVHAKVFAVK,36,0.7249
GEN_4649,THAAKKLVAKHCLGYLVCVLLTYNNACLKTVTSAAP,36,0.7249
GEN_4650,FRCWYKAKAALRLSTLYCLQLIIGNVCKKVIRACNSI,37,0.7249
GEN_4651,TRCAKKPNKHACFSTEACLLLIILNRMTKTFTKLAV,36,0.7249
GEN_4652,THLAIKYKAKACLSYLACVLLNYFNLCVHAKVFAVK,36,0.7249
GEN_4653,THSAAKWHAHACLSYLMCVLLTYLNGCVKAKVFAIP,36,0.7249
GEN_4654,THAAKKIAIKHCLHWLAAVLLTYFNACLKFFTSLIP,36,0.7249
GEN_4655,RHCAKKIAAKHCLHYLAQVLLTYFIGCDKTFTSAAP,36,0.7249
GEN_4656,FRCWYRPKAAACLTTLACLQHIINNGCVKAKVFAAH,36,0.7248
GEN_4657,FRCWYKPKAHACLSTLACLLLIILNGDNRTFEKLAV,36,0.7248
GEN_4658,TRCATKHNKHACFSCLACLLLIILNGQGKTFTKLAL,36,0.7248
GEN_4659,TRTHYKPHYHACLSTPACLLLTILDGLVKAKVFAAP,36,0.7248
GEN_4660,THCAKKGAIKNCTHYLACVLLTHMGSCLQRFTLLAP,36,0.7248
GEN_4661,SHCDKKIAVKHCLHYLACVLLTYFIGCLKTFTSLAP,36,0.7248
GEN_4662,THCAKLWLAQTSLSYAACVLLTYFNAPLHAKAFAAK,36,0.7248
GEN_4663,THCAAKPLGNACLSYLACLLLTYFNACLHLKAFAAK,36,0.7248
GEN_4664,THCALKYLAHHVRSYMACILVILNNGCIKGWTKAPK,36,0.7248
GEN_4665,SRCYYKAKAALRLSTLACLLLIILNGCLKAKVFAAV,36,0.7247
GEN_4666,FRCWYRPKAAACLTTLACLQHIINNGKAKTFTKNAR,36,0.7247
GEN_4667,TRRAARPKAHADLSYTAAILCLLNNGCIKTFGKLVK,36,0.7247
GEN_4668,SHCAKFIAAKHCLHYLACVLLEYFGSELQKFTLLAP,36,0.7247
GEN_4669,FRCWYKPKAAACLSTLACLQAIILNGKGKTFTKIPKIFGIGTPSR,45,0.7247
GEN_4670,FRCWYKPKAAACLSTLACIQALILNGKGKTFGKIPKSFGSWDAWR,45,0.7247
GEN_4671,SRCAIKPKAHACLSTLACLLLAILNACDKAKVFAAR,36,0.7247
GEN_4672,TRYRKKPHNHACLSTLACLLLTPVNGCVNAKVFPAV,36,0.7247
GEN_4673,TRCWKKPKAHACLSTLACLLLIILNGKGKTFTKLPKSFGIGTGNR,45,0.7246
GEN_4674,TRHAARPKAGACLSYTAAILVLLNNGCIKTFPKLVK,36,0.7246
GEN_4675,THCAKKAAAKNCLHYLACVLLTYFNSCLNATVFALF,36,0.7246
GEN_4676,FRCWYKPKAHAELSTLACLLLIINNGKGKTFTRLPRPFGIGTITR,45,0.7246
GEN_4677,FRCWYKPKAAACLSTLACLQAIILNGKGKTFTKIPKNFGSWGYWR,45,0.7246
GEN_4678,FRCWYKPKAAASLSTLACLQAIILNGCGKVKVFVAV,36,0.7246
GEN_4679,WRCFYKPKAHACLYTLACLNVIILNPKGKKFDKLPKSYGIGFGLR,45,0.7246
GEN_4680,FRCWYLTKAHAELSTLACLLLYIKNGKGKTFWRLPRPFGIGTITR,45,0.7246
GEN_4681,FRCWYKPMKHAELSTLACLLLIILNGSLKAKVFAAR,36,0.7246
GEN_4682,TRCAKKPKAHACLSTLGCLLLIILKGCVHAFTHAAV,36,0.7246
GEN_4683,TRYHKKPKAHAHLSNLACVLLTYFNACVHAKVFAAK,36,0.7246
GEN_4684,THGAMKPKAHASLSFMACILLIYNNGCLRAKVFAAH,36,0.7246
GEN_4685,THCAKKIAAKHCLHYLACVLLTYFILCAKTYAFAIP,36,0.7246
GEN_4686,KHTKWECCKAALRHLRGAILTFTLYLIYY,29,0.7245
GEN_4687,TRAAAKPPAHAALSYMACILLVLNHGCLKTGNKLPK,36,0.7245
GEN_4688,THCAKKPNAHACLSHIAALLLTCLNGCLKVKIDLHR,36,0.7245
GEN_4689,THCAAKPLAHACLSYLACVLLTYFNACVHAKVFAAK,36,0.7245
GEN_4690,THCAKKPLVKKCQHYLACVFLWYFNMRLKTWTKLAH,36,0.7245
GEN_4691,THCAKKPLGKHCLHYLACNLVTYFNAVLHAMAFWAD,36,0.7245
GEN_4692,FHCAKKCAAKWCLNYLACVLLNYFNTCLNRKVFAAA,36,0.7245
GEN_4693,FRCWYKPHAHAPLNTLACLLKIILNGCVKAKVFAAK,36,0.7244
GEN_4694,FRCWYKPHYHACLSTLVCLLLTILNGCVKAKVFAAH,36,0.7244
GEN_4695,SRYMKKPHSHAAASTLACLLLINNNGCLKGKIFAAH,36,0.7244
GEN_4696,THCAAKTHANACFPYLACVLLTYLNGCVKAKVFLAH,36,0.7244
GEN_4697,THCAKKILAKHCLHYLACVPLTYFRACLHAKAFAIF,36,0.7244
GEN_4698,FHCAPKAAAKNCLHYLACVLLTYFNTCLNRKVFAIF,36,0.7244
GEN_4699,FRCWYKAKAAACLSTLACLQAIILNAKGKTFTKLPISCGVGNISR,45,0.7243
GEN_4700,FRCWYKPKAAACLSTLACLLLIILNGQGKTFTKLPKSFGIGTGMR,45,0.7243
GEN_4701,TRYHKKPHYHACLSTMAAALLTILNGCVKAKGFAPH,36,0.7243
GEN_4702,TRYHKKAHNHGCESTLWCLLLICNNACLKGKIFAAH,36,0.7243
GEN_4703,THCAHKALAKHCLHYLACVLLNYWNGCPKAKVFAVP,36,0.7243
GEN_4704,THCAKKFAVKHCLHYLACVLLTYFNACLHAKAFAIP,36,0.7243
GEN_4705,HRCWKKPKAHAELSTLACLLLIINNGKGKTFTKLPNSFGLGDANR,45,0.7243
GEN_4706,TRYHKKGHYHACLSTSAAALITILNGCVKAKKFAAR,36,0.7243
GEN_4707,TRCPKKPKAHACLSTLACLLAIILNGCLKAKVKLAV,36,0.7243
GEN_4708,THYRKKAHNHACLNTLACLLLIILRGQGKTYTKLHL,36,0.7243
GEN_4709,THCAKEPLAHKCLSYLAAVLLTYFNAVVHAKVQAAK,36,0.7243
GEN_4710,FRCWYKPKAAACLSTLACLQAIILNGKGKTFTKIPKSFGSWDAWR,45,0.7242
GEN_4711,KRCKWQCDKAALSHLRGALLTFSLFLIYG,29,0.7242
GEN_4712,FRCWYKPKAAANLSTLACLQAIILNGKGKTFTKIPKNFSSWTPSR,45,0.7242
GEN_4713,EHCAKKPLAKWCLHRLACVLLTYFNACRKTITSSPK,36,0.7242
GEN_4714,THCAKKIAAKHCLHYLACVLLTYFIACLKTCTSLIP,36,0.7242
GEN_4715,FRCWYKPKAAACYTTLACLQAIIHNGKGKTFTKLPNSFGLGDANR,45,0.7242
GEN_4716,FRCWKKPKAHACLSELACILLIRLNGKPHTFTKQAK,36,0.7242
GEN_4717,TRSAKKPKAHDCLSTLACLLRIILNGCVKAFTRAAV,36,0.7242
GEN_4718,SRLVKKPHAHACSETLACLLMIIANDCLKAKVFAAY,36,0.7242
GEN_4719,TRSAKKPKAHACLSFLACLLLTCNNAAVKADIFAPC,36,0.7242
GEN_4720,LHCAKKILAKHCLHYLACVILTYFNGCLKAKVFAIF,36,0.7242
GEN_4721,IRCWYKSKAAACLTTAACRQAIILNGKGKTFTKLPKSFGIGDANR,45,0.7241
GEN_4722,NRCWKKDKAHACLITLACLLLIILNGQGKTFTKLPH,36,0.7241
GEN_4723,TRCAKKPKAMACLSDLACLLLIILNGWVKAFSRLPF,36,0.7241
GEN_4724,THCFKKPKAHACLSYLACLLAICNNGCLKAKVFAAH,36,0.7241
GEN_4725,THCSARPKAHANLSYLACVLLHYWNACVHAKVFPAV,36,0.7241
GEN_4726,THCAKKPKAHAYLSYLACVLLGYLNGCVKAFSRLKR,36,0.7241
GEN_4727,TRKAARPMAHACLSYTAQILLLLNNGCIKTFPKLPK,36,0.7241
GEN_4728,THGTAKPHAHTNLSYMACILLILNNGCIKTFFPLPK,36,0.7241
GEN_4729,HRCWWKPKAHFELSTLACLLLIANNAKGKTFTKLPISFGIGNLSR,45,0.7241
GEN_4730,VHTKMGCCKLALRTLRGANATNFANWCGKVKVFAAV,36,0.724
GEN_4731,TRYHKKPKYHAVLSNLACAGLTGVNGCLKAKVNAAR,36,0.724
GEN_4732,TRYRDKAHEHACLSTDAALCLTILNGCVKAKVFFAH,36,0.724
GEN_4733,GHCAKKPLDKHCLHYLACALLTYFNAELKTFTKLHP,36,0.724
GEN_4734,TRCAKKPKAHAGLSRLACLLLIILNGTVKAFTRLPR,36,0.724
GEN_4735,TRAIAKPKANAALCTLACQLLFILNETYKTFTQLPK,36,0.724
GEN_4736,THCAAKPHAHACLSYLACVLLTYLNGCVNHKVRQIP,36,0.724
GEN_4737,THCAKKIAVKHCLHYLACVLLIYFNACLHAKAFAIP,36,0.724
GEN_4738,THCAKKHAAKHCLHYLACVLLTYFNACLLAKVFAIF,36,0.724
GEN_4739,KRCKWQCDKAALSHLRGAYLTFSLFLIYG,29,0.7239
GEN_4740,HRCSMKPKAHGCLSTLACLLLIILKGCVKAFTHKAV,36,0.7239
GEN_4741,THYRKKAHNHACLSTLACLLLIILNGCVEAFTHLPR,36,0.7239
GEN_4742,SHCAAKPKAHLALSYMACILLIAPNGCIKTFTKLPK,36,0.7239
GEN_4743,HHCAKKPLAHLALSYLACILLILNNVCIKTWFKWPH,36,0.7239
GEN_4744,THCAKKAAAKNCCHELACVLLTYFNSCRNRKVFAIF,36,0.7239
GEN_4745,TRCWKKPKAHACLSTLACLNLIILDGCVKAKVFAAK,36,0.7239
GEN_4746,NRCWKKPKAHACLTTLACLLVIILNGCLKAKVFAAV,36,0.7239
GEN_4747,TRYHKKPKYHACLSNLAELLLTPVNACLKAKVNAAR,36,0.7239
GEN_4748,FHCAKKPLGKHCLHCLACTNVRYFNACLKAKLFDIF,36,0.7239
GEN_4749,LQCAKKILAKHGLHYLACILLMWFIGCLKTWTSARP,36,0.7239
GEN_4750,WRCWYKPKAHACLSTLACLLLIILNGQGKTFTKLPKSFQIGTGMR,45,0.7238
GEN_4751,FRCWYKPKAAACYTTLACLQAIIHNGCGKTFTKLAV,36,0.7238
GEN_4752,TRCWKKPKAHACVSTLAHLLAIILNACVKAKVFTAK,36,0.7238
GEN_4753,WRHWYKPKAHAPLSTLACLLIIILNSCMKAKVFATK,36,0.7238
GEN_4754,TRAWKKHNKHGCFHTLACLLLIILNGQGKRFTKIAK,36,0.7238
GEN_4755,TRPERKKHYHACLSTPACLLLYILNGFIKAKVFAAA,36,0.7238
GEN_4756,TRCAKKPHAKARLSTLACASLKILNYCFKAFPRALV,36,0.7238
GEN_4757,THCAAKPLAHACLSYLACVLLTYLNGCVKANVFAVP,36,0.7238
GEN_4758,THCAKQILAKHCLLYYACVLLTYFNACLKAKVFAIF,36,0.7238
GEN_4759,THCARKAAAFNCLHYLACVLLTYFNSCLKATVFALF,36,0.7238
GEN_4760,THCGWKQAAKHCLHKLAVVLGTWFINCLHAKAFAIP,36,0.7238
GEN_4761,THYRKKAHNHACASTLACLLLIILNGCVKAFTRLPR,36,0.7238
GEN_4762,THCAKKIAAKHTLHYQADVLLTYFNSCLKATVFWAP,36,0.7238
GEN_4763,FRCWYRPKGAACITTLACLQLIILNGCNKAKVFAAV,36,0.7237
GEN_4764,TRCWKKGSAMACLTTLADLLLIILNACAKAKTKLPM,36,0.7237
GEN_4765,TRCFKKFEAHAKLSTLACLLLIILNGCVKAFTKLPR,36,0.7237
GEN_4766,TFCAKKPLFHACLSYLACVLLTYLNGCVKAKNFAAK,36,0.7237
GEN_4767,THCAAKPHAHAALSYMACILLSIWNGCGKTWTKLPK,36,0.7237
GEN_4768,TRCTRKPKAHACLSELACLVLTWNNGVVKAKWFAPR,36,0.7237
GEN_4769,FHWVKKAAAKNALHWLACVLLTYHIATLKTKSPAIF,36,0.7237
GEN_4770,TKYHKKPHYHASLSTLACFLLTIVNGAVKWKVFAAH,36,0.7237
GEN_4771,SRCAKKPKAHAFLSTLACLNLIILNGCVKAKVFAAH,36,0.7237
GEN_4772,THCAKKPLAKHVLHYLACVLLTYFNAELKTWMILID,36,0.7237
GEN_4773,LHCAKKIAAKHCLHPLACVLLTYFIACLKTFTNLAP,36,0.7237
GEN_4774,TKNWKKPKAHACLSYLACLLHIILNGCLKAKVSAAG,36,0.7236
GEN_4775,TRYRKKPKAHGCLSTLACLLLIILKGCVKAFTHKAV,36,0.7236
GEN_4776,TRCAKFPKGHAHACTLACLLLIQLRENYKTWTKLPK,36,0.7236
GEN_4777,THCLAKPHAHACLSYLACVLLTYFNACLHAKAFAAD,36,0.7236
GEN_4778,LHCAKKLVAKHRLHYLSCVGRTYFNKCLKTFTSAAP,36,0.7236
GEN_4779,THCAKKLVAFHCLHYLACFLLNYFNACLHAKAFAVP,36,0.7236
GEN_4780,FHCAKKAAAKNCLHYLACVLLTYFINCLHAKAFAIF,36,0.7236
GEN_4781,THCAKRILAKHCLHYLACVLLTYFNACLHTKTSLAD,36,0.7236
GEN_4782,THCAKKPLAKHKLHYLACVLLTFYNGCYKGKVFAKK,36,0.7236
GEN_4783,THCAKKAEAKHCAHWLAWVLLTYFNACLKTFQIIIP,36,0.7236
GEN_4784,TRCWYKDYAHACLSTLACLQAIKLNGKAKTFTKLPKSYGIGTGNW,45,0.7235
GEN_4785,SRCAHKPKVHACSSTLACLLWIIVNACFRAKVFAAR,36,0.7235
GEN_4786,THAAKKPLAHACLSYLHGVLLTYFNACLKAKVFAVP,36,0.7235
GEN_4787,THCAKKPLAKRCLSYLACVPSTYFNACLKAKVFAVP,36,0.7235
GEN_4788,THCAARPKAQANISYLVCVALTYLNGCGKAKVFAVP,36,0.7235
GEN_4789,THCAKKALVKHCLHYLACVLLTYFNACLKAPVFALF,36,0.7235
GEN_4790,THCAKKIAAKHDNHYLAWVLLTYFINCLKTFNSLIK,36,0.7235
GEN_4791,THCAKKPLAKHCLHYLACVLVTYFNLCWKNFTKLAD,36,0.7235
GEN_4792,HRCWKKPKAHAELSTLACLLLIINNGKGKTFTKLPDPFGILTYSR,45,0.7234
GEN_4793,TRAAKKPKAHACLTTLACLAMVILNACLKAKVFATR,36,0.7234
GEN_4794,THCAKKPKAHASLSYLACLLLTPVNGCVKAKVFPPD,36,0.7234
GEN_4795,TRDAAKEDAHACLCTLACLLLIILNETYKTFTFLPK,36,0.7234
GEN_4796,TRCAKKILKHACLSYLACVLLTRVNGEVKAKVFAVP,36,0.7234
GEN_4797,FRCWYRPKAAACLTTLACLQHIIHNGKAKTFTKNKNSFGLGDADY,45,0.7234
GEN_4798,WRCVYKPKAHACFSTLACLQAIALFGKGKGFTKLPKSFGIGTGNR,45,0.7234
GEN_4799,WRLWYKPKAHACLSTLACLLLIILNPCNRLFTKCAV,36,0.7234
GEN_4800,TRYHKKAHYHACLSYLACVLLTYLNGFVKAKVFAVP,36,0.7234
GEN_4801,THCAKKLVAKHCLRRLGCVFLTMFNWCLKTFTSAFP,36,0.7234
GEN_4802,LHCAKKIAAKHSLHYLACRLLTYFIACLKTCTTLIP,36,0.7234
GEN_4803,TGIGKPPKAHACCCTLACLLLIALNEIYKDFTFLPK,36,0.7233
GEN_4804,TRCAKKPKAHDILSGIACASLIILNTCLKAFPRAAV,36,0.7233
GEN_4805,THAAAKFHAHACLSYLACVLLHYWNACNHAKVFAAK,36,0.7233
GEN_4806,NHCNKKIAAKHCLHDMACLLLTWFNACLRTFTDLIP,36,0.7233
GEN_4807,FRCWYKPKAAACLSTLACLQAIILNGKGKTFTKLPKIFGIGTPSR,45,0.7233
GEN_4808,WRCFWKPKAHACLYTLACLNVIILNPKGKKFDKLPKSYGVGFGLR,45,0.7233
GEN_4809,IRCWYKPKAAACLSTLACLQAIILSGPGKDFTKLPKSFGIGDANR,45,0.7232
GEN_4810,HRCWKKPKAHAELSTLACLLLIINNGKGKTFTKLPRPFGILTYSR,45,0.7232
GEN_4811,HRCWWKPKAHFELSTLACLLLIINNAKGKTFTKLPR,36,0.7232
GEN_4812,TRCWKKPKAHAELSTLACLLLIINNGKGKTFTKLPR,36,0.7232
GEN_4813,TRCWYKPHAAACLSTLACLQAIILNGKGKTFTKIPK,36,0.7232
GEN_4814,TRYHKKPPYHACLSTLACLLLIILNETLKAKVFRAH,36,0.7232
GEN_4815,THCAKRILAKHCLHYLACVLLTYFNACLKTFTSLAK,36,0.7232
GEN_4816,WRCWYKPKAHACLSTLACLALIILNGQGKTFTKLPKSFGIGTGMR,45,0.7231
GEN_4817,TRCWQKPKAHQCLSTLACLLLIILNETLKAKVFRAR,36,0.7231
GEN_4818,FRCWYKPKAAACLSTLACLQAIILNGKGKTFTKIPKSKWSWDAWR,45,0.723
GEN_4819,FRCWYKPKAAACLSTLACLQAIILNGKGKTFTKIPK,36,0.723
GEN_4820,TRYHKKPHLHACSTTLNAALLTILNGCVKAKKFAAI,36,0.723
GEN_4821,TRCAKKILWKHCLIYLACVLLTYFNWCKKNVTKLAD,36,0.723
GEN_4822,LHCAKKCAAKHSLHYLACDLVTYCIACLKTFTNPAP,36,0.723
GEN_4823,WKCWYKPKAHAPLSTLACLRLIILNSCMKAKVFAAK,36,0.723
GEN_4824,TRCAKKPKAKACLSTLACLWIIILNETLKAIVFAAV,36,0.723
GEN_4825,TRYLRKEHYHACLSTPARLLLTILNGCIKAKVFAGI,36,0.723
GEN_4826,FHCAKKPLAKHCLHYLACVLLTYLNPCVKAKVFAVP,36,0.723
GEN_4827,THCAKKAAAKNCLHYLAQYLLTYFNTCYCRKVFAIF,36,0.723
GEN_4828,FRCWYKPKAHACLSTTACLLLIILNGDNRSFEKLAV,36,0.7229
GEN_4829,THCAKKPKNHACLSYLACLLEIILNGCMKAKGFAAR,36,0.7229
GEN_4830,THCESKPKAHAYLSYLGCLLLTWVNGCVKAKVFPAV,36,0.7229
GEN_4831,YKCARIPLAKHCLHYLACVLLTYFNGCLRNFTKLIP,36,0.7229
GEN_4832,THCAKKILPKHHDHWIACALLTYFNACLKNFTDLIV,36,0.7229
GEN_4833,THCAKKAAAKNCLHYLACVLLTYFNSCLQRKTSLAP,36,0.7229
GEN_4834,FRCWDKPKAAACLSTLACLVLIIINGQHKTFTKLAV,36,0.7229
GEN_4835,TRCWKVPKAKACLSYLACLLLIILNGCLKAKVSAAR,36,0.7229
GEN_4836,TRAAKKPKAHACLTTLARLWLIILNETLCAKVFAAV,36,0.7229
GEN_4837,WRLWYKPKAHACLSTLACLWIIILNECVKGKMFAAH,36,0.7229
GEN_4838,KHCAKKIGAKHSLHYLACVLLTYDIACLKTYTTLIP,36,0.7229
GEN_4839,TVCAKKIAAKHCLHYLACVLLTYFIACAKTYTTLIP,36,0.7229
GEN_4840,THCLQKAAAKNCLHYLACVLLSYFYTCLKATVFALF,36,0.7229
GEN_4841,DRCWYKPKAAACYTTLACLQAIIHNGCGKTFTKLPN,36,0.7228
GEN_4842,THCGKKPKAHASLSYLACLLATPVNGCVKAKVFAAI,36,0.7228
GEN_4843,THNAHKPKAHTALSYMAIYLLILNNGCIKTFTKLPK,36,0.7228
GEN_4844,WRCWYKPKAHACLSTLACLQLIILNGSNKAKVFAAV,36,0.7228
GEN_4845,TRCWKKPKAHACLSTLAELLLIILNVCVKAKVKLPR,36,0.7228
GEN_4846,SRCMKKAKAHACLSTLACLSLIILNACLKAKYFAAK,36,0.7228
GEN_4847,TRCAAKPDAHACLCTLAKWLLIILQATYKPFTFLPQ,36,0.7228
GEN_4848,FHCAKKPLAKHCLHYLACVLLTYFNACLKTYTSLIP,36,0.7228
GEN_4849,THCAKKIFAKHCQHYLAIVLLTFFIACLKTYTMNIP,36,0.7228
GEN_4850,LHCAKKLVAKNSLHYVACALVTYFIACLKAYTTNFP,36,0.7228
GEN_4851,FRCWYKPKAAGCLHTLACLQAIILNGKGKTFTKIPK,36,0.7227
GEN_4852,WRCWYKPKAHACLSTLACLQHIINNGKAKTFTKNKN,36,0.7227
GEN_4853,YRCWYKPRAHAPLSTVAMLLLIILNPCVKAKVRLAV,36,0.7227
GEN_4854,MKCAKKRLGKHCLHYLACVLLTYFNARVKTFTKLAR,36,0.7227
GEN_4855,THCAKKIAAKHCFHYLACVLLTYRNACLHAKAFAAN,36,0.7227
GEN_4856,LHCAKKNLAKHCLHYLACVHVTYFNACLKARVFAIF,36,0.7227
GEN_4857,FHCAKKPLAKHCLHYIADVLVTYFNRCLKLKVFALF,36,0.7227
GEN_4858,TRYHKKGHYHACLSTLACLWWIILFETLPAKVFAAV,36,0.7227
GEN_4859,THCAAKAHAHVALSYMACILLILNNGCIKTFFKLQK,36,0.7227
GEN_4860,THAAKKPLAHACLSYLHGVLLWYFNKCVKAKVFAVP,36,0.7227
GEN_4861,THCAKKPLHKHAYHYLACVLLTYFNANQKTFTILWP,36,0.7227
GEN_4862,QDSIKKILAKHCLHYLACVRLVVFNACLKAHAFAIF,36,0.7227
GEN_4863,FRCWYKPKAAACLSTLACIQAIILNGKGKTFTKIPSI,37,0.7226
GEN_4864,TRYRKRAHNHASLFTLACLCLTIINGVAKAKVFAAH,36,0.7226
GEN_4865,TRCAKKPYAHASLATLACLLLIILNVTYKTFTFLPK,36,0.7226
GEN_4866,FHEAKKPLAKHCLHYLACVLLTYFINCLKNFTSLIP,36,0.7226
GEN_4867,KRTKWQCCKAALNHLRGALLTFTLFLIYG,29,0.7226
GEN_4868,WRCWYKPKAHACLSTLACLQAIILGGKGKTFTKLPKSFGHGTGNR,45,0.7226
GEN_4869,FRCWYRPKGAACLTTLACLQLIILNGCNKAKVFAAV,36,0.7226
GEN_4870,FRCWYCGKAAACLSTLACNLLIILNGQGKPFTKLAV,36,0.7226
GEN_4871,WRCWYKSNKHACFSTLACLLLIILNGKGKTFTRLPR,36,0.7226
GEN_4872,SRLVKKPKAHACLNYLAFLLLIVLNACVKAFCFAAH,36,0.7226
GEN_4873,THCAKKPKAHACLSNLACVLTTYFNACVHAKVFAAK,36,0.7226
GEN_4874,THCAKKPLAKHCLRYLATVLLTFLNGCVKACVKAVK,36,0.7226
GEN_4875,FRCWYKPKAAACLSTLACIQAIILNGKGKTFTRIPSI,37,0.7225
GEN_4876,TLCWHKPHIHASLSYLACHLLIILNGCLKAKTSAPR,36,0.7225
GEN_4877,THCAKKPLAKHCLHYLACVLLTYFCACLKTFTKLAR,36,0.7225
GEN_4878,FRCWYKPKAAACLSTLACLEAIILSGHGKDFTKMPK,36,0.7225
GEN_4879,THAAKQPKAHACLSYLACQLLTITNGCVKVKVFAAH,36,0.7225
GEN_4880,FRCWYKPKAAACLSTLACLQAIILNGKGKTFTKLPKSFGIGDANR,45,0.7224
GEN_4881,THCAKKILAKHCLHYLACVLLTYFNACLKTYTSLCP,36,0.7224
GEN_4882,THCAKKIAAKHCDKYLACVLLTYFNACLHMKAFGIP,36,0.7224
GEN_4883,THCLKKAAQKNCLHHLACVFLTYFGDCLQKFTLMAP,36,0.7224
GEN_4884,HRCWKKPKAHAELSTLACILLIINNGKGKTFTVLPRPFGIGTITR,45,0.7224
GEN_4885,TRCAKKPKWHACLSRLACLLLINLNETLKAKCERAR,36,0.7224
GEN_4886,TRPIKKPHYHACLRTLACLDLIILNGCVKAFTRLPH,36,0.7224
GEN_4887,VKCAKKPKAHACVSYLACLWLIINNGCLKAKIFASR,36,0.7224
GEN_4888,THCAAKPLGNACLSYLSCLLLTCLNGCVKAKVFAAP,36,0.7224
GEN_4889,THCAKKICAKHCLTYLACLLLTYFIACLKTFTSLAP,36,0.7224
GEN_4890,THCAKKAALCNCLHYLACVLLTYFGNCLHVKAFAIG,36,0.7224
GEN_4891,TRCWKKPKAHACLSTLACLLLIPLNGCVKAKVFAAK,36,0.7223
GEN_4892,FRCWYKPKAHAELSTLACLLIIINNGKGKTFTRCNTI,37,0.7223
GEN_4893,KRCKWQCDKAALSHLRAAYMTFSAFLIYG,29,0.7223
GEN_4894,FKCWKKPKAHACLSTLACLLLIKLNGKAHTKVFAAV,36,0.7223
GEN_4895,FRCWYKPKAAACLSTLAKLQLIILNGCLKAKVFAAV,36,0.7223
GEN_4896,THCAKKALKHACVSYLAHVLLMYLNGCVKAKVFAVG,36,0.7223
GEN_4897,THCAIKPHAHAALSFMAWIILIHNNGCIKTYIFLAH,36,0.7223
GEN_4898,THCAKKIAAKHCLHYLACVLLTYFLSCLKATVFALF,36,0.7223
GEN_4899,SRCWYRPKAAACLTTLACLQHIINNGKAKTFTKNKN,36,0.7223
GEN_4900,THCAKKRDAHACVSHLACLLLTCLNGCLKGKIFAAH,36,0.7223
GEN_4901,THCAKKIMAKHSLHYFACVLVRYQIACLKTMTSLAP,36,0.7223
GEN_4902,TRCWKKPKAHACLSTLACLLLIILNGQGKTFTKLPKSFGIGTGSR,45,0.7222
GEN_4903,FRCWYKPKAAACLSTLACLQAIILNGKGKTFTKLPK,36,0.7222
GEN_4904,NRCWYKPKAHACLSTLACLQLIILNGCNKAKVFAAV,36,0.7222
GEN_4905,LRYHRKTKYHANLSGLACVCLTILNGCVKVKTKLPK,36,0.7222
GEN_4906,IICAAKPRAHACLSYLACVLLTYLNGCVIAKVFAWP,36,0.7222
GEN_4907,THCAKKPLAKHCLHYLACVLITYFHATLHAQAWAAD,36,0.7222
GEN_4908,THCGKKIAAKHLIHYLACVLLTYFINCLKTFTSVIP,36,0.7222
GEN_4909,FRCWYKPKAAACLTTLACLQAIIHNGKGKTFTKLPNSFGLGDANR,45,0.7222
GEN_4910,WRCWYKPKAAACLSTLACLQAIILNGKGKTFTKIPKSFGSWDAWR,45,0.7222
GEN_4911,FRCWQKPKAAACLSTLACLQLIFLNVSKVVIRFAAV,36,0.7222
GEN_4912,THLAMKPKAHACLSFLACLLLIYNNGCLKTFTKLPK,36,0.7222
GEN_4913,TRCAKKPKAHAPLSMLACLLLIILNETLKAKQFRAC,36,0.7221
GEN_4914,WRCWYKPKAHACLSTLACLLLIILNGCNKTFTRLPR,36,0.7221
GEN_4915,TYCAAKPKIHAALCWLAALLLVIGNDQIKTFRKLEL,36,0.7221
GEN_4916,RHCAKKPLGKTSLSYLARVLLTNTNACLHAKAFAAK,36,0.7221
GEN_4917,TPCWKKPKAHAELSTLACLLLLINNSPGKTFTKLPR,36,0.7221
GEN_4918,FRCWYKPKAAANLSTLACLQAIWLNGKGKTFTKIPKNFSSWTPSR,45,0.7221
GEN_4919,SRLRKKPHNHACLNTLAFLMLTIMNGCVKAIVFKAH,36,0.7221
GEN_4920,TKYHKKPKYHSCLSNLACELLTPVGFCLKAKVNAAR,36,0.7221
GEN_4921,TRNAKKPKAHACLCTIACLLLIILNEQYKTFTRLVK,36,0.7221
GEN_4922,THAAKKPLKHACLSYLACVLLTYFNACLKTFTKLAR,36,0.7221
GEN_4923,LHCAKKLLAKHCLHYLACVLVTYFNACLKAKHFAIF,36,0.7221
GEN_4924,QVVAKKIAAKHCLHYLACILLTYFQQKPNRKSFAIF,36,0.7221
GEN_4925,FRCWCKPKAAACLFNLACLQEIILNVKGKTFTKIAK,36,0.722
GEN_4926,THCAKKAAAKHCLHYLACVLLTYFIACLKFYTTNIP,36,0.722
GEN_4927,WRAWKKPSAHACLSTLACLQAIALFGKGKGFTKLPKSFGIGTGNR,45,0.722
GEN_4928,TRYHKKPHYHACLSTLACLLPTIVNRCVKAKTFAAH,36,0.722
GEN_4929,FHCAKKPLAKHRFHYAACVLVTYFSACLKAKLFALF,36,0.722
GEN_4930,WRCWYKPKAAACLSTLACLQAIILNGKGKTFTKIPK,36,0.7219
GEN_4931,THVAKKNLAKVCLHYLAFVLITYNNHCAKAKIFAAR,36,0.7219
GEN_4932,FRCAYKPKAAACLSSLACLQAIIAKWCGRVKVKPPK,36,0.7219
GEN_4933,THCAKKIAAETSLHSHACNLLTYFIACLKTVTSEIP,36,0.7219
GEN_4934,THCAKDAAAKHCAHYLACVLLTYFINCLKNFTSLIP,36,0.7219
GEN_4935,TVCAKKIAAKHCLHTLAEVLQTYFIWCVKTNTLLAP,36,0.7219
GEN_4936,FRCWYKPKAAACLSTLAYLLLIILNGQGKTFTKLAV,36,0.7218
GEN_4937,THCAKKIVDKFCLKEIACVLVTYFNACLKAKVFPIF,36,0.7218
GEN_4938,FRAWFKPKQAACLSTLASLLLIILNGDNRGFEPLAV,36,0.7218
GEN_4939,WRLWYKPKAHACLSTLACLLDICNNGCLKAKVFAAH,36,0.7218
GEN_4940,THCAARPKAHANLSYLACVLLHGWNACVHAKVFAAK,36,0.7218
GEN_4941,THSAKKPLAKHCLHYLALVLLTYFDLCLKTNTLLIP,36,0.7218
GEN_4942,TRCWFKPKAHACLSTLACLQAIILNPKGGTFTKLPKSFGIGTGNR,45,0.7217
GEN_4943,ARCARRPQAHLCLSYIACILLTYLNWCVKAKIFAVQ,36,0.7217
GEN_4944,TVCHKKFLALACLSYLAAVLLIILNETYKVFTFCAK,36,0.7217
GEN_4945,TECWYKPHAHAELSTLASLLLIIANGCLKLKVRTAV,36,0.7217
GEN_4946,TRCFKKPKAHACLSTLVCLLKIILQGSVKAWERLAV,36,0.7217
GEN_4947,THCAKKPLAHACLWYLACVLLTYFNACVHAKVFAAK,36,0.7217
GEN_4948,TVCAAKPHAHLALSYVACILSTYLNGCVKAKVFAVP,36,0.7217
GEN_4949,TRSWKKPKARACLSYLACLLLIILNGCLKAKVSAAR,36,0.7216
GEN_4950,WRLWYKPKAHACLMTLACGLQIILNPANKTFTKCAV,36,0.7216
GEN_4951,TVCAKKIAAKHCLAYLACVLLTYFIACLKTFTSLAP,36,0.7216
GEN_4952,SHCARKVAAKNCCHYLACVLLTYFINCLKNFTSNAQ,36,0.7216
GEN_4953,GRYHKKPHYKACLSTLAAALLTIPNGCVKAKKFAAH,36,0.7216
GEN_4954,SRGVKKPKASACLSTLACLLLIILNACTKLKLFAAR,36,0.7216
GEN_4955,TRYHKHPKYHACLSNLACLLLTPTNGCVKQKVFPAA,36,0.7216
GEN_4956,THCAKKILAKHCLHYLACVLLTYFNGCVKAKVFAPH,36,0.7216
GEN_4957,NHCAKRLVAKHDLHYLAMVLLTYFNACPKTFTSAAP,36,0.7216
GEN_4958,FRCWYDPKAAACLSTLACLQAIILNGKGKTFTRIPKNFGSWTISR,45,0.7215
GEN_4959,FRCWYKPKAAACLSTLACIQAIILNGKGKTFTKIPKNFGIGTGNR,45,0.7215
GEN_4960,FRCWDKWKAAACLSTLACLLLIILNGQGKNFTKLPK,36,0.7215
GEN_4961,LHCVKKIAAKHSLHYLACVLLTLFIACLKTYTTLIP,36,0.7215
GEN_4962,THCAKKIAAKHCLHYLYCLLVTWFIACLKNFTFAIP,36,0.7215
GEN_4963,LHCAKKIAAKHSLHYLLCVLLTYFIACAKTKAFAIP,36,0.7215
GEN_4964,THDAKKAAAKNCLHYLACVLLTYFNSDTNRKVFAVF,36,0.7215
GEN_4965,TRCWKKPKAHACDSTLACLLLIILNGCLHAKDFAAV,36,0.7214
GEN_4966,FRCWYKPKAAACLSTLACLLLIILNGQGKTFTKLPK,36,0.7214
GEN_4967,TRYHKKPHYHACLSTLACLQAIILNAKGKTFTKLPI,36,0.7214
GEN_4968,HRCAKSSKAKACLSTDACLWIIILNETLKAKVFAAV,36,0.7214
GEN_4969,TRYHKKPDAHACLCTLACLLLIILNHTYKPFTFTPK,36,0.7214
GEN_4970,THCLAKPHAHALLSYLACVLLTYLNGCASAFAFAAK,36,0.7214
GEN_4971,SHCAKHPLAKHCIHYLACVLLTYNNACLHAKAWNAD,36,0.7214
GEN_4972,THANKKIWAKHCLHYLACVLITWFIAALKTFTSLAP,36,0.7214
GEN_4973,FRCWYKPKAAACLSTLACIQAIILNGKGKTFTKIPKVFGIGTPSR,45,0.7214
GEN_4974,TRCAKKPKAKACLSTLACLWLIILNETLKAKVFAAV,36,0.7214
GEN_4975,TRNHKKPKYHAALSNLACLLTTPVNGAVKAKVFRAV,36,0.7214
GEN_4976,FHCAKKPLAKHCLHYLACVLLTYFNACLHAKAFAAC,36,0.7214
GEN_4977,THCAKKIAAKYSLHYLACKGVTYFIACLKTFTSNAP,36,0.7214
GEN_4978,TVCLKKIAAKHCLHYLACVLLTYFIACLKTFTSLAP,36,0.7214
GEN_4979,THCMKKAAAKKCLHDLDCVLLTYFINCLHAKAFALP,36,0.7214
GEN_4980,FRCWYKPKAAACLSTLACLQAIILNASKKVIRACNTI,37,0.7214
GEN_4981,VHTKFGCCKLALRTLRGANATNFANWCGFVKVFAAV,36,0.7214
GEN_4982,TRYSKKPKYCACRSYLACLLLIALDGQGKTFTKLAL,36,0.7214
GEN_4983,TRHAARPKAHACLSYTACILTTYLNGCVKAKVFAVP,36,0.7214
GEN_4984,NHCAAKPHAHACLSYLACVLLTYLSGCVKAKVFAIP,36,0.7214
GEN_4985,TVCAKKIAAKHCLHYLACVLLTYFNSCLNCKVFAIF,36,0.7214
GEN_4986,WWCWKKPKAHASLSTLACLLLIINNGKGKTFTKLPR,36,0.7213
GEN_4987,FRCWYKPKAAACLSTLACLQAIILNPKGGTFTKLPKSFGIGTGNR,45,0.7213
GEN_4988,TTYHKKPHYHACLSTPACLLLTILNGCVKVFTRKAV,36,0.7213
GEN_4989,THCAAKGHAHRKESYLACRLLTYLNGCVKAKVFAVP,36,0.7213
GEN_4990,FHCAKKPLAKHCLHYLACVLLTYFNLCLKNFTKLGP,36,0.7213
GEN_4991,FHCAKKPLAKKCLHYLVLTLLTYFKASLKTFTSVKP,36,0.7213
GEN_4992,SHCAKKAAAKNCLHYLACVLLTYGVSCLNRLVFAIF,36,0.7213
GEN_4993,TRCWYKPKAHACLSTLACLQAIILNGKGKTFTKLPKSFGIGTGNR,45,0.7213
GEN_4994,FRCYYKPKAHAGLSTLGCLIMQRANGCLKAKVFFAR,36,0.7213
GEN_4995,TRCAKKPYAHACLCTLAVLLNIIVNETYKAKVFRAH,36,0.7213
GEN_4996,EECAKKPNKHACFSNLAMLLLRILNGQGKTFTKLAL,36,0.7213
GEN_4997,LRNAKKPNKHVCFSGLACLLLVALNGQGKNFTKLEL,36,0.7213
GEN_4998,NRCACMPKAHACLGTLACLLLIIVQETYKTFTWLPK,36,0.7213
GEN_4999,AHCAKKASAKHCLHYPACVLLTPFNALVKTFYNLDD,36,0.7213
GEN_5000,THCAKHIAVKHCMHWIACVLLTYFNACLHAKAFAAD,36,0.7213
GEN_5001,HRCWKKPKAHAELSTLACLLLIINNGKGKTFTVLPRPFGIGTITR,45,0.7212
GEN_5002,HRCWYKAKAALRLCFLACLQLIIGNVSKKVQRKLAV,36,0.7212
GEN_5003,TEYKKKPHNHACLSTLACILLIILNQYVKAFTRLPR,36,0.7212
GEN_5004,THSAKKPYAHACLSRLACVLLTYFNACVCLKVFAAK,36,0.7212
GEN_5005,FRCWYRPKAAACLTTLACIQHIIHNGKGKTFTKNKNSFGLGDANY,45,0.7212
GEN_5006,WRCYYKPHAHACLSTLQCLMLIILNGCNKAKVFAAV,36,0.7212
GEN_5007,TRCWKKDKAHACLSSLACLLLIILNGQGKTFTKVPKSRGIGTPSR,45,0.7212
GEN_5008,IRCWYKPKAAACYTTLACLQAIIHNGKGKTFTKLPNSFGLGDANR,45,0.7212
GEN_5009,TRCWKKPHAHASLSYGACHLLIILNGCEKAKVLAGR,36,0.7212
GEN_5010,TVCAKKIAAKHCIHYLACVILTYFIACLKTFSSLAP,36,0.7212
GEN_5011,QHCAKKTAAKHSLHYLACVLLTYFIACLKTFTSLAP,36,0.7212
GEN_5012,FRCWYKPKAHAELSTLACLLLIILNGQGKTFTKLPKSFGIGTGSR,45,0.7211
GEN_5013,FRCWYKPKAAACLSTLACIQAIILNGKGKTFTKIPKNFGSWTPSR,45,0.7211
GEN_5014,TRCAKKPKAHACLSYLACLQHIINNGKAKTFTHNKN,36,0.7211
GEN_5015,TRYHKKPHYHACLETPACLLLTLANGCVKAKVFLAP,36,0.7211
GEN_5016,THCAKKIAAHHCLHYLACVLLTYYINTLKTFTSLIQ,36,0.7211
GEN_5017,FRCWYKPKAAECESTLACLQLIILNVSGKAIRACSSI,37,0.7211
GEN_5018,NHCAKNPLGQRCLHYLACVLLNYFNACEKTFTKLIP,36,0.7211
GEN_5019,THCAKKIAAKHCLHYLACVLLTYFIACLRTFTSLIP,36,0.7211
GEN_5020,THCTKKIAAKHCLEYLADVLVTYFIAALKTQTLLLP,36,0.7211
GEN_5021,THAAKKAAAKHCLHYLACVLLTYFNSCLKAKVFLAP,36,0.7211
GEN_5022,TRCWKKDKAHACLSTLACLLLIILNGQGKTFTKLPKSFGIGTPSR,45,0.721
GEN_5023,TRYCKKPHYHACLDTLAALLLTILNGGVKADVFAAH,36,0.721
GEN_5024,THVLKKIGAKHCLHYLACVLVTYFNACEQAKVFAIF,36,0.721
GEN_5025,TRCAAKPKAHACLSTLACLDLIELNECIKVKVFAGK,36,0.721
GEN_5026,THCAKKPKAHACLSYLACLLLTCLNGCHKAKVFLPK,36,0.721
GEN_5027,WRCWYKPKAHACLYTLACLNAIILNGKGKTFDKLPKSYGIGFGLR,45,0.7209
GEN_5028,RLTKFGCCKLALMTLLGADATNFANWCGKVKVFAAK,36,0.7209
GEN_5029,THCAKKPKAHACLSYLLCLLLYANNFCLKAKIFASR,36,0.7209
GEN_5030,TKYHKKPKYHACLGNLAHLLLTPVNGCVKAKVFAAR,36,0.7209
GEN_5031,FHCAGKPLAKHCLHYLACVLLTYKNACLHAKAFSAD,36,0.7209
GEN_5032,LHMAKKIAAKHSLHYLACVLLTYFIACLRFYTTNIP,36,0.7209
GEN_5033,FHCAKKGAAKKCLHYLACVLLTYFNSCLNRKLFALF,36,0.7209
GEN_5034,THCAKKAAAKHAIHYLACVLLTYFINCLKNFTSLAP,36,0.7209
GEN_5035,IRCWYKPKAHAELSTLACLLLIINNGKGKTFTKLPRPFGIGTISR,45,0.7209
GEN_5036,PRCAKKGNKHACLSNLACLWIIIANCDLKAAICAAV,36,0.7209
GEN_5037,RHCWKKPKAHASLSTLACLQCIILNGKGKTFTKLPK,36,0.7208
GEN_5038,FRCWYKPKARAPLSGLMCQLLIIANGCVKAKVFAAK,36,0.7208
GEN_5039,YHCAAKPLAKHCLHYLACVLLTYFNACLHAKAFAAD,36,0.7208
GEN_5040,LHCAKKAAAKNCLHWLACVLLTYFNSCLLRFNLLAP,36,0.7208
GEN_5041,KHCWKKPKAHASLSTLACLQCIILNGKGKTFTKLPK,36,0.7208
GEN_5042,TRCWKKPKAHACLYTLACLLLIILNGQGKTFTKLQKSYGICTGSV,45,0.7208
GEN_5043,TRYHKKPRFKARLSNLACLLITPVNGCVKAKVFAAV,36,0.7208
GEN_5044,FHCAKKPLGKHCKHYVACVLLTYFNACYHAKAFPAD,36,0.7208
GEN_5045,LHMAKKAAAKHSLHPLACVILNYFIACLKLFTSLIP,36,0.7208
GEN_5046,LHCACKIAAKHSLHYLACVLLTYFNSCLKAKVFAIF,36,0.7208
GEN_5047,FKCWYKPKAAAPLFTLACLQLIIMNVFGKTWTKIPK,36,0.7207
GEN_5048,TRYHKKPHYHACLSTLACLLLTHLSGCVKAEVFAAH,36,0.7207
GEN_5049,THCAKKGKAHACLSYVACLLLIIDNGVLKAKVFYAR,36,0.7207
GEN_5050,TRYRRAKDNHACASSLACLCLTYEIGTVKAFTRLPR,36,0.7207
GEN_5051,TRRAKKGKAHACLSTLLEASLIILNGSLKAHIFAAR,36,0.7207
GEN_5052,LHCAKKIAAKHSLHYLACVLLTAFIACLKTCTTLIP,36,0.7207
GEN_5053,FRCWYKYKAAACLTTLACLQAIVHNGKGKTFTKLPNSFGLGDANR,45,0.7207
GEN_5054,FRCWYKPKAAACLSSLAHIQALILNGKGKTFGKIPRSYGSWDAWR,45,0.7207
GEN_5055,KRCKGQCNKAALSHLRGALLTSSLFLIYG,29,0.7207
GEN_5056,TRCAKKPIVHACLSYLAQLLLIILNKCLKAKVFAAR,36,0.7207
GEN_5057,TRCAKKPKAMACLSDLAALLLIILNGWVKPFSFIPI,36,0.7207
GEN_5058,THCAKKIVARTCLHYLACTLLTYFIACLKTFTSLAP,36,0.7207
GEN_5059,CHCAKKISAKRCLHYLACALLTYFNSCLYRKVFAIF,36,0.7207
GEN_5060,FRCWYKPKAAACLSTLACLQAIILNASKKVIRACNSI,37,0.7206
GEN_5061,FRCWYKPKAAACLSSLAAIQVIILNGRGKTFTKIPKSFGSWDAWR,45,0.7206
GEN_5062,WRCWYKPKAHAWLFTLACLQLAILNGGNKAKVFAAV,36,0.7206
GEN_5063,TRCWYKPKAHACLSTLACLQAIILNGKGHKFTKLPKYFGIGTGNR,45,0.7206
GEN_5064,THCAKKILAKHCLHYLACVLLTCFNACLKAKVFAIF,36,0.7206
GEN_5065,FHCAKKPLAKLCLHVLACVLVTYFNACLRAKVFAIF,36,0.7206
GEN_5066,LHSAKKAAAKHSLHYLACVLLTYFIACLKTFTSLIP,36,0.7206
GEN_5067,FRCWYLTKAHAPLKTLACRLLAIKNGEGKTFWRLPRPFGIGTITR,45,0.7206
GEN_5068,DRLVHKPKGHASISTLNCLLLIALNACLKAKVFHAR,36,0.7206
GEN_5069,THCAKKTAAKHCLHGLACVLLTYFRACLHAKAFQAD,36,0.7206
GEN_5070,FHCAKKPLAKHCLHYLACVLLTYFNICLLAKAFAAD,36,0.7206
GEN_5071,TRCAKKPYAHACLTTLACLWLIILNETLCAKVWAAV,36,0.7205
GEN_5072,TRCAATPKAHAALCDVACLLLIILNDQIKTFRKLEQ,36,0.7205
GEN_5073,THCAKKPLKHALLSYLACVLLTYLNGCVKAKVFACP,36,0.7205
GEN_5074,THCAKKILAKHCLHYLACVLLTYFNACLHALAFLAD,36,0.7205
GEN_5075,THCAKRILAKHCLHYLACVLPTYFNACLHAKAFLAP,36,0.7205
GEN_5076,LACAKKAAAKHCLHYLACVLLTYFIACTRNFTSLAP,36,0.7205
GEN_5077,FRFWYKPKAAACLSTLACLQAIILNGKKKVIRACNTI,37,0.7205
GEN_5078,FKCWYKPKAAACLSTLACLYAILLNGKGSTFRKIPKSFGIGNGNL,45,0.7205
GEN_5079,LRCWYKPKIAAALSTLACLQLILNNWSKHHFTKIPK,36,0.7205
GEN_5080,WRCWYKVKAHACLSTLACALMIILNGCNKTFTKLAV,36,0.7205
GEN_5081,YHCAKKLVAKHCLHFLACVLLTYNNACLKTMTSAAP,36,0.7205
GEN_5082,WRCWYKPKAHACLSTLACLQAIILNGKGKTFTKLPKSFGIGTGNR,45,0.7204
GEN_5083,FRCWYKPKAAACLSTLACLQAIILNGCVKAKVFAAV,36,0.7204
GEN_5084,GRDFKKPNKLACLSNLACLLLTILNGCVKAKRFAAR,36,0.7204
GEN_5085,LRYHRKTKYHACLSNLACLDLTPVNGCVKAFTFLPK,36,0.7204
GEN_5086,HRCAKKPKAHCEVSTLGCLLAIILNASKKVIRACNTI,37,0.7204
GEN_5087,KVSKWQCCKAALNDLRGALLTFTLFLIYG,29,0.7204
GEN_5088,TRCWFKPKAHACLSTLAHLLLIILNACVKAKVFAAK,36,0.7204
GEN_5089,FRCWYRPKAVACLTTLACLQHIINNGRAKTFTKLKNFFPLGKPDY,45,0.7204
GEN_5090,FRCWYKPKTAACLYNFACLQLIILNVKGKTFTKIPK,36,0.7204
GEN_5091,TRYHKKPKYHACLSNLASLLLTMVNGCVKAKVFDAL,36,0.7204
GEN_5092,TRCVKKPNAHACLSSLKCLLTIINNPCYKPYTRLPR,36,0.7204
GEN_5093,TRCAAKPHAHLALSYMACIVYISNNGCIKTFTKLPK,36,0.7204
GEN_5094,THCAAKPHGHACLTYLACVLLTYLNGCYKAKNFAAK,36,0.7204
GEN_5095,LHCACKPLAFHCLHYLACLLATYFNACLHAKAFAAD,36,0.7204
GEN_5096,THCAKKAADKHCLHYLACVLLTYFINSQKNFTPAIP,36,0.7204
GEN_5097,VRPAKKPHAKACLSTLACASAAILNACVKAFPRANV,36,0.7203
GEN_5098,FHCARKIAAKHSLHYLACVALTYFIACLATFTSLAP,36,0.7203
GEN_5099,KHCWKKPKAHAELSTLACLQCIILNGKGKTFTKLPK,36,0.7203
GEN_5100,TRGPKKPKAHACLSYLACLALIILNACLKAKVFAAR,36,0.7203
GEN_5101,THCAKKPKAHACLSNAACLLLTCLNQCVKAKIFAPK,36,0.7203
GEN_5102,THCAKKPKAHACLSNLACVLLICNNGCLKAKVFAAH,36,0.7203
GEN_5103,THCAKKPKAHACLTYLACLLLTPVNGCLKTFTKLPK,36,0.7203
GEN_5104,THCVKKAAAKHYVEYLACVLLTYFIACLKTFVFAIF,36,0.7203
GEN_5105,THCAKKALAKNCLFWTACVLLTYFQTCLSRKVFAIF,36,0.7203
GEN_5106,TRCWKKPHAHAPLSTLASLLLIILNRQGKTFTKLPKSFPIGTGSR,45,0.7202
GEN_5107,TRSAKKPKAHATLSTTACLLLIILNGKGKTFTKLPK,36,0.7202
GEN_5108,THCAKKPLAKKALHYLACALVTYFNACLKTFTKLHP,36,0.7202
GEN_5109,FRFWYDPKAAACLSTLACLQAIILNGKGKTFTRIPKNFGSWTISR,45,0.7202
GEN_5110,THCAAKPKAEAALSYMARILLILQNGCIKTFTKLPK,36,0.7202
GEN_5111,THCAAKRHAHACLNYLACVLLFYANGCPKLSNFAAK,36,0.7202
GEN_5112,TACAKRILAKHCLHYLACVLLTYFNACLHAKAFAIP,36,0.7202
GEN_5113,LHCAKKLLAKHCLHYVACVLVTYFNACLKAKVFAIF,36,0.7202
GEN_5114,YRCAWRPKAHAELSTLACLLLIINNAKGKTFTKLPRSFGIGNLSR,45,0.7201
GEN_5115,DRCKWQCRKAALSHLRGAILTFSLFLIYG,29,0.7201
GEN_5116,FLCWYKPKAAATLSTLAYLQAIILNPKGGTFTKLPKSFGIGTGNC,45,0.7201
GEN_5117,NRCWKKPKAHACLKTLACLLVIIANGCVKAFTRLPR,36,0.7201
GEN_5118,TRYHKKPHYHACLSTPACLLLTILAGCVKAKVFAVP,36,0.7201
GEN_5119,THCLAKPKAHAALSYCACILLILNNGCIKTGTKLPK,36,0.7201
GEN_5120,TECAKKPLAHHAEHYLACVLLTYFNACLKTFDKLIP,36,0.7201
GEN_5121,TYCAHEPAGKVCLRHLAFVLLTYWNASLKANAFEIP,36,0.7201
GEN_5122,TFCAKKIAAKHCLHFLACVLLTYFNACLHAKAFAIP,36,0.7201
GEN_5123,FKCWYRAKAARCLTTLACLQHTINNGKAKTFTKMKTFFPLGKPDY,45,0.7201
GEN_5124,TRYHKKPHLHACLSKLAAALLTILNGCVKAKKFVAH,36,0.7201
GEN_5125,WRCWKKPKAHACLSTWACLLAAILNGRGKTFTKLPKTFPIGTGSR,45,0.72
GEN_5126,FRCWYKPKAAACLSTLACLQAIILNGKGKTFTKAAH,36,0.72
GEN_5127,TRPIKKPHYHACLSTLACLQAIILNGKGKTFTKIPK,36,0.72
GEN_5128,TRPIKKPHYHACARRMACIFLIILNGCVKAKVFGAH,36,0.72
GEN_5129,YDCNKKPVAKHCLHYLAMVHVHYFNAVLKAKVFAIF,36,0.72
GEN_5130,THCAKKIAAKHCLHYLVCVLLTYFIACLKTFTSLRP,36,0.72
GEN_5131,LHCAKRIAAKHSGHYLACVLATYFIGCLKTFTSCRP,36,0.72
GEN_5132,THCAKKIAAKHCLHRLAEVLLTFFIGGLKTFTSAAP,36,0.72
GEN_5133,FHCAKKTAAHASLHYLACVLLTYFNSCLKATVFALF,36,0.72
GEN_5134,TRFWYKPKAHAALSTLACLQAIILNGKGKTFTKLPKSFGIGTGQR,45,0.72
GEN_5135,NRCWKKEKAHACLSTLACLLLIALNGKAKTDIKLPK,36,0.72
GEN_5136,TRYRNAPHYHACLSTLASLLLTILNGSVKAKVFAAH,36,0.72
GEN_5137,TRAHRIIKYHACLSMLACLILNPINGCAKAMVYAAH,36,0.72
GEN_5138,VHCAAKPFAHACLSNSACVLLTYLNGCVKAAVKVPK,36,0.72
GEN_5139,FRCWYGQKAAACLCTLACLQLIILNVSKMVIRFAAV,36,0.7199
GEN_5140,TRYHKKGYYHACLSNIACLLLTPVQGELKAKVNAAR,36,0.7199
GEN_5141,NRYRKKRHNHACLTALAWLLLTPVNGCVKAKVFIAR,36,0.7199
GEN_5142,THCAAKPKAHACLSFLLCLLLIYNNLCLKAKIFAAP,36,0.7199
GEN_5143,LHCAKKIAAKHCLHYPACVLLTYFNSCLKAKVFAIF,36,0.7199
GEN_5144,LHCARKIAAKHSLHYLACVLLTPFIACLKTFTSLAP,36,0.7199
GEN_5145,LHCAKKAAAKNCLHYLVLVLLTYFNSCLKATVFALF,36,0.7199
GEN_5146,FRCWYKPKAAACLSTLACIQAIILNGKGKTFTKIPKSFGSWDAWR,45,0.7199
GEN_5147,THCAKKPKAHARLSYLACGALIINNRCLKAKVFAAR,36,0.7199
GEN_5148,SRCAHKPKIHACLSTMAAALLTILTGCVKAKGFAPH,36,0.7199
GEN_5149,YRLKYKPKAHACLSTAACLLLIIANGCPRTFTKLAV,36,0.7199
GEN_5150,TRTAKGNLAKHCLHTLACVLLTYFNACLKTFTKLAH,36,0.7199
GEN_5151,THCAKRILAKHCLHYVACVLLTYFNACLKTSTKLHP,36,0.7199
GEN_5152,LHCAYKIAAKHSLHYLACVLLTYFIACLKFYTTNFP,36,0.7199
GEN_5153,VAHVCKCCKLALRTLRGANASNFVKWCGK,29,0.7198
GEN_5154,WRCWKKPKAHACLSTLACLQAYILNGKGKTFTKLGNSFGLGDANR,45,0.7198
GEN_5155,TRCAKKPKAHACLSTLARLHLMILNACLKAKVFCAR,36,0.7198
GEN_5156,THCAKKILAKHCLHYLLCVLVTYFNACLKAKVFAIK,36,0.7198
GEN_5157,THCAKKPLAKHCLHYLACVLTTYFNACLHAKAFAIF,36,0.7198
GEN_5158,TRCARKPKAHGCLSTLACLLLIELNGCLKAHVFAAV,36,0.7198
GEN_5159,THCAKKPKAHGCLSYIACLLLICNNGCLKGKIFAAP,36,0.7198
GEN_5160,THCAAKPLAKHCLHYLACVLLTYFNACLKTFTKLAR,36,0.7198
GEN_5161,LHCAKKAAAKHCLHYLLCVLLTYFINCLHAKAFAIP,36,0.7198
GEN_5162,THCAARPKRHACLTYQACILLILNNGCIKTFTKLPK,36,0.7197
GEN_5163,KHTKFECCKLALRTLHGANASNFANYCGKANVFAAV,36,0.7197
GEN_5164,KYTKFGCCKLARRTLRGANATNFANWCGKVKVFAQV,36,0.7197
GEN_5165,TRCAAKPDAHACLCTLAKWLLHILNETYKPFKFLPK,36,0.7197
GEN_5166,LHCAKKIAAKHCFHWLKCVLLTTFNACLHAKIFAAD,36,0.7197
GEN_5167,LACAKKIAAKHSLDYLACVLLTYFIACLKTYTTLIP,36,0.7197
GEN_5168,FRCWYKPKAAACLSTLACLQAIILNASKKVIRACNS,36,0.7196
GEN_5169,THCAKKIAAKHCFHYCACVLLTYFYALLHAKVFAAD,36,0.7196
GEN_5170,TLCASKIAAKHCLHYLACVLVTYFNACLKAKVFAIF,36,0.7196
GEN_5171,THCAKKAAAKKCLHYLACVLLTYFNTCLYRKVFAIF,36,0.7196
GEN_5172,SRCAKKPKAHAFCSTLACLLLIILNACAKAKFFAAR,36,0.7196
GEN_5173,THCAKKPKAHLCLSYLACLILIINNGCLHAKIFVAR,36,0.7196
GEN_5174,FHCARAPLAKHCLHYLACVLLTYFNLCLKNFTKLIP,36,0.7196
GEN_5175,FHCAKCPLAKHCLHYLACVLVTYFNACLKAKVFAIF,36,0.7196
GEN_5176,MLCAKKLVAKHCAHYLACVLLTYFNSCLKAKVFAIN,36,0.7196
GEN_5177,TVCAKKIAVKHCRHYLACKLLTYFINCMRNFTSHLP,36,0.7196
GEN_5178,FRHWYDPKIAAALRTKACLQLIILNVSKKHFTKIPK,36,0.7195
GEN_5179,NKCAARPKAHACLSYMAQILRFLNNGCIKTFTKLPK,36,0.7195
GEN_5180,THCCAKPHAHACLSYLACVLLTYLNGCVKAKVFAAH,36,0.7195
GEN_5181,THCAKKLVAKHCLHYLACVLLTYFNACLHTFTSAAP,36,0.7195
GEN_5182,WRCWYKPKAHACLSTLACLQAIILNGKGKTFTKLPKSFGIGNGNR,45,0.7195
GEN_5183,AWIKTAHCKLALRTLRGANATNFLNWCG,28,0.7195
GEN_5184,FRCWYKPRAAAFLSTLGCIQAIILDASKKTFTKLPKS,37,0.7195
GEN_5185,CRCWYKPKAHLCLYTLACLNVIILNPKGKKFDKLPKSYGIGFGDY,45,0.7195
GEN_5186,TRPHHKPHYHACLSTLACLLLTILNETLKAKVFRAR,36,0.7195
GEN_5187,THCAKKPKAHDALSWLACNLLTPVNGCVKAKVFPLA,36,0.7195
GEN_5188,TFPAAKPKAHAALGYMACIRLILNNGCIKTFTKLPW,36,0.7195
GEN_5189,THCAKKIAARHCLHYLACVLRTYFNAMLKTFTPLIP,36,0.7195
GEN_5190,HRCWKKPKAHAELSTLACLLLIINNGKGKTFTKLPRPFGIGTISR,45,0.7194
GEN_5191,WRAWKKPSAHACLSTLAILDAIILNPKGKTFTKLPKSFGLGDANR,45,0.7194
GEN_5192,TPLALKPKAHACLSFLACLLLTYLNGCVHAKAFAAK,36,0.7194
GEN_5193,THCWAKPWAHAALSEMACILLIQNNACIATGTKLPK,36,0.7194
GEN_5194,THCAKKQLAKHTLHYLAAVLLTYMNATPRTFTSLHK,36,0.7194
GEN_5195,FHCAKKIAAKKCFHYLACVLLTYFNACLHAKAFAAD,36,0.7194
GEN_5196,WRCWGKPKAHACLSTLACLQFKVSALADIFQALKKNYS,38,0.7194
GEN_5197,KRCRWQCDKAALSHLAGALLTFSLFLSYG,29,0.7194
GEN_5198,KRCKYQEDKAALSHLRGALLTFSLFLIYS,29,0.7194
GEN_5199,THCAKKPLAKICLHYLACVLLTYFIACLKTFTSLIP,36,0.7194
GEN_5200,LHCAKKIAAKHSLHYAAAVLLTYFIAVLSTFTSLAP,36,0.7194
GEN_5201,LHSAKKAAAKNALGYLACVLLTYFGSCLQRFGLLHP,36,0.7194
GEN_5202,IRCWYKPKAAACLSTLVCLQAIIISGAGKDFTKLPKSFGIGDANR,45,0.7193
GEN_5203,FRCWYKPKAAACLSTLACLQAIIANWCGKVKVKLPK,36,0.7193
GEN_5204,TRCAKKPNKHACFGNLACMLEIILNGQAKTFTKLAL,36,0.7193
GEN_5205,THCAQKAAAHNCLHWLAHVVLNYFNSCLNRKVFAIF,36,0.7193
GEN_5206,NHCAKKWAAQNCLHYLACVWLTYFNSCLNRKVTLIF,36,0.7193
GEN_5207,IHCWKKAAAKHCLHYLACRLLSYFINCLKNFTSLAP,36,0.7193
GEN_5208,SRCAKKPKAHAFLSTLHCLSLAILNGCNKAKVFASH,36,0.7193
GEN_5209,THCAKFPLAKHCWSYLACVLLTYFNACLHAKAFAAK,36,0.7193
GEN_5210,WRCWKKPKAHACLSTLACLQAYILNGKGKTFTKLPKSFGIGTGSR,45,0.7192
GEN_5211,TRYRKTPHNHACRSTLAWLCLTIFNGCVKAHVFAAH,36,0.7192
GEN_5212,HRCWKKPKAHAELSTLACLLLIINNGKGKTFTKLPRSFGIGTISR,45,0.7192
GEN_5213,WRCWYKPKAHSCLSTLDCLQLIILNGCNKAKVFAAV,36,0.7192
GEN_5214,TRCAAKPDAHAVLCTLAKWLLIILNETYKPFTFLPK,36,0.7192
GEN_5215,TVCAKKVAKKHCLVYLACVLLTYFINCLKTFTSLIP,36,0.7192
GEN_5216,THCAKRILAKHCLHYLACVLLTYFNACLHAKASLLP,36,0.7192
GEN_5217,HHCWKKPKAHAELSTLAALLLIINNGKGRKFTVLPRPFGFGTATR,45,0.7191
GEN_5218,TRCAKKVKAHACLSTLACLLLINNNETLKAKCERCH,36,0.7191
GEN_5219,THCAKKDKAHAQTCTLACLLLNILNETPKTFTTLPK,36,0.7191
GEN_5220,DHCAKKILSKHCLHYLACVLLTYFNLCLKTKAFAVP,36,0.7191
GEN_5221,FRCWYKPKAAACLSTLACLQAIILNGKGKTFTKAAV,36,0.7191
GEN_5222,THCAKKIAAKHCLHYLACVLLTYFIACLKTCTTLIP,36,0.7191
GEN_5223,HRCWKKPKAHAELSTLACLLLNINNGKGKTFTKLPRPFGILTYSR,45,0.719
GEN_5224,TPCWKKPKAHAELSTLACLLLLINNSPGKTFDRLPR,36,0.719
GEN_5225,FRCWYKPKAAACLSTLACLQAIILNGCVKAKVFAAH,36,0.719
GEN_5226,SKCAKKPKAHWALSTLSCLLLIILEETYKAKVFRAH,36,0.719
GEN_5227,TRCAKKKNKHACLSYLACLLLIINNGCVKVKVFAAH,36,0.719
GEN_5228,TRHAARPKAHACLSYTACILLLYFNACLKTFTKLAR,36,0.719
GEN_5229,THCAKIPLAKRCLHYLACVLLTYFYACLKTFTKLIP,36,0.719
GEN_5230,KHTKFGCCKLALRTLRGANATNFANWCGKVKVFAAV,36,0.719
GEN_5231,WRCWYKPKAHACISTLACLLLNILNGENKIKVFAAV,36,0.719
GEN_5232,THCAKKPKAHACVCTLACLLLIILNETYKTRTKLPK,36,0.719
GEN_5233,TRYHKKPVYHACLSTPACLLLTILNGCVKAKVFAVP,36,0.719
GEN_5234,TVCAAKFLAHACLSYLAAVLLTYLNGCVKAKVFAVP,36,0.719
GEN_5235,THCAKKPLAKHCLHYLACRLLTYFCACLHAKAFAIP,36,0.719
GEN_5236,TRCWKKPKAHALSSTLACLLMIILNGCLKAKRFAAV,36,0.7189
GEN_5237,FRCWYKPKAAACLSTLASLQLIALIVSKLVIRACNSI,37,0.7189
GEN_5238,TRYHKKPKYNWCLSNLACRLLTPVNGCVKAKVWAAV,36,0.7189
GEN_5239,NRCAKKPKAHMCLCNLACLLLIILNEMYRTFWFLPK,36,0.7189
GEN_5240,THCIKKLAAKHCQHYLACVLVNYFIAWLKNWTSLIF,36,0.7189
GEN_5241,THCLKKIAAKHCLHYLACVLLYYFIACKKTYTTNIP,36,0.7189
GEN_5242,KHTKWQCCKAALRHLRGAILTFTLYLIYG,29,0.7189
GEN_5243,LHCAKKPLLKHCLHYLACALLTYFNACLHAKAFAAD,36,0.7189
GEN_5244,THCAKKILAKHCLSYLACVLLTYFRACLHAKAFIIQ,36,0.7189
GEN_5245,NPWGSRCAGPISLARILSTTFHVAGPLIALNRRSGKILF,39,0.7188
GEN_5246,KHCWKKPKAHASLSTLACLQCIILNGKGKTETLKKN,36,0.7188
GEN_5247,FRCWYKPKAAACLSTLACIQAIILNGKGKTFTKLAV,36,0.7188
GEN_5248,WRCWYLPKAHACLSTLVCLLLIILNGCNKTFTKLWV,36,0.7188
GEN_5249,FHCAKKTPAKHSIHYLACVLLSYFYTCLKATVFALF,36,0.7188
GEN_5250,TRCAYKGKAHACLSTLSCLLLIQLNATLKAKVFRAR,36,0.7188
GEN_5251,THCAKKILIKHFLHYLASVLLKYFNACLKTYTKIAK,36,0.7188
GEN_5252,THCAKKIAAKFCLHYLLLVLLTYFIACLKYFTSLAP,36,0.7188
GEN_5253,RRCWYKPKAAACLSTLLCLQAGILNGRGKTFTKIAKSFGSWDAWR,45,0.7187
GEN_5254,TRCWFKPKAHACLSTLACLQAIILNPWGGTFTKLPKSFGIGTGNR,45,0.7187
GEN_5255,TRYRKTPHNHAWGSPLACLCLTIFNGCVKAKVVAAH,36,0.7187
GEN_5256,THCAKKPLAKHCLHYLACVLLTYFNACVHLKVFAVK,36,0.7187
GEN_5257,THCADKMLAKHCLHYLACVLMTYLNGCVKRKVFAVP,36,0.7187
GEN_5258,THLAKKAAAAHCLHYLACVLLTYFINCLHLKKFAIP,36,0.7187
GEN_5259,FRCWYKPRKAAFLSTLACIQAIILDASKKVIIACNTI,37,0.7187
GEN_5260,THCAAKPIAIACLSYLACVLLTYLNGCVKAFVYAVP,36,0.7187
GEN_5261,THCAIKLVAKHCLHYLACVLLTYFNACLHAKAFAIP,36,0.7187
GEN_5262,FHCALKPLAKHCLHYAACVLVTYFNACLKAKVFAIF,36,0.7187
GEN_5263,LWCACKIAARHRLHYTACVLLTYFIVALDTFTSLAG,36,0.7187
GEN_5264,HRCWKKPKAHAELSTLACLLLIINNGKGKTFTRLPRPFGIGTITR,45,0.7186
GEN_5265,FRCWYKIKAAACLSTLACLQAIILNGKGKTFTKIPKSFGSWDAWR,45,0.7186
GEN_5266,THCARKPAAKHCLHYLACVLLTYFNACLHAKAFATD,36,0.7186
GEN_5267,GHCAGKIAAKHCLHYLACVLLTYFIACLKTFTSLIP,36,0.7186
GEN_5268,LHCAKKIAAKHSLHYDACVLLTYMRATLHAKTFAAD,36,0.7186
GEN_5269,LHCAKKIAAKHSLHFLACSSVTYCQGCLKAFTNPAP,36,0.7186
GEN_5270,TRCEYKPRAHACLSTLACLQAIILNGKGKTFTKLPKSFGIGTGMR,45,0.7186
GEN_5271,THCAKKILAKKHLNYLVCVLLTYFNKCLHARAFAIP,36,0.7186
GEN_5272,LHCAKVIAFKHSLYYLACVLLTYFIACLKTFTSLAP,36,0.7186
GEN_5273,THCAKKAAKKCCLHYLACVLLTYFINCLKAKVFAIF,36,0.7186
GEN_5274,TRLAKKPKAHAKLQTIACLWKIILNETLKKKVFAAV,36,0.7185
GEN_5275,THCAAKPHAHACLSYLACVLLTYFAACLHAKAFAAK,36,0.7185
GEN_5276,THCAKKCLAKHCKFYLACVLLTYFNACLKTFTKLIP,36,0.7185
GEN_5277,TRCWKKPKKHACFSTLACLLLIILNGQGKTFTKLPKSFGIGTGMR,45,0.7185
GEN_5278,TRCWKKPHAHACLSTLACIQAIILNGKGKTFTKIPSL,37,0.7185
GEN_5279,NRCWKKAKAALRLSTLACLLVIILNGCLKAKVFAAV,36,0.7185
GEN_5280,THCAKKILAKHCLHYLACVLLTYFNACLRTFTSLIP,36,0.7185
GEN_5281,HRCWWKPKAHAELSTLACLLLIINNAKGKTFTKLPRSFGIGNLSR,45,0.7184
GEN_5282,FRCWYKPKAAACESTLACLQCIILNGKGKTFTKLPK,36,0.7184
GEN_5283,DRCAKKPNKHACFSCLASLLLIILNGQGKTFCKLAL,36,0.7184
GEN_5284,LRYHRQTHFHECLSNLACLLLTPVNGCVKAIAFAAV,36,0.7184
GEN_5285,THCAKKPKAHACLSYLGVLLLIINNGCGKTFTKLPK,36,0.7184
GEN_5286,THCARKPKAHACLCTLAYALGIILNQTVKAKVFALP,36,0.7184
GEN_5287,THCAKKPAAKHCLHYLACVLLTYFNACLRTFTSLIP,36,0.7184
GEN_5288,LHCAKKIAAKHSLHHLACVLLTYRIAELKTCTQLIP,36,0.7184
GEN_5289,RLTKFGCCKLALRTLRGANATNFANWCGKVKVFAAV,36,0.7184
GEN_5290,KHTKFDCCKNALRTLRGANASNFCSWSGKVKVFVAV,36,0.7184
GEN_5291,WRCWYKPKAHACLSTLACLQAIILNGKGRTFTKLPKSFGIGNGNR,45,0.7184
GEN_5292,FRCWYKPIAAACLFTLACLCLTILNGCVKAKVFAAH,36,0.7184
GEN_5293,THCAKRILAKHCLHYLACVLLTYFNACLKTFISLAR,36,0.7184
GEN_5294,WRCWYKHKAHAFLSTLACLLLIILNGCNKAKVFLAH,36,0.7183
GEN_5295,TRCAKKPYAHACLNGLGCLLLIIVNETYKAKVFRAH,36,0.7183
GEN_5296,THCAKKPKAHASLSYLAAVLLTYWNAVVHAKVQAAK,36,0.7183
GEN_5297,TMCAKKALAKHCLHFLACVLLTYFNACLHAKAFATD,36,0.7183
GEN_5298,FYCAKKPLAKHCLHYIACVLLTYFNACLHAKAFAIP,36,0.7183
GEN_5299,KRTSWQCCKAALNHLRGALLTYWLFLIYG,29,0.7183
GEN_5300,KHCWKKIKARASLSTLLCLQCIALNGKGKTFTKLPK,36,0.7183
GEN_5301,FRCWYKPKAAACLTTLACLQHIINNGKRKWFTKNKNF,37,0.7183
GEN_5302,TRCAKKIKAHLCISTLASHYLIILNGNLKAMVFKAV,36,0.7183
GEN_5303,THCAKKIAVKHCLHYLACVLLTYFIACLKTFTSLIP,36,0.7183
GEN_5304,FRCWYKPKAAACLPTLACLQAIILNGKGKTFTKLPKSFGIGEANR,45,0.7182
GEN_5305,FRCWYKPKAAACLSTLACLQAIILNGIGKTFNRIPKNFGSWTPNR,45,0.7182
GEN_5306,TRCFYKPKAHACLSTLASLQAIILNGKGKTFTKLPKSFNIGTGNR,45,0.7182
GEN_5307,TRKAKKPKAHACASTLACLLLIILQGTAKAFTRLPR,36,0.7182
GEN_5308,THLAMKAKAHACLSFLACLLLIYNNCCLKAKVFAAH,36,0.7182
GEN_5309,TPCAKKIAAKHCLHYLACVLHTVFIACLKTFTSLIP,36,0.7182
GEN_5310,FHCAKKLVAKHCLHYLGCVLLTYFNACLKTFTSAAP,36,0.7182
GEN_5311,FHCAKKPLAKHCLHYIACVIVTYFNACLKPKVFALF,36,0.7182
GEN_5312,THCAKKAAAKRCLHQLACVILNYFIICLKNFTSLIP,36,0.7182
GEN_5313,TVHAKRAAEKHCLHYLASVLLTYFNSELKRTVFALF,36,0.7182
GEN_5314,FRCWYKPKAAACLTTLACLQAIIHNGKGKTFTKLPKSFGIGNGNR,45,0.7182
GEN_5315,TRCWKKGKAHACLSTLADLLLTILNGCVKAKVFRAH,36,0.7182
GEN_5316,FHCAKKPLARHSLHYLACVLDSYFNACLHAKAFAQD,36,0.7182
GEN_5317,LNCAKKIAAKHCLHYLMCVLVTIFIACIKTFLSLAD,36,0.7182
GEN_5318,TRCIKKPKAYACLSTLACLLLVILNGCVKAFSRLPR,36,0.7181
GEN_5319,TCYHKKPKYHAALQNVACLLSTPVNGCLKAKVTAAG,36,0.7181
GEN_5320,THCAKKPKAHACLSYLACLLLTCLNGCVKAFVFAAH,36,0.7181
GEN_5321,THCFKKIAAKHWPHYLACVLLTNFIWCVKTFTALAP,36,0.7181
GEN_5322,LHCAKKIAAKHSLHYLLCVLKTYFIACAKTYTTLIP,36,0.7181
GEN_5323,TRCWYKPKAHACLSTLACLQLIILNVSKKVIRWCNSI,37,0.7181
GEN_5324,RRCAAKPKAHACLSTLACGILIELNGCIKVKVFAGH,36,0.7181
GEN_5325,THCAGKLVAKFCLHYLACVLLTYFNACLKTFTSAAP,36,0.7181
GEN_5326,TGCAHKIAAKHCLHYLACVLLTYFIACLKTFTSLAQ,36,0.7181
GEN_5327,THCAKKAAAPNCLHYLACVLLTYFASCLQKFTLLAP,36,0.7181
GEN_5328,TKYRKKPHNHANLSNLACLLLTPVNGCVKCKDFAAP,36,0.7181
GEN_5329,THCAKKPDAHACLSHLACLLLTPVNGCVKEKVFPAV,36,0.7181
GEN_5330,TRCAKHALARHCLSYLACVLLTIFNLCLHAKAFASK,36,0.7181
GEN_5331,TRCAKKPTAKHFMHYLACVLRTFFNVCRHAKLFAAD,36,0.7181
GEN_5332,KRTKWQMCKVALNHLRGALLTFTLWLIYG,29,0.718
GEN_5333,THCAKKPKAHACLSTPACLLLTIANGCVKAKVFAAP,36,0.718
GEN_5334,LRCAKKAQAHACLCTLAALLLFILNEQYKTFTKLPK,36,0.718
GEN_5335,THCAKKPLAWHCLHYLACVLVTYFNLCWKNFTKLAD,36,0.718
GEN_5336,THCADKAAAKHCIHALACVLLPYFINCTKNFTSLMP,36,0.718
GEN_5337,THCAKKAAAKNCLHYLACVLLTYFNSCLKATVFALF,36,0.718
GEN_5338,FRFWYKPKAAACLSTLACLQAIILNGKGKSFTKIPKNFGSWTPSR,45,0.718
GEN_5339,IRCKYKSKAAQCLTTAACRQAIILNNHGKTFTKLPKSFGHGVANR,45,0.718
GEN_5340,TRYHKHPHYHAALSTLACLLLTGLNGCVKAKVFAAH,36,0.718
GEN_5341,TRYRDKPHNHACLSTLACLCHTILNGCVKAKVFAAH,36,0.718
GEN_5342,NRCVKKPNAHACLSYLACLLLIINNPCLHAKAFAAK,36,0.718
GEN_5343,THCALKILAKHCLHYLACVLLTYFNACLKTFTSLIP,36,0.718
GEN_5344,THCAKKILAKHCLHYLACVLLTYFFACLKTVDKIPK,36,0.718
GEN_5345,THCAKKICAKHCLHYLACVLLTYFNACLHAKAFAAD,36,0.718
GEN_5346,FHCAKKAAAKNCLHYLASCLLTYFINCLHAKAFAIG,36,0.718
GEN_5347,IRCYYKPKAHAGLSTPACLLMSIANGCVKAKRFAAR,36,0.7179
GEN_5348,WRCFKKPKAHACLSTWACLLAAILNGRGKTFTKLPDTFPIGTGRR,45,0.7179
GEN_5349,TRCWYKPKAVACLSTLACLLHIILNGQGKTKVFAAR,36,0.7179
GEN_5350,FRWWFKPKAAACLHTLACLQLIVLNGCVKAFTRLVR,36,0.7179
GEN_5351,TRCADKPKAHACLSTLACLGLIILNPCLKAKVFAAF,36,0.7179
GEN_5352,FHCAKKPLAKHCLHYLACVLLTFFNACLKEPTSLVP,36,0.7179
GEN_5353,THCAKKILAKHCLHYLACVLVTYFIACLKTFTSLAP,36,0.7179
GEN_5354,THCAKKLVAKWSLHYLACVLLTYFVCCLDAKVFLAP,36,0.7179
GEN_5355,WRCWKKPKAHACLSTWACLLAAILNGRGKTFTKLPETFPIGTGSR,45,0.7178
GEN_5356,WRAWYKPKAHACLSTAVCLQAKILNAKGKWRTKLPKSLGIGNGNR,45,0.7178
GEN_5357,SRVAKKKKAHAFLSTTACLLLIIINGCVKAKIFASH,36,0.7178
GEN_5358,THCAKKPLAKTSLSYLACVLLTYFNACLKTFTHLAR,36,0.7178
GEN_5359,THVAKKPLAHASLSYLACVILTYANACAKYKVFARK,36,0.7178
GEN_5360,FHCSRKPGAKGSLHYAACVLLTFFNLCLKNFTKLIP,36,0.7178
GEN_5361,THCAKKIAVPHCLHYLAAVLLNYFNACLHAKAFAIF,36,0.7178
GEN_5362,FHCAKKIAAKHCFHYLACVLLTKFNACLHAKAFAAD,36,0.7178
GEN_5363,LHCAKKILAKHCLHYLACVLLTYFIWCYKWFTLLAP,36,0.7178
GEN_5364,FHCASKTAACKSLHICACVLLTYFQSCLKATVFALF,36,0.7178
GEN_5365,WWCWDKPKAHACLSTWACLLAAILNGKPKTFTKLPKTFPIGTGSR,45,0.7178
GEN_5366,TRCWFKPKAAACLSTLAAIQAIILNGRGKTFTKIPKSFGSWDAWR,45,0.7178
GEN_5367,TRCWKKEKAHACLSTLKCLLLIILNGCVKAKVFAAK,36,0.7178
GEN_5368,TRYRHKPHNHACLSTLACLLLIMLNWCVKAFSWLPR,36,0.7178
GEN_5369,DHCAKKILAKYCLHYLACVLLTYFNLCYHAKAFAIP,36,0.7178
GEN_5370,KHCWYKPKAAACLSTLACLQAIILNGKGKPFTKLPK,36,0.7177
GEN_5371,TRYHKMPHWHACLSTLACLLGTIVNGCVKGKVFAAH,36,0.7177
GEN_5372,TRCAKSSKAHACLSTLAELLLIIVNGQGKTFTKFAV,36,0.7177
GEN_5373,FHCAKRILAKWCCHYLACVLLAYFNACLHAKAFAVA,36,0.7177
GEN_5374,THCAKKIALKHCCHYLACVLLTAFNACLHAKAFAFH,36,0.7177
GEN_5375,THCAKKAAAKNCLHYLACVLLTYFGSCLKIFTSLAP,36,0.7177
GEN_5376,THCAKKAAAKNCLHYLAEVLPTYFGSCLKNFVSLAP,36,0.7177
GEN_5377,FRCWYKPKAAACLSTLAAIQAIILNGRGKTFTKIPKSFGSWDAWR,45,0.7177
GEN_5378,FRCWYKPKAHDDLSTLACLLIIINNGKGKTFTRLPRPFGIGTICV,45,0.7177
GEN_5379,FRCWKKPKAHACLSTLACLHLIKLNVSKVVIRFAAV,36,0.7177
GEN_5380,THCAKKGGAHACLSYIACVLLTYLNGCLKGKIFGAK,36,0.7177
GEN_5381,FRCWYKPKAAACLSTLALLEAIILNGCGKVRVFVAV,36,0.7176
GEN_5382,THCCARPKAHANLSYLACVLLHYWNACVHAKVFAAK,36,0.7176
GEN_5383,LHCAKKIAAKGTLHYLACVLLTYDIACLKTYTNLDP,36,0.7176
GEN_5384,THCAKKIAVKHCLHYLACVLHTYFNACLHAKVFAIP,36,0.7176
GEN_5385,KHTKFDCCKIALRTLRGANASNFASFCGKVKVFVAV,36,0.7176
GEN_5386,WRTKWQCCKAALNHLRGALLTFTLFLIYG,29,0.7176
GEN_5387,TRCIRKPYAHACLTYLACPLLSCNNGCVKAKVFAPR,36,0.7176
GEN_5388,THCAKRILAKHCLHYLASVLLTYFNACLHAKAFLIP,36,0.7176
GEN_5389,GHSAKKIANKHCLHDLACYLLAYFNACLKMSTDVIP,36,0.7176
GEN_5390,WWCWKKPKAHACLSTWACLLAAILNGKGKTFTKLPKTFPIGTGSR,45,0.7175
GEN_5391,THCAAKPKAKACLSWMACILLIINNGCGKLFTKLPK,36,0.7175
GEN_5392,THCAKKPHALTSLSYLACVLLTYFNACLLAKARGAK,36,0.7175
GEN_5393,LHCAKHIAAKCSLHYLACVLLTYFIACLKTCTTLIA,36,0.7175
GEN_5394,TRCAKKPNAHGCFSTEAALLLIILNRMDKTFTKLAV,36,0.7175
GEN_5395,THCAKKAAAKNCLHYLACVLLTYFHACLKTCTTALF,36,0.7175
GEN_5396,KHTKFGKCKLALRTCRGKNATNFANWCGKVHVFAAV,36,0.7174
GEN_5397,TRYLKTPHNHAAHFDLAALCLTIFNGCVKAKVFILH,36,0.7174
GEN_5398,TAYLRKHHYHACLSTPAIHLLTDLNGCIKAKVFAAA,36,0.7174
GEN_5399,THQAKKPLAKTSLSYLACVLLTYFNACLHAFTKLIK,36,0.7174
GEN_5400,FHCAKKPLAKWCLHYLACVVVPYFNACLKTATKAAD,36,0.7174
GEN_5401,HRCAKKPKAHCELSTLGCLLLIINNGKGRTFTKLPK,36,0.7174
GEN_5402,THCAKKPLAKHCLHYLACVLLTYFNACLKTFTLLPC,36,0.7174
GEN_5403,DHCPKKILAKHCLTYLACVLLTYFNLCLKNFTKLIN,36,0.7174
GEN_5404,NHCAKKAAAKHSLHYIACVLLTYFNTCLNRKVYAIY,36,0.7174
GEN_5405,TRCWYKPKAHACLSTLACLQAIILNGKGHKFTKLPK,36,0.7173
GEN_5406,LRCAKIPQHKLCACTLACLLLYILNETYKTFTKLPK,36,0.7173
GEN_5407,THCAHKHAEKHCLHWLACVLLTYFIACLKTFTNLIP,36,0.7173
GEN_5408,FHCAKPIAAKHCLWYLACVLLWYFINCLHAKAFAIS,36,0.7173
GEN_5409,HRCWKKPKAHAELSTLACLLLIINNGKGKTFTKLPRPFGIGTQSR,45,0.7173
GEN_5410,FRCWYKPKAAACYTTLACLQAIIHNGKGRTFTKLPKSFGIGTGNR,45,0.7173
GEN_5411,TNCAKKPLKHACLSYLACVLLTYLNGCVKAKFHAVP,36,0.7173
GEN_5412,TRCIAKPKAHVALSYMVCIDLISNNGCIKTFTKLPH,36,0.7173
GEN_5413,THCAKKPLAKKCQHYLACVLLTCNNGCLKAHVFAPR,36,0.7173
GEN_5414,LGCAKKLAAKHSLHYLACVLLTYFHACLNTTVFALF,36,0.7173
GEN_5415,VAHVCKCCKLALRTLRGANASNFVSYCGK,29,0.7172
GEN_5416,WRAWKGPKAAACLTTLACLQHIIHNGKGKTFTKNKNSFPLGDANY,45,0.7172
GEN_5417,TRTWQKPVAHACLPDLAHLLLIILNACVKAKVFASK,36,0.7172
GEN_5418,TRYHKKPHYHACLSTLACNKLIILNPQGKPWTKLAV,36,0.7172
GEN_5419,TRYHKKPHYHACLSTPACVLLTYLNGCVKTFTKLAR,36,0.7172
GEN_5420,LHCAKKIAAKHSLPYLACVLLTLFIACLKTKTSLIP,36,0.7172
GEN_5421,LHCAKKIAAKFSLHYLACVLLTYFIACLYTYTTLIP,36,0.7172
GEN_5422,FHCAKKPLAKHCLHYIACVLVTYFIACLKTYTTLIP,36,0.7172
GEN_5423,HRCWKKPKAHAELSTNACLLLKINNGKKKTFTKLPNTFGLGDAYR,45,0.7172
GEN_5424,TRCWRKPNKHAKFSTLACLLRIILNGQGKRFTKIPK,36,0.7172
GEN_5425,TRYHKKPKYHACLSNLACLLLTYVNGCIKAKVNVPR,36,0.7172
GEN_5426,THCAAKPHAHKCLNYLACVLLTFLNGCVKAKQFAAA,36,0.7172
GEN_5427,TICVKKIAAQHELYYLACVDLTYFNACLKTFTNALP,36,0.7172
GEN_5428,TCCAKKCAAKHCLHYLACVLLTYFIHCLKTFTSAAP,36,0.7172
GEN_5429,LHAAKKPLAKHCLHYIACVLVTYFPACLKAKVFAIF,36,0.7172
GEN_5430,THCAKKAKAKHCLHPLACVLLTYFINCLKNYTSLIP,36,0.7171
GEN_5431,THCAKKAAAKNCLHYLACVLLTYFGSCLQRFTLLAF,36,0.7171
GEN_5432,THSAKKPKAHATLSTTACLLLSILNGKGKTFTKLPK,36,0.7171
GEN_5433,NACANKPHGHLALNYMAHILLTCFNACLHAKVFAVP,36,0.7171
GEN_5434,THCAKKAAAKHSLHYLACVLLTWFNSCLKATVFLAP,36,0.7171
GEN_5435,FRCWYKPKAAACLSTLACLQAIILNGKGKDFTHIPKSFASWDAWR,45,0.717
GEN_5436,WRCWKKPKAHACLSTLACLQAIILNGKGKTFTKLPKSFGIGTGNR,45,0.717
GEN_5437,KHTKWECCKAALRHLRGAILTFTLYLIYG,29,0.717
GEN_5438,NHCAKMILAKHSLHWLACVLLTYFNACLKAKLFAIF,36,0.717
GEN_5439,THCDKKIAAKTCLHYLGCVLLGYFIACLKTFTSLAP,36,0.717
GEN_5440,WRCWYKPKAHACQSTLACLALIILNGQNKTFTKLPKSFGIGTGMR,45,0.717
GEN_5441,RRCWYKPKAAACYTTLGCLQALVHNEKGKTFRACNTI,37,0.717
GEN_5442,TKCAKKHAAKHCLHYLACVLETYFIGCLKSFTSAHP,36,0.717
GEN_5443,FHCAKKPLAKHCLHYIACVLVTYFFACLKAKVFAIF,36,0.717
GEN_5444,TVCAKKLVAKWCLHYLACVLLTYFNSCLKAKVFAIF,36,0.7169
GEN_5445,TVCAKRIAAKHCLHYSACVLLTYFAACLKTFTSLAP,36,0.7169
GEN_5446,KSCPKKCAAKHCLHYIACVLVTYFNACLKAKVFAIF,36,0.7169
GEN_5447,TRYDKKPHYHACLSTPWCLLLTIANGCVKFKVFLVP,36,0.7169
GEN_5448,TDEAAKPHAHLALSYMAIILLILNNGCIHTFGKLPK,36,0.7169
GEN_5449,NCCAKKPLAKRRLHYLACVLLTWFNACAKTFTKILR,36,0.7169
GEN_5450,THCAKKFVKKHCLHYLAIVLLTYFNNCHKAKVFAIF,36,0.7169
GEN_5451,FRCWYKPKAAALMTLLGADVTNFANWCGKLKVKLPK,36,0.7168
GEN_5452,TRCAKKPYAHACLKTLACGLLIILNETYKHFTFLPQ,36,0.7168
GEN_5453,THCAAKPHAHACLSYLACVLLTYFNACLHAKAFADD,36,0.7168
GEN_5454,AHCWKKIAAKHCTHKLACVLLTYFYACLKTFTSLAP,36,0.7168
GEN_5455,THCAKKAAAKHCLHYLACVLLTYFINCNHAKAFAIP,36,0.7168
GEN_5456,TRCAKFPKAHACLCTLACLVLIILPETYKTFTFLAK,36,0.7168
GEN_5457,THCDRKAAEKHALHYLACVLLTYFINSLKNFTSLIP,36,0.7168
GEN_5458,LHLVKKIAAKHNLHYLACVLLTYFIACLKFYTTSFP,36,0.7168
GEN_5459,YHCAKKAAAKRCLYYLACVLITNFNSCLNKGVFAIF,36,0.7168
GEN_5460,THCAKKAAAKNCLHYLACVLLTYFNCCLLRCVFAVF,36,0.7168
GEN_5461,NRCWHKPKAAACLMTLACLLKIILNGCVKAFTRLPR,36,0.7167
GEN_5462,HHCAAKPKAHAALHDMVCILLILLNGCIKPFTKLPH,36,0.7167
GEN_5463,KSCPKKCAAKHCLHYLACVLLTYFNSCLKAKVFAIF,36,0.7167
GEN_5464,THCAKKIAAKHCAHYAYCVLLTYFIWCLKTYTTLIP,36,0.7167
GEN_5465,FHCAKKAAIKCCLHYLACVLLTYFINCLHAKAFFIA,36,0.7167
GEN_5466,SLSYKKCNAWLKEKTGAILLCTAL,24,0.7167
GEN_5467,FRVWYKPKAAACLTTLACLQAIIHNGKGKTFTKLPNSFGWIDANR,45,0.7167
GEN_5468,THCAKKAAAKNCLHYLNCVLLTYFNSCLKATVFALF,36,0.7167
GEN_5469,WWCWKKPKAHPCLSAWACLLAAILNGKGKTFTKLPKTFPIGTPSE,45,0.7166
GEN_5470,THCAKKPLAKHCLHYICCVLATYFNACLKAKVFAIF,36,0.7166
GEN_5471,LHCAKKIAAKHSLHYLWCVLLTYFNACLHAKAFAAD,36,0.7166
GEN_5472,THCAKKIAARICIHYLACVLLTSFNACCKTFTSALP,36,0.7166
GEN_5473,THCRKKIGAKHCLHYLACCLLTYFNSCLNRKVFAIP,36,0.7166
GEN_5474,TVCAKHIAAKHCLHYLACVLLTYFIACLKTFTSLAP,36,0.7166
GEN_5475,LHHAKKIAIKKSLHYLACVLLTYFIACLLTFTSAAP,36,0.7166
GEN_5476,THCAKKAAAKHCLHYLACVLLTYFNSCLKATVFALF,36,0.7166
GEN_5477,KHCWKKPKAHACLSTLACLQAIILNGKGKTFTKLPK,36,0.7165
GEN_5478,LRCWKKPNKHACLSTLACIQALILNGKGKTFGKIPK,36,0.7165
GEN_5479,TRCAKKPKAHACLCTLACLLLGILNGCLKAIVFAAH,36,0.7165
GEN_5480,ARCAKRNQAQLCLCTLACLVLYILNETYKTFTKLPK,36,0.7165
GEN_5481,TRCAKKPKAHACLCTLALLLLIILNETLITDTFLPK,36,0.7165
GEN_5482,FHCAKKPLLKHCLHYKACVLVTYFNACLKAKVFAIF,36,0.7165
GEN_5483,THCAKKAAAKVCLHYLACVLLTFFINCLHAKAFAVP,36,0.7165
GEN_5484,LHCAKKIADKHTLHYLACVLLTYFINRYHAKAFAIS,36,0.7165
GEN_5485,FHTKFRCCELALRTLRGVNASNFVSWCGKAKVFAAV,36,0.7165
GEN_5486,THCAAKPLAHACLSYLACVLLTYFNGCVHAKVFAAK,36,0.7165
GEN_5487,THCAKKPLASHHLHFLACRLLTGFNACLKTFTKLAR,36,0.7165
GEN_5488,TRAAFKPLEWACLSYLACVLLTYLNVCVKAKVFAHP,36,0.7165
GEN_5489,CWCASKALARHCLHYLACLLLTYFNACLRTFTKLIP,36,0.7165
GEN_5490,THSAKKIAAKHCLHYLPCVLLTSFIASLKAKVFAIF,36,0.7165
GEN_5491,THCAKKIAVKHCLHYQACVLLAYFNACLHAKAYAIK,36,0.7165
GEN_5492,WRCWYKPKATACLSTLACLQAIILNDKGKTFTKLPKSFGIGNGNR,45,0.7164
GEN_5493,FRCWYKPKAHAELSTLAYLLLIINNGKGKTFTRLPRP,37,0.7164
GEN_5494,KRTKWQMLKVALNHLRGALLTFTLWLIYG,29,0.7164
GEN_5495,THCAKKILAKHCLHFLACVKLTYFNACLRTFTKLIP,36,0.7164
GEN_5496,WRCWKKPKAHACLSTLACLDAIILNGKGKTFTKLPKSFGIGDANR,45,0.7164
GEN_5497,RLTKFGCCKLALRTLLGADATNFANWCGKVKVFAAV,36,0.7164
GEN_5498,IRCWYKPKAAACLSTLACLQAIILNGKGKTFTKLPK,36,0.7164
GEN_5499,TRCWHKPKAHAILSGSACLLLFILNGCLKAKVFAAV,36,0.7164
GEN_5500,NRCWKKPKAHACLSTLACLQLIALNGCNKAKVFAAV,36,0.7164
GEN_5501,THCAKKIAAKHCLHYLACVLITVFIACLKTFTSLRP,36,0.7164
GEN_5502,WHCAKKPTKHACFNTLACLLLIFLNGQGKTFTKLAV,36,0.7163
GEN_5503,THCQKRILAKRAMHWLACVLLTYFNACLKTFTSLAD,36,0.7163
GEN_5504,THCAKKILAKHCLHLLACWLLTYWNHCLKAKTSDVP,36,0.7163
GEN_5505,TNCAKKIAVKHCLHYLACVKLTYFNACLHAKAFAIP,36,0.7163
GEN_5506,WHCAKKPLAKHCLHYLACVLVTWFNACLKARVFAIF,36,0.7163
GEN_5507,FRCWYKPKAFACLSTAAYLQAIILNPKGRTFTKIPKSFGSWDAWR,45,0.7163
GEN_5508,TRCAKKPPKHACFETLACLILIILSGQGKTFNKLAL,36,0.7163
GEN_5509,TRHAAKPKHHACASYLACVLVTYLNGCVKAKVFAIH,36,0.7163
GEN_5510,FHCAKKPLAKHCLHYLACTLLTYFNASLKTFVFAIF,36,0.7163
GEN_5511,SHCAKKAAAKLCLHYLACVLLSYFNSCLHRKVFAIF,36,0.7163
GEN_5512,RLTKFGCCKLALRTLRGANATNFANWCGKVEVFAAV,36,0.7162
GEN_5513,HRCAGKPKAHCELSTLACLLLIIQHGKGRTFTKLGK,36,0.7162
GEN_5514,THCAKKILAKHCLHYDACVLLTYFNACLKAKVFAIF,36,0.7162
GEN_5515,TVCARKILAKHCLHYAACVLLTFFNLCLVNFTKLIP,36,0.7162
GEN_5516,DHCAKKILAKYCLHYLACVLLTYFNLCLKNFTNLIP,36,0.7162
GEN_5517,THCAKKIAAAHCLHYLACVLLTYFIACLKTFTSLAP,36,0.7162
GEN_5518,FRCWYKSKAYACVSTLACRQAIIWNASKKLIRACNSL,37,0.7162
GEN_5519,KRCAKYPKAHACLSTLACVLLTYFMAAVHAKVFAAK,36,0.7162
GEN_5520,THCAKKIAAKHCLHYLACRLDTYFMACNKTFESLAP,36,0.7162
GEN_5521,THCAKKPKAHATLSIQACLLLINNNGALHAQCFAAR,36,0.7161
GEN_5522,TRCPYKPNKHACFSCLATALLPILEGQGKGFTKLAS,36,0.7161
GEN_5523,FHCAKIPLAKHCLHYLACVLVTYFNACLKAKVFAIF,36,0.7161
GEN_5524,THCALKICAKHCLHYLACVLLTYFIGCLKTFTSAAP,36,0.7161
GEN_5525,CRCAKKPTHHADFSNLACQLLIILRGQGKTYTKLHL,36,0.716
GEN_5526,THCAAKCHARACLSYLAAVLVTYLNGCVKAKVFAFH,36,0.716
GEN_5527,THCAKKPLAKHCLHYLACVLLTYFSACLHAKAFAIP,36,0.716
GEN_5528,LHCAKKIAAKHSLNYLARVLFTYFIACLKFYSTNVP,36,0.716
GEN_5529,FHCAKKAAAKHCLHYNACVLLTYFINCLHAKAFAIP,36,0.716
GEN_5530,FYCWYKPKAAACCYTLACHLLIILNGNLKAKNFAAV,36,0.716
GEN_5531,THCAAKPHAHLALVYMAAILDRLNNGCIKTFFPLPK,36,0.716
GEN_5532,GRCWYKPKAHAELSTLACLLLIINNGKGKGFTRLPRPNGIGTITR,45,0.7159
GEN_5533,HRCWKKPKAHAELSTLVCLLQIINNGKGKTFTKLPKPFGILTYSR,45,0.7159
GEN_5534,YRCGKKPWKHADFSTLACLLLIILNGQGKTFTKVAV,36,0.7159
GEN_5535,FRCWYKPKAAACLSTLACLLLIILNGCVKAFTKLPK,36,0.7159
GEN_5536,SRCAKHPKAHAFASILACLLLIILNGCVKAKVFAAH,36,0.7159
GEN_5537,WRCWYKPKAKVTESTLACLDLIILNGCVKAFTRLPR,36,0.7159
GEN_5538,TRCAKGPNKHACFSTCANLLLIGANGQGKTFTKLAV,36,0.7159
GEN_5539,FHCAKKPLAKHCLHYLACVLLTFLAGCVKAKVFAVK,36,0.7159
GEN_5540,THCAKKIAVKHCLHYLACVLLTYFNACAHAKAFAIP,36,0.7159
GEN_5541,LHCAKKAAAKHSLHYLACVLLTYFIGVLKTFTSLIP,36,0.7159
GEN_5542,THCGKKGWAKNCLHYLACVLLTYFGNCLKYFISLAP,36,0.7159
GEN_5543,LHCAKKIAAKHNLHILACVLLTYFHACLKTCSTALF,36,0.7159
GEN_5544,WRCWYKGKAHACLSTLACLQAIILNGKGKTFTKLPHSFGIGMANK,45,0.7159
GEN_5545,TRCAKKPKAHACISTLACLALIILNGCVKVFAHAAV,36,0.7159
GEN_5546,THCAKKPKAHACLSNLACLLLTPVNGCVKAIVFAAV,36,0.7159
GEN_5547,LHCAKKILAKHPLHPLALVLLTYFNACARTFDKLIP,36,0.7159
GEN_5548,YHCAKKLLAKHHLHYIACLLLTCFNACLYAKAFAIP,36,0.7159
GEN_5549,THCAIKAAAKHCLHYLACVLLTYFINCLKNFTSLIP,36,0.7159
GEN_5550,SHCAKKAAAKHCLHYLACVLLTYFINCLKNFTSCAP,36,0.7159
GEN_5551,KREKWQCIKAALNHLRGALLTFTLFLIYG,29,0.7158
GEN_5552,TRYHKKPHYHACLSVLACLLLIILNGCVKAKVFAAH,36,0.7158
GEN_5553,THCAKKPKAHACLSYLACGILTPVNGAVMAKVFPAV,36,0.7158
GEN_5554,THCAKKPLAKHHLMYLACVLLCYFNACLHAKAFAIP,36,0.7158
GEN_5555,TVAPKKIAAKACLHYLADTLLTYFINCLNVFTSAQP,36,0.7158
GEN_5556,THCAKRILARHCLHYLTCVLLTYFNACLLAKAFAIP,36,0.7158
GEN_5557,TRCWKKPKAHACLSTLACLLLIILNGQGKTFTKLQKSFGIGTGSR,45,0.7158
GEN_5558,TRYHKKPHYHACLSTNAALFLIILAGSVKAKVFAAH,36,0.7158
GEN_5559,SRAVKKPKAHACLSTVACLLLIILNACIRGKVFAAR,36,0.7158
GEN_5560,TRMHKKPKYHACLSNIQCLLLTPVIGCLKAKVNAAR,36,0.7158
GEN_5561,WRCWKKPKAHACLSTLACLQAIILNGKPKTFTKLPKSFGIGTGSE,45,0.7157
GEN_5562,HRCWYKDYAHACLSTLACLQAIKLNGGAKTFTKLPKSYGIGTGQW,45,0.7157
GEN_5563,IHYVKKPLAKHELHYLACVLVTYFNACLRTFTSLIP,36,0.7157
GEN_5564,LHCAKRILAKHCLHYIACVLLTYFNACIHAKAFALD,36,0.7157
GEN_5565,KRIALTAATASRFDACTYKALRSCFSQFYVLVAK,34,0.7157
GEN_5566,ILLCWPSRYTHAIIKALKVRFKVSALADIFEALKKV,36,0.7157
GEN_5567,NRCWQKPKAHACLSTLACLVLIILNGCVKAFTRGPK,36,0.7157
GEN_5568,THCAKKPDAHACISGLACLLLTCLNGCLKDKIWACH,36,0.7157
GEN_5569,NHCAKKIAAKHNLHYLACSLLTYFIACLKTFTSLAP,36,0.7157
GEN_5570,WRCWKKPKAHACLSTLACLDAIILNGKGKTFTKLPKSFGIGTGSR,45,0.7156
GEN_5571,TPCWKKPHAHASLSYLAHHLLIIINGCRKAMVFAAR,36,0.7156
GEN_5572,THCAKKIAVIHCLHYLACVLLTYFNACLHAKAFAIP,36,0.7156
GEN_5573,FHCAKKPLAKHCLHYIAAVLVTYFNACTKAIVFALF,36,0.7156
GEN_5574,LHCAKKIAAKWSLHYLGCVLLTYFIQCLKFFTSLAP,36,0.7156
GEN_5575,KHTKWQCCKAALRPLRGAILTFTLYLIYG,29,0.7156
GEN_5576,WRCWYKAKAHACLSTLACLQAIILNGKGKTFTKLPKSFGIGTGNR,45,0.7156
GEN_5577,FRCWYEPKAAHCLFTAACLQLIILNVKGKTFTKIPK,36,0.7156
GEN_5578,TRDHKNPVYHACLSTVAALLLTHLNGCKKAFTRRAH,36,0.7156
GEN_5579,NRCAVKQKAHACLCTLACLLLNIHNETYKTFSFLPK,36,0.7156
GEN_5580,THCAAKPHAHACCSYLACVALTYLGGCVKAKAFAAK,36,0.7156
GEN_5581,FHCAKKPLAKHCLCYLACVLLTYFIACLKTFTSLAP,36,0.7156
GEN_5582,THCACKIAVKHCLHWLALVLLCYFNACLHAKAFAIP,36,0.7156
GEN_5583,FRKWYKPKAHAELSTLACLLLIINNGKGKTFTRHPRPFGIGTITR,45,0.7155
GEN_5584,THCFKKPKAHACLSYLACLLLICNNGCLKAKVFALH,36,0.7155
GEN_5585,SRDHDWPKAIACLSTLACWLMIRLDACLKAKVFAAR,36,0.7155
GEN_5586,THCAKKPLAHACLSYLACVLLTYKNACVHARAFAAK,36,0.7155
GEN_5587,THCAKKPLAHACLSYLACVLLFYFNACVHAKVFAAP,36,0.7155
GEN_5588,THCAKKIAAKHCLHYLVCVLLTYFNACLHAKAFAAD,36,0.7155
GEN_5589,THCAKKAAAKHCLHYLACVLLTYFNSCLYAKVFAIF,36,0.7155
GEN_5590,TKCAKKPLKHACLSYLACVLLTYLNGCLHAKVFAVP,36,0.7155
GEN_5591,THCAKKIAAKHCLHYLACPLLTYFIACLKTFTSLAP,36,0.7155
GEN_5592,FHCAYHDPAKHCLHYIAWVLVTYFNACLKAKVFAIF,36,0.7155
GEN_5593,FKCWYRPKAAHCLTTLACLQHTINNGKAKTFTKMKTFFPLGKPDY,45,0.7154
GEN_5594,TKDRKKPHYHACLSTLACLLLIILNGCVRAKVFAAH,36,0.7154
GEN_5595,TRCAAKPIAHACLCTLLCLLLGILNKTYKTFCFLPK,36,0.7154
GEN_5596,THCAKKPDAHACESYLACLLLTCLNGCLKGKIFAAH,36,0.7154
GEN_5597,RRCKWDCDKRALSHLLGALLHFSLFLIYG,29,0.7154
GEN_5598,WRCFWKPIAHARLYTLACLNVTILNPKGKKFDKLPKSYGVRFGLR,45,0.7154
GEN_5599,FRCWYRPKAAACLTTLACLQHIINNGKEKTFTKNKNFSPLIKPDY,45,0.7154
GEN_5600,FRSAKCPLAKHCLHYYACVLVWYFNACLKAKVFAIF,36,0.7154
GEN_5601,YRCYYKPKARAGLSTLACLLMIIANGCLKAKVFAAR,36,0.7153
GEN_5602,SYCYKKPKAHASLSTLAVLLLIILNGCVKAFTRAAV,36,0.7153
GEN_5603,THCPYKPKEHAYLSYFACLLLKHVNSCVRAKVFDAH,36,0.7153
GEN_5604,THCAKKPLAHACLSYLACVRLTYFNACVHAKVFALP,36,0.7153
GEN_5605,TVCAKHIAAKHCLHYLACILLTYFIACLKTWTCLAP,36,0.7153
GEN_5606,WRCWKKPKAHVCLSTLACLQAIILNPKGKTFNKLPKSFGIGWASR,45,0.7153
GEN_5607,TRCAKSSKAHACASTLACLWIIILNETQNAKVFAAV,36,0.7153
GEN_5608,THCAKKPLAHACLSYYACVLLGYFQACVHAKVFAAK,36,0.7153
GEN_5609,FHCAKKPLAKHCLHYLACVLLTYFIACLKTFTSLIP,36,0.7153
GEN_5610,TVCAKAIAAKHCLHYLACVLLSYFAACLHTFTSLAP,36,0.7153
GEN_5611,FHCAKKIAAKHSLHYLACVLLTYCNSCLKATVFALF,36,0.7153
GEN_5612,LVCAKKPKAHACLSYLACLLLTCLNGCVKAHVFAAP,36,0.7152
GEN_5613,PRCAKKILAKHCLHYLACPLLTYFNACLSAKVFDIF,36,0.7152
GEN_5614,SHTKMGCCKLALRTLRGANATNFANWCGKVKVWAAV,36,0.7152
GEN_5615,TRCAKKAKAHVCLSTLACLYLIILNETLKRKVFRGH,36,0.7152
GEN_5616,THCAKKPKAHACLSYLGCLLLTPVNGCVKAKVWPAV,36,0.7152
GEN_5617,FMCAKKTAAKHSLIYLACCLLTYFNTCLKATVFALF,36,0.7152
GEN_5618,HRCWKKPKAHAELNTLACLLLIINNANGKTFTKLPRSFGIGTISR,45,0.7151
GEN_5619,FRCWYKPKAAACLSTLATLQAIILNASKKVIRACNTI,37,0.7151
GEN_5620,THCAKKPVAHACLSYLACVLLTYPNACVHAKVFGAK,36,0.7151
GEN_5621,TRYHKKPHYHACLSYMACILLILNNGCIKTFTKLPK,36,0.7151
GEN_5622,THCAKKAAAKHCLHYLACVLLTYFIACLKFYTTNFP,36,0.7151
GEN_5623,THCAKKLVAKHCLHYLACVLLTYFISSLKAGPFLAP,36,0.7151
GEN_5624,THFAKKAAAKNCLHYLACVLLTYFGSCLQYFTLLAP,36,0.7151
GEN_5625,KHTKFECCKLALRTLHGANASNFANYCGKANVYALV,36,0.7151
GEN_5626,FRCWYKPKAAMCLSTLACLQAIILNGKGKGFTRLCKSFGIGDANR,45,0.7151
GEN_5627,THCAKLPLAKHCLSYLACVLLTYFTACLHAKAPAAK,36,0.7151
GEN_5628,TCCAKKPLAKHCLWYLNAVLVTYFNACKKAKVFAAF,36,0.7151
GEN_5629,THCAKKLVAKHCLHYLGCVLLTYANACLCSKAFALF,36,0.7151
GEN_5630,VAHVCKCCKLALRTLRGANASNFVSWCGK,29,0.715
GEN_5631,WRCWYKPKAHACLSTLACLQAIILNGKGKTFTKLPHSFGIGMANR,45,0.715
GEN_5632,WRCWGKPVVHACLSTLACLQFKVLALMDIFAALKKNYS,38,0.715
GEN_5633,RLTKFGCCKLALMTLLGADATNFANWCGKLKVKLPK,36,0.715
GEN_5634,FRCWYKPKAHAELSTLACLLLIINNAKGITYTRLPRPWGMGTICV,45,0.715
GEN_5635,TRYRPKGHGHAMLSTLACLCLTILNGCVKAKVFAAH,36,0.715
GEN_5636,TVCAKKFLLHACLSYLAAVLLTYLNGVVKAPVFAVP,36,0.715
GEN_5637,THCAKKPLLKHCLHYLACVLLTYFNACLKTFTKLIP,36,0.715
GEN_5638,FRCWYKSKAAACLTTLACLQAIILNGKGKTFTKLPKSFGIGDANR,45,0.715
GEN_5639,FRCWYKSKAYACLSTLACLQAIILNASKKVIRACNSI,37,0.715
GEN_5640,FRCWYKPKAAACLSTLACLQAIILNGKPKTFPKIPKNFGSWTPSR,45,0.715
GEN_5641,THCAKKPHAHLCLSYLACLLLIICNGCAKVKHFAAH,36,0.715
GEN_5642,THCAKRPLAHACLSYLACVLLTYSNTSVKAKNFAVP,36,0.715
GEN_5643,LHCAKKIAAKHSLHYLACVLVTYFIIVLKTIHSLAP,36,0.715
GEN_5644,THCAKKPLAKHCLHYLACVLLTYQNACLHAKLFAIP,36,0.7149
GEN_5645,FHCKFKPLAKHCIHYIACVLVNYFNACFKAKVFAIF,36,0.7149
GEN_5646,FHCAKKAAAKNCVIYLACVLLTYFNTCLNRKVFAIF,36,0.7149
GEN_5647,KHTKFDKASLALRTLRGANASNFASWCGKVKVFVAV,36,0.7149
GEN_5648,TRCAKKPNKHACFSTLACLLLQILNAIGKQFTKIAV,36,0.7149
GEN_5649,SRWPQHPHAHGMLSTLACLLLIILNPCLKAKVFAAR,36,0.7149
GEN_5650,TRYRKKPKYHACLSNLAELLLTPLRGQGKTYTKLHL,36,0.7149
GEN_5651,THCAKKILAKHHLFWLACVLLTYFNACLKNFTSLIV,36,0.7149
GEN_5652,STVAKKLLAKHCLAYLACVLLTYFRGALHAKAFGAD,36,0.7149
GEN_5653,LHCAKKIAGKHSLHYLACVLLTFFIACLWTPTTLIS,36,0.7149
GEN_5654,LHTAKKIAAKRSLHYLACVLLTYFIACLKFYTTNFP,36,0.7149
GEN_5655,KHTKFDCCKIALRHLRGANAFNFWSWCYKAKVFAAI,36,0.7148
GEN_5656,TRYHKKPHYHMCLSTLACLLLTILNGCVKWKVFAIR,36,0.7148
GEN_5657,THCAAKPKAHNCLNNRACVLLTYFLACLHAKGFRAK,36,0.7148
GEN_5658,THCAKKCLAKHCLHYLACVLLTYFNGCVKAKVFAAH,36,0.7148
GEN_5659,FHCLKKPLAKHCLHYLACVLLTYFNACLKTFTKLAE,36,0.7148
GEN_5660,NHCAKFAAAKHCLHYLACVLLTFFNSCLKRKVFAIF,36,0.7148
GEN_5661,TRGRKKPKAHACLLYLACLLLIKLNGCLKAKVSAAR,36,0.7148
GEN_5662,LQYHRKTKYHACLSNLAWLLLTPVNGSEKAKVFSAV,36,0.7148
GEN_5663,THCADKMAAKHSLHYLAFVLLTYFQSCLKAAVFQAY,36,0.7148
GEN_5664,RRCWKKPKAHACLSTLACLDAIILNGFGKTFKKAPKIYGIGTPSR,45,0.7147
GEN_5665,TKCQAKPKADACLCTLACLLMIILNETWKTFTWLPK,36,0.7147
GEN_5666,LHSAKKIAAKHHLHYLACVLLTYFIACLKTFTSLIP,36,0.7147
GEN_5667,TVCAKKIAAKHCCHYLACVLLTYFIACLKTFTSLAP,36,0.7147
GEN_5668,THLWEKYKAHACLSFLGALLLIYNILCLKAKIFAAH,36,0.7147
GEN_5669,SHCAKKILAKHCLHYVACVLLTYFNACIRAKVFAQF,36,0.7147
GEN_5670,THCAKKPLAKHCLHYLACLLLTYFNAPLHAKVFAVK,36,0.7147
GEN_5671,TICAKKVAAKHCLHYLACVLVTYFIACLKTFHSLAP,36,0.7146
GEN_5672,THCAFKIAAKHCLHYLACVLLTYFNSCLKATVFALP,36,0.7146
GEN_5673,THCVKKGAAKHMLKYLACVLLTYEINCLHAKLLAIP,36,0.7146
GEN_5674,KHTKFGCCKLALSTLRGANATNFANKTGKVKVFQVV,36,0.7146
GEN_5675,THCAKCPLAKKCLHYLACVLLTYFDACLKTFVKLAR,36,0.7146
GEN_5676,KCCAKKHLAKHCLHYLACVLLTPFNLCLKNFTKLKP,36,0.7146
GEN_5677,THCAKKIAVKHCLPWLACVLLTYFNACLHAKAFAIG,36,0.7146
GEN_5678,THCAKKAAAKHCLHYLACVLCTYFNACLHAKAFAIP,36,0.7146
GEN_5679,TRYRKKPHNHMCLSTLAAECLTILNGCVKAKVFLAH,36,0.7145
GEN_5680,THLVIKYKAIACLSFLACLILIYNNACLKAKIFTAH,36,0.7145
GEN_5681,TVCAAKPHAHACLSYLACVLLTYLNPCIKAYVFAAP,36,0.7145
GEN_5682,FRCWYKPKAAACLSMLACLQAIILNGKGKTFTKIPKSKWSWDAWR,45,0.7145
GEN_5683,KHTKWECEKAALRHLRGAILTFTLYLLYY,29,0.7145
GEN_5684,TRCPKKPKAHACLSTLMCLLLIILNGCLKAKVFAAK,36,0.7145
GEN_5685,RRTWWKPKAHACLSYNACLLLIINWKCVKMFTRLPR,36,0.7145
GEN_5686,THCAAKPKAHACLSYMACILLITNNGCGKTFTKKPK,36,0.7145
GEN_5687,TCCAKKILAKHCLHYLACVLLTGVNGSVKAAVFAAV,36,0.7145
GEN_5688,THCATKILAKHCLPYLAAVLLTYYFACLKTVDKLPK,36,0.7145
GEN_5689,WRCWKKPKAHACLSTLACLDAIILNGFGKTFKKAPKIYGIGTPSR,45,0.7144
GEN_5690,WRCSKKPKAHACLSTLACLDAIILNGRGKTFTKLPKSFGIGDANR,45,0.7144
GEN_5691,TRCAKKPKALACLSTFGCILLIQLNETLKAKVFRAR,36,0.7144
GEN_5692,TGCAKKPLAKDCLIYVACVLLTYMNGCVKAKVFQVP,36,0.7144
GEN_5693,FHCAKKPLAKHCLHYIACVLVTRFNACLYAKVFAIF,36,0.7144
GEN_5694,FHCLKKPLAKHCLHYLACVLLTYFNSCLKAKVFAIF,36,0.7144
GEN_5695,THCAKKAAVKHCLHYLACVLLTYFNACLHAKAFAIF,36,0.7144
GEN_5696,THSAKKPKAHACLSYGACLLRIINNGCLHAKIFAAR,36,0.7144
GEN_5697,TRYHKKPKYHACSSMSRCLALICLNHTLKAKVFYAV,36,0.7144
GEN_5698,TRYHKKPHYHTSLSTPACLLLTIANGCNKGKVFKAR,36,0.7144
GEN_5699,THCAKKPLAKWCLHYIACVILTYLNGCVKAKVFAVP,36,0.7144
GEN_5700,HRCAKKPKAHCELSTLGCLLLIINNGKGRTFTKLPRSFGIGTISR,45,0.7143
GEN_5701,GRIWYKPKWHAPISTLACLLLIILNPCQKAHVFAAH,36,0.7143
GEN_5702,TRYRKKPHYHSCLSTPACLLLTIANGCVKAKVFAVP,36,0.7143
GEN_5703,NHCAAKPHAHACLTYLACILLTYFNACLHAKAFAIP,36,0.7143
GEN_5704,THCAKKIAVKFCLHYLACGSLTYFNACLHAKAFAIP,36,0.7143
GEN_5705,THCGKPIAAKHCLHYLACVLLTYFITCLKNFSKRIG,36,0.7143
GEN_5706,THCAKKAAAKHCLHYLACVLLTYFINCLKNFTSLLL,36,0.7143
GEN_5707,LRCYKKPNKHACLMTLASINALILNGKGKNFGKIPK,36,0.7143
GEN_5708,THCAKKPLKHACLSYLACVLLTYLFGCVKAKVFAVG,36,0.7143
GEN_5709,WRCWKKPKAHACLSTLACLQAIILNGKGKTFTKLPKSFGIGWGSR,45,0.7142
GEN_5710,KHTKFECCKLALRTLRGANASNFASWCGKANVFAAV,36,0.7142
GEN_5711,VHTKMGCCKLALRTLRGANATNFANWCGKVKVFLPK,36,0.7142
GEN_5712,THCAKKPDAHACLSFLAMLLLWILNQTLKTFTKLPK,36,0.7142
GEN_5713,THCAKRALAKHCLHNLACVLLTHFNACLKTFTSLAN,36,0.7142
GEN_5714,THCAKRILAKHCLHYCACVLLTYFNACLHAKAFCIP,36,0.7142
GEN_5715,THCAKRILAPHCLHYLACVLLTYFNACLHAKAFAAD,36,0.7142
GEN_5716,SHCAKKIAAKHCLHYLACVLLGYFHACLKTCTTALF,36,0.7142
GEN_5717,FRCWYRPKAHASLSTLACVQCIILNGKGKTFTKLPK,36,0.7142
GEN_5718,THCAKKPLAKWCLHYLPCTLLTYFNACLKTFTKAAR,36,0.7142
GEN_5719,THCAKKSLAKHCLHYLACPLLTYFNACLKTYTSLKP,36,0.7142
GEN_5720,FHCAFKPLAKYCLHYLACPLLTYFNCCLKTFTKLIP,36,0.7142
GEN_5721,TSCAKKIAAKHCLHYLACVLVTYFIACLKTFTSLAP,36,0.7142
GEN_5722,KHCWHKPKDHACLSTLASLQAIILNGKGKTFPKLPK,36,0.7141
GEN_5723,FRCWYRPHYHANLSTLICLLLTILCGAVKAKVFAAH,36,0.7141
GEN_5724,TRYHKKKKYGACLTRLACLLLTPVNGCLKAKVYAAH,36,0.7141
GEN_5725,THCAKKPDADACLSYLACLLLTCLNGCLKGKIFAVV,36,0.7141
GEN_5726,TVCAKKFLAKACLSYLAAVLLTYLNGCVKARVFAVP,36,0.7141
GEN_5727,THMAAKLKMHACLSYMACILLILNNETLKTDTFLPK,36,0.7141
GEN_5728,THCAKKAAAKKCLHYLACVLLTYFHTCLYRKVFAIF,36,0.7141
GEN_5729,FRQWYKPKAAACLSTLACLQAIILNASKKVIRACNTI,37,0.7141
GEN_5730,TRCWFKPKAAGCLSTLAAIQAIILNGRGKTFTKIPKSFGSNDAWR,45,0.7141
GEN_5731,FRCWYKIKAAACLSTLACLYLIILNGCVKAFTRLPR,36,0.7141
GEN_5732,FRCWYKPKAAACLFTLACLLLCILNGCLKAKVFAAV,36,0.7141
GEN_5733,FRCWYKPKAAACLFTLACLELIIINVDGKTFTKIDK,36,0.7141
GEN_5734,TRVAKKPYAHACLTTYAQLWVIILNETLCAKVFAAA,36,0.7141
GEN_5735,THCAAKPKAHACLSYMACILLIINNACGCTFTKLAV,36,0.7141
GEN_5736,THCAFKIAAKHCLHYLACVLIFYFIACLKTFTSLAP,36,0.7141
GEN_5737,TVCAKKIAAKHCLRYLACVLFIYFIWCVKTWSLLVP,36,0.7141
GEN_5738,THCAKKAAAKHCLWYLACVLLTYFINCLKTFCSLAP,36,0.7141
GEN_5739,LHCATKAAAKNCLHYLACVLLTYFGSCLQRFTLLAP,36,0.7141
GEN_5740,VHTKMGCCKLALRTLRGANATNFAKWCTKVKVFAAV,36,0.714
GEN_5741,FRCWYKPRKAAFLSTIACIQAIILNASKKVIFACNTE,37,0.714
GEN_5742,FLCWYKPKAAACLFSLACLQLNILNVKGKTFTKIPK,36,0.714
GEN_5743,THCAARPKAHLQLTYMYCALLIANNGCIKTFTKLPK,36,0.714
GEN_5744,THLAWNYKAHVCLSFLACLILIYNNLCLKAKIFAAH,36,0.714
GEN_5745,THCAKKILAKHCLHYLACVLATYFNGCLKTYTSLIP,36,0.714
GEN_5746,THCAKKILAKHCLHYLACVLLTCFRACLHAKAFAAD,36,0.714
GEN_5747,WRCWYEPKAHACLSTLACLQAIILNGCGKVKVFAAV,36,0.714
GEN_5748,THCAKKCKAHACLSYLACLLLIINNGCLHAKIKAAR,36,0.714
GEN_5749,TVCARKAAAKHCLHYLACVLLTYFISTLKTFVSAIP,36,0.714
GEN_5750,THCAKKIAAKHCLHGLACVLLTYFIGCLKTFCSAAP,36,0.714
GEN_5751,THRAQKIAARHTLHYLACVLLTYMLPCGKTFKSLMP,36,0.714
GEN_5752,KRCWKKPKAHACLSTLACLQAIILNGKGKTFTKLPK,36,0.7139
GEN_5753,CHCAKKPLAYACLSYLACLYLTPVNPCVYAKVFAAI,36,0.7139
GEN_5754,TFCAKHILAKHCLHKLACVLLTYRNACLKAKVFVIF,36,0.7139
GEN_5755,FHCAKRILAKHCLHYLACVLLAYFNGCLHAKAFAVP,36,0.7139
GEN_5756,LHCAKKLVAKHCLHYYACVLLTYPNACLKTFTSAAP,36,0.7139
GEN_5757,FHCAKKPLAKHCLHSLACVVLTYFNACLHAKAFAAD,36,0.7139
GEN_5758,CHCAKKLVAKHCLHYLACVLLTYFNACLKTFTFAAP,36,0.7139
GEN_5759,YHCAKHIGAKHCLHYLACVLLTYFIACLKTFTSLAP,36,0.7139
GEN_5760,AWIKTACCKLALRTLRGANATNFANWCG,28,0.7139
GEN_5761,KRCWKKPKAHASLSTLACLQAIILNGKGKTFTKLPK,36,0.7139
GEN_5762,WRCDKKPHAHACLSTLACLRAIILNGRGKTFSYLPKMFGVVDANR,45,0.7139
GEN_5763,FRCWKKPKAHAKLSTLALLLLIILNGCNKAKMFAAN,36,0.7139
GEN_5764,THCAAKAKAHACWSNLACVLLVYLNGCVKAKVFAVP,36,0.7139
GEN_5765,THCAKKPAAKHCIHYLGPVLLTLINGCVKAAVFAHK,36,0.7139
GEN_5766,TKCAKKIAAKHSLHYLANVLITNFIACLKTFTSLEG,36,0.7139
GEN_5767,THCAKKAAAKHCLHHNACVLLTYFLNCLKNCNSADY,36,0.7139
GEN_5768,HRCWKKPKAHAPLSTLACLLLIIQNGKGKTWTKLPRSFGIGTISR,45,0.7138
GEN_5769,WRCVYKPKAHACFSTLACLQAIALFFHGKGFFKLGKSFGIGTAYR,45,0.7138
GEN_5770,RLTKFGCCKLALRTLLRADATNFANWCGKIKVKLPK,36,0.7138
GEN_5771,THLAMKPKAHACLSFLAKLLLIANSGCLKAKVSLAK,36,0.7138
GEN_5772,SHCAKSPLAKHCLHYLACLLLTYFNACLHAKAFAAD,36,0.7138
GEN_5773,THCAAKPHARACLSYLACVLLTYLNPCVKAKVWARP,36,0.7138
GEN_5774,DHCAKKPLAKRCLIYVACVLLTYFNACLKTFTDLIP,36,0.7138
GEN_5775,THCAKRILAKHCLHPLACVLLTYFNACLHAKAFAIP,36,0.7138
GEN_5776,FRCWFRPKAAACYTTLAVLQFIIANGKARTFTKLPKSFGIGTGNR,45,0.7138
GEN_5777,RRLVCKPKAHACLSTLACLLLIILNACLKAKVFAAH,36,0.7138
GEN_5778,TRYHKKPKYHASLSELACLLLTPFNGQLNAKVNAAR,36,0.7138
GEN_5779,THCAKKPLAKHCLHWLACVLLLYFNACLKAHVFAVF,36,0.7138
GEN_5780,THCAQKLVAKHCLHYLACVLLIYFNACLHAKAFAIP,36,0.7138
GEN_5781,WRCWKKPKAHACLSTLACLQAIILRGKPKTFTKLPKSFGIGTGSE,45,0.7137
GEN_5782,TRYHKKAHAHACLSTLAAALLTILNGCVKNKKFALH,36,0.7137
GEN_5783,THCAKKPDAMACLSDLAELLLIILNESLKTFTKLPK,36,0.7137
GEN_5784,THCAKKILAKHHLNYPACVCLTYFNACLKTWTKNAK,36,0.7137
GEN_5785,THCAKKIAAHHCFYYLACVLLTYFNACLVAKAFAAD,36,0.7137
GEN_5786,THCAKKIAAKHCLHYAACVPLTYFINCLHLRALAIP,36,0.7137
GEN_5787,THCAKKAAALCSLHYLACVLLTYFNSCLNRKLFAIF,36,0.7137
GEN_5788,FRAWYKPKDAACLSTLACLQAIILNGCGKVKVFAAV,36,0.7137
GEN_5789,FRFWYKPKAAACLSTLACLLLIILNGQGKTFTKIPK,36,0.7137
GEN_5790,TRCAVKPKAHAHLSTLACLLLIELNGCDFVKVFAGR,36,0.7137
GEN_5791,TRCAKKPNWHACFSTLACLTLIILLYKAKTFTKNKN,36,0.7137
GEN_5792,QDSTKKILAKHCLHYLACVLLTYFNACLHAKAFAVP,36,0.7137
GEN_5793,THCAKKAAAFNCLHYLACVLLTYFGSCLSRFTLLAP,36,0.7137
GEN_5794,TRCWHKIKAYAILSGNACLLVFILNGCKKAKVFAAV,36,0.7136
GEN_5795,TRCWKKPKAAACLSTLAKLQLIILNGCLKAKVFAAV,36,0.7136
GEN_5796,THCAKVPLAKTHLSYLACVLPTYFNACLKAKAFSAK,36,0.7136
GEN_5797,THCAKKILADKCLHYLLCVLLTYFRACLHAKAFAAD,36,0.7136
GEN_5798,NRCWYKPKAAACLSTLACLQAIILNGKGKTFTKIPKSFGIGTPSR,45,0.7136
GEN_5799,TFYHKKPHYHACLSTLAILLLTWVNGCVKNKVFNAH,36,0.7136
GEN_5800,THCFKKPLAKHCIHYLAQVLVTYFNACLKTFTKLIP,36,0.7136
GEN_5801,PHCAKKTLAKHCLHYLACFLLTYFNACLITFYKLPK,36,0.7136
GEN_5802,THCAKKALAKHCLHYLAPVLLTYLNGCVKAKVFAVK,36,0.7136
GEN_5803,AYGAYSHALAGLALCCRLAAANPANYCDK,29,0.7135
GEN_5804,THCAKKGLAKHCLNYQACVLLTYFNWCLHAKAFHAD,36,0.7135
GEN_5805,THCACKIALKHCLHYLACVLGTYFILCLKTFTNLCP,36,0.7135
GEN_5806,THCAVRIAAKHSLHYLACVLETWFIACLKNYTSAAP,36,0.7135
GEN_5807,LHCAKKIAARVSLHYLACVLLTYFIACLRTCTTLIP,36,0.7135
GEN_5808,THCAKKAAAKNCLHYCACVLLTYFNSCLKATVFALF,36,0.7135
GEN_5809,HRCWKKPKAHAPLSTLACLLIIIQNGKGKTWTKLPRSFGIGTISR,45,0.7135
GEN_5810,THCAKKILAKHCLHYLSCVLLTYFRACLHAKAFAAD,36,0.7135
GEN_5811,WRCWYRPKAIACLATLACLQAIILNGKGKTFTKLPKSFGIGTGNR,45,0.7134
GEN_5812,THCAKKIRAKHCLHYLGCVLLTYFLACLKTYTTLVP,36,0.7134
GEN_5813,FRCWYKPKAAACKATLACLQAIIHNGKGKTFTKLPNSFGLGDANR,45,0.7134
GEN_5814,THYHKKPQYHACLRTLACLILQIVNGCVKAKSFAAH,36,0.7134
GEN_5815,THCAKKPKVTACDSYAACLLLQCLNGCVKAKVFAAP,36,0.7134
GEN_5816,LHCAKKLVAKHCLHYLLCVLVTYFNACLKAKVFAIP,36,0.7134
GEN_5817,TVCAKKIAAKHCLHYLACILLTYFIWCVCTFTLLAI,36,0.7134
GEN_5818,THCAKKIALHHCLHYLACVLLTYFNSCLKATVFALF,36,0.7134
GEN_5819,TRCAKKPKAHACLTTLACKLLIILNGTVKAFTKFAR,36,0.7133
GEN_5820,THCGKKPLAKHCLHYLACVLWTYLNGYVKAKVQAIP,36,0.7133
GEN_5821,THCAKKPLAKHCIHYLACVLLTFLNCCVKAKVFAVL,36,0.7133
GEN_5822,LHCAPKIAAKHSLHYLASVLLTYFIACLKTYTSLIP,36,0.7133
GEN_5823,TVCAKKCAAKHCLHFLACVLLTYFINCLKNFTSLIP,36,0.7133
GEN_5824,IILCWPSRYTHPCIKLLKVRFKVSALADIFQALKKNYS,38,0.7133
GEN_5825,AYGAYSCALARLALCCGLAAANPANYCDK,29,0.7133
GEN_5826,WRCWKKPKAHAELSTLACLLIEINNGKGKTFTKLPRSFGIGTISR,45,0.7133
GEN_5827,TRYHYKPKAAACLTTLACLQHIINNGKAKTFTKNKN,36,0.7133
GEN_5828,TRYHKKPKYHMCLSNLACLLITPWNGCLKVKVNAMR,36,0.7133
GEN_5829,THCAKKPLAKHSLHYLACLLETYFNAPLKTFTKLIP,36,0.7133
GEN_5830,FHVAKKPLAKHCLHYLACYLLTYPNACLHAKAFAIP,36,0.7133
GEN_5831,FHCALKPLAKHCFHYLACVLVTYFQASLKAKLFAIF,36,0.7133
GEN_5832,DHCAKKHAAKVSLVYLACVLLTYFIACLKFYTTNFS,36,0.7133
GEN_5833,AWIKTALLCCAIKIPNWKVRYKASALAD,28,0.7132
GEN_5834,KHLKHECCKLALRTLRGANASNYVSWCLKAKVFAAV,36,0.7132
GEN_5835,HRCWKKPKAHAELSTLATLLLIINNGKGKTFTKLPRPFGIGTQSR,45,0.7132
GEN_5836,FRSWYKPKAAACLSTLACLFAIIKNGKGKTHTKAAV,36,0.7132
GEN_5837,THCAKKPLAKHCLHYLACVLLTYFNACLHAKPFAIP,36,0.7132
GEN_5838,TGCAKKPLARHCLHYPACVLLTYKNACLKTFTKLIP,36,0.7132
GEN_5839,TKCAKKIAALHCLHYCACVALTYFIACLKAKTSVIA,36,0.7132
GEN_5840,FHCRKKPLAKHCLWYLACVLVTYFNACLHAKVFAIF,36,0.7132
GEN_5841,THCAKKAAAKHPLHYLACVLLTAFIFCVKTFTILAA,36,0.7132
GEN_5842,IRCWYKPKAAACLSTLACLQEIILSGPGKDFTKLPKSFGIGDANR,45,0.7132
GEN_5843,THSAMKIYAKHKLHYLACVLLTWFNESTKAKVSALI,36,0.7132
GEN_5844,KRCWKKPKAHACLSTLACLQAIILSWCYRAKVFAAN,36,0.7131
GEN_5845,THCAKKPLAHACLSYLACVLETYFNACVHAKVFAGK,36,0.7131
GEN_5846,MHCAKKPLAKHCLHYLACVLLVYFNACLKGFTKLAR,36,0.7131
GEN_5847,THCAKKAVLKHCLHYLACVLLTYFNSCLKAKVFAIF,36,0.7131
GEN_5848,FHCAKKAWATACLHYLACVLLTGFINCLKNFVSLAP,36,0.7131
GEN_5849,TRCWKKPKAAACLSTLACLQAIILNGKGKTFTKIPK,36,0.7131
GEN_5850,FRCWYKPKAAACYTTLAILQAIIHNQKGKTFRACNTI,37,0.7131
GEN_5851,THYHKKPQYHDCLSNLACLLLTGVNGCVKAKVFAAP,36,0.7131
GEN_5852,THCAKKPLRKHCLHYLGCVLLTGDNGSVKAAVFAAV,36,0.7131
GEN_5853,THCAKKPLAKHCLHYLGCVLLTYFSACLKTPTKLAR,36,0.7131
GEN_5854,THCAKKILAKHCFKYLACVLLTYFNACLHAKAFAAD,36,0.7131
GEN_5855,LHCARKAAAKTSLHYALCVLKTYFPACLHWKAFAIP,36,0.7131
GEN_5856,KHCAKKIAAKHSLHYLACVLYTYFIACLYTCTIAIF,36,0.7131
GEN_5857,KHTKFECCKLALKTLYGANASNFASWCGKAKVFAAV,36,0.713
GEN_5858,KHTKWECCKAALRHLRGALLTSSLFLIYG,29,0.713
GEN_5859,WRCWVKPKAHACLSTLAYVQLIILNGCNYAKVFAAV,36,0.713
GEN_5860,THCAKKPLACHCLHYLACVLLRYFNACLHVKAFALP,36,0.713
GEN_5861,LACAKKGAAKHSLHYLACVLLLYGNNCLKTFFSLIP,36,0.713
GEN_5862,LHTKFQCCKLLLRTLHGANNSDFGSWIGKAKVKAAV,36,0.713
GEN_5863,THCAAKPKAHACLSNLAARLLTYLNGCVKAKVKVPK,36,0.713
GEN_5864,FHCAKKPLAWHCLHYLACVLVTYFNACLKAKVFAIF,36,0.713
GEN_5865,KKTKFNCCKIALRTLRGANASNFASYCGKVKVFVAV,36,0.7129
GEN_5866,GRCWKKPFAHACLSTLSCLLAIILNGKGKTFKKLPKIFGIGTPSR,45,0.7129
GEN_5867,AWIKKKPKAHACLSTLAANASNWVSWCG,28,0.7129
GEN_5868,WRCWKKPKAHAELSTLACLVIEINNGKGKTFTKLPRSFGIGTISR,45,0.7129
GEN_5869,TRCWKKPHAHAPLSTLASLLLIILNRQGWTFTKLGKSFPIGTGSR,45,0.7129
GEN_5870,THCAKKPKARACDATLICLLLNILNETLKTFTKLPK,36,0.7129
GEN_5871,KHTKFECCKVALRTLRGANASNFASWCGKLKVFAAV,36,0.7129
GEN_5872,TRYHKKAHYHACLSTCACILLSILNGCVDASVFGAP,36,0.7129
GEN_5873,THCAKRILAKHCLHYLACVLLTYIINCLKNFTSLIF,36,0.7129
GEN_5874,THCAKKAAAKHCLHYLACVLLTYFNSCLKATVFAVF,36,0.7129
GEN_5875,FHCAKKPLAKHCLHYIACVLVTYFNACLKAKVFLIF,36,0.7129
GEN_5876,RLTKFGCCKVALRTLRGANATNVANWCGKVKVWAAT,36,0.7128
GEN_5877,NRAWKKPKLHACLSTLACLLLIILNGCVKAFTRIAR,36,0.7128
GEN_5878,THCAKRALHKHCLHYLACVLLTYFNACLKTFTKLIP,36,0.7128
GEN_5879,THCAKRALAKHCLHPLACVLLTRLNACLHAKAFAIP,36,0.7128
GEN_5880,KHTKFDCCKIALRHLRGANAFNFWSWCYKAKVFAAV,36,0.7128
GEN_5881,TRCWKKPKAHACLSTLACLLLIILNGCVKVNRACLS,36,0.7128
GEN_5882,TRCAAKPKAHACLLTLACILLILNNGCIKNFTKLPK,36,0.7128
GEN_5883,FKCAKKPLGYHCVHYLACVLVTYFDACLKAKVFAIF,36,0.7128
GEN_5884,LRCWKKWKRHACLTILACLQAIILNGKGLTFSKLPK,36,0.7127
GEN_5885,FRCWYKIKAAACLSTLACEQAIILNAKGKTFTKIPKSFGSWDAWR,45,0.7127
GEN_5886,TRYRKKPKYHTCLSNLKCLLRTIVNGCVHAKVFAAV,36,0.7127
GEN_5887,THCACKPKAHACLMYAACLLLICNNGCLKGKIFAAH,36,0.7127
GEN_5888,THCAKKLLAKHCCHYLACVLVTYFNACLKAKVFAWF,36,0.7127
GEN_5889,THCAKKPLAKHCLHYLPCSLLTYFNACLKTFTKLPK,36,0.7127
GEN_5890,LHCAKKIAAKHSLHYLPCVLLAYFIACLKPHTNLIP,36,0.7127
GEN_5891,THKAKQIAAKHCLHYLACVLLTDFIACLKNFTSCAP,36,0.7127
GEN_5892,HRCAKKPKAHCEVSTLGCLVAIILNASYG,29,0.7127
GEN_5893,SRIWKKPKAKACLSTLACITLMILWAKLKAKVFAAR,36,0.7127
GEN_5894,THYWKKARNHACVSTLACLLGIILQGCVKAFTRLPR,36,0.7127
GEN_5895,LHCAKKAAAKNCLHYLACVLLPYFGSCLQRFTLLAP,36,0.7127
GEN_5896,FRCWVKAKAALRLSTLYCLQLIIGNVCKKVIRACNSI,37,0.7126
GEN_5897,TRYHKKPHYHACLTTGACLLLMILNGCVKTKVFAVP,36,0.7126
GEN_5898,TRCAKKPKAHACLSTLACLLLIILNPCAKVFTRLPR,36,0.7126
GEN_5899,THCAAKPLAHACLSYLACVLLTYFNACVHAKVDAAK,36,0.7126
GEN_5900,THCARKAAAKNCLHYLACVLLTYFIACLKTCTTLIP,36,0.7126
GEN_5901,KRCWKKPKAHACLSTLACLQAIILGGKGKTFTKLPK,36,0.7126
GEN_5902,WRHWKKPKAHACLSTLACLQAIILNGKPKTYTKLPKSFGIGTGFE,45,0.7126
GEN_5903,WRHWKKPKAHACLSTLAVLQAIILNGKPKTYTKYPKSFGIGTKFE,45,0.7126
GEN_5904,WRCWYKPKAKACASTLAKLLLIILNGCNKYFTKLAV,36,0.7126
GEN_5905,TVCAKQFLAHASLSYLAAVLLTYLNGCVKAKVFVVP,36,0.7126
GEN_5906,THALAVPHAHVCLSYLACVLLTYLNGCVKAKLKAAH,36,0.7126
GEN_5907,TMCVKKIAAKQCLHYLACVLLSYFTNCLVAKALAIP,36,0.7126
GEN_5908,HRCYKKPKAHAELSTLACLLIEINNGKGKTFTKLPRSFGIGTISR,45,0.7125
GEN_5909,WRCWYKPKAHACLSTLACLQAIILNGKGKSFTNLPKSFGIGNGNL,45,0.7125
GEN_5910,KRCWKKPKAHACLSTLAANASNWVSWCGK,29,0.7125
GEN_5911,RLTKFGCCKLALRTLLGADATNFANWCGKVKVKLPK,36,0.7125
GEN_5912,THCAKKPKAHASLKYLACLLLIINNGCLKAKVYAAR,36,0.7125
GEN_5913,THLAMLPKAHACLSFLSCLLLIYFNGCLKAKPKLAK,36,0.7125
GEN_5914,THCAKKVEAKHCLHYLAIVLLTPFNACLKTFTILLP,36,0.7125
GEN_5915,FHCAKKPLAKHCLHYLACVLLTYFNSCLKATVFALF,36,0.7125
GEN_5916,FRCWGKPEAHACLTTLACLQAIILNKKPKTFTKLPKSFGIGTGSR,45,0.7125
GEN_5917,THCAKKSAAKHCLHYLRCALLTYFSACLKTFTTLAP,36,0.7125
GEN_5918,THCAKKIAAKHCFHCLACVLLTYFNACLVAKAFAAD,36,0.7125
GEN_5919,KHTKFECCKLALRTLRGANASNFASWCYKAKVFMAV,36,0.7124
GEN_5920,WRCWKKPKAHVCLSTLACLQAIILNPKGKTFNKLPKSFGIGWGSL,45,0.7124
GEN_5921,WRAWYKPKAHACLSTLACLQAKILNGKGKWFTKLPKSFGIGNGNR,45,0.7124
GEN_5922,WRCWYKPKAHACLTTLACLQAIALNGKGRTFTKLPKSFGIGNGNR,45,0.7124
GEN_5923,THSAKKILAHHCLHYLACVLLTYFNACLGTYDKLPE,36,0.7124
GEN_5924,FHSAKKIAAKHSLHYLACVLLMIFNSCLKATVFALF,36,0.7124
GEN_5925,LHCLKKANAKNCLHYLACVLLTYFASCIQIFTLLAP,36,0.7124
GEN_5926,THYRKKIHNHASLSTLACVCQTILNGCVKVKVFAAH,36,0.7124
GEN_5927,WRLWYKPKAHACLSPLACLTLIIALGQAKTFSKLLV,36,0.7124
GEN_5928,TVCAKDFLAHACLSYLAAVLLTYNNGCVKAKVFAVP,36,0.7124
GEN_5929,NHCAAKPHAHACLHYLACVLLTYFNACLHAKAFAIP,36,0.7124
GEN_5930,NHCLKKLAAKHCLHYLACLLLTYFLASLRTYTVLIP,36,0.7124
GEN_5931,FHCAKKFLAKHCLHYLAIVLLTYFNALLHSKAFAAD,36,0.7124
GEN_5932,NYCAKKPLAKYCCHYIMSVLVAYFNACLKAKVYAIF,36,0.7124
GEN_5933,THCAKKAAAKHCLHYLLCVLLTWFINCLKNKVFAIF,36,0.7124
GEN_5934,THCAKKPLAHACLSVLACVLFTYFNACVHAKVFAAK,36,0.7123
GEN_5935,AHCATKPKAHACLSYLACLADTCLNGCKKAKVFGWP,36,0.7123
GEN_5936,THCAHKILAKHCLHYLACVLLTYFNACLKAKVFAHF,36,0.7123
GEN_5937,LKCAIKVAAKHSLHILVAVLVTYCIACLKTFTNPAP,36,0.7123
GEN_5938,KHTKFECCKLALRTLRGANASNFASWCGKVKVFAAV,36,0.7123
GEN_5939,KRTKWQCCKAALNHLRGALKTFTLWLIYG,29,0.7123
GEN_5940,FRCFYKPKAAACLPILACLQAIILNGKGKTFTKLAKSFGIGEANR,45,0.7123
GEN_5941,FRCAYKPKAHAPLGTLACLLLIILVGCVKAKVFAAK,36,0.7123
GEN_5942,LRYHRKTKYHACVSNLACLLLTPFNGCVKAHTFLPK,36,0.7123
GEN_5943,THCAARHKAHACESYMWCILLALMNGCIKTFTKLPK,36,0.7123
GEN_5944,WRCWYEPKAHACLSSLACLQAIILNGCGKVKVFAAV,36,0.7122
GEN_5945,THCAKKILAKHCLHYLACVLCTYFNACLKTPTSLAP,36,0.7122
GEN_5946,KHTKWGCCKLALKTLRGAHATNFAYWCEKVKVFANS,36,0.7122
GEN_5947,TRCMRKAGARAKCSYLACLLLTCNNGCVKAKVYAFR,36,0.7122
GEN_5948,TVCAKKFLAHACLSYLAAVLLTYLNGCVHAKVFAAK,36,0.7122
GEN_5949,TDYFAKPLAHACLSYLACVLLTYLNGCVRAKVFAVP,36,0.7122
GEN_5950,THCAKKPVFKHCLHYLACVLLTYLNGCVKAKVFAVP,36,0.7122
GEN_5951,THCAKKLLAKHCLHYLVCVLLTYFNSCLKAKVFAIF,36,0.7122
GEN_5952,KHTKFGCCKLALRTLRGANATNPANYCDK,29,0.7121
GEN_5953,WRCWIKPKAHKCLSTLACLDLIILDGCVKAFTRIPR,36,0.7121
GEN_5954,THCAKKILANHCLHYLYCVLLTYFNRCLKAKVFAIF,36,0.7121
GEN_5955,GHCAKKILAKYCLHYLACVLLTYFSRCLKCKVFNIF,36,0.7121
GEN_5956,THCAKKCAAKHCLHYLACVLLTYFNSCLNRKVFAIC,36,0.7121
GEN_5957,FHCAKKAAAKNCLHYLACVLLTYFNSCKNRKLFAIF,36,0.7121
GEN_5958,SLSYKKCNAWLKEKTGAVLLCTAL,24,0.7121
GEN_5959,VAHVCKCCKLALRTLRGANASNFVKWSGK,29,0.7121
GEN_5960,CRCWKKPKAPACLSTLACIQAYILNGKGKTFTHLPKSFGIGTGKR,45,0.7121
GEN_5961,WTCWKKPKAHACLSTLACLQAIILNGKGKTFTKLPKSFGIGTGNR,45,0.7121
GEN_5962,FRCAPKPKAHACLCLLACLLLIILNENWKTCAFIAK,36,0.7121
GEN_5963,THCAKKPLAKHCLHYLACVLLTFTNGCVKAKVFLVK,36,0.7121
GEN_5964,THAAHKPLKHACLSYLACVLLTYFNAPLKTFTKLAH,36,0.7121
GEN_5965,THCAKKPLAKHCLHYLACVLLPYFNACLHAKAFATD,36,0.7121
GEN_5966,NHSAKKIIAKHSLHFLACVLLTYHIACLKNYTHLIY,36,0.7121
GEN_5967,LHCAKKIATKHSLVYLACVLLGYFINCLRGFTSGIP,36,0.7121
GEN_5968,THWVKRIAARHCIHYLACVLLTYMNSCLKNFTSLIP,36,0.7121
GEN_5969,TRYRKRPHNHACLSTLACLLLIKLNPSQKAHIFAAH,36,0.712
GEN_5970,THCALKIAAKHCLHYLACVLLTCFIGCLKYFTSAAP,36,0.712
GEN_5971,THWAKRIAARHITQDLACVLLTYMNSCLKLNLYALF,36,0.712
GEN_5972,LHCGKKIAAKHSLRYPACVWLIYFHACAKTCTTALF,36,0.712
GEN_5973,RLLCDPSRYIHHCIKLLKVRFKASALADIFKVFAAV,36,0.712
GEN_5974,WRCWEKAKAHACLSTLACLQFKVSALADYFQRLKKNYS,38,0.712
GEN_5975,TRCPKHPKAHACLSSLACLLLIILNGCLFAKVFAAV,36,0.712
GEN_5976,THCAAKFKMHACLCTLACLLLFILNETYKTFTKLPK,36,0.712
GEN_5977,THCAKKILAHHCLHYLACVLLTYFNACLKTYTILIP,36,0.712
GEN_5978,THCAKCPLAKRSLHYLVCVLLTYFNAGLKTFTKLLK,36,0.712
GEN_5979,LHCAKKAAAKNCLWYLAMVLLTYFQSCLKATVFALF,36,0.712
GEN_5980,LTCAKKPQAHACLCNLACLLLFIPNETYKTFTKLPK,36,0.7119
GEN_5981,TVCAKKFLAHACLTYLACLLLTPVNGCLKAAVFAAV,36,0.7119
GEN_5982,THLAMKPKAHACLSFLACLQLTYLNGCVKAKAFCAK,36,0.7119
GEN_5983,TWCGKKALAKHCLSILACVLLTYFNACVDAKVFAVK,36,0.7119
GEN_5984,FHCAKGPLAKHCIHYIACVLVTLFNACLKAKVFAIF,36,0.7119
GEN_5985,LHCMKKLAAKHSLHYLACVLLTVFIAALKRCNTLYP,36,0.7119
GEN_5986,THCAKKHVAKHCHHYLACVLLTRFNACLRAKAFAIP,36,0.7119
GEN_5987,WRCWYKQKAAWCLSTLACLQAIILNGKGKTFTKMGK,36,0.7119
GEN_5988,THCAKYAHNHACLSTLACLLLIILNGCLKAFVFAAH,36,0.7119
GEN_5989,THCAKKPKAKAALSYLACLILTPPNGCVKAKVFPAV,36,0.7119
GEN_5990,TRYHKKPHYHACLSTLACASLIILNTCVKAFPRAAV,36,0.7119
GEN_5991,THCADKPLGKYCLHYLALVLLTYFCACLHAKAFAIP,36,0.7119
GEN_5992,FHCAKKPLAKHCLHYNACVLVTYFNMCLVAKAFMAD,36,0.7119
GEN_5993,THCAKKIAVKHCLHYLACVLLTYFNPCLHAKAFAIP,36,0.7119
GEN_5994,THCAAKAAAKNCLHILACVLLTYFINCLKTCTTGLF,36,0.7119
GEN_5995,TGCAKKPKAIACLSTLACLLLIILEETLYAKVFRAR,36,0.7118
GEN_5996,AHCAKKAEGKECLEYLALVLLTCFNACLKLIGILIP,36,0.7118
GEN_5997,THCAKKPLAKHCLHYLYCVLVTYFNACLKAKVFAIF,36,0.7118
GEN_5998,TACAKKIAAKHCLHYLACVLLTRTINCCKTFTSLIP,36,0.7118
GEN_5999,TVCAKKAAAKHPLHYLACVLKTYFNSCWNKKVFAIR,36,0.7118
GEN_6000,WRCVYKPKTHACFSTLACLQAIALFGKGKGFTKLPKSFGIGTGMR,45,0.7118
GEN_6001,TRCAKKIAAKHSLHHLACVLLTYFIACLKTYTSLAP,36,0.7118
GEN_6002,WRCWYKPKAHACLSTRACLQAIILNGKGKTFTKLPKSFGIGTGNR,45,0.7117
GEN_6003,NRCALKPKALACWCTLACLLLICNNGCLKAKVFAAH,36,0.7117
GEN_6004,THCAKKPLAKHCASYLACVLLTYTPACVHAKVFAVK,36,0.7117
GEN_6005,THCAHKIAAKHCLHYLACVLLTYFIACLKTFTSLAP,36,0.7117
GEN_6006,CLCAKKIAAKHCLHYLACVLVTYFIRCLKTYTSAAP,36,0.7117
GEN_6007,FHCAKKTGWKHNLHYLACVLLTYFINCLWNFVSLAP,36,0.7117
GEN_6008,TSCAKKILAKHCLHYLACVLLTYMRQYLHQKAFAAD,36,0.7117
GEN_6009,THCAKRIVAKHCLHSGAHVLRGAFNACLDAKAFAIP,36,0.7117
GEN_6010,KHTKFDCCKIALRTLRGANASNFASWCGKVKVFVAV,36,0.7116
GEN_6011,QRYHKKPKYHACLSNLICLLLTPVFGCVWAKVFAAV,36,0.7116
GEN_6012,THCAGRPKVHANLSYLACVLLHYWNACVHAKPFGAK,36,0.7116
GEN_6013,NPCAAKPHAHCCLSYLACILLTYLNGCVKAKVFVIV,36,0.7116
GEN_6014,FHCAKKPLAEHCTHYLDCVLVTYFNACAKAKVFAIN,36,0.7116
GEN_6015,THCAKKCAVKHWLHYLSCILLTYFNACLHAKAFAIP,36,0.7116
GEN_6016,THCAKKVAAKHCKHYVACVGLTYFNSRLGVTVFAII,36,0.7116
GEN_6017,KHTKFDCCKIALRTLRGANASNFANYCGKANVFAAV,36,0.7115
GEN_6018,GWCWKKPKAHACLSTWACLLAAKLNGKGKTFTKLPKTFPIGTGSR,45,0.7115
GEN_6019,HRCWKKPKAHAELSTLACLLLIINNGKGKTFRKLAKSFGSWDAWR,45,0.7115
GEN_6020,TKCAKKLVAKHCLPYLACVLLTYFNACLRTFTSSPK,36,0.7115
GEN_6021,THCAKKILAIHCLHYLACVLLTYFNACLHAKAFAAE,36,0.7115
GEN_6022,THCAKKILAKKCLHYLACHCLTYFNACVHAFAFAAD,36,0.7115
GEN_6023,LMCAKKIAAKHSLMYLACVLLTYWIACLKATVFASF,36,0.7115
GEN_6024,WRCWKKPKAHACLSTLACLDAIILNGFGKTFKKLPKIFGIGTPSR,45,0.7115
GEN_6025,CRTAKKPDKHFSFSNLACLLRIILRGQPKTYTKLQL,36,0.7115
GEN_6026,TQCAAKPKGHACLSYMACILLIINNGCGKTFTKLPK,36,0.7114
GEN_6027,AHCATKPKAHACLSYLACLADTCLNGCKKAKVFAAP,36,0.7114
GEN_6028,THCAKKPLAKHCLSYLACVLLTYFNACSHAKAFAAK,36,0.7114
GEN_6029,LHCGKKIAAKHCLFCLACVLLTYFINCLKDFTSLLP,36,0.7114
GEN_6030,TVYAKKIAAKHCLHYLACVLVTWCIACLKAVVFQAF,36,0.7114
GEN_6031,FHCAKKIIAKFSLHPLACVLLTYFNSCLKATVYALY,36,0.7114
GEN_6032,WRCWGKPKAIACLATLACLQSIILNGKGKTFTKLPKSF,38,0.7114
GEN_6033,THCAKKPLKHACLSGLACVLLTYLNGCVKAKVFAVP,36,0.7114
GEN_6034,THCAKKAAAKKCLHYLACVLLTYFNSCLKRKVFAIF,36,0.7114
GEN_6035,KHTKFECCKLALRTLRGANASNFVSWCGKAKVFAAV,36,0.7113
GEN_6036,THCARKILAKWCLKYLDCVLLTYFNACLHAKAFAAD,36,0.7113
GEN_6037,THCAKKIVVKHCLKYLACVLLTYFNACLHAKAFAIP,36,0.7113
GEN_6038,THAPKHAAAKNCLHYLACVLLTYFNTCLNRKLFAIF,36,0.7113
GEN_6039,KHTRFMKKTLALRTVKGANASNFASWCGKVKVFVAV,36,0.7113
GEN_6040,WRCWGKPKAHACLSTLACLQAIILNGKGKTFTKLPKSFGIGTGSR,45,0.7113
GEN_6041,FRCWYKPKGAACLSTLACLQAIILNGIYG,29,0.7113
GEN_6042,HRCWKKPKAHAELSTLACIQALILNGKGKTFGKIPKSFGSWDAWR,45,0.7113
GEN_6043,KRCAHKRNSHMCFSTLACNLLIILNVKGLTFTKIPK,36,0.7113
GEN_6044,THCAKKPLAKHCLSYLACVLLTFFNPCLKTFTKDAR,36,0.7113
GEN_6045,THCAIKPLALHCLHYCAFLLITYFNCHLKAKTFAIF,36,0.7113
GEN_6046,FHCAKKPLAKHCLHYLACVLLTYFIWCHKTFTLLAP,36,0.7113
GEN_6047,KHTKWGCCKLALKTLRGAHATNFAYWCEKVKVFLPK,36,0.7112
GEN_6048,TRYHKKPHYHACLSTPACLLLTILNKQGKTYTKLHL,36,0.7112
GEN_6049,TRYHKKPHYHACLSTPACLLVTAANGCIKAKVKAAP,36,0.7112
GEN_6050,WRCFKKGKAHACLSTLACLQAIILNGKPKRFTKLPKSYGWGTGNE,45,0.7112
GEN_6051,HRCWKKPKAHAELSTLACLLLGINNGKGETFTKLPRSFGIGTISR,45,0.7112
GEN_6052,KHTKFQCCKAALHHLRGAILTFTLYLIYG,29,0.7112
GEN_6053,FRCWYLTKAHAELSTLACLLLYIKNGKGKTFWRLGRPFGIGTMTR,45,0.7112
GEN_6054,SRCAKKPKAHAFLSTLACLQHIINNGKAKTFTKNKN,36,0.7112
GEN_6055,TYQAKKPLAKHALHYLACLLLTYFNACLHAKAQAIP,36,0.7112
GEN_6056,FHCANKPLAKHCVHYLACVLVTYFNWCLKAKVFGIF,36,0.7112
GEN_6057,THCAKKIAAKHCLHYLACVILTYFIVCIKTFTSLLP,36,0.7112
GEN_6058,THCGKKAAAKHSLHYLACVLLTYWNSCINHAVFAIF,36,0.7112
GEN_6059,HRCWKKPKAHAELSTNACLLLKINNGKKKTFVFAAR,36,0.7111
GEN_6060,THCAKKPKAHACLSNLACVRLKYFNACVHAKVFAAK,36,0.7111
GEN_6061,THCAKHPLAKHCLSYLGCVLLHYFNACLHAKAFAAK,36,0.7111
GEN_6062,NHCAKKNLAKVCLHYLAFVLLTYNNGCVKAKIFAPR,36,0.7111
GEN_6063,KHTKKGCCKLALRTLRGANATNFANWCGKVKVFAAV,36,0.7111
GEN_6064,WRTKWQCCKAALNHLRGALITFTLFLIYG,29,0.7111
GEN_6065,RACAKNPLAKRCLHYYACVLLTYFNMCLKTYTKLAR,36,0.7111
GEN_6066,TGCAKKAAAKNCLHYLKCVLLTYFNSCLSRAVFAIF,36,0.7111
GEN_6067,KRTAVTAATASRFDACTYKILHSRGSIYYVLVAK,34,0.711
GEN_6068,WRCWKKPKAHACLSTLACLQAIINNGKGKTFTKLPHSFGIGTISR,45,0.711
GEN_6069,TRYRKKPHNHACLSTAAYGLLTILNGQVKVKVCAPR,36,0.711
GEN_6070,THLAKKPAVKHCLHYLLCVLLTYFNACLKTITKLAR,36,0.711
GEN_6071,TMAAKKPLAHWCLSYLACVLLTYFNGCVKAKVFAVP,36,0.711
GEN_6072,KHTKWQCYKAALRHLRGAIATFTLYLIYG,29,0.711
GEN_6073,FHCAKFPLAKICWHYIATVLVDYFNACLKAKVFALF,36,0.711
GEN_6074,WWCWKKPKAHASLSTLACLQAIILNGKGKTFTKLPK,36,0.7109
GEN_6075,THCACKPLAHACLSGLACHLLTYFNACQHAKVFAAK,36,0.7109
GEN_6076,NYCAKKTAAKHCLHYLACVLLTYFHACLKFWTTNFP,36,0.7109
GEN_6077,KRCAHKPNSHACFSTLLCLLLIILNACLKAKVFAAR,36,0.7109
GEN_6078,THCAKKLVSKHCLPYLACVLLAYFNACLHAKAWAVP,36,0.7109
GEN_6079,LHCAKKAATKYTWHYIACVLLAYFEACLITFTSLIG,36,0.7109
GEN_6080,THCAKKIAAKHCLHYLACVLLTYFIVCLKTFTSLAH,36,0.7109
GEN_6081,MHCAQKLVAKHCLHALACLLLTYFYACLHAKAAAIP,36,0.7109
GEN_6082,WRCWVKREAHACLSTLACLQLIILNGCNKAKVFAAS,36,0.7108
GEN_6083,TENPAKPHAHACASYLANVLLTYLNGCVKAKVFAIP,36,0.7108
GEN_6084,THCAKKAAAKNCLRYLACVLLTYFNSCLNCKVFAIF,36,0.7108
GEN_6085,FRCWYGPKAAACLSTLACLQAIIWNGKGKTFTKLPKSFGIGDANR,45,0.7108
GEN_6086,THCAQVLVAKHCLHYLACVLLTYFNSCLKARVFLAP,36,0.7108
GEN_6087,TRCAKKPKAHACLCTLACLLLIILNGCVKAFTRAAV,36,0.7107
GEN_6088,KRCAKKPIAHACDSMLACVLATYFNAAPHAKVFAAK,36,0.7107
GEN_6089,THCFGKILAKHCLHYLACVLLTYFNACLKTFFYLIF,36,0.7107
GEN_6090,THCAKKPLAKHCLHYLVCVLLTYFNACLKTFTKLIP,36,0.7107
GEN_6091,THCVKNPYAKRCLHYLACVLLTYMNACLKDFTRLIP,36,0.7107
GEN_6092,THCAKKILAKHCLHYCACVLVTMFNACLKAKVFAIF,36,0.7107
GEN_6093,TECAKKISAKHCLHWAACVLLTYFIACLKTFTSLAP,36,0.7107
GEN_6094,WRAWKKPKAHACLSTLACLQAWILNGKGKKFTKLPKSFGIGTNSR,45,0.7107
GEN_6095,THCAKKPKAHACLPNLASLLLTCLNGCVKAKVFAPR,36,0.7107
GEN_6096,THCAAKPKAHACLSTLACLLLICNNGCLKGKIFAAH,36,0.7107
GEN_6097,NHPAKKPKAHACLSYLMMLLITPVNGCVKAKYWPAS,36,0.7107
GEN_6098,TVCAKKFLAHACLSYLAAVLLTIAPGCVKAKVFAVP,36,0.7107
GEN_6099,TNCAKKPLGKTSLSYAACVLLTYFNAPLHAKAFAAK,36,0.7107
GEN_6100,FRCWYKPKAARCLTTLACLQAIIHNGKGKTFTKLWNSFGLPDANR,45,0.7106
GEN_6101,FRCWYKPKGAACLSTLACIQAIGLNPKGKTFVKIPSI,37,0.7106
GEN_6102,LHSAKKVAAKHSLHILACVLVVYCIACLKTFTNPAP,36,0.7106
GEN_6103,FRCWDKFKAAACLSTLACQQAIILNASLKVIRACNTI,37,0.7106
GEN_6104,FRCWYKSKAYACLSWLACLQAIVLNASKKVIRACNSI,37,0.7106
GEN_6105,RHCWKKPKAHASLSTMACLQCIILNGKGKTFTKIPK,36,0.7106
GEN_6106,THCAKKPKAHACLSYLACLLLICNNGCLKGKTRLPR,36,0.7105
GEN_6107,GHCAKKIASKHSSHYLACVLLTKFIACLVTYTTLIP,36,0.7105
GEN_6108,THCLKKAAAKHCLHYAACVLLTYFGSCLQKFTLLLP,36,0.7105
GEN_6109,FRCWYKPKAAACLTTKACRQAIILWGKGKTFTKLPKSFGIGDANR,45,0.7105
GEN_6110,THQAKKPEAKHCLHYLAIVLLQYFNACLKTFNILIP,36,0.7105
GEN_6111,THCAQKLVAKHCLHYLACPLLTYFNSCLKAKAFLAP,36,0.7105
GEN_6112,RLLFDPKRYIHHCIKLLKVRFKASALADIFKVFAAL,36,0.7104
GEN_6113,THSAARPKAFACLSYMACILRILNNGCITTFTKLDK,36,0.7104
GEN_6114,TGCAKKIVTKHCLHYLAPVLLTYFNSCLKAKVFAIF,36,0.7104
GEN_6115,THCAKKLVAKHCGHYLACVLLSYFNSCLKATVFALF,36,0.7104
GEN_6116,FPCWYKPKAAACLSTLCCLQAIILNGSGKTFTKIPKSFGIGNGNR,45,0.7104
GEN_6117,THCAKKPKAHACLCHLACLILIILNETYKPFTFLPK,36,0.7104
GEN_6118,TRCAAKPKAVACLCTLACLLLIFLNETYKTFIFLPK,36,0.7104
GEN_6119,FHCAKKPLAKHCLHYLACVLLTYFNLCLKNFVFAVP,36,0.7104
GEN_6120,RHCWKKPKAHASLSTLACLQAIILNGCGKVKVFVAV,36,0.7103
GEN_6121,KHCWHKPKDHACLSTLANLVAIILNPWGKTFPKLPK,36,0.7103
GEN_6122,HRCWYKPKAAACYTTLACLQALIHNGSKKTITKIPK,36,0.7103
GEN_6123,TKCAKKPLKHACLSYVACVLKTYLNGCVFAAVFAGP,36,0.7103
GEN_6124,THCAKKAAAKHCLHYLACVLLSYFVAFLTAAINARP,36,0.7103
GEN_6125,THCAKKAAAKHCLHYLVLVLLTYFIACLKTFTSLAW,36,0.7103
GEN_6126,GRCWKKPKAHACLSTLACLLAIILNGKGKTFTKLPKSFGIGTGSR,45,0.7103
GEN_6127,FDCWYRPKAAACLTTLACLQHVIHNVKGKTVTKNINSFGLGDANY,45,0.7103
GEN_6128,FRCWFGPKAHASLSTLACLQCIILNGKGKTFTKLPK,36,0.7103
GEN_6129,TRCARKPKAHACLSTLMCLLKIEINGPLKAHYKEGR,36,0.7103
GEN_6130,THCAKKPKAHACLSLLACLLFTCLNGCVKLKVFAPK,36,0.7103
GEN_6131,THCAAKPHAHACLNYLVCVLLTYLAGCVKAKVKAAH,36,0.7103
GEN_6132,GYCAKKQAAYHCLHFLACVLLTYFIACLKTFDSLIP,36,0.7103
GEN_6133,THCASKKAAKKCLHYLACELLTYFIACTKNFTSLAP,36,0.7103
GEN_6134,LHCARQIAGRHELHYSACVLLTQCGFALKTFNSAIP,36,0.7103
GEN_6135,FRCWYKPKAAACLSTLACLQAKVSALADAFEALKKA,36,0.7102
GEN_6136,WRCWKKPKAHVALSTLACIQGIILNPKGKTFNKLHKSFGIGWASR,45,0.7102
GEN_6137,WRSWYKPKAHACLSTLACLQAIILNGKGKTFTKPPKPFGISTGNR,45,0.7102
GEN_6138,THCAAKPKAHAALSYRACILLYPVNSCVYAKVFAAI,36,0.7102
GEN_6139,THCAKKAWAKHCLHYLACVLLTYFIACLKFCTTLIR,36,0.7102
GEN_6140,LHCAKKIAVKHSLHYLACHIATYFIACLKTCTTLIP,36,0.7102
GEN_6141,SLSYKKCAMWLKEKTGAVLLCTAL,24,0.7102
GEN_6142,THAAAKPLAKHCLHYLACVLVTYLNGCVKTFTKLAR,36,0.7102
GEN_6143,TVPAKKICAKHCLKSLACVLLTYFINCVKNQTSLLP,36,0.7102
GEN_6144,TKCAKKAAAKNCLHYLACVLCTYFDNCLKNFVSLAP,36,0.7102
GEN_6145,RLLCDPKRYSHHCIKLLDVRWKASALADIFKVFAAV,36,0.7101
GEN_6146,FRVWYKPKAAACLTTLACLQAIIHNGKGKEFTKLPNSFGWIDANR,45,0.7101
GEN_6147,TRYHKKPKYHACLSTPACLRLTILNGSVKAKVFALP,36,0.7101
GEN_6148,HHCAKKPLKHACLSYLACVLLTYLNPCVKAKVYAVP,36,0.7101
GEN_6149,THCAKRILAKHCLHYLACVLLTYFNACLGTFTSLAD,36,0.7101
GEN_6150,FHCAKKPLAKHCLHYLACVLHTYFGACLKTFTKLIP,36,0.7101
GEN_6151,FHCAKKPLAKHCLHYLACVLLTYFNSILKAYVFAIF,36,0.7101
GEN_6152,TVCAKKIAAKHCLHYLACVLLTYYINCLCNFTSLLG,36,0.7101
GEN_6153,THCAKKIAVPHCLHYLACVLLTYFNACLHAKAFAIP,36,0.7101
GEN_6154,TRCAKKAARKHCLHFLACVLLTYFIACLKTCTTLIP,36,0.7101
GEN_6155,RHCAKKAAAKHCLHYLACVLLTAFNSCLNIKVFAIF,36,0.7101
GEN_6156,THCAQKYVAGHCLHYLACVLLSYFNSCLKAKVFLAP,36,0.7101
GEN_6157,KHTKFECCKVALRTLRGANASNFASWCGKVKVFAAV,36,0.7101
GEN_6158,TCCAFKPLAHHFLSYLKCVLLTYFNLCIHAKVFAVK,36,0.7101
GEN_6159,THCAKKILVKHKLHYLACVLLTYFNACIKTPTSLVP,36,0.7101
GEN_6160,FHCARKPLAKHCLHYLACVLLFYFNLCLKNFTKLIP,36,0.7101
GEN_6161,THCAKKPLAKHCLHPLACVLLTYFNACLKTFTSAAP,36,0.7101
GEN_6162,LHCAKKIAAKHCLHYLYCVLLTYFIGCLKTFTSAAP,36,0.7101
GEN_6163,FHCAKYIAAKHCLHYLACNDVTYFIARLKTFWSVAD,36,0.7101
GEN_6164,THCAHKAGAKSCLHYLACVLLTYFGSCLQRFTLLAP,36,0.7101
GEN_6165,FRCWYKPKAAACLSTLACLQAIILNGKGKTFTHIPKSFGIGNGNR,45,0.71
GEN_6166,SRLHFWPKVHACLSTLACVLMIILNACLKAKVFAAR,36,0.71
GEN_6167,VRCAMKPHAKACLSTLACASVAILNWCVKQFPRKAM,36,0.71
GEN_6168,TCCAKRPKAHACLSYCACLLLTCLIGCVKAKVFAPR,36,0.71
GEN_6169,THCAKYILAKHCLHLLACVYLTYFRACRHAKAFAAD,36,0.71
GEN_6170,FHKAKKPLAKHCLHWLACVLVTYFNACASAKVFLIF,36,0.71
GEN_6171,LHCAKRILAKHCLHYIACVLLTYFNNLSKAYVFFIF,36,0.71
GEN_6172,LCCAKKAAAKHSLHYLACVGLTIFNNCLKTFTSIIP,36,0.71
GEN_6173,THCAKKLVAKHCLHGIACVLLTYFNACLHAKAFVIP,36,0.71
GEN_6174,THCAKKAGAKHCLHYLACVLLTYFNSCLNRKVFAIF,36,0.71
GEN_6175,FHCAKKPLAGHCLYYIACVLVTLFNACLKAKVFAMF,36,0.71
GEN_6176,ILLCWPSRYTHAIIKALKVRFKVSALADIFEALKKNNS,38,0.71
GEN_6177,TVCAKKPHYHACLSTPACLLLTILNGCVKAKVFALP,36,0.71
GEN_6178,THCAKDPLAKHCLHYLACYLLGYFPACLHAKAFAIP,36,0.71
GEN_6179,HRCWKKPKAHLELSTLACLLLIIQSGKGKDFTKLPRSFGIPTISR,45,0.7099
GEN_6180,TRYRKKPHLHACLSTLAAALQVILNGCLKAKKIAAH,36,0.7099
GEN_6181,THCAYKPKWHACLSYLACLLLTCLNGCVKAKVFAPR,36,0.7099
GEN_6182,THCAKKPLAKHCLSYQANVLETYFNWNLHAKAFAAK,36,0.7099
GEN_6183,NACANKPHAHLALLYMNCILLTYFNACLHAKAFGAK,36,0.7099
GEN_6184,THCAKKPLAKRCLHYLACVLLTYFNGCIKTFPKLVP,36,0.7099
GEN_6185,NHCAAKGHAHACLSVLGCILLTYLNGCVKAKVFHIV,36,0.7099
GEN_6186,THCAKKHLHKHCSHDLACVLVTYFNACLKAKVFAIF,36,0.7099
GEN_6187,TRCAKKPNKHACFSTLACLLLIILNGQGKCFTALAV,36,0.7099
GEN_6188,TRCAKKPRVHACLSVLQCLLLIILNGCLKAKVFAAD,36,0.7099
GEN_6189,THCAKKPTAHACLSYKVCVLLTYFNACVHAKVFAAK,36,0.7099
GEN_6190,IHCAARPKAHACLSYMACWAAILNQGCIKTFTKDWK,36,0.7099
GEN_6191,THCNKKPLAKHCLHYLACALLTFFNACLKIFTKLHP,36,0.7099
GEN_6192,LHCAKKIAAYHSLHYLACVLLTYFIACLKTCTTLIP,36,0.7099
GEN_6193,SLAFCLIIKARYNLEIPVCTAKRKGAT,27,0.7098
GEN_6194,VAHVCKCCKLALRTLRGASASNFVKWCGK,29,0.7098
GEN_6195,FRFWYKPKAAACLSTLACLLLIILNGQGKTFTKLAV,36,0.7098
GEN_6196,FRCWYRPKAAACLTTLACLLLTILNGCVKAKVFAPR,36,0.7098
GEN_6197,NHCAKKPLAHACLSYLACVLETYLNGCVKAKVFAVP,36,0.7098
GEN_6198,YCCAVKIAAKHCLHYLASVLLTWFIACLKTFSSLAP,36,0.7098
GEN_6199,CHCAKKIAAKHCIHYLACVLASYFIACLKTFTSLAP,36,0.7098
GEN_6200,WHTKFRCDELALARLRGVNAINFVSWCGKAKVFAAV,36,0.7098
GEN_6201,WRCWYKPKAHACLSTGACLLLTILNGQGKTFTKLPKSFGIGTGMQ,45,0.7098
GEN_6202,TGCAHKPNAHCCLSTLACLLLIFLNACHKAKVFVAR,36,0.7098
GEN_6203,KHTKWGCCKLALKTLRGAHATNFAYWCEKVKVFAAV,36,0.7097
GEN_6204,TRYGKKPHYHACLSTPACLCLFILNACVKAKVFAAP,36,0.7097
GEN_6205,NTCHAKPHAHACLSYLACLLATYLNGCVKAKVFAIP,36,0.7097
GEN_6206,THCAKKILAKHCLHYLACYLLAYFNACLCTSTSLIP,36,0.7097
GEN_6207,DHCAKKILAKHCGHYLKCVLLTYFNYCKKTFTSAAP,36,0.7097
GEN_6208,THCAKKPKAHACLSYHACLLLIINNGCLHAKIFAAR,36,0.7097
GEN_6209,THAAHKPLKHACLKYLACLLLIYLNGCVKAKVFAHP,36,0.7097
GEN_6210,NHCFKKPKAHACLSYLACLLLICNIGCLKGKIFAAH,36,0.7096
GEN_6211,FRCWYKPKAAACLSTLACLLLIILNGCLKAKVFAAR,36,0.7096
GEN_6212,FRCWGKPKAQACLSTLASLQLIILNGCVKAWTRLPR,36,0.7096
GEN_6213,TRCAKKPKAHGCLSTLACLLLIILNGSVKAMTDAAV,36,0.7096
GEN_6214,NHCAAKPHAHACLSYLACVLLTYLNGCVFAKVFAVP,36,0.7096
GEN_6215,THCAKHPLAKHCLHYLACVLLTYFNACLHAKAFAIP,36,0.7096
GEN_6216,LHCAKCIAAKHSLHYYACVLLTYFIACLKTFTSLAP,36,0.7096
GEN_6217,THCLKKAAAKNCLHYLKCVLLTYFGSCLQRFTLLAP,36,0.7096
GEN_6218,THCAKKAAGKNCLHWLVCVLLTYFGNCLKATVWAEF,36,0.7096
GEN_6219,FRCWYKPKAAACLTTLNCLQAIIHNAKGKEWIKLPNSFSLGDANR,45,0.7095
GEN_6220,TRCAKKCKASACLSTLACLLLAPLNGCVKAFTRDAV,36,0.7095
GEN_6221,THCAGKPLAKHCLHYLACVKLTYLNACVKAKVFAVP,36,0.7095
GEN_6222,FHCAKKPLALHCLHYLACTLLTYFNASVKTFTKLAR,36,0.7095
GEN_6223,FRCWYKPKAAACLSTLACLQAKVSALADAFEALKKANS,38,0.7095
GEN_6224,KHTKFGCCKLALRTLRGANATNFANWCGKVKTKLPK,36,0.7095
GEN_6225,WRCWKKPHAHACLSRGAALLAAILNGRGKTPTKLPKTFPIGTGSR,45,0.7095
GEN_6226,THCAKKILAKHCLHYLACVLLTYFIACEKTFTSLIP,36,0.7095
GEN_6227,TRCAKKIAVAHCLHYLKCVLWTYFNACLHAKAFKIP,36,0.7095
GEN_6228,TVCAKVIAAKHCLHYLACVLVTYFINCAKNFTNLLP,36,0.7095
GEN_6229,TVCAKKCAAKHCLHYLACVGLTPFQACLHAKFFAIP,36,0.7095
GEN_6230,TRCAAKPKAHACLCTAACLLLIILNNCLHAKAFAAD,36,0.7094
GEN_6231,THCAKKIAAMHSLHYLACILLTYFIACLKTFTSLAP,36,0.7094
GEN_6232,KHTKFDKKSLALRTLRGANASNFASWCGKVKVFVAV,36,0.7094
GEN_6233,THCAAKPHAHACLSYLACVLLTIAIGCVKAKVFAAP,36,0.7094
GEN_6234,THCACKPLAKHCLHYLACVLLTLINGCVKAKVFAHK,36,0.7094
GEN_6235,NHCAKKIAPKHCLVYLAAVLLLYFNACLRTFTKLIP,36,0.7094
GEN_6236,THCAKKLVAKSCLWYLACVLCTYFNSCLKAVVFAIF,36,0.7094
GEN_6237,THCAKKPLKKHCLCYLACVLVGYFNASLKAKVFAIF,36,0.7094
GEN_6238,HRCWKKPKAHAELNTLACLLLMINNANGKTFTKLPRSFGIGTISR,45,0.7093
GEN_6239,NHCAKRSLAKHCLHYLACVLLTYFNACLKTFTNLAD,36,0.7093
GEN_6240,KRCWKKWKRHACLSTLACLQAIILNGKGLTFSKLPK,36,0.7093
GEN_6241,RLTKFGCCKLALRTLLQADALIILNGQGKTFTKLPK,36,0.7093
GEN_6242,THCAKKAAAKHALHYLACVLLTYFNSCLNRKVFAIF,36,0.7093
GEN_6243,VHTKMGCKKLALRTLRGANASNFASYCGKVKVFVAV,36,0.7092
GEN_6244,WRVWKKPKAHGCLSTLACLDAIILNGKGKTFTKLPKSFGIGTGSR,45,0.7092
GEN_6245,FHCAKKPLAKHCLHYIACVLVTYFVACLKWSVFALF,36,0.7092
GEN_6246,HRCWKKPSKLALRTLRGANASNFASWCGKVKVFAAV,36,0.7092
GEN_6247,HRCWKKPKAHAELTTLACLQAIIHNGKGKTFTKLPNSFGLGDANR,45,0.7092
GEN_6248,THCAKKPKAHACLSELPCLLLTYFNACVHAKVFAAK,36,0.7092
GEN_6249,THAARKVKAHACLSYEACILLIINNGCGKTFTMLQK,36,0.7092
GEN_6250,ISCAAKPHAHACLSYLARVLLTPLNGCVKAKVFAIP,36,0.7092
GEN_6251,RHCAANPLAKRCLHYLACLLLTYFNFCLKWFTYLIP,36,0.7092
GEN_6252,FHCAKKPLAKHCLHYLACVCLTYFNACLHAKAFAAD,36,0.7092
GEN_6253,TVCAKLIAAKHCLHYCACVLLTYFINCLKNFTSLLP,36,0.7092
GEN_6254,LHCAKKIAAKHIIHYLACVLICYFIACLKTVRTLIP,36,0.7092
GEN_6255,AYGAMSCALARWTLDIAVCTLKRKGAT,27,0.7091
GEN_6256,WRCWKKPKAGVCLSTLACLQAIILNPKGKTFNKLPKSFGIGWASR,45,0.7091
GEN_6257,KHCWYKPKAAACLSTLACLQAKVSALADAFEALKKA,36,0.7091
GEN_6258,TRCAKKPNKHACFSTLACVLLTYFNACVHAKVFALK,36,0.7091
GEN_6259,TRCAKKPKAHACMCTLACLLLIILNETYKDFTKLPK,36,0.7091
GEN_6260,THCAKKPKAFACLSYLACLRLTCQNGCVKAKPFAPK,36,0.7091
GEN_6261,THCAKKPKAHACLSYLKCLLPTCLNGCVKAKFFAPK,36,0.7091
GEN_6262,THCAKKPLAKHCLSYLACVLLTYFNACLHTFTKLPK,36,0.7091
GEN_6263,THCAAKPKAHACLSTMGCILLTQLNGCVKAKVFAVP,36,0.7091
GEN_6264,TGCAAKIAAKHCIHYLACVLWTYFIASLKTFTSLAW,36,0.7091
GEN_6265,SAFTRVCTCWLLKGAARSKCQRSFIKAKFHAL,32,0.7091
GEN_6266,TRYHKKPHYCACLSTPACLLLTCLNGCLKGKIFAAH,36,0.7091
GEN_6267,THCAKKIAAKHCLHYLACVVVTYFIACLKTFTSLAP,36,0.7091
GEN_6268,TVAAKRIAAKHCLHFLACVLSTYFAACLHTFTSLAW,36,0.7091
GEN_6269,RKALWFKLRGGDPKKIMHILTFTLYSIYA,29,0.709
GEN_6270,ILLCWPSKYNHPCIKLLKVRFKVSALADAFEALKKANS,38,0.709
GEN_6271,VPLSVPSALKGSCIKLLKVRFKASALADIFEALKKNNS,38,0.709
GEN_6272,FRCWYKFKAAACLSTLACLQLIILNGCVKAFTRNGH,36,0.709
GEN_6273,TRCAVKPKAGAFLSTLACALLIILNGCVKFKVVASH,36,0.709
GEN_6274,CHCAKKIALVRCLHYRACVLLTYFIACLKNFTKLIP,36,0.709
GEN_6275,THCAKKAAAKHCLHYLACVLLTPFNSCLKRTVFALF,36,0.709
GEN_6276,TVSAVTIAAKHCLHYLACVKLTYFSACLKTFTTLAP,36,0.709
GEN_6277,THCAKKAAAKHCLHYLACVLLTFFINCLHVKAFAIG,36,0.709
GEN_6278,KHTKFDCCKLALRTIRGANASNFASWCGKVKVFAAV,36,0.7089
GEN_6279,KHTKFQCCKAALRHLRGAILTFTLYVIYG,29,0.7089
GEN_6280,TRYHHKPSYHACLNHLACLLLAILNGCVKAKVFAPR,36,0.7089
GEN_6281,THCAKRILAKHCLHYLACVLLTYFIACLKTYTSLIP,36,0.7089
GEN_6282,THCAKCASAKHCLHYLACVLLTYFIHCLKNFTSLAP,36,0.7089
GEN_6283,IHCAKKAAAKPCLHYLACVLLTYGVSCLNRLVFAIF,36,0.7089
GEN_6284,TRGWKPPKAHALSTTLACLLMIILNGCLKAKRFAAA,36,0.7089
GEN_6285,TRCWKKPKAHGCLSTLAHLLLIILNACVKAKVFAAK,36,0.7089
GEN_6286,TNCAKKPKAHFCLSYLLCLALIINCLCLKAKVYAAR,36,0.7089
GEN_6287,THCAKKPLAKHCVNYLACVLLTYFNACPHAKAFADK,36,0.7089
GEN_6288,THCAQKLVAKHCLHYLACVLLTYFIWCVKTFTLLAP,36,0.7089
GEN_6289,KHTEFECCKLAARTLHGANASNFANYCGKANVFAAV,36,0.7088
GEN_6290,WRCNGKPKAGACLSTLACLQAIILNGKGKSFTKLPKSFGIGTNSR,45,0.7088
GEN_6291,FRCWFKPKAAACFSTLACLLLIILNGQGKTFTKLAL,36,0.7088
GEN_6292,TRCAKKPKAHACLCTLACLLLIILVETYKTFTFLGK,36,0.7088
GEN_6293,THCAKRILAKHCLHYLNCVLLTYFNACLKTFTNLAD,36,0.7088
GEN_6294,THCAQKLVAKHCLHYLACVLLTYFIACLKTFTSLAP,36,0.7088
GEN_6295,LVCAKKIAAKHSLDYLAVVLVTWCEACLKNFTSLII,36,0.7088
GEN_6296,RLTKFGCCKLALMTLLGADATNFANWCGKVHVFAAK,36,0.7088
GEN_6297,FRCWYKPKAHAELSTLAYLLLIINNGKGKTFTQLPRP,37,0.7088
GEN_6298,FHCAKKPLAKHCLHYIACVLVTYFIACLKTFTNLIP,36,0.7088
GEN_6299,KRAWHKPRAHACLRTLACLQAIILNGKGKTFTKLPK,36,0.7087
GEN_6300,KHTKWQCCKAALIHLRGAILTFTLYLIYG,29,0.7087
GEN_6301,THCAKKPLAKHCLHYLACVLLTYFNACNHAKAFAIP,36,0.7087
GEN_6302,LHCARKLVAKLCLHYRACVLLTYFNGCLKTFTSGAP,36,0.7087
GEN_6303,GWCWKKPKAHACLSTWACLLAAILNGKGKTFTKLPKTFPIGTGSR,45,0.7087
GEN_6304,FTPWYKPKAAKCLSTLACLQAIILNASKKVWRQCNS,36,0.7087
GEN_6305,FLCNYKPRAAACLSTLACLQAIILNWKGKTFTKIPKSFYSWDGWR,45,0.7087
GEN_6306,FRCWYKPKVAAALSTLACLTLIILNVVKKTFTKIPH,36,0.7087
GEN_6307,SRVATKPKAHACASTLACLLLPILNACLKANVFAAN,36,0.7087
GEN_6308,WRLWYKPKAPACLQTLACLLLIILNPCLRAKVFLAL,36,0.7087
GEN_6309,THCFKKPKAHACLSFLACLLLIINNPCVKAFTRLPR,36,0.7087
GEN_6310,THCAKKPKAHACLSYLACLKLTCLNGCVKAKVFAAP,36,0.7087
GEN_6311,THCAKKPKAKASLSYLACLLLTPVNGCVKAKVFPAP,36,0.7087
GEN_6312,TKCAKKPLKHACLSYLACVLLTYLTGCVCAKVFAVG,36,0.7087
GEN_6313,TRYAKRPKAYACLSYLACLYLTPVNPCVYAKVFAGI,36,0.7087
GEN_6314,THCVKKVLAKHCLHYLACVLLTYFNGCLHGRAFAIP,36,0.7087
GEN_6315,TSCVFKILAKHCTHYLACILDTYMRATLKAKAFAAD,36,0.7087
GEN_6316,FFCAKKAAAKHCLHYLACVLLTYFNSCLNRKVFAIF,36,0.7087
GEN_6317,KHTKFECCKLALKTLRGANASNFASWCGKAKVFAAV,36,0.7086
GEN_6318,WRCWYKKKAHACVSVLACKLLAILNGCNKTFTKLAV,36,0.7086
GEN_6319,THCAKNPLKHACLSWLACVLLTYLNGCVKAYVFAHP,36,0.7086
GEN_6320,SAFMRVCTGWLLKTFARSKCQRLFIHAKFHAL,32,0.7086
GEN_6321,KHCWKKWKAHASLSTLACLTCIILNGKGKSETLKKD,36,0.7086
GEN_6322,FRCWYKFKAAACLSTLACLQLIILNGCVKAFTRIPK,36,0.7086
GEN_6323,THCFKKPKAHACLSYLACGLLICNNGCLKAPVFAAH,36,0.7086
GEN_6324,TVCAKKFLAHACQSYLAAVLLTYLNGCVRAKVFAVP,36,0.7086
GEN_6325,TRCAKKPKGHACLSYLACLLCTPNNPCVKAKIFAPR,36,0.7086
GEN_6326,THCAKRILAKHCRHYLACVLLTYFNACLKTSTSLAD,36,0.7086
GEN_6327,THCAKKAAAKHCLHYLACVLLSYFNAFLYAPANAVV,36,0.7086
GEN_6328,THCAKKAAAKNCLYWLACVLLTYFNSCLNRKVYAIH,36,0.7086
GEN_6329,GRCWKKPFAKACLETRACLLAIILNGKGKTFKKLPKIFGIGTPSR,45,0.7085
GEN_6330,GRCWKKPKAAACLSTLACLQAIIANGKGKTFTKLPK,36,0.7085
GEN_6331,FRCWYRPKAAACLTTLACQQHIIHNGKGKTFTKRKNSFGLGDANY,45,0.7085
GEN_6332,FRCWYDPKAAACLSTLGCLQAIILNGKGKTFTKLPKSFGIGDANR,45,0.7085
GEN_6333,THCAKKLVAKHCLHYLECMLVTWFNACLHAKAFAIP,36,0.7085
GEN_6334,WRCWKKPKAHACLSTLACLQAIILNGKGKTFTKLPKSFGIGTGSR,45,0.7085
GEN_6335,PHCAKRWLAKHCLHYLCCALLTYFNACLKIFTKLHP,36,0.7085
GEN_6336,THCAKKLVAKHCLHYLACVLLTYFIACLKTCTTLIP,36,0.7085
GEN_6337,HRCAKKPKAHCQLSTLGCLLLIINLGKGRTFTKLPRSFGIGTISR,45,0.7084
GEN_6338,FRKWYKFKAHAELSTLACLQLIILNVSKKVIRACNSI,37,0.7084
GEN_6339,TRCAAKPKAHACLSTPACLLLTILNGCVKAKVFALP,36,0.7084
GEN_6340,TKCAKKVLKHACLSFLACVLLTYLNGCVKAKVFAVP,36,0.7084
GEN_6341,GHCAKAIAAKHCLHYPACLLLTYFNACLRTFTKTIP,36,0.7084
GEN_6342,TRCWKKPNKHACFSTLACLLLIILNGCLRAKVFAAV,36,0.7084
GEN_6343,TRCWKKPHAHASLSNLACRLLTPVNGCVKAKVFAAR,36,0.7084
GEN_6344,THAAKKPLKHACKSYLACVLLTYANGCVKAKVFAHP,36,0.7084
GEN_6345,THCAKKPLAKHCIHYLACVELTYYNACLHAKAFAAD,36,0.7084
GEN_6346,FRCWYKPKAAACLSTLACVQAIIMNGKGKMFFKIPKSFGSWDAWR,45,0.7083
GEN_6347,TRFHKKPKYHACLSLGACLLVTILNGCVKAKVFAAP,36,0.7083
GEN_6348,THGAKKPKAHACLSYLPCLALTCLYGCVKAKVFAPR,36,0.7083
GEN_6349,THCAKKPLAKACLSPNACVLLTYLNGIVKAKKFAVP,36,0.7083
GEN_6350,THCAAKPKAHAALSYMACIMLFIANETYATFTKLPK,36,0.7083
GEN_6351,GRCWKKPFAHACLSTLACLLAIILNGKGKTFKKLPKIFGIGTPSR,45,0.7083
GEN_6352,WRCWYKPKAHACLSTVACLVLIILNGQPKTFTKEPKSFGIGTGMR,45,0.7083
GEN_6353,THCAKHPLAKHCLHYLACVLLTYLNGCVKAKVFAVP,36,0.7083
GEN_6354,THCAKKPLLKHCLHYLNCVLLTWFNACLHAKAFAIP,36,0.7083
GEN_6355,DHCAKKILACHCLHYLACVLLTYFNLCLKNFTKLIP,36,0.7083
GEN_6356,TVCVKKIAAKHCLHYLACVLLTFFIACLKTFTSLTP,36,0.7083
GEN_6357,LHCAKHIAIKHSLSYLACVLLGYFIACLKTCTNLIP,36,0.7083
GEN_6358,FHCAKKPLAKHCLHYAACVRYTYFNACLKAKVFALF,36,0.7083
GEN_6359,WKCWYKPKAHACLSTLACQQAIMLNGKGRTFTNLPKSFGIGNGNR,45,0.7082
GEN_6360,FRCWYKPKAAACLSTLACLLLIILNGCLKAKVFAAV,36,0.7082
GEN_6361,THCALVALAKHSILALACVLLTYLNGAVHAKVFDVP,36,0.7082
GEN_6362,THCAKKPLVLHCLHYLACVLLNYFNACLKTFNKLPK,36,0.7082
GEN_6363,GHAAKKEAAKHSLHYLGCVLLTYFMACLKTFTSLIP,36,0.7082
GEN_6364,FHCAKKGLAKHCLHYINCLLVTYYNACLKAKVFAIF,36,0.7082
GEN_6365,KKTKFECCKLALRTLRGANASNFASWCGKAKVFAAV,36,0.7082
GEN_6366,WHCWKKPKAHACLSTWACWLAAILNGRGKTFQRLPKTFPIGTGSR,45,0.7082
GEN_6367,THCAKKPLAHACLSYLRCVLLTFFNACIHAKLFTAP,36,0.7082
GEN_6368,SHCAKRILAKRCLHYLWIVLLTYFNACLHAKAFAIP,36,0.7082
GEN_6369,FRCWYKPKAAACLSTLACLQQIILNGKGKTFTKIPKNFGSWTPSR,45,0.7081
GEN_6370,THYRKKAHNHACLSTLACLLLWCNNGCLKPDIEFAH,36,0.7081
GEN_6371,TECAKKPLAHACLSYLACLLLTPVNGCVKAKVFPAV,36,0.7081
GEN_6372,THCAAKPHAHACLSYLACVLLTYCNGCVKAKVFAVP,36,0.7081
GEN_6373,THCAKKPLAKMCLHYQACVLLHYLNECVKAKPFAVT,36,0.7081
GEN_6374,FHCAWKPLAKHCLHYLACVLLTYFNACLKTFTKLIP,36,0.7081
GEN_6375,KHTKFECDKLALRTLHGANASNFGNLWGKCNVFAAV,36,0.7081
GEN_6376,TRYRKRPHNHACLNTLACLLLIKVNGCPIAFTRYPR,36,0.7081
GEN_6377,THCAKKINAKHCLHYLLCVLLNWFNSCLKATVFAAF,36,0.7081
GEN_6378,THAAKKDLKHACLSYLACVLLTYLAGCVKAKHFVVP,36,0.708
GEN_6379,TRCAKKPKAHACLSTPACLLLTIANGCVKAKVFAAP,36,0.708
GEN_6380,THKAKKILAKVCPHYLASILLTYLNPCMKAKPKAAD,36,0.708
GEN_6381,KKTKFECCKLALRTLRGANASNFANWCNKAKVFAAF,36,0.7079
GEN_6382,KHTKFGKCKLALRTCRGKNATNFANYCGKVHVFAAV,36,0.7079
GEN_6383,TRYHHKPHFHACVWFLACLWSIVLNETLKAKVFGAV,36,0.7079
GEN_6384,ARCAKRPQAHLCLCTLACLLLFINNPCGKTFTKLPK,36,0.7079
GEN_6385,AYGAISCALARYTLDIAVCTLKRKGAT,27,0.7079
GEN_6386,FHCAKKPLAKHCSHYLACVILNYFNACLKAKSSVKP,36,0.7079
GEN_6387,WRCWKKPKAAACLTTLNCLQAIIHNAKGKEWIKLPNSFSLGDANR,45,0.7078
GEN_6388,GHCAKKIQAIHCLSYLACVLLTYFIACYKSFTSLIP,36,0.7078
GEN_6389,TRCAYGILAKHHLHYLACYLLTYPNACLHAKAFAIP,36,0.7078
GEN_6390,FHCAKKIAALHSLHYLACVLATYFNSCLKATVFVAY,36,0.7078
GEN_6391,GWCWKKPKAHACLSTWACVLAAKLNRKGKTFTKLPKTFAGGTGSR,45,0.7078
GEN_6392,TRYRKKPINHACLSTLACLCLTILNGCVKAIVFAAH,36,0.7078
GEN_6393,WRLWYKPKGHACFSTLACLLLIFLNGQGKTFTLLAV,36,0.7078
GEN_6394,TYCAKKILAKICLHYLACVLCTYFNNCLCTFTSLIP,36,0.7078
GEN_6395,TWSAKKIAAKHCLHYLACVLLTYFIASLHTFTSVAP,36,0.7078
GEN_6396,FHCAKKPLAKHCLHYIACVLLTYFIFCVKTFTILAA,36,0.7077
GEN_6397,THCAKKAAAKHCLHYLACVLTTFSNSCLKRTVFALF,36,0.7077
GEN_6398,THCAKKAAAKNCLHYLGCVLTTYFGNCLKNFVSLAP,36,0.7077
GEN_6399,KHWKFDCCKIKLRTLRGANVSNFASWCGKVKVFVAV,36,0.7077
GEN_6400,SNSAKKYKYHMCLSYLLCLALIINYGCLKAKVFAAR,36,0.7077
GEN_6401,THYRNKAHNHACLSTLACLLLIILNETYKPFTFLPK,36,0.7077
GEN_6402,AHCFKKPMMHACLSYLACLLLTCNNGCQKAKIFAPH,36,0.7077
GEN_6403,THHAKKPLAKHCLSYLACVKLTYYNGCLHATAFAAK,36,0.7076
GEN_6404,TVCAKKIAAKHCLHKLQCVLLTYFIACAKTFTSAAP,36,0.7076
GEN_6405,GRCWKKPKAHACRTLRGANATNFANWCGKVKVFAAV,36,0.7076
GEN_6406,WRCWKKPKAAACLSTLACLQAIILNGKPKTFTKLPKSFGIGDANR,45,0.7076
GEN_6407,THCAKKPKAHACLSYLACVHLTCLNCCVKAKVFAPR,36,0.7076
GEN_6408,THCAKIAAKKHCLHYLACVLLTYCIGCLKTFTNPAP,36,0.7076
GEN_6409,LHCAKKIAGKHLLHYLVCVLLTYFNSCLKATVFALW,36,0.7076
GEN_6410,VAFVCKKGIAILNTLRGANASNDASWCGK,29,0.7075
GEN_6411,KHLKHECCKLALRTLRGANASNYVSWCLKVKVFAAV,36,0.7075
GEN_6412,TRCFKKPKQAWCLFTVAMLQLTILNVKGKTFTKLAV,36,0.7075
GEN_6413,THCAKKPKAHACLSYTACILDLNNNGCIRTFPKLVK,36,0.7075
GEN_6414,THCAKKILAAHCLMYLASVLLTYFNACLHAKAFAAD,36,0.7075
GEN_6415,THCAKRIAAKHCLHYLACVLVTYFIACLKTFTSLGP,36,0.7075
GEN_6416,FRCWYKLKAAACLSTLACVQAIIINAKKKAIRACNSI,37,0.7075
GEN_6417,THCAKKAAAAHCLHYLACVLLTYFNSCLNRKVFAIF,36,0.7075
GEN_6418,THCAKKHVAKHCLHYLACVLLTRFNACAHAKAFAIP,36,0.7075
GEN_6419,KRTKWQCCKHALNHLRGALLTYTLFLIYG,29,0.7074
GEN_6420,TRCWHKDKAHACLSSLACLLWIILNGQPKTFDKVPKSRGIGTPSR,45,0.7074
GEN_6421,TRCAKKPKAHAAVSTLAALCLIILIGTVKAFTKLAV,36,0.7074
GEN_6422,EHCAKKIAAKHCLHYLARVLVTYFIACNKTFTSCDP,36,0.7074
GEN_6423,THCLKKIAAKRCLHYLACHLCTYFIACLKTFTSLAP,36,0.7074
GEN_6424,FRCWYRPKAAACLTTLACLQHIIHNGKGKTFTKNKNSFVLGDANY,45,0.7074
GEN_6425,THCAKKPLGKHYLHYKGCLLLTYFNACLKTFTKLPK,36,0.7074
GEN_6426,THCAKIIAAKHCLHYLACSLLTYFIACLKTFTSLAP,36,0.7074
GEN_6427,HRCWKKPKAHAELSTLACLQAIILNGTGKTFTKIPKSFGSWDAWR,45,0.7073
GEN_6428,TRCAVKPKAHACLYYTACLLLTTNNGCVKAKVFAPR,36,0.7073
GEN_6429,TLCAAKPHAHACDSYLACVDLTYLNGCVPAKVFAAH,36,0.7073
GEN_6430,WRCWKHPKAHACLSTLACLQAIILNGKGKTFTKLPKSFGIGTGSR,45,0.7073
GEN_6431,AYGAMSCALARVALCCGLAASNFANYCDK,29,0.7073
GEN_6432,WRCSKKPHAKAALSTLARLKAIILNGRGRTGTTLPKMFGVGDANR,45,0.7073
GEN_6433,TKSWKKPKAYACLSTLVCLLLIILNGCVKAKVFAAK,36,0.7073
GEN_6434,TRCNKKPKAHACLCTLACLLLIILAETYKTFTFLGK,36,0.7073
GEN_6435,THCAKKPLAHGALSYLACVLLTYRSGCVKAKVFRAV,36,0.7073
GEN_6436,FHCAKKPLAKHCLHYLACVLLLYFNACLITFTKAIP,36,0.7073
GEN_6437,TICAKKIAAKHSLHYCACVLLTYFIACLKTCTTLIP,36,0.7073
GEN_6438,FHTKFRCCELALRTLRGVNAAIILNGKGKTFTKIPK,36,0.7072
GEN_6439,VAYVCKCCKLALRRLRGANASNFVPPSGK,29,0.7072
GEN_6440,TRCTKKPKAHARLSTLHCLLLIFLNGCLKAKVFLAV,36,0.7072
GEN_6441,YWCEKKPQAHACLCTLAAELLFILNETYKTFAKLPK,36,0.7072
GEN_6442,THCAKKPLAKHCPHYLACALVTYFSACLKTFTKLHP,36,0.7072
GEN_6443,TPCAKKILAKHCEHYLACVLLTYLNPCMKAKPKLIP,36,0.7072
GEN_6444,FRCWYRPKAAASLTTLACLQHIILNDKGKTFTKLAKSFGISNGNR,45,0.7072
GEN_6445,THCAKKPLCHACLSYLACVLLTILNGCVKAKVFAVP,36,0.7072
GEN_6446,FHCAKKPLAKDCLHYLRCVLLTYFNACLRAKALAHD,36,0.7072
GEN_6447,TKAAKKLVAKHCLHYLACVVDTYFNGCLKTFTSAAP,36,0.7072
GEN_6448,FYCAKKPLAKHCLHYLACVLLTYFINCLKNFTSLIP,36,0.7072
GEN_6449,LHCAFKIAAKHSLHYLACVLLTYFIACLKTFTSLIP,36,0.7072
GEN_6450,LHCGKWAAAKNCLHYLACVLLTYFGSCLQRFTLLAP,36,0.7072
GEN_6451,THCAKRVLAKHCLHYLACPLLTYFNACLKTSTSLIP,36,0.7071
GEN_6452,THCAKKILAKHCLHPLACVLLTFFNANLKTFTILIP,36,0.7071
GEN_6453,THHAKKIAVKGCLTYLACVLLTYFNACLHAKCTAIP,36,0.7071
GEN_6454,MHCAKKPLAKHCLKWLACVLLTYTNACLHAKATAAD,36,0.7071
GEN_6455,DHCAFKILAKHCLHYLACVLLTYFNLCLKNSTKLIP,36,0.7071
GEN_6456,IRLWYKPKAHACESTLACLLLIIQQPCRKTFTKCAV,36,0.7071
GEN_6457,TRCAKKPKAHACLSTLACLLLLILNGCVKAFTRLPR,36,0.7071
GEN_6458,TRCAKKPKAHACLTNGACLLLIINNGCTKAKIFAAR,36,0.7071
GEN_6459,THCAKKPKAHACLSYLECLLLTCLFACVKAKVFAAP,36,0.7071
GEN_6460,THCAKKPLAKKCQHYLACVLLTYQNACLHAKAFAND,36,0.7071
GEN_6461,THCCKKPLAKHCLHRLACVLLTYWNACLKTFTKLIP,36,0.7071
GEN_6462,WRCWYKPKAHACLSTLACLQAIILNGKGKTFTKLSKSFGIGTGNR,45,0.707
GEN_6463,HRCWYKAKAALRLCFLACLQLIILNGCLKAKVSAAR,36,0.707
GEN_6464,TPCAKKPKAHACLSYLACLLLICNNGCLKGKAFAAH,36,0.707
GEN_6465,TTCAAKPHYHACLSTPACLLLTILNGCVKAKVHALP,36,0.707
GEN_6466,FHSAAKPLAKHCLHYLGCVLLTYFNRCLHAKVFAIH,36,0.707
GEN_6467,LLCAKKIAAKHSLHYFLCVLCTYFIACLKTYTTLIP,36,0.707
GEN_6468,FHCAKKTAACHSLHYLACVCLTYFNTCLKATVFALF,36,0.707
GEN_6469,ILLCWPSRYTHPCIKLLKVRFKVSALADIFEALKKNNS,38,0.7069
GEN_6470,FRCVYKPKAAACYTTEACLQAIIHNGCGKTFTKLPNSFGLGDLNR,45,0.7069
GEN_6471,THCAKKAQAKHNVHYLALVLLTYFLASLKTFTIAIF,36,0.7069
GEN_6472,HHCAKKPLASHSLHFLACVLLTYFNPCAKTFTKLIP,36,0.7069
GEN_6473,FHCAKKPLAWHCLHYIACVLVTFFNACLIRKVFAIF,36,0.7069
GEN_6474,FFCWYKPKAAADLFTLACLQLIILNVKGKTWTKIPR,36,0.7069
GEN_6475,TKCAKKPKAHACLSTLACASLIILNTCVKAFPRAAV,36,0.7069
GEN_6476,TSCAKKPLAHACLSYLECVALTYFMACVHAKVFAAK,36,0.7069
GEN_6477,THCAKKIAAFHSLHYLAAVLVTYFIACLKTFTSLAP,36,0.7069
GEN_6478,THCWKNAAARHCLHYLACVLLTYFGSCLNRKVDAIF,36,0.7069
GEN_6479,THCAKCPKAHACLCFISTLLLIIINGCLKAKVFAAR,36,0.7068
GEN_6480,TRCAKKPNKHACLSYAACLLLIINNGCVMVKVFAAH,36,0.7068
GEN_6481,THCLKRPLAKHCLHWLACFLLTYFNACLKTFSKLPK,36,0.7068
GEN_6482,HRCWKKPKAHCELSTLGCLLLIINNGKGRTFTKLPRSFGIGTISR,45,0.7068
GEN_6483,WRCWYKPKAHVCLSTLACFDLIILNGCVKAFTRLPR,36,0.7068
GEN_6484,THYAKKPKAHACLGTLLCLLLIILNETYKTFTTLPK,36,0.7068
GEN_6485,THCAKKLVAKHCLHYLACVLLSYFNCCDKNFTSLLP,36,0.7068
GEN_6486,THCAKKACAKNCLHYLACVLATFFNSCLQRRVDAIF,36,0.7068
GEN_6487,KHTKFECCKLTLRTLRGANASNFASWCGKAKVFAAV,36,0.7067
GEN_6488,GRCWKKPKAHACLSKLADLLAIILNGKPKTFTKLPKSFGIGTGSR,45,0.7067
GEN_6489,DRCWKKPKAHVCLGTLACLQAIILNPKGKTFNKLPKSFGIGWGSL,45,0.7067
GEN_6490,NHCAKKPKAHLRLCYLACLLLTPPKGCVKAKYWPAS,36,0.7067
GEN_6491,FHCAKHPLAKHCLPYLACVLLTYFNLTGKNFTKLIP,36,0.7067
GEN_6492,THCAKKPHYHACLSTPACLLLTILNGCVKAFTYLAV,36,0.7067
GEN_6493,THCAKKPVIKHCLTYLACVVLTFLNGCLKYKVFAVP,36,0.7067
GEN_6494,THCAKKAAAKHCLHYLACVLLPYFNSCLNRKVFAIF,36,0.7067
GEN_6495,THCAKKIPAKHCLHYLACVGLTFFSSCLKATIFALF,36,0.7067
GEN_6496,CHCWKKAAAKNSLHYLAAVLLTYFGSCYQKFTLLAP,36,0.7067
GEN_6497,VKTKMGCEKLALRTLRGLNATNFANWCGKVKEFAAV,36,0.7066
GEN_6498,THCAKKPLAHACLNYLACVLLTYDNGCVKARVFLVP,36,0.7066
GEN_6499,TKCAKKPHARARLSTLANASLKILNYCVKAFPRALV,36,0.7066
GEN_6500,LHCAKKIAACHCLHYLACVLLTYFIGCLKNFTDLIP,36,0.7066
GEN_6501,HRCWKKPKAHAELSTLACLQAIIHNGKGKTFTKLPNSFGLGDAQR,45,0.7066
GEN_6502,THCAKKPKAHACLSNLACLLLTPVNGCVKAHTFLPK,36,0.7066
GEN_6503,NHCAAKPHCHACLSYLACVLLTYLNGCGKAKVFAVP,36,0.7066
GEN_6504,TRCCKKPKAHASISTLACHLLIIKNGNKKALVFAAW,36,0.7065
GEN_6505,KHTKFDCCKLALRTLRGANASNFASWCGKVKVFAAV,36,0.7065
GEN_6506,THCAKKPLAMHCLHWLGCVLLTYFNACLHAKAFAIP,36,0.7065
GEN_6507,THCAKKIAVKHCLHYLACVLLLYFNACLHAKAFAAD,36,0.7065
GEN_6508,TVCGKKIAAKHCPHYLACVLLTYFIWCGKTFTLLAP,36,0.7064
GEN_6509,THIAAKPKAHACLSYMACIVAIINNGCGKTFTHLAH,36,0.7064
GEN_6510,TRCAKKPKAKGCLSTLLCLLLIILNPSVKAKMDIAL,36,0.7064
GEN_6511,THCAKKPLAKHCLHYLCCFLLTYFNNCLHAKAFAAD,36,0.7064
GEN_6512,THCAPKQAAKPCLHYLACVLLTYLIACLKTFSSLIP,36,0.7064
GEN_6513,LHCAKKIAAKHSLHYDLCVLLTYYIAALKTFTSCLP,36,0.7064
GEN_6514,FHCAKKIAAKHSLHYLKCVLVTYFNICLKATVFALF,36,0.7064
GEN_6515,TNEALKPKLHACLSTLACLLLIILNGCVKAFTRAAV,36,0.7063
GEN_6516,WRLWYKLKAHACLSTKACLLLICNNGCLKAKVFAAH,36,0.7063
GEN_6517,TACAKIPLAKRSLHYYACILLTYFNMCLKTYTKLIP,36,0.7063
GEN_6518,KHTKFECCKLALRTLRGANASNFASWYGKRKVFAAV,36,0.7063
GEN_6519,WRCWYKPRAHICLSTLACLQAIILNGGGKTFTKLPKSFEIGTGQR,45,0.7063
GEN_6520,WRCWYKLKALACLSTLASLLLIILNGCNKKKVFAVV,36,0.7063
GEN_6521,FLCWYKPKAAACLFTLACLQLIILNVKGKNFTKFPK,36,0.7063
GEN_6522,KHTKFDKKSLALRTLRGANASNFASWCGKVEALKKN,36,0.7062
GEN_6523,FRCWYYPKAAAHLSTLACLQLIILNHCVKEFTRLSR,36,0.7062
GEN_6524,THCAAKPHAHACLSYLDCVLLTYLNGCVKAKVFAIP,36,0.7062
GEN_6525,NHCAKKPLAKTSLSYLAPVLLTYNNACLHAKAFAIP,36,0.7062
GEN_6526,THCAKRILAKHCLHYLACVLLTYTNACLWTFTNLAD,36,0.7062
GEN_6527,THCAIKPLPKHCLHYLASVLLTYFNACLRAKAFAIP,36,0.7062
GEN_6528,THCAKRILAKHCLHYLKCNLLTYFNACLHAKAFAMP,36,0.7062
GEN_6529,THCAKKAAAKHCLHYLACVLLTYFSACTRNFTSLAP,36,0.7062
GEN_6530,RKALWFKLRGGDPKKIKHILTFTLYSIYA,29,0.7062
GEN_6531,TKCAKKPKAHAWLSTLACLLLIILSGCVKAFTRAAV,36,0.7062
GEN_6532,WWCWYKPKAHAYLSTCACLQLIILNGCNKAKVFALV,36,0.7061
GEN_6533,THCAKKPLAKHCLHYLYCVLLTYFNACLHKNAFAIP,36,0.7061
GEN_6534,THCAVKLVAKHCLHLLACVLLTYFNWCLKTFTSAFP,36,0.7061
GEN_6535,THCAKKIIAKHCLHYPGCVLLNWFNSCLGATVWAAF,36,0.7061
GEN_6536,TRCAKCPKAHACLSTLACLLLIILNGCVKAFTRLPR,36,0.7061
GEN_6537,NHCAKKPKAHACLSYLACLLLTPVNGCVKAFTFLPK,36,0.7061
GEN_6538,VHSKMGCCKLALRTLRGANATNFADWCGKVKVFAAV,36,0.706
GEN_6539,THCAKKPDAHACLSYLACLLLICNNGCLHGKIFAAH,36,0.706
GEN_6540,THCNAKPKAHACLSFLACVLLTYPNGCVKAKVFAVP,36,0.706
GEN_6541,THCAKRILKKECLHYLALVLLTEFDACLKTFTNLAD,36,0.706
GEN_6542,ASCAKHIAAKHCLHYDACVLLTYFVNCLHAKAFAIS,36,0.706
GEN_6543,KHTKRECCKAAKRHLRGANLFHFASWCYRAKVFAAV,36,0.706
GEN_6544,LHTKFDKKSLAIRTLRGANASNFACMCGKVGVFVAV,36,0.706
GEN_6545,WRCWKKPKAHACLWTLACLQAIIGSWIGKAKVKAAV,36,0.706
GEN_6546,THCAKKPLVYHCLSYLACVLLTYFNACLHAKAFLAQ,36,0.706
GEN_6547,TRCAKRILAKRCLHYLACVLLTYFNGCLHAKQFAQP,36,0.706
GEN_6548,THCAKKWAFKHCLHYLACVLLTYFDGCAKTFTSLAP,36,0.706
GEN_6549,THCAHKAAAKHCLHYTAAVLLTYFNSCLNRKVFAIF,36,0.706
GEN_6550,HHTKFDKASLALRTLRGDNASNFASWCGKVKVFVAV,36,0.7059
GEN_6551,WRCWFKPKGHACLSTAACLQAIILNGKGRTFTKLPKSFGIGNGNR,45,0.7059
GEN_6552,HRCWKKPKAHAQLSNLACLKLIIRNGKGKTFTKLPWRFGILTYSR,45,0.7059
GEN_6553,TRCAAKPKAHACLCTLACLLLIILNGCVKAKVFAAP,36,0.7059
GEN_6554,NHCAKKPKAHACLSWLACLLLCCPNGCVKADVFAAP,36,0.7059
GEN_6555,IILNWPSRYTHPCVKLLKVRFKVSALADIFQALKKNYS,38,0.7059
GEN_6556,THCAARPKAHACLSYMMCILLILNNGCIKTFTGLPK,36,0.7059
GEN_6557,THLAMKPKAHACLSYLACVLHTYLNGCVKAKVFAVP,36,0.7059
GEN_6558,KHTKFECCKLALRTLHGAAASNFRNYTGKANVFAAV,36,0.7058
GEN_6559,VVHVCKCCKLALRTLRGANASNFVSYCGK,29,0.7058
GEN_6560,TNCAKKPKAHACLSYRRCLLLIILNGCLKAKVFAAR,36,0.7058
GEN_6561,THCAKKPKAHCCLRYAACLLLIINNGCLVAKVFAAH,36,0.7058
GEN_6562,LRYHRKKKYHACLQILACLLLTPVNPCVKAIVFSAV,36,0.7058
GEN_6563,THCAKKALAYHCLHYLACLLLTYFNACVKTFYNRCD,36,0.7058
GEN_6564,THQAKKPLAHHCLAPLACVLLTYYNACLKTFTKLIP,36,0.7058
GEN_6565,FFCAKHPLAKHCLHYLACNLVLYFNACLKFFTSAAP,36,0.7058
GEN_6566,THCAKHAAAKNCLHYLACVLLTYFGSCLQRFTLLAP,36,0.7058
GEN_6567,THCFKKPAAKACLSYLACFALIIGDLCVKTFTRLPK,36,0.7058
GEN_6568,NHCAKKIAVKHCLHYLWCVLLTFFNLCLKNFTKLIP,36,0.7058
GEN_6569,FHCATKPLAKHCLHYWACVLLTYNNACLHAKLFAAD,36,0.7058
GEN_6570,THCAKVIAAKHCLHYLACVLLTYFIWCHKTFTLLAP,36,0.7058
GEN_6571,THCAKVIAAKKCLHYLAQVLLTYFIGCLGTFTSAAA,36,0.7058
GEN_6572,FHCAKHTALKHSLHYLACVLLKYFNSCLKATVFAVC,36,0.7058
GEN_6573,KQCWKKPKAHASLSSLACLQCIILNGKGKTFTKLPK,36,0.7057
GEN_6574,FHCAKKPLAPHCLHYLACVLLTYFNACLHAKAFAAD,36,0.7057
GEN_6575,TLCAKKIAAKHCLHYLGCVLLTYFINCVKNFTSLIP,36,0.7057
GEN_6576,THCAQKLVAKNCLHNLACVLLTYFNSCLNRKVFTIF,36,0.7057
GEN_6577,THCAKKPCQHACLSWLACLLLTCLCGCVKAKVTPAV,36,0.7057
GEN_6578,FVCWGKGAAKNCLHYLACVLLTYFNTCLNRRVFAIF,36,0.7057
GEN_6579,TKCAKKVAAKNCLHGLLCCLITYFSSCLQKFTLLAP,36,0.7057
GEN_6580,IYCWCKSKAAACLTTAACPQAIILQGKGKTYTKLPKSFGIGDANR,45,0.7056
GEN_6581,THCAKFPLAKWGLHALASVLLTYLNGQVHAKVFNIP,36,0.7056
GEN_6582,THCAKKIAPKHCFKYLRCVLLTYFNACLHAKAFAAD,36,0.7056
GEN_6583,WRAWYKPKAHACLSTAVCLLAAILNGRGKTFTKLPETFPIGTGSR,45,0.7056
GEN_6584,FLCWYKPKAAACLSTLACLQAIILNPKGGTFTKLAV,36,0.7056
GEN_6585,THCAKKPHYHACLSTPACLLLTIANGCVKAKKFAAP,36,0.7056
GEN_6586,THCAAKPKAHAKLSYMACILLIINNDSGKTFTKLAK,36,0.7056
GEN_6587,THCAKKPLAKKCQHYLACNLILLNNGCIKTFPKLVK,36,0.7056
GEN_6588,AHCAKKAAAKHCLHYTACVLLTYGNSCLNRKVFAIF,36,0.7055
GEN_6589,FHCAKKAAASNCLHYLACVLLTYFNTCLNRKVFAIF,36,0.7055
GEN_6590,ILLCDASRFTYPCIKLLKVRFKASALADIVEVLKKNNS,38,0.7055
GEN_6591,THCAKKPLAKHCLHYLVCHLLTFLNGCVKAKVFAVK,36,0.7055
GEN_6592,SHCGARILARHCLHYLACVLATYFNACLHAKAFAAD,36,0.7055
GEN_6593,LHCAKKIAARHSLHYTACVLLTYFIACLKTCTTLIP,36,0.7055
GEN_6594,ILLCWPSRYTHPIIKLLKVRFKVSALADIFEALKKNNS,38,0.7054
GEN_6595,THCAKRLLAKHCLHYMKCALLTYFNACKKTRTKLIP,36,0.7054
GEN_6596,TICAKKIAAKHCIHYIACVLLTYFIDCVITFTLLAP,36,0.7054
GEN_6597,KRTALTAATASRFDACTYKILHSRGSIYYVLVAK,34,0.7054
GEN_6598,FHTKFLCVELALRTLRGVNASNFVSWCGKAKVFAAV,36,0.7054
GEN_6599,DRCWYKPKAAACLSTLACRQNIFLNCSGKTIRFAAV,36,0.7054
GEN_6600,THCLAKPKAHAALSYPACILLILNNGCIKAKVFADP,36,0.7054
GEN_6601,TRCAKKPLAKHCLHYSGCVLLTYFNACCKTFTKLID,36,0.7054
GEN_6602,THCAKKPLWKHCLHYLACVLLTFFNACLHAKAFAIP,36,0.7054
GEN_6603,LHCAKKIAAKHSLHYLRCVLLTYFIACLKRCTTLIP,36,0.7054
GEN_6604,THCAKKTAAKHSLHYLACKLLTYFNSCLKRTVFALF,36,0.7054
GEN_6605,THCAKNAAARNCLHYLACVLLTYFNSCLQRKVFAIF,36,0.7054
GEN_6606,THCAKKAAAKNCLHFAACHLLTYFNTCLYRKIFAIF,36,0.7054
GEN_6607,FRCWYKPKAAACLSTLACLQAKVSALADAFEAAKKANS,38,0.7053
GEN_6608,TRYHKKPHYHACLSYMACILLIINNGKGKTFTKLPK,36,0.7053
GEN_6609,TRYHKKPHYHACLSTLASLLLTILNVKGKTFTKIEK,36,0.7052
GEN_6610,SLACCLIIKARYTLEIPVCTAKRKGAT,27,0.7052
GEN_6611,NPWGSRCAGPISLARILSTTFRVAGPLIALNRRSGKILF,39,0.7052
GEN_6612,IRCWYKPKAAACLSTLACLQAIILSGPGKDFTKLPKSFGIGTGSR,45,0.7052
GEN_6613,AWIKTACCKLALRTLRGANATNFANWCS,28,0.7052
GEN_6614,DHCAKKAAAKHCLHYLACVLLTCFNSCLNRKVFAIF,36,0.7052
GEN_6615,RITKFGCCKLALRTLRACLLLIINNANGKTFTKLPR,36,0.7051
GEN_6616,TRCWFKPKAHACLSTLACLKAIILNGRGKTFTYLPKMFGVGDANR,45,0.7051
GEN_6617,KRCAKKPKAHACLSTLACVYSTYFNACVHAKVFAAS,36,0.7051
GEN_6618,THCAKKILAKHCLHYLNCVLLTYFNACLKTFTSLIP,36,0.7051
GEN_6619,THCAKKAAAKNCLHYLWLVLLTYFNSCLQKFTLLAP,36,0.7051
GEN_6620,KHTKFGCCKLALSTLRGANATNFANWTGKVKVFQVV,36,0.7051
GEN_6621,TRYHDMPKAHACLSTLACLVNIILNPCNKTYTKCAV,36,0.7051
GEN_6622,THCCKKLVAKHCLHYLACLLLTYFNACLKTFTSAAE,36,0.7051
GEN_6623,THCAKKILKKHCLHDLACVLLAFFNACLKASTSAIP,36,0.7051
GEN_6624,THCVVKIAVKHCLHYLACVLVTYFIAGLKTFRSLAP,36,0.7051
GEN_6625,THCAKKAAAKHCLHYLACVLLTYFNSCLNLRVFAIF,36,0.705
GEN_6626,KHTKFDKKSLALRTLRGANESNFASWCGKVKVFVAV,36,0.705
GEN_6627,KHTKFECIKLACLSTWACLLAAILNGKGKTFTKLPK,36,0.705
GEN_6628,TVCAKKIAAWHSLHYLDCVLVTWCIACLKAKANAVL,36,0.705
GEN_6629,THCQKKVAAKNCLHYAKCPLLTYFSRCLQKFTLLAP,36,0.705
GEN_6630,FRCWYKPKCAACKATLACLQAIFHNGKGKTFTKLPNSFGLGDANR,45,0.7049
GEN_6631,GHATKKPNAKHCLMYLECVLVTYFNACLKAKVFAIF,36,0.7049
GEN_6632,TECAWRILAKHCLHYLLCVLLAYFNACLHAKAFAYP,36,0.7049
GEN_6633,THCAKKAAAKNCLHYLLCVLLNYFNSCVQRKKFAIF,36,0.7049
GEN_6634,VVSKKGGCCKRYIKMYLANASNFLSWCGKAK,31,0.7049
GEN_6635,SHCAKKICAKHYWHYFACSLLTYFIACLKTFTSLAP,36,0.7049
GEN_6636,THCFKKPKAHACLSYLACLLLICNNSCLYAKVFAAH,36,0.7048
GEN_6637,TNCAKKSAAKNCLHYLACCLITYFTSCLQKFTLLGP,36,0.7048
GEN_6638,THCAKKAAAKNCLHPLALVLLTYFNSCLKATTSFAP,36,0.7048
GEN_6639,FHCAKKAAAKNCAHSLKCVLLTYFIDCLHAKAPAGG,36,0.7048
GEN_6640,EHCWKKPKWHASLSTLACLQCIILNGFGKTETLKKN,36,0.7047
GEN_6641,RRCWKKPKAHAKLNTLACLDAIILNGFGKTFKKAPKIYGIGTESR,45,0.7047
GEN_6642,LRCWKKWKRHACLTILGANATNFANWCGKVPVFAAV,36,0.7047
GEN_6643,LRTAKKPNKHACGSCLACLLLTCLNGCVKAKVFAPR,36,0.7047
GEN_6644,TRCAKPPKAHACLCTLACLLLIILNETYKTFIGFPK,36,0.7047
GEN_6645,TWCGKKALASHCLSYLACVLLTYFNACVDAKVWVVV,36,0.7047
GEN_6646,TVCKKKIAAKHCLHYLACVLLTYFINCQKNFTSLIP,36,0.7047
GEN_6647,KPLCVPSALRGSKRCVLVVALNCGGKIGDCRKKAPKCL,38,0.7046
GEN_6648,WRCSKKPKAKACLSTIACLDAIILNGWGKTFTKLPKSMGWGDANR,45,0.7046
GEN_6649,FRCWKKPQATACLSTLACLLLIILNGCVKAFTKLPK,36,0.7046
GEN_6650,THCAKKPKAGACLSYLACLILTPVNGCVKAKVFPAV,36,0.7046
GEN_6651,THAAADPHAHACLSYLACVLLTVLNGCVKAKVFAIP,36,0.7046
GEN_6652,THCAKKILAKHCLWYLACVLLTSFFACWKTFDKCPK,36,0.7046
GEN_6653,FHCAKKTAAKHSLGFLACVLATYFESCLKATVFALF,36,0.7046
GEN_6654,THCAKKAPAKNCLHYLACVLLTYFNSCLKNFVSLAP,36,0.7046
GEN_6655,SHCAKKIAAKHCLHYLSCVLLTYFITCLNRKVFAIF,36,0.7046
GEN_6656,FRCWYKPKGAACLTTLACLQAIIHCGKGKTFTKLPNSFGLGDANR,45,0.7046
GEN_6657,THCAKKPLAKHCLPYLACVLVTYFEASLKAKVFAIF,36,0.7046
GEN_6658,WRCWKHPKPHAGLSTLACLQAIILNGKVKTFTKLPGSFGIGTGSR,45,0.7045
GEN_6659,THCAFKIAAKHSLHYLLCVLVGYFIACLKTFTSLAP,36,0.7045
GEN_6660,THCARKAAFKNCLFYLVCVVLAYFNTCLNRWVFAIF,36,0.7045
GEN_6661,THCAKKAAARNCLHYVACVLLTYFNSCLNRRVFAIF,36,0.7045
GEN_6662,GRCWKKPKAPACLSTLACLLAIILNGLIALNRRSGKILF,39,0.7045
GEN_6663,KHTKTGCCKNALRTVAGANATNFANWYGKVKVFAAV,36,0.7045
GEN_6664,TRPIKKPHYKAGLRRLACIFLIILNGCVKAKVFAAH,36,0.7045
GEN_6665,TRYHHKTHYHACLSTLACTLLTIANGCVHAKVFAAH,36,0.7045
GEN_6666,NHCAHKPPAKHCCHYLACVLVTYFSACLKTFTKLAR,36,0.7045
GEN_6667,THCAKKPLAKHCLHYLACVLLTYFNACLKTYTHLIP,36,0.7045
GEN_6668,FHCAKKPLAIHCLHVLACVLITFLNICVKAKRFAVK,36,0.7045
GEN_6669,THCAKKIAVKHCLHYLACVLLTYFNMCLHAKTTALF,36,0.7045
GEN_6670,KHTKWECCKAALRHLRGANAFNFASWCYKAKVFAAV,36,0.7044
GEN_6671,FRPWYKPKAHACLSTLACLQAIELNGKGKTFTKIPKSFLSWEAWR,45,0.7044
GEN_6672,FRCWYKSKAAACLSTLACLQAIIDNGKGKTFTKIPKI,37,0.7044
GEN_6673,KRCWKKPKEHACLSTLACLQAIILSWAWKAKVFAAQ,36,0.7044
GEN_6674,TRCWYKDYAHACLSTLACLQAIKLNGCNKAKVFAAV,36,0.7044
GEN_6675,FRCWYKPKAALCYTTLACLQAIKHEGCGKTFTKLPNSFGDGDLNR,45,0.7044
GEN_6676,THCAKKPKAHACLSYLACLDLIINNPCVKAHTFLPK,36,0.7044
GEN_6677,TVCAKCIAAKHCLRYLACNLLTYFINCLKTFTSLIP,36,0.7044
GEN_6678,ILLCDPSRYTKPCIKLLKVRFKASALADIFEALKKNNS,38,0.7044
GEN_6679,THCAAKPKAHMNLIYLACVLLHHWNACVQAKSFAAK,36,0.7044
GEN_6680,THCAAKPHGHACLSGLACVLLTYLNGCVKVKVFAWH,36,0.7044
GEN_6681,THCAIHALAKHSIHYLACVLYTYLNGAVKAKVFAVG,36,0.7044
GEN_6682,THCAQKLVAKHCLHYLACVLLTYFINCLKNFTSLAP,36,0.7044
GEN_6683,THCAKGPLAKHCLHYLACVLLTYFNACLHAKHFAVD,36,0.7043
GEN_6684,TVCAKKIAAKHCIDYLASVELTYFINCLKTFTSLIP,36,0.7043
GEN_6685,TVCAKKIAAYHILIYLAMVLLTYFINCLFNFTSLLP,36,0.7043
GEN_6686,KHTKFECCKLALRTLRGANASNFASWCGKAKVFAAV,36,0.7043
GEN_6687,KHSKKGCCKLALRTLRGANACNFANWEGKEKVFHAV,36,0.7043
GEN_6688,THCAKHKKAHACLSYLKCLLLICNNGCLKGKIFAAH,36,0.7043
GEN_6689,THIAHFWLKHACLSYLACVLLTYLNGCVKAKVFAHP,36,0.7043
GEN_6690,THCAKKILAKHCLHYLCCVLLTYLNACNKFKPKLIP,36,0.7043
GEN_6691,KHTKFDCCKLALRNLHGARASNFANYCEKANVFAAV,36,0.7042
GEN_6692,THCAKNPKAHACLSYLACLLLIINNPCVKAETRLPR,36,0.7042
GEN_6693,QDSIKKILAKHCLHYLACVLLVVFNACLKAHAFAIF,36,0.7042
GEN_6694,THCAKKAAAKNNLHYAHCVLATYFNSCVNRKAFLIP,36,0.7042
GEN_6695,THCAKWPLAKHCLHYSACVLLTYLNGCVKAWVAAVP,36,0.7042
GEN_6696,THCAKKILAKHFLHYLPCVLLTYSNACVKAKVFVIF,36,0.7042
GEN_6697,THCAKKPLAKHCLHYLYCVLLTYFNGCLKTFTKLIP,36,0.7042
GEN_6698,ILLMRVCTGWRYIKGYLGAWRLGAYVLTSRS,31,0.7041
GEN_6699,FRNWYKPKAAACLSTLACLQLIILMVSKKVISASNSI,37,0.7041
GEN_6700,THCFKKPKAHACLSYLACLLLICFNACHKAKVSAAH,36,0.7041
GEN_6701,IHCARKAAAKHCLHYLACVVLTYFNSCINGKLFAIF,36,0.7041
GEN_6702,TLYHKKPHYHACLSTPACLLLTSLTGCAKAKVFAAG,36,0.7041
GEN_6703,THCAKKPKAHACLSYLYCLLLIINNGCLKAKIFFSR,36,0.7041
GEN_6704,WRLWYGPKAWACLSTVACLLLIIPNPSVKAKVDIAL,36,0.7041
GEN_6705,TVCAKKAAAKHCLHYLACVKLTYFINCLKNFTSLIP,36,0.7041
GEN_6706,WHCAQKAAAKHCLHPLAAVLATYFNTCLNRKVFAPF,36,0.7041
GEN_6707,TSCGKKPKAHACLSTLACLLLIILNGCLKAKVFGAR,36,0.704
GEN_6708,THCFKKPKAHACKSYLACLLLICNNGCLKGYIFAAH,36,0.704
GEN_6709,RKALWFKLIAILNLKGKVDNTIWLKGLLA,29,0.704
GEN_6710,THCAKKILAKHHLHYLVCVLLTYFNACLKTFTKLIP,36,0.704
GEN_6711,HHTKFDYKSLALRTLRGGNASNFASWCGKVKVFVAV,36,0.7039
GEN_6712,TRCAKKPKAHACGSTLACLTLTILNGCVKAYTKLPK,36,0.7039
GEN_6713,THCAKKPLAKHCIHYVGCVLLTYFNACLHAKIFAAD,36,0.7039
GEN_6714,KHTKWPCHKLALKTLRGAHATNFAEWAVKVKVFLPK,36,0.7039
GEN_6715,THCSKKPLAHACLSYLACLLLTCNNGCVKAKVFAPR,36,0.7039
GEN_6716,NHRAKKPLAHACLSYSACVLLTCFNACVHAKVFAAP,36,0.7039
GEN_6717,DHCAKRILAKHCLHYLACVLLTYFTACLHAKAFAAD,36,0.7039
GEN_6718,THCAKKAAAKHCLHYLACVLLTYFINCLVWFTSLGP,36,0.7039
GEN_6719,WNCYYKPKAHACLSTLACLQLIILNGCNKAKVFAAV,36,0.7038
GEN_6720,IHCAAKPHAHACLSYLACVLLTPLNGCAKARVHAIP,36,0.7038
GEN_6721,TDCVKKILARHCDHYLAAVLLTYMRACLHAMAFATD,36,0.7038
GEN_6722,THCAKKAACKHCLHYLACVLLTYFNSCLNRKVFAIF,36,0.7038
GEN_6723,THCLKHIGVKHCLHYLACVLLTKFNACLHAKAFAIW,36,0.7038
GEN_6724,THCAKKPKLHACLPYLACLLLTPVNGCVKAKVFPAT,36,0.7038
GEN_6725,NHCAKKPLAKGCLHYLACVLLTYFNACLHAHASAIP,36,0.7038
GEN_6726,AYGAMSCALARNALCCGLAASNFANYCDK,29,0.7037
GEN_6727,THCAKKPKAHACLSYLGCLLLTPVNGCVLGKVFDVV,36,0.7037
GEN_6728,THCAKKAAARHCLHYTACVLLTYFHAALKVTVFALF,36,0.7037
GEN_6729,FRCWYKPHAHAELSTLACLLLIIAAGCVKAKVFAAH,36,0.7037
GEN_6730,TRCAKKPNKHASFSCLACVLLTYFNACVHAKVFAAK,36,0.7037
GEN_6731,TRCAKFPKAHACLCTLACLLLIPVNGCVKAKVFAAV,36,0.7037
GEN_6732,THCAKKILAKACLHPDACVLLTYFNAWLKTFTSLAP,36,0.7037
GEN_6733,THCRKRILAKHCLHFLACVLLTYFNACLHAKVFAAD,36,0.7037
GEN_6734,THCAKKAAACHCLHYLACVLLTYWISCVKNFTSLIP,36,0.7037
GEN_6735,THCAKKAAAKHCLHYLACVLVVYFGSCLNRKVDAIF,36,0.7037
GEN_6736,WRCWKEVKAHACLSTLANLQAIILAGKGKTFTKLPKSHGIGTGKR,45,0.7036
GEN_6737,FRYWYKPKAAACLSTLACLQAIWLNWCGKGAVFVAV,36,0.7036
GEN_6738,WRCWYKPLAHACLSTLACLQLIILNGCNGAKVFAAV,36,0.7036
GEN_6739,THCAKKPKAHACLSYIACLLLICNPGCLKMKIFAAH,36,0.7035
GEN_6740,WRHWKKPKAHACLSTLACLQAIILNGKPKTYTKLPV,36,0.7035
GEN_6741,FRCWYRPKAAFCLTTLACLQHILNNGHAKMFTCNKNFFPLGKPDY,45,0.7035
GEN_6742,HRVAKKPYAHACLTTLVCLWLIILNETLIAKIFAAV,36,0.7035
GEN_6743,THCATKPHAHLALSYMACILIILNNGCIETFFKIPK,36,0.7035
GEN_6744,KRTAVTALTASAFDKCTYLILHSRGSIYYVPVAK,34,0.7034
GEN_6745,NPWGSRCAGPISLLRILSTTFHVAGPLIALYRRSGKALF,39,0.7034
GEN_6746,THCAAKPHAHACVSYLACALLTYFNACVHAKVFAVK,36,0.7034
GEN_6747,THCAACPHAHVCLSYLACVLLTYLNGCVKAKVFAHP,36,0.7034
GEN_6748,HRCWKKPSKLALRTLRGANAYNFASWCGKVKVFAAV,36,0.7034
GEN_6749,THCAAKPWACAALSYMACILLHLNNACIATGTKLPK,36,0.7034
GEN_6750,THCAKRILAKHCLHYLACVLLMYFFACLKTFTSLAP,36,0.7034
GEN_6751,KRCKWQCCKAALSHLLGALLTFSLFLIYG,29,0.7033
GEN_6752,THLAMKPKAHACASFLACVLLTYFNACVHAKVFAAK,36,0.7033
GEN_6753,THCALKEYLKHCLHYLACVLLTYFNSCLKATVFALF,36,0.7033
GEN_6754,SRLVKKPKAHACLSTAACLLLFILNACVKDFTELPR,36,0.7032
GEN_6755,NRYHKKPHYHACLCTIACLLLIILNETYKTFTFLPK,36,0.7032
GEN_6756,KHCAKKAALRHCLFCLACVLLNYFINCLHAKAFNAP,36,0.7032
GEN_6757,KHTKFECCKLALRTLRGANASNDASWCGKADVFAAV,36,0.7032
GEN_6758,WRSWFKPKGHACLSTAACLQAIILNGKGRTFTKLPKSFGIGNGNR,45,0.7032
GEN_6759,KHTKFTCCKVARRTLRGADASNFATWCGKQKVFAAV,36,0.7032
GEN_6760,THCVKKPKAHACLSYLYCLLLIINSGCVKYKVWPAK,36,0.7032
GEN_6761,PKVLCGVLPLDFPRWLGYANDCALAFC,27,0.7031
GEN_6762,FHCAKHPLAKHCIHYLACVLVTYFPVCLKAKVFAIF,36,0.7031
GEN_6763,THCAKKILGKHCLHYLACVLLTYPKACLHVAAFAAD,36,0.7031
GEN_6764,AWIKTALLCCAIKRPNWRKALQKIRHKA,28,0.7031
GEN_6765,LHCCKKLIAKHCLHYPACVILSYFNSCIKAGLFAWF,36,0.7031
GEN_6766,THCAKKIAAKHCLRYLHCLLVTYFIWPLKTFTSLAC,36,0.7031
GEN_6767,KHTKFGCCKLALPTLRGANATNFANWCGRVKVFALV,36,0.703
GEN_6768,HYCAKKPKAHACASYLAVLLLIIPNGCGKTFTKLPK,36,0.703
GEN_6769,TFCAKKFLAWHNAHYLACVLLDWFRPCLCAKAFAGD,36,0.703
GEN_6770,THCCKKAAAKNCLYYLACVLLLYFNSCLNRKVFAID,36,0.703
GEN_6771,FECAKKAAAKNCKHYLACVLLTYYIATLITKSSSIF,36,0.703
GEN_6772,AYGAMSCALARLAACCGLNASNFASWCGK,29,0.703
GEN_6773,THCATKIPAKHCLHYLACVLVGYFIACLKTFTSLAP,36,0.703
GEN_6774,FRCFYKPKAAACLSKLACLQAIILNGAGKTFTKLPHSFGIGDANR,45,0.7029
GEN_6775,TRCAKKPNKHACFSTLACLLLIFLNGQGKTGTKLAK,36,0.7029
GEN_6776,THMAKCIAAKMCLHYLACVLLTYFIACLKGFTSLAP,36,0.7029
GEN_6777,KRCWKKPKEHACLSLHGANASNFANYCGKANVYALV,36,0.7029
GEN_6778,KLSKWQCCKAALNDLRGALLTFTLFLNFG,29,0.7029
GEN_6779,NRCWCKPKVKAKLSTLACLLLIILNGCIKAFTRLPR,36,0.7029
GEN_6780,FHCAKKPLAGHCLHYLACVKLTYFNACLKDSTKLIP,36,0.7029
GEN_6781,THCAKKIALKNCLHYLACVLLTYYNSCLQRKVFLIF,36,0.7029
GEN_6782,TRAHKKAHHHGCLSTLACLLLICRNGCLKGKIDAAH,36,0.7028
GEN_6783,TRCMRKAGFRACLSYLACKILTCNNGCVKAKVYAPR,36,0.7028
GEN_6784,FHCAKKPLAKHCPHYLACVLTTYFNACLHAKAPAAF,36,0.7028
GEN_6785,THCAKKIAAKHCLHYIANQLVTYFNACLKAKVFALF,36,0.7028
GEN_6786,KRIALTAATASRFDACTYKALRSHFSQFYVLVAK,34,0.7028
GEN_6787,THCAKKPKAHACLMYIACLLLTCLNGCWGAKVFAPK,36,0.7028
GEN_6788,THCAKNPAAKRCLHYLACVLLTDFYACLKTFRRLIC,36,0.7028
GEN_6789,THCAPKIAAKHCFHFLACVLLTYFNACLHAKAGAAD,36,0.7027
GEN_6790,THCAKKIAAKHCFHYLLCVWLTYYSACLKNFTKLIP,36,0.7027
GEN_6791,FHCHRKIAAKHCLHYLACVLLTYFINCLKNFTSLIP,36,0.7027
GEN_6792,THCAKKAAAKHCLHYLKCVLLTYFNSCAKNFTDLIP,36,0.7027
GEN_6793,IGLYLCLCGAVYTIELCVCTAKRKGAT,27,0.7027
GEN_6794,IILAWPSRYTHPCIKLLKVKFKVSVLADIAQALKKDYS,38,0.7027
GEN_6795,VYGAYSHALAGLALCCRLAAANPANYCDK,29,0.7027
GEN_6796,THCAKKPHARACLSYLAMQLLNCLYGCLHQKVFAMV,36,0.7027
GEN_6797,THCAKKPLAKHCLSYLACILLTYPNACLHAETFAAK,36,0.7027
GEN_6798,THCAKKPFAHHCCSYLACVLLTYFNAAVHAKVFAVK,36,0.7027
GEN_6799,THCAKKPLAKRCLSTPACLLLTILNGCAKTFPKLPK,36,0.7027
GEN_6800,LHCAKKAAAKNCLHYLWCLLLTYFNSCLNRKLFTIF,36,0.7027
GEN_6801,THCAKHPLAWHCKHYIACVLLTYFNGCLKTFTKLAR,36,0.7026
GEN_6802,THCAKKIAVKHCLHVLACVLLTFFPGCWHAKAFAIP,36,0.7026
GEN_6803,KHTKRECCKAAKRHLRGANLFHFASWCYRAKVFAAN,36,0.7026
GEN_6804,FRCWYCGKAAACLSTLACNLLIILNVSVKVIRACNS,36,0.7026
GEN_6805,NHCAAKPHAHACLHYLACVLLTYKNACIKTFTKLPK,36,0.7026
GEN_6806,VHCARKPLAKHCLHYLPCVLLTYFNLCLKSFTKLIP,36,0.7026
GEN_6807,FHCAKKPLAKHCLHYLVCVLVTMFNACLKAKVIAIF,36,0.7026
GEN_6808,LHCAKKQAAKHCLHYDCCVLLTYFNACLKTFTSQAP,36,0.7026
GEN_6809,THCAKKAAAKHCLHYLACVPLTYFNSCLNRKVFAIF,36,0.7026
GEN_6810,FHCAKKIAAKHSLHYLAPVLLTYFNSCLKATVFALF,36,0.7026
GEN_6811,AWITTAHCKYALRTLRGANATNFLNWCG,28,0.7025
GEN_6812,FRCWKCPKAHACLSTLACLLLIKLNGKAHTFTKLPQ,36,0.7025
GEN_6813,THCAKLTKAHACLSYLACLLLICSNGDAKGKIFAAH,36,0.7025
GEN_6814,THCAKKIAAKHCLHFRGCVLVFYFIACLKNFTSLIF,36,0.7025
GEN_6815,WRCNKKPKAHACLSTLACLQAIILCGKGKTFTKYGKSFGAGFGSR,45,0.7025
GEN_6816,TRYRKKPRTHLCLSNLACLLLYPVNSCVYAKVFAAK,36,0.7025
GEN_6817,THCAARPKAHACLSYTACILLLLNNGCIKTFPKLPK,36,0.7025
GEN_6818,THCAKKAAAKHCLHYLACVLLTYFISCLQRFTLAIF,36,0.7025
GEN_6819,KHTKWQCCKAALRKLRGAILTFNLYLIYG,29,0.7024
GEN_6820,FRCWYRNKAAACLTTLACLQHIINNGKASTCTKNKNFFPLVYPDY,45,0.7024
GEN_6821,TRCAAKPDLHACLCTLACLLLTPVNGCLKAKVNAAR,36,0.7024
GEN_6822,THCAKKPLARHCKHYLACVLLCYFNACNKTFTKLIP,36,0.7024
GEN_6823,WRCWAKPKAHAELSTLACLVIEWNNGKGKTFTKIPKNFGSWTPSR,45,0.7024
GEN_6824,THLAMKPKAHACVSFLACLLLIFNNGCLKAKVFAAH,36,0.7024
GEN_6825,FHVAKKPLAKHCLHYLACVLLTYGNACLKTSTILIP,36,0.7024
GEN_6826,MHCAKKAAAKHCLHYLACVLLTYFINCLKATVFALF,36,0.7024
GEN_6827,TRCAKKPNKHACFSTLACLLLIILNGCVKAFTRLPR,36,0.7023
GEN_6828,THCVAKPHAHAHASYLACVLLTCLHGCVKAKNFAAK,36,0.7023
GEN_6829,THCAAKPHAHACLHYLAWVLITYFNACLHAKAFAIP,36,0.7023
GEN_6830,HHCAKKGLAKHCSHYLYCVLLTYFNACLHAKAFAIP,36,0.7023
GEN_6831,THCAHHAAVKNCLHYLACVLLTYFGNCLHVKAFAIG,36,0.7023
GEN_6832,VAKVCKKGIAILNLRGRVWNTIWLKGLLA,29,0.7023
GEN_6833,AWIKTALLCCAIKRPNWRKALAKIRHKA,28,0.7023
GEN_6834,FRLCVPSALKGSKRCVLVVALNCGGKIGDCRKKAPKCL,38,0.7023
GEN_6835,KHTKFDKASLALRTLMADNASNFASWCIKVKVFVAV,36,0.7023
GEN_6836,KRCWKKPKARACLSTLAANASNWVSWCGK,29,0.7023
GEN_6837,FCCWYKPKAHAPLSTLACLLLIILNGCNKTFTKLAV,36,0.7023
GEN_6838,SHCAKKPLAHHSLHYLACVLLTYFNACLFTFTKLLK,36,0.7023
GEN_6839,THCAKKALAKHCLNYLTCVLLTYFNSCLNRKQFAIF,36,0.7023
GEN_6840,TRCWYKPCAHACLSTLACLQAINLNGKGKTFTKLVKSFGAGTGNR,45,0.7022
GEN_6841,THCAKKPYAHACLSGLACLLLTPVNGCVKAKVFPAV,36,0.7022
GEN_6842,THCAKNPLAKHSLHYLACVLLTYFNACLRTFDKLPK,36,0.7022
GEN_6843,THCAKKIKAKKCLRELACVLLTYFNACLKAHDFAVF,36,0.7022
GEN_6844,THCAIKLVAKHCLHYLACVLLTCFSSCLKAKVFKIF,36,0.7022
GEN_6845,THCGKKIAAKHCLHYPACVLLTYFIACLKTFTNAIP,36,0.7022
GEN_6846,WRCWKKPKAHACLWTLACLQAIILNGKGRTFTKLAKSFGIGTGST,45,0.7022
GEN_6847,HRCWKHPKAHACLSTLACLQAIILNGKGKTFTKLPKSFGIGTGSR,45,0.7022
GEN_6848,IILMWPSRYTAPCIKLLCVRFKNSALADIFQALWKNYS,38,0.7022
GEN_6849,DRYHRKTKYPGCLSNLACLLLTCLSGCVKAIVFAAL,36,0.7022
GEN_6850,QDSAKKIRAKHCLHYLACVLLTYFNACLYAHAFAIF,36,0.7022
GEN_6851,THCAKKIAAKHCFHYLACVLGTYFIPCLKTFKSAIF,36,0.7022
GEN_6852,IHCAKWAAAKRCLHYLACLLLTYFNSCLNHNLFAIP,36,0.7022
GEN_6853,IWTLPVPLCWLLKGAARSKVLTVIWVFFKHH,31,0.7021
GEN_6854,KKALIFKLRGGDPKKIKRALTFTLYLIYG,29,0.7021
GEN_6855,KRIALTAATLTRFDACTYKALGSCFSQFYVLVAK,34,0.7021
GEN_6856,KHTKFDHCKIYLRHLREANAFNFWSWCYKAKVFAAI,36,0.7021
GEN_6857,THCAKKPKAHACLCTLACVLLTFKNMCVHARAFAAK,36,0.7021
GEN_6858,FHCTKKPLAKHCLHYLACVLLTFLNGCVKAKVDALK,36,0.7021
GEN_6859,FHCAKKTAAKGSLHYLACVLLTYFNSCLKTCTTALF,36,0.7021
GEN_6860,LHCAKKGAAKNCLHFLACVLLTYFGSCSQRFTLLAP,36,0.7021
GEN_6861,THCAKKPKLHACLSNLACLLLTPVNGCLKAKVNAAR,36,0.7021
GEN_6862,FHCAFKPLAKHCLHYLATVLLVYFNLCLHAKAFAAD,36,0.7021
GEN_6863,THCAKKLPAKHCLHYLRCVLLSYFNAFLYAKANAIF,36,0.7021
GEN_6864,PHCAKKAAAKHCLHYIACVLGTYFINCLQRFLLLAP,36,0.7021
GEN_6865,TRCWGKPKAHACDSTLACLMLDILNGCLHAKDFAAV,36,0.702
GEN_6866,THCAKKPLAKHVLHYCACVLLTYFNACLKTFTILIP,36,0.702
GEN_6867,THRNQKPLARHCLHYLACVLLTYFIPLLKTFKSAIF,36,0.702
GEN_6868,KHTQFDCCKIALRTLRGANASEFASFCGKVKVFVAV,36,0.702
GEN_6869,THCAAKPKAHYALSPMAAILLITNNGCIKTFLKLPK,36,0.702
GEN_6870,TKCAKKIAAKHSAHYLACVILTQFIACLWTFTSLLP,36,0.702
GEN_6871,SHCAKKAAFKHCLHYLACVLLTYFNSCLNRRHFAIE,36,0.702
GEN_6872,AWIKTALLCCAIKIPNWKVRYKASAIAD,28,0.7019
GEN_6873,WRHWKKPKAHAELSTLACLAIEINNGKGKTFTKLPRSFGIGTISR,45,0.7019
GEN_6874,THCAKKPCAKKCQHYLACVLVTYENACIKTETKLPK,36,0.7019
GEN_6875,THWAKKILVKHCLHYLACVLLTFFAACLKEPTSLVP,36,0.7019
GEN_6876,FHCAKKPLGKHCLHYIACVLVTYFNSCLKAKVFLAP,36,0.7019
GEN_6877,TECAKKPKAHACLSYLACLLLICTNGCKKAKVFAPR,36,0.7019
GEN_6878,TTCAAKPHAHACTSYLACVLLTYLNGCVKAKVFAVP,36,0.7019
GEN_6879,THCAKKPLLKHCLHYLACVLLRYFNACLHTFVKLIP,36,0.7019
GEN_6880,FHCAVKPLAKHCSHYLACVVLTFLNGCVKEKVFAVP,36,0.7019
GEN_6881,THCHKKAAAKNCEHYLACVLDTYFGNCLKNFIMLAP,36,0.7019
GEN_6882,SAFNRVCTCWLLKGASRSKCQRSFVKAKFHAP,32,0.7018
GEN_6883,THCAKKIAAKYCLHYLACVLLTFFIASLKCFTSLAP,36,0.7018
GEN_6884,GPWGSRCAGGISLARILSTTRRVAGGLIALNRRSGKILF,39,0.7018
GEN_6885,RKALWFKKRGGDPKKIMHILTFTLYSIYA,29,0.7018
GEN_6886,KHNKFDKKSLWLRTLRGANASNFASWCGKVKDFVAV,36,0.7018
GEN_6887,LRTAKKPNKHAAFSVLACLLLVILNGCVKAFTRLPR,36,0.7018
GEN_6888,NHCAKVAHYHACLSTPACLLLTILNGSVKAKVFALP,36,0.7018
GEN_6889,THCAKKAAAKHCLHYLICVLLTYFINCLKNFTSLAP,36,0.7018
GEN_6890,THCAKKPKAHACLSYLACLILTGVSGCAKAKVFPAV,36,0.7017
GEN_6891,THCAARPKAHANLSYKACVVLHYWNACVHAKVFAAK,36,0.7017
GEN_6892,THCAAKPNAHACLSYLACVLLTYLNGCVGTYDKLPK,36,0.7017
GEN_6893,FVCWYKPKAAACLSTLACLQAIILNGYGKVKVFVCV,36,0.7017
GEN_6894,LHCAKHIAAKHSLHYLACVLVTYFIACLKTFHSAAR,36,0.7017
GEN_6895,THCAAKPHAHACLSYYACVLLTYFNACVHAKVFAAK,36,0.7016
GEN_6896,VHCAKKIAAKHCLHYLTCVLVTYYIACLKTFTSLAP,36,0.7016
GEN_6897,LSCAYKIAAKHSLHYRACVLLSYFIFCLKTYTTLVP,36,0.7016
GEN_6898,FHCAHKTEAKNCEGYLACVLLTYFGNCLKNWASLAP,36,0.7016
GEN_6899,THCAKKGLADHCLHYSACVKLTYFNACLKTFTKLIP,36,0.7015
GEN_6900,THCAKRILAKHCLHYLACVLLTYFNSCLKAKVFQIF,36,0.7015
GEN_6901,FHCAKKAAAKHCLHFLACVLLTYFINSLHAKAFAIP,36,0.7015
GEN_6902,THCAKKVATKWCLHHLACVLLTYFGSCLQRFTLLAP,36,0.7015
GEN_6903,VAKVCKSGIAILNLRGRVDNTIWLKGLLA,29,0.7015
GEN_6904,THCFRKPKAHACLSYLGCLILICNNGCLGAKVFAAH,36,0.7015
GEN_6905,CHDAKKILAKHHLHFLACVLLTYFNACLHAKAFACP,36,0.7015
GEN_6906,HHCAKKLVAKHCLHYLACVLLTYFNSCLMAKVFAIF,36,0.7015
GEN_6907,FHCAKKPLAKHCLHYIACKIATYYNCCLKAKVFHIF,36,0.7015
GEN_6908,SAPMRVCTGWLLKGAARSKVLWVIWVFFKHH,31,0.7014
GEN_6909,FRCWYKPQAAACLSTLACLQLIILNVSKKVIRAVAV,36,0.7014
GEN_6910,THSAAKPHAHACLSFLACVLLTYLAGCVKATVFAIP,36,0.7014
GEN_6911,TRCAKKPNKPACFSTLACLLLIFANGQAKTFTKLAV,36,0.7014
GEN_6912,THCVWDPKAHAHLSYLACLYLVICNGCLKAKICAAR,36,0.7014
GEN_6913,THCAKKPLAKHCLSYLACVLLIINNPCVKAFTRLPR,36,0.7014
GEN_6914,THCAKKPLAHACLSYLACVHLTTLNGCVIAKVHVVP,36,0.7014
GEN_6915,SHCAKKAAAKNCLHYRACVLLTYFGSCLQRFTLLAP,36,0.7014
GEN_6916,THCAKVAEAKFNLHYLALVMNTYFNACLKTFTILIP,36,0.7013
GEN_6917,KHTKFGCCKLALRTQRGLNATNWANWCSQVKVFAAV,36,0.7013
GEN_6918,RVVCDPLCYIHHCLKLLKNRFKASALADIFELLKKNNS,38,0.7013
GEN_6919,KHTKFGCCKLALRTLRACLQAIILNGKGKTFTKLPK,36,0.7013
GEN_6920,WRCWYKPKAHACVSTLGALLTFSLFLIYG,29,0.7013
GEN_6921,NHCAKKPKAAASLSYLACLLLTPVPGCVKAKVFARV,36,0.7013
GEN_6922,THCAKKPLAGTSLSYAACVLLTFFQACLHVKAFAAK,36,0.7013
GEN_6923,THCAKKIAAKHCLHWLACVLATYFNASVHADGFAIP,36,0.7013
GEN_6924,NHCAKKPKAHACNSYLACINLTPVNACVKAKVFPAV,36,0.7012
GEN_6925,HHCAKKPLAKHCLHYLLCVLLTYFNACLHAKAFAAD,36,0.7012
GEN_6926,CRCAKKPNKRASFSNLACLLLLLLRGQGKTYNKAGL,36,0.7012
GEN_6927,THCAKKIGAKHCLHYLGPVAVTYFYACLKTFISLAP,36,0.7012
GEN_6928,VAHVCKCCKLASLARILSTTFHVAGPLIA,29,0.7011
GEN_6929,THCFKAPKAHACLSYDACLLLICQNGCLKGKIFAAH,36,0.7011
GEN_6930,THAAKKKKAHACLCHLACLLIIILNETYKPTTFEPK,36,0.7011
GEN_6931,THCAKFGAAKHSLHFLACVLLTYSIACLKTYTTLIP,36,0.701
GEN_6932,THCAKKPMAHACLSYLACLLLTCNNGCVKAKVFAVP,36,0.701
GEN_6933,THCAKKILAKFHNHYLACVLLTYWNACLKTFTILIP,36,0.701
GEN_6934,THCAHRILAKHCLHCLACVLLAYTNASLHYKAFAVP,36,0.701
GEN_6935,FHCAKKTAAKHSLHFTACVLLTYFNSCLKATVFALF,36,0.701
GEN_6936,GKCWKKPKAHACLSTLAILLAIILNGKGKTFFKLPKSFGIGTGSW,45,0.7009
GEN_6937,VAHVCKCCKLALLSTLACLLLIIFNGCLK,29,0.7009
GEN_6938,WRCWYKDYAHACLSTLACLQAIKLNGKAKTFTKLPKSYGIGTGNW,45,0.7009
GEN_6939,TRYHKKPHYAACLTTPACLLLTILNGSVKAKVFALP,36,0.7009
GEN_6940,TVCAKKICAKHCLHFLACVLLTYFINCEKNFTSAAP,36,0.7009
GEN_6941,FRCWYKPKAAACLSTLACLQLIFLCVSKKVIRFAAV,36,0.7009
GEN_6942,THCAKKPLAHACQNYLACVLLTYFDACVHAKVWAYK,36,0.7009
GEN_6943,TRVAARPKAHLCLSYTACILVLLNNGCIKTFPKLHK,36,0.7009
GEN_6944,FHCAKKPLAKHCLCYLACVLHTGFNNCLKSFTKLIP,36,0.7009
GEN_6945,THCAKKPIAKHCLCYLACVLLTPRNACLKTFTTVKP,36,0.7009
GEN_6946,ILLCWPCCKIALRTLRGANASNFASWCGKVKVFVAV,36,0.7008
GEN_6947,RRCWYKPKAAACLSTLLSLQGGILNYRGKTFSKIAKSFGSWDAWR,45,0.7008
GEN_6948,KKTKFHCCKLALRTLHGANATNFHNWCGEVKTKLPK,36,0.7008
GEN_6949,LHEAKKIALKTSLMYLACVLLTYYIASLKTYTSLIP,36,0.7008
GEN_6950,FHCAKKIAAKHYLHYLAPVLLNFFIWCVKTYTLLAP,36,0.7008
GEN_6951,LHCAKKIAAKHSLHYYGCVLVTYCIACLKTNTNHAP,36,0.7008
GEN_6952,LHCAKKAAAKNCLHYLACVLLTYFGSCHQRHTLLAP,36,0.7008
GEN_6953,KHTKFECCKVALLSTWACLLAAILNGRGKTFTKLPK,36,0.7008
GEN_6954,FRCWYKPKAAAALSTLACLHLIILNVSKKPFTKIPQ,36,0.7008
GEN_6955,TRCAKKPYAYICLSTLACASLIILPTHLKAIVFGAW,36,0.7007
GEN_6956,TTCAKKPLAHHCVSYLACVLLTFFNACVHAKVFAVK,36,0.7007
GEN_6957,THCAKHIAAKHCLHYLACVLLTYFNSCLKATTSLAP,36,0.7007
GEN_6958,FRCWYCPKAGACLSTLKILQAIILNGDGKTFTKLPKIFGIGTPSR,45,0.7007
GEN_6959,FRCFFKPKAAACTSTLACLQLMILNGCVKAFTKLAK,36,0.7007
GEN_6960,FRCWYKPKGAACLSTLACLNAIILNGKGKTFTKIPKNFGSWTPSK,45,0.7006
GEN_6961,FHCAKKSLAKRCIHHLACVLLTFLNGCVKAIVFAVP,36,0.7006
GEN_6962,TVSAKKIAAKEALHYLACVDLTYFNSCPNRIVFAIF,36,0.7006
GEN_6963,THCAKPAAAKNCLHYLACVLLTYFNTCLNRKVFAIF,36,0.7006
GEN_6964,THCAAKPHAHACLSYMAADTLIINNGCGKTKTKLPK,36,0.7005
GEN_6965,FHCYKKPLAIHCVHYLACVLVTPFNACLKAKVFAIF,36,0.7005
GEN_6966,FHCARKTKALHSKHYAACVLLTYFNSCLKATVFAPF,36,0.7005
GEN_6967,AWIKTALLCCAIKIPNWRKDLAPTLVGP,28,0.7005
GEN_6968,KHWKFDCMKIKLRTLRQANVSNFASWCGKVKVFVAV,36,0.7005
GEN_6969,WRAWYKPKAHACLSTAVCLLLIINNGKGKTFTKLPNSFGLGDANR,45,0.7005
GEN_6970,FHCAKYPLAKHCLHYLACVLVTPFNGCLKWFTSAAR,36,0.7005
GEN_6971,THCTKKAAAKHCMHELACVLLTYFIAYTKNFTSLAP,36,0.7005
GEN_6972,TRCWYKDYIHVCLSTLACLQAIKLNGKAKTFTILPKSYGQGTGNW,45,0.7004
GEN_6973,TSCAKKPKAHACLSTLACLLLIILNGTVKAKVSAPR,36,0.7004
GEN_6974,TRCAKKPKAHACLCHLACQRVIILNETYKTFTTLPK,36,0.7004
GEN_6975,THCFKKPKAHACLSYLACLLLICSNGCLKAKVFGAQ,36,0.7004
GEN_6976,THCAKRPKPHACLSNLACLLLTPVNGCLKAKVTAAG,36,0.7004
GEN_6977,THCAKRILAKEELHHQACVALTYLNGCVKAKVFAVH,36,0.7004
GEN_6978,SAFMRVCTGWRYIKGYLGAWRLGAYVLSSRS,31,0.7004
GEN_6979,ILLCWPSKKLALRTLRGANASNFVKWCGK,29,0.7004
GEN_6980,THCAKKPLAHATLSYLGCLLLTCLSGCVKAKVYAPR,36,0.7004
GEN_6981,THCAKKIAAKHCVHYLACVLVTYDNAILHVKAFAIP,36,0.7004
GEN_6982,FHCAKKPLLKHCLHYIAVVLWTYFNASLKAKVCALF,36,0.7004
GEN_6983,THCAKKAAAKNCLHFLACVLLTYFNSCLQLKVFAIF,36,0.7004
GEN_6984,AWIKTALLCCAIKIPNWRKALAPTLVGP,28,0.7003
GEN_6985,LHTKFQCCKLALRTLHGANASDFGSWIGKAKVFAAV,36,0.7003
GEN_6986,RLTKFGCCKLAARTDRGANATNFANWCGKVKVFAVF,36,0.7003
GEN_6987,TRCWYKDYAHACLSTLACLQAIKWNGKAATFTKLPKNYGIGTGNW,45,0.7003
GEN_6988,FRCWYKPKAAACLFTLAFLQLIILNVKGKTFTKTPK,36,0.7003
GEN_6989,TRCAKKPKATACLSTLACVCLTILNGCVKVKVFAAH,36,0.7003
GEN_6990,TRFHKGPCYHACLSNLACLVLTPVNGCLIAKVTAAG,36,0.7003
GEN_6991,LHCAKKIAAKHSLHYLACVDYTYFIACLKTCTTLIP,36,0.7003
GEN_6992,HVCWYKAKAALRLCFLACLQLIIGNVSKKVNRACLSL,37,0.7003
GEN_6993,THLAMKGKAHFCLSFLACLCLIHNNGCLKAKVFAAH,36,0.7003
GEN_6994,LRYHRKTKYHKCLTPLCCVLLTPLNGCVKAAVFAAV,36,0.7003
GEN_6995,TGCAKIAAYHNCIHFLACVLLTYFGSCLQRFTLLAP,36,0.7003
GEN_6996,TRCWKKWNKHMCLSTLACLALIILNGQGKTFTKLPK,36,0.7002
GEN_6997,THCAKKPKAHACLSYYACILLIINNGCGKTFTKLPK,36,0.7002
GEN_6998,FFCAKKPLAKHCLHYLACVLLTYFNACLHAHAFAAD,36,0.7002
GEN_6999,RKALWFKLRGGDPKKIKRILTFTLYLIYG,29,0.7002
GEN_7000,LHCAKKAAAKHCLHYLACVLLTYFNSCLNRHVFAIF,36,0.7002
GEN_7001,WHCAKKPAAKHCLHYLAKYLITYFINCLKNFTSLAY,36,0.7002
GEN_7002,KRAFCLIIKARYNLEIPVCTAKRKGAT,27,0.7001
GEN_7003,THCAAKPHAHACLSYLACVLLTYFNPCLKTFTSVKP,36,0.7
GEN_7004,KHTKFDRKSLALRFLRGANASNWASWCGKVKVYVAV,36,0.7
GEN_7005,KYTKFGSCKLAARTLRGAFATNFANWCGHVKVYAQV,36,0.7
GEN_7006,THCAKNPLAKRCLHYLACVLLTYFNACLFWWTSLIP,36,0.7
GEN_7007,THCAKKPLCKHCTHYLACVLVTYFNAPLHAKAFAAD,36,0.7
GEN_7008,LHCAHKIAAKHSLHYLACKYVKYFIVCLKTFHSLAP,36,0.7
GEN_7009,AWTKFECCKLALRTLRGANASNDASWCG,28,0.6999
GEN_7010,WRCWYKPKAAACLSTLACLQLIILNGCVKAFTRLPR,36,0.6999
GEN_7011,KRCAKKPKAHACPSTLACLLLIILNGCLK,29,0.6999
GEN_7012,NRCWKKPKDHAILSTLACLLLIILSGCVKAFTRLIR,36,0.6999
GEN_7013,TRCWKKPNKHACFSTLACLLLIINNGKGKTFTKLPR,36,0.6999
GEN_7014,TRYRKKPHTHLCLSNLACLLLYPFSACLHAKAFAAK,36,0.6999
GEN_7015,THCASKLLAFHCLHYLACVLLTYFQACLHGRAFAIP,36,0.6999
GEN_7016,AYGAMSCALARLALCCGLAHCCGGYSIYA,29,0.6998
GEN_7017,FRFWYKPKAAACLSTLACLQAIILFLIYG,29,0.6998
GEN_7018,WRCWYKMKAHARISTLAELLLNILNKMNKIKVFAAV,36,0.6998
GEN_7019,FRCQYRPKAAACLTTLACLQTNFAYWCEKVKVFLPK,36,0.6998
GEN_7020,MRCFKKPKAKVCLSTWACLLASILNGRGKTFTKLPDTFPIGTGRR,45,0.6998
GEN_7021,THCADPPKAHACLCTIACLLLILLFETLKTFTKLPK,36,0.6998
GEN_7022,IHCAKYPLAQTCLHYLACVLLTYFNATLKDFTKEIP,36,0.6998
GEN_7023,KHTHFECCKLALRTLRGANASNFASWYGKEKVFAAK,36,0.6997
GEN_7024,SAFMRVCTGWLLKGAARSKVLWVIWLFFKHH,31,0.6997
GEN_7025,WRCWYKMKLHACLSTLACLQAKILNGKGWTFSKLPESFGIGTGNR,45,0.6997
GEN_7026,KHTKFWCCKAALRHLRGAISTFTLYLIYY,29,0.6997
GEN_7027,THCAPKPKAHACLSYLACASLIILNTCVKAFPRAAV,36,0.6997
GEN_7028,THTGVKPKAHACLSNATCVLLTYLNGCVKAKVFAVP,36,0.6997
GEN_7029,FRCWFKPKAAACLSTLACLLLIELNGCLKAHVFEAR,36,0.6997
GEN_7030,KPLCVPSALKGSKRCVLVVALNCGGKIGTCRKKAPKCL,38,0.6996
GEN_7031,WRCRKKPKAHACLSTLACLQAIILNGKLKTFTHLPKSFGIGWGPK,45,0.6996
GEN_7032,TRAPKHPKAHLCLCTLLCLLLIILNRTYKTYLKSPK,36,0.6996
GEN_7033,TRCAKKILVKHHLHYLACYLLTYPPACLHAKAFAIP,36,0.6996
GEN_7034,KHTKFECCKLTLRTLRGYNASNWASWCGKAKVFAAV,36,0.6996
GEN_7035,THCAKRILAKHCVHYLACVLLTHFNACLKTFTSLAP,36,0.6996
GEN_7036,FHCAKDPLAKHCIHYLACYLVTYFNACLKAKVFAIF,36,0.6996
GEN_7037,SHCAKKAAAKNCLHYLACVLLTYFQSCFNAKVFAIF,36,0.6996
GEN_7038,SLDFCLIIKAAIKRPNWRKALAKIRHK,27,0.6995
GEN_7039,LHTKWPSRYTHPCIKLLKVRFKVSALADIFDALKKN,36,0.6994
GEN_7040,KHTKFDCCKIHNCIKLLKVRFKVSALVDAFEALKKA,36,0.6994
GEN_7041,THCAAKPHAHACLSYPACVLLTYFNACLKTFDKLPK,36,0.6994
GEN_7042,ILLCDADRFTYPAIKLLKVRFKANALADLVEVLKKNNS,38,0.6994
GEN_7043,FHCAHKPLAKHPLHYLACVKLTYFNACLHAKAFAAD,36,0.6994
GEN_7044,THCAKKAAAKHCLHRLACVLLTYFINSAKNFTSLVE,36,0.6994
GEN_7045,THCAKKPKYHACLSYLNCLLLICQNGCLKGKIFAAH,36,0.6993
GEN_7046,THCAKKPLAKHCLRYLWLVLLTYWDLKLHTNTLLIP,36,0.6993
GEN_7047,DHCAKKILAKHCLHFLCCVLLTYENLCLKTKAFAIP,36,0.6993
GEN_7048,THCAKKIAAKHCLHYLNCVLLTYFINCLKNFNGLLP,36,0.6993
GEN_7049,THTAKKIAAKHCLHYLLCVLLTYFIWCVKTFTLLAH,36,0.6993
GEN_7050,AAKVCKSGIAILNLRGRVDNTIWLKGLLA,29,0.6993
GEN_7051,SAPMKVCTGWLLKGAARSKVLIVIWVFFKHH,31,0.6993
GEN_7052,AWIKTALLACAIKIPNWRKDLAPTLVGP,28,0.6993
GEN_7053,FRCKKKPNKHACFSTLACLLLIVLNGQGKTFTKLAL,36,0.6993
GEN_7054,TWCAKKPKATACLTYQACLLLTPVNGCVKAKVFPDV,36,0.6993
GEN_7055,TRYHKKPHYHACLSTPKCLLLTILNGCVKAKVVALD,36,0.6993
GEN_7056,LHCAKKIAHKHCLHYLARVLLTYFINCLKNFTSLAP,36,0.6993
GEN_7057,TVCAKKIFAKHCLHDLACVLYTYFIGSLKTFTSATP,36,0.6993
GEN_7058,KHTKFDKASLALRFLRGAGASNFAEWCGKVKTFYAV,36,0.6992
GEN_7059,TPYHKKPHYRACLSTLACLLLTILCGCVKAKVKAAH,36,0.6992
GEN_7060,THCAKKPLAKHCLSYLACVLLTYFNACVHAKVQAVK,36,0.6992
GEN_7061,ILLCDPSRYTHPCIKLLKVRFKLSALADIFEALKKNNS,38,0.6992
GEN_7062,WRCWYKPKAHACLSTLACAPAIILNGKGKTFTKLPKNFAIGPGNR,45,0.6992
GEN_7063,KHTHFDCCKIATRTLRGHNASNFASWCAKVKAFVAV,36,0.6992
GEN_7064,THLAMKPKAHACLSFLACLLLIWNSGCLKAKVFLAH,36,0.6992
GEN_7065,GHDAKKIPAYHTLHYLACVLLTYFNACLQTFTSLIP,36,0.6992
GEN_7066,THCAKKPLAKHCLHYLACVSLTYFNACLHAHALAGD,36,0.6992
GEN_7067,THCAKKIAAKHCFHYVACVLGTYFIWCVKTFTLLAP,36,0.6992
GEN_7068,FRCWYKPKAAAALSTLACLQAIFASWCGKVKVFAAV,36,0.6991
GEN_7069,FVCFYKPKAHACLSTAACLLLIILNGCNKTFTKVAV,36,0.6991
GEN_7070,THCLKKPLGHVCLHYRAFVLLTYFQACLHAKAFAIP,36,0.6991
GEN_7071,FRCWYSPKAAGALSTIACLQPIILNVFKKTFTKIPK,36,0.699
GEN_7072,THCAKKPLAKRCLHYLACVLLTYMNGSVKTFSYLAR,36,0.699
GEN_7073,TRCAKKIAALHCLHYIACVLLTYFIGCLYTFTNAAP,36,0.699
GEN_7074,THCTKKIAAKHCLHYLPCVKVTYFIAALKTFHSLAP,36,0.699
GEN_7075,TRCAKKPRAHACLCTLACLLLTPVNGCVKAKVFPAD,36,0.699
GEN_7076,LHTAKKIAAKHSLHRLACVLLTYFIACLRTFTSLLP,36,0.699
GEN_7077,THTAKKIAAKHCLHVLICVLLTYFIWSVKTFTLLAP,36,0.699
GEN_7078,SAFMRVCTGWLLKGAARSKVLWVIWVFFKHH,31,0.6989
GEN_7079,TSCAAKPKAHAALSFMACIILILNNGCIKTATKLIK,36,0.6989
GEN_7080,FHCARKIAAKHSLKWLACVLLTYYIACNFPYTTLIP,36,0.6989
GEN_7081,PRCAKKPNKHACLSNLACLLLTIVNGCGHTFTRIPK,36,0.6989
GEN_7082,THYRKKAHNHLCLSTLACLLLIILVGCVKAFTRLPR,36,0.6989
GEN_7083,THCAQHRLAKHCLHYLACVELTYFNAWLKTFTNLAD,36,0.6989
GEN_7084,THCACKILAHHCYHHLACVLLTYFNACLHAKAFAAN,36,0.6989
GEN_7085,TVCRKKIAAKACLHYLRCTALTYFINCLKNFFPAGP,36,0.6989
GEN_7086,AWIKTALLCAAAKIPNFRKDLAPTLIGP,28,0.6988
GEN_7087,NHCAKKPKAHACTSYVACLLLTPLNGCVKAKVFAPR,36,0.6988
GEN_7088,THCAKKPLAKHCLHYLACTLLTYFNASLDTFTSVKP,36,0.6988
GEN_7089,THCAKHAAAKHCLHYLACVLLTDFINCLKNFLSLAP,36,0.6988
GEN_7090,KPLCVGSALKGSKRCVLVLALNCGGKIGDCRKVAPKCL,38,0.6988
GEN_7091,TVCAKKIIAKHCLHYNACALLTYFILCLKTFTSNAP,36,0.6988
GEN_7092,RRCWYKPKAAAALSTLACLFLIILNVSKYTFTSIPQ,36,0.6987
GEN_7093,TRYHKKPHYHACLSTLACLCLTIFNGCVFAKVFAAH,36,0.6987
GEN_7094,SRLVKKPKAHAFLSTKACLLLIICNACVRVFTRLPR,36,0.6987
GEN_7095,TFCAMKFLAHACLSYLAAVLLTYLNGCVKAHVFAVP,36,0.6987
GEN_7096,THCAKKAAAKHCLHYLCCVLLTYFNSCLKMTVFALF,36,0.6987
GEN_7097,FRCWYKPRAAHFLSTLACIQAIIVDASKKVIIACNTI,37,0.6986
GEN_7098,LHCAKRILACHCLHYNASVLLTYFNPCLHAKAFAAD,36,0.6986
GEN_7099,THCAKKFAVKHCLVYLACVLLTYCYNCLKTFTNLEP,36,0.6986
GEN_7100,YDSAKKTAAHHSLHDLACVLHTYFNSCRARTVFALF,36,0.6986
GEN_7101,LGLYLALCGAVWFIELCVCTAKRKGAT,27,0.6985
GEN_7102,VAFVCKKGIAILNLRVKVDNTIWLKGLLA,29,0.6985
GEN_7103,KWLCVPSALRGSKRCVLVVALNCGGKIGDCRKKAPKCL,38,0.6985
GEN_7104,KHTKFGCCKFLLRTLRGANATNFANKCGKVKVFAAV,36,0.6985
GEN_7105,ILYCDPSKYTHPCIKLLKVRFKLSALADNFEALKKNNS,38,0.6985
GEN_7106,FRCWYRPKAHASLSTLACLKCIICNGKGKTFTKVPK,36,0.6985
GEN_7107,TDYHKKFKYHGCLSNLACLALTPVNGCVKAKVFACL,36,0.6985
GEN_7108,THCAKKPKAHACLSYLGCLILTPVNGCVYAKVFPAV,36,0.6985
GEN_7109,THCAKKIAAKDCLHYARCVLLNYFNACLKTETSLIP,36,0.6985
GEN_7110,VHCAKKIASKHCLHYLACVLLTYFIGCLKTFTSLRP,36,0.6985
GEN_7111,FHCAKLTAAKHSPHYLASVLLNYFNTCLKATVFALF,36,0.6985
GEN_7112,FRCWYQQKAAAALSTLACLQGIILNGKGITFTKLPK,36,0.6984
GEN_7113,THCAKKPKAHACLSYQACLLLTPVNGCWKAKVFAAV,36,0.6984
GEN_7114,THCAKKPKAHACLSYLGCLLLTPVNGCVKAKVFPAV,36,0.6984
GEN_7115,THCAPNPLAKRCLHYLACVLLTYFNACLKWFTSLIP,36,0.6984
GEN_7116,THCAKKPDAKHCLHYLACVLLTFQNGCLKVKVFAVK,36,0.6984
GEN_7117,SAFARVCTGWLLKTFARSKCQRVFIHAKFIAL,32,0.6984
GEN_7118,TRCAKKPKAHACLSTLACLLLIILHGCVHAFTRLPR,36,0.6984
GEN_7119,NHCAKRILAKHCYHYLACVLLTYFNACLKTSTSLAD,36,0.6984
GEN_7120,NHCAKELVAKHCLHFLAAPLLTYFNACLKTFTSAAP,36,0.6984
GEN_7121,EGCAKKPAAKHCLHYLACVLIMWFIALRKTFMSEDN,36,0.6984
GEN_7122,KHTKFECCKLALKTLYGANASNFLNGCGKVKVFVAV,36,0.6983
GEN_7123,THYRKKAHNHACLSTLACLLLIILNGCVFAFTRLPR,36,0.6983
GEN_7124,THCAKKPDAHACLSHLACLLTTCLNGCLKGFTQLPK,36,0.6983
GEN_7125,THCAKKAAAKNCLHYLYCVLLTYFNSCLNRKVFAIF,36,0.6983
GEN_7126,THCFKKPKAHACLSNLACLLLTPVQAPVKAHTFLPK,36,0.6983
GEN_7127,FHCAKYPLAKCCLHFLACTALDYFNATLKTFTSVKP,36,0.6983
GEN_7128,THCADIIAAKHSLHYLACVLLTYFIACLKTFKSAIF,36,0.6983
GEN_7129,FHCAKKAAAKNCLHYFACVLLTYFNTCLNRKVFAIF,36,0.6983
GEN_7130,AWTKFECCKLALRTLRGANASNFASWCG,28,0.6982
GEN_7131,TRYHKKPKYRACLSNLACLLLTPVLGCVKDIVFACV,36,0.6982
GEN_7132,NHPAKKAAVKHCLHYLACVLLTYFNSCLNRKLFAIF,36,0.6982
GEN_7133,KPLCVPSALKGSKRCVLVVALNCGGKIGDCRKKAPKCL,38,0.6981
GEN_7134,TRHAARPKAHACLSYTACVLCTYFNACLHAKAFAAH,36,0.6981
GEN_7135,THCAHKPDVKHCLRYIACVLLTYLNGCISAKAFAIP,36,0.6981
GEN_7136,RKAAVDCCKIALRTLRGANASNDASWCGK,29,0.698
GEN_7137,FRCWYKPKAAACLMTSACLLLIILPGRGKTFKKLAV,36,0.6979
GEN_7138,TRYRKKPHYHACLSTEACLLMTILNGCVKSSVFAVP,36,0.6979
GEN_7139,THCAKKPLAHALVSYLACVLLTYFSACVHAAVFAAQ,36,0.6979
GEN_7140,THCAANLIAHLILSYMACYLLILNNGCIKTFFKLPK,36,0.6979
GEN_7141,THCAKKPLGKVCLHYLAFVLLVYFNACSPAKAFAIP,36,0.6979
GEN_7142,FHCAKKPAAKHCLHYHACVLLTLINGCVKAKVFVHK,36,0.6979
GEN_7143,CHCAKKVVAKRHLHYLHCVLLTYFNSCLKAKVFAIF,36,0.6979
GEN_7144,THCAKKILGKHCLHWLACKLLTWFIACLKTFTNLIP,36,0.6979
GEN_7145,FHTKFHACESALRGLRNVNASNFVSWCGKAKVFAAV,36,0.6979
GEN_7146,NHTKFDCCKIALRHLRGANAFNFWSTCYKAKVFAAI,36,0.6979
GEN_7147,VAKVCKKGIAILNLRGRVDNWIWLKGLLA,29,0.6978
GEN_7148,KHIYFEACKQAARTLRCGNASLFASWCGKAKKFAAV,36,0.6978
GEN_7149,FKCWYKHAAAACLSTLTCLQAIILNGCGKVKVFVGV,36,0.6978
GEN_7150,SAKNKKPKAHACLSTMACLLLIILNACLLAKVFAAR,36,0.6978
GEN_7151,IHCAKVAVAKHCLHYIACVLLHYFNSCLNRKLFAIY,36,0.6978
GEN_7152,KKTKFECCKLALRTLRGHNASIILNGKGKTFTKLPK,36,0.6978
GEN_7153,WRCWKKPKAHAEGSTLACLLLIINNGKGRTFTKLPRPFGIGTISI,45,0.6978
GEN_7154,THCALKALAKHSIHYLKCVLLTYLNGCVKAKVFHVP,36,0.6978
GEN_7155,THCARRILAKHCLHYLACVLLTYFINCLKNFTSLIP,36,0.6978
GEN_7156,THCAKKLVAKHCLHFLLCVLLKYFNSCLKAKVEAIF,36,0.6977
GEN_7157,FHCAKKTAAKHSLHFLACVLATYFESCLKATVFCLF,36,0.6977
GEN_7158,ILVCWFSKYNHSCIKLLKVRFKVSALVDAFEALKKANS,38,0.6976
GEN_7159,LHCAKKIAAKHCFHYLACVLLTYFNACLHATAFASE,36,0.6976
GEN_7160,THSAKKAAAKNCLHYLACVLLTPFNSCLNRKVFAVF,36,0.6976
GEN_7161,AYGAMSCALARYTLEIPVCTAKRKGAT,27,0.6976
GEN_7162,VAKVCKKGIAILNLRGRVDNTIWLKGLLA,29,0.6976
GEN_7163,RKAAVDCCKIALRTLRGANASNFASWCGK,29,0.6976
GEN_7164,KHTKFECCKLALRTLRGANASNFASWCGKTFTKLWK,36,0.6976
GEN_7165,WRCWYKVKAIACLATLASLQAAIFNGKGKTFTKLPKSFGIATGNR,45,0.6976
GEN_7166,ARCFWLAKAHASLSMSAFLTLIILNGCLHAWIFAAR,36,0.6976
GEN_7167,TRYHKKPHYPACLSTPACLLLSILNGCVKAKVFALP,36,0.6975
GEN_7168,THAAKKPLAKHCLHYIACTTLTFLQCCVVAKVWAVL,36,0.6975
GEN_7169,MHCAKKAAAKHCLHYLKCVLLTYFNSCLNRKFFAIF,36,0.6975
GEN_7170,WRWWKRPKAHACLSTWATLLAAQLNGRGKTFTSLPKTFPIGTGSR,45,0.6975
GEN_7171,MRCWYKPKAAACLSTLACLQAIILSGPGKDFTKLPK,36,0.6975
GEN_7172,NRCWKKPKAHVCLSTLACLDLIILNGCPKAFTRLPH,36,0.6975
GEN_7173,TRYHKKPHYHAALSTLACALLTISNGDVRAKVFVPV,36,0.6974
GEN_7174,WRLWYKPKAHACLSTLACPLLIILNPCNKTFTKCAV,36,0.6974
GEN_7175,LHCAKKIAAKRSRHYKACVLLTYFIACLFTCTTIIP,36,0.6974
GEN_7176,KHTKFDCCKLADRTLRGANASNFASWCGKVKVFAAV,36,0.6974
GEN_7177,KRTADTAATASRFAACTYKILHSRGTIYYVLVAK,34,0.6974
GEN_7178,LHCAHKIAAKHSLHYLACVLLTYFIACLFTCTQLIP,36,0.6974
GEN_7179,AYGAMSCALARVALCCGLAHCCGGYSIYA,29,0.6973
GEN_7180,FRCWFGCCKLALRTLRGANATNFANWCGKVKVFAAV,36,0.6973
GEN_7181,WYLWYKSKAHACLSTLACLLLIALNPCVKAEVFAAR,36,0.6973
GEN_7182,THCAWKPKLHACLSYLACWCLTPVNGCVKAKVFPAS,36,0.6973
GEN_7183,THMAHKPDAHACLSYLACGLLIILNETLKTFNKLPK,36,0.6973
GEN_7184,THCAKKAAAKNCLHTLACVLLTYFISSVHAKAFAIP,36,0.6973
GEN_7185,FRCWYKPKAAACLSTLACLQAIILNGCGKTFTKLPK,36,0.6972
GEN_7186,TRCARKPKAHACESTLACLLLIELNGCLKAHVFPAR,36,0.6972
GEN_7187,SHCAKKAAAKHCLHYLACVQLTYFINCLKNFTSCAP,36,0.6972
GEN_7188,THQLKKFAMKDCLHYLASVLLTYFGSCLNRKVDAIF,36,0.6972
GEN_7189,THCAKKPLAYHCLHYLACVLITYFNACLHAKAFLTD,36,0.6972
GEN_7190,IWTLPVPLCDAPTACALLLYCLLSEASKKVIRASNSI,37,0.6971
GEN_7191,FRCWYKSKAAACLNTAACRKAIILNGKWKTFTKLPKSFAIPDANR,45,0.6971
GEN_7192,THCAKKPLACHCLHYLACVLLQFLNGCVKAKCFAHM,36,0.6971
GEN_7193,FHCAHHGLAKHCLHYLAAVLHTFLNGCVKAKAFAVK,36,0.6971
GEN_7194,THCAKKPKTHACLSNLACLWITPVNGCVKAKVFAIV,36,0.6971
GEN_7195,THCAARIKWHANLSYLACFLLHPVQGCLKAAYFAAV,36,0.6971
GEN_7196,LHCAKKIAAKHSLHYLHCVLLTYFIACLKTCTTLIP,36,0.6971
GEN_7197,THCAKKAYAHNCLHYLANVLLTYFNTCLQRKVFMIF,36,0.6971
GEN_7198,TRCAKKPKWHACLSTYACVLHFYFNACVHAKVFAAK,36,0.697
GEN_7199,THCAHKIAAKHCLHYLACVLLTYFIACLKTFTSLDP,36,0.697
GEN_7200,PHCRKKHLCKHCLHYLACVLVTYFNACLKAKVFAIF,36,0.697
GEN_7201,THCAKKIAAKNCLHYIACVVLTYWDPCGNRKVFAIF,36,0.697
GEN_7202,ILLCWKPKNHACLSTLACLQAIILNGKPKTFTKLPKSF,38,0.697
GEN_7203,FRCWYKPKAAACLSTLACLQAIILNGKGKGFTKLPKSFGIGTGNR,45,0.697
GEN_7204,TRCAKKPKMHACLFYLACLLLIINNPCVKAFTRLPL,36,0.697
GEN_7205,TRCARKPKAHACLSYRACLLLTSNNGVVKAKVFAPR,36,0.697
GEN_7206,THCAKKPLAKHCLHVLACVLLTYFNAPLHARAFAIP,36,0.697
GEN_7207,THCLKKIAAKHCLHYLACVLVTYFITCLRTFTSLAP,36,0.697
GEN_7208,KHTKFDCALARLALCNGLAHCCGGYSIYA,29,0.6969
GEN_7209,KHTKFECCKLALRTLHGAAASNFRNYTGKANAFPAV,36,0.6969
GEN_7210,FRCWYKPHAAACLSTLACLGAVILNGPGKTFTKIAKSKWNWDAWR,45,0.6969
GEN_7211,FRCWYRPKGAACITTLACLQLIILFGCNKAKVFAAV,36,0.6969
GEN_7212,AYGAMSCALARLALCCGLAHCCGGQNRVYASC,32,0.6968
GEN_7213,WRHWKKPKAHANLSTLACLATNFANWCGKVKVFAAV,36,0.6968
GEN_7214,THCAHRILAKSCTHYLAGVLLAGFNACLHAKTPLIP,36,0.6968
GEN_7215,KHTKFDCCKIALRTLRGANASNFASWCGKVKVLKKN,36,0.6968
GEN_7216,TRYRKKPHYHACLSTPACELLTIASGCVKAKVFAVP,36,0.6968
GEN_7217,TVYRKKPHYHACLSTPACLLLIKNNGCIKAKVFAPR,36,0.6967
GEN_7218,THCAKNPLAKRCLHYLACALLAYFNASLVARAFDVP,36,0.6967
GEN_7219,THCAKRILAKHCLHYLVCVLLTGFYLCLHAKAFAAD,36,0.6967
GEN_7220,FHCDKKPLLKHTLHQIACVLVTYFNICLKAKISLAP,36,0.6967
GEN_7221,AYGAMSCALARLALCCGLAFCCGGSWMGKAKV,32,0.6967
GEN_7222,THYAKKPLAKACLHYLHCVLLTYFNACFKTTTKLSP,36,0.6967
GEN_7223,FHVARKPLAKHCLHYIACVYVTGFNACLKAKVFAIF,36,0.6967
GEN_7224,FACAKKALAKHCLHYIAFVLITFFNAHLKAHTFAMF,36,0.6967
GEN_7225,FPCVKKTAAKTSLHYLACVLVTYFNSCLKATRFAIF,36,0.6967
GEN_7226,AAKVCKSGIAILNLRGRVDNSIWLKGLLA,29,0.6966
GEN_7227,TRCALKPKAHACLCTLACLLLVILCFQGKTFTHLEL,36,0.6966
GEN_7228,THCAARPIAHACLSGMACLLLILNNGCIKTFTKLPK,36,0.6966
GEN_7229,TRCAHGTHASACLSYLASLLLTCNNGCVAANVFAPR,36,0.6966
GEN_7230,LHCAKKIAAKHSLHYLNCVLLTYFIACLKTFTSVAP,36,0.6966
GEN_7231,SLAFCLIIKARYNLEIPVCTAKRNALA,27,0.6966
GEN_7232,TRCAKKPNWHACFSTLACLLLIILNGQGGTFTKLAL,36,0.6966
GEN_7233,TCCAKSSKAHACLSTLACLWIIILNETLKAIVFAAV,36,0.6966
GEN_7234,TRYHKKPKAHACLLYLACSDLIICNPCVKAHGPLPK,36,0.6966
GEN_7235,TRCAAKPPAHAAHSYMGCRLLILNHGCLKTGTKLPK,36,0.6966
GEN_7236,THCAKKIAAKHCLHFWACVCLTYFIACIKTFTSLEP,36,0.6966
GEN_7237,TKYHKKPAYHACLSSPACLLLTILNGCVKALVFAFP,36,0.6965
GEN_7238,FHCARKPLAKHCLHYLLCVLLTYFNACLKTFTSLIP,36,0.6965
GEN_7239,THCAKKIAVKHCLHYLECVLLTYFNACLHAKAFAIP,36,0.6965
GEN_7240,FHCAKKAAAKHFLHYGACVLVTYFNACLHAKVFAMF,36,0.6965
GEN_7241,THCFKKPKAHACLSYRACLDLICNNGTLKVKVFAAH,36,0.6965
GEN_7242,THAAKKPKVHASLSYLACLLLTPVNGAVKAKVFPAV,36,0.6965
GEN_7243,NQCAHKPLAKHCIHYIASALVTYFNACLKAKCYAIF,36,0.6965
GEN_7244,FHCAKKIAAKHSLHYLLCVLLTYFNSCLNRKVFAIF,36,0.6965
GEN_7245,TRCWKKPRAHACLSTLACLLLIILNGCLAGEVFAAR,36,0.6964
GEN_7246,THCAKKIAAKHCLHYLVMVLLTYFIACLKTFTSLAP,36,0.6964
GEN_7247,THCAKNIHAKHCLHYKACVLLTYFNASLKAKVFLIQ,36,0.6964
GEN_7248,TVCAKKIAAKHCLHYLACLLLTYIISCLWNFTSIIF,36,0.6964
GEN_7249,FHCTKDAAAKMCLHYLACVLITYFINCGKNFKSLAP,36,0.6964
GEN_7250,IGLWLCLCGAVYTLEIAVCTAVRKGAT,27,0.6964
GEN_7251,FACWYKAKAAACLSTLAPLQAIILNGKGKSFTKIPKNFGSWTYSR,45,0.6964
GEN_7252,TECAKHAAIKHCLHYLACVLLSYFNAFLYAKANAVP,36,0.6964
GEN_7253,FHFAKKTAAKHSLHYLHCVLLTYFGSCLKRTLFALF,36,0.6964
GEN_7254,VAFVCKKGIAILNLRGKVDNTIWLKGLLA,29,0.6963
GEN_7255,RLTKFGCCKNAARTARGANATNVANWCGKVKVWAAT,36,0.6963
GEN_7256,FRCWYKPKAAVCLSTLACLQLIILNGCFKAFTKLPH,36,0.6963
GEN_7257,THCAKKPKAHLCLSYLACLLLTPVNGCVKAKVFPVV,36,0.6962
GEN_7258,THYAKKAAAKHCLHYLACVLWTYFINVLKNMTSLMP,36,0.6962
GEN_7259,LHCAKQIAAKHSLHSLACVLVTYKISCLKTFTNPAP,36,0.6962
GEN_7260,THCAKKAAAKHCLHYLACVLFTYFNSCPSRKVLAIF,36,0.6962
GEN_7261,AYGAMSCALARLAACCGLAHCCGGYSIYA,29,0.6962
GEN_7262,TRCQAKPKADACLSNLACLLLTPVNGCVKAHTFLPK,36,0.6962
GEN_7263,TRYHKKPHYHACLSTPACLLLTILNGCVFAKVFAAH,36,0.6962
GEN_7264,AYGAMSCALARLALCCGLAHCCGGSWMGKAKV,32,0.6961
GEN_7265,GVAYVIKKGGWRLCLYTWRKPYSRATSLKQEKLIHKHY,38,0.6961
GEN_7266,KHTKFDCALARAALCNPLAHGCGGYSIYG,29,0.6961
GEN_7267,KPLSVPSALKGSKRCVMVVALNCGGKIGNCRKKAPKCL,38,0.6961
GEN_7268,TRYHKSPKYHDCLCTLACLLLIILNETYKTFTFLPK,36,0.6961
GEN_7269,TRYMKKPLNHACLITIACLLLICNNGSLKGKIFAGA,36,0.6961
GEN_7270,TRCAKKPLKHSCLSYLACVELTYLNGCVKAKVFAVP,36,0.6961
GEN_7271,FHCAKKIAAHHSLHYLACVLLTYFIACLKTYTTLIP,36,0.6961
GEN_7272,KPLCVPSALKQSKRCTLVVALNCGGKIADCRKKIAKCL,38,0.696
GEN_7273,AYGLMSCCLARLALCCGLAHCCGGYSIYA,29,0.696
GEN_7274,FRCWYKPKAAACLSTLACPTAIILNWCSKVKVFVAV,36,0.696
GEN_7275,NHCSKKILAAHCHHNLACVLLTYFNVCLKAKVYALF,36,0.696
GEN_7276,SAFMRVKLRGGDPKKIKRILTFTLYLIYG,29,0.696
GEN_7277,AYGAMSCALARLALCCWKVRYSASALAD,28,0.696
GEN_7278,KHTKCECCKGAIRTLHGAAASNFRNYTGKANVFAAS,36,0.696
GEN_7279,KRYHKKPHYHACLSTPACLKLTIANGCVKAKDFLAI,36,0.696
GEN_7280,TRYHFKAHYPACLSTPACLLLTILNGSVKAHAFALW,36,0.696
GEN_7281,LHCAKKIAAKHSLHYIACVSENYFIACLKTFTSLIP,36,0.696
GEN_7282,FHCPKKPCQKHCLHYLACVLVTNFNACLKAKVFAIF,36,0.696
GEN_7283,THCAKKAAAKHCLHYLACVLLTYFNSCLNTFISLAP,36,0.696
GEN_7284,SLSYKKCNAWLKEKTGAILLATAL,24,0.6959
GEN_7285,THCAGKILAFHCLPYLACILATYWNACLKAKTSDVP,36,0.6959
GEN_7286,TRYHKKPHYHACLFTLACLQLIILNVKGHTFTKIPK,36,0.6959
GEN_7287,TRYHKKPGYHACLSTPACLLLTIGNGCVKAKVFALP,36,0.6959
GEN_7288,THCAKRILAKHCLHYLKNVLLTYFNACLHAKSNAIQ,36,0.6959
GEN_7289,KRTALTAATASRFDACTWKILHSRGSIFYVDVAK,34,0.6958
GEN_7290,VPTKMGCCKAALRTLRAANATNFANWCGKWKVFAAV,36,0.6958
GEN_7291,KYTKFGCCKLARRTLRGCLQAYILNGKGKTFTKFPK,36,0.6958
GEN_7292,VHTKMGCKKLALRTLRGANASNFASKCGKVKVFVAV,36,0.6958
GEN_7293,TRCQKKPKAHACFSYLACLLLTCNNGCVKARIFAPR,36,0.6958
GEN_7294,THCGLKPLAKHCLHYLACVWLTYFNACLHAKQFLIP,36,0.6958
GEN_7295,ILLCDPSRWTHPCIKLCKVRFKASALAEGFEALKKNNS,38,0.6958
GEN_7296,NHCAKKPLAKHCLHYLAIFLLTWCNACLHAKAFAAD,36,0.6958
GEN_7297,THCAKKAAAKHCLHYLTCVLLSYFNAFLYAKANAVP,36,0.6958
GEN_7298,RKALWFKLRGGDPKKIKHILTFTLYSCGK,29,0.6957
GEN_7299,DRLVHKPKAHASKFTVNCLLLIILNGCVKAFTRAAV,36,0.6957
GEN_7300,TRFHKKPFYHVCLSNLAALLLTPVNACLAAKVTAAG,36,0.6957
GEN_7301,THCVKRILVKHCAHYLACVLLAYFNACLHTKTALIP,36,0.6957
GEN_7302,THCAKAPLEKHCLHYLACVLVTYWNACLKAKVFYIF,36,0.6957
GEN_7303,THCAKKPKAHACLTGLACLLLTPAEGCVKAKVFPVA,36,0.6956
GEN_7304,THCAKKPRAKHCLHYLACMLLTHCNGCVKAKVFALP,36,0.6956
GEN_7305,SLACCLIIKAYYTLEIPVATAKRKGGT,27,0.6956
GEN_7306,DRCWKKPKAHVCLGTLACLEAIILNPKGRTFMKIPKSFGKNWGSL,45,0.6956
GEN_7307,FRCWYKPKAAACLSTLACLQLIFLNVCGKTFTKLPN,36,0.6956
GEN_7308,NHCAKSAAAKNCLHYLACDLLNYFPNCLKNFVSIAP,36,0.6956
GEN_7309,IWTLPVPLCDAPTACALLLYCLLSEASKKVIRASNII,37,0.6955
GEN_7310,TRYHKKQHYHACLCTLACLLAFILNETYKTFTKLPK,36,0.6955
GEN_7311,TTIAAKPHAHACLSYLACVLSTYLNSCVKAKVFAVP,36,0.6955
GEN_7312,FRCWYKPKAANCLSTLACLQLIIINVSGKAIRACSSI,37,0.6955
GEN_7313,NRYHKKPHYHACLSTPDCLLLTILNGCVKAKVFALP,36,0.6955
GEN_7314,KHTKWPSRYTHPCIKLLKVRFKVSALADIFDALKKN,36,0.6954
GEN_7315,PPCWYKPKAHACHSTHACLQLCILNGCNKAKVFAAV,36,0.6954
GEN_7316,THCAIKPRAHACLSYLACLILTPVNGCVKAKVFPAV,36,0.6954
GEN_7317,THCARKFLAHACLSYLPAVLLTYLNGQVKAKVFALP,36,0.6954
GEN_7318,THLAMKPKLHACLSFLACLLLTFLNGCVKAKVFAVP,36,0.6954
GEN_7319,TICAKKILVKHCLHYLACVLLTYFNGCLKTFTSLIP,36,0.6954
GEN_7320,KPLCAPSALKGSKRCVLVVALNCGGKIGDTRKKAPKCL,38,0.6953
GEN_7321,RRCWYKPKAAACQSTLACLFLIILNGCVKAFTRFPR,36,0.6953
GEN_7322,TKCAKAPNWAACFSTLVCLELIILLGQGKTFTKLAV,36,0.6953
GEN_7323,FHCAKKTAAKKSLHYLACVLLVYFNTCYKATVFALF,36,0.6953
GEN_7324,KPLCVPSALKALRTLRGANASNFASWCGKAKVFAAV,36,0.6953
GEN_7325,KRTAVTAATASRHDACTYKILHSRGSIYYVLVAK,34,0.6953
GEN_7326,KHTKWECCKAALRKLRGAILTFTLYLCVK,29,0.6953
GEN_7327,RKAAVDCCKIALRTLRGANATNFANWCGK,29,0.6952
GEN_7328,FLCWYKPKAAACLSTLACLQAIILNPKGGTFTKLPKSFVIGTGNR,45,0.6952
GEN_7329,TRYHKKPKYKACLSNLACLLLTPVNTCVRAFPRAAV,36,0.6952
GEN_7330,THCAKKPKYHGCLSWVACCLLTLVNGNLKGKYFAAH,36,0.6952
GEN_7331,THCAKKPLAKHCLHYLFCVLLTYWNACLHAKYFATD,36,0.6952
GEN_7332,THCAHKILAKYHLHYFACVLLTYFNACLHAKAFAIP,36,0.6952
GEN_7333,THCAKKIAVKHCLHYLACVLVTYCIGCLKTFTNPAP,36,0.6952
GEN_7334,KPLCVPSAHKQSKRCTLVVALNAGGKILDCRKKIAKCL,38,0.6952
GEN_7335,FHCAKKPEAKHCLIYIACVLVTFFNGCLKVKVFAIF,36,0.6952
GEN_7336,RKALWFKLRGGDPKKIKHILGFTLYSIYA,29,0.6951
GEN_7337,FRCWYKPKAAACPSTLACLPAIILNANKKVIRACNTI,37,0.6951
GEN_7338,THLMMKPKAHACLSNLACLLLTPVNGCLKAKVFAPH,36,0.6951
GEN_7339,FHCAKKPLAKHCHHYLACVLLTYFIACLKTCTTLIP,36,0.6951
GEN_7340,KHTKFDKGSLAVRTLRGRNESNFASWCGKVKYFVAV,36,0.6951
GEN_7341,TRHAARPKAHACLSYTAHILLVLNNGMIRRDRSLPK,36,0.6951
GEN_7342,FHCAKKPLAKHCLHYLACTLSTYFNASLKTYTKLIP,36,0.6951
GEN_7343,LHCAKKIAAKHSLHFLACVLLTMFIACLKFYTTNFP,36,0.695
GEN_7344,THCAARPKAHENLSYLACVLLHYKNYCVHAKYFAAK,36,0.695
GEN_7345,THCAKKPTAKHCLHYLICVLRTFFQACRHAKLFAAI,36,0.695
GEN_7346,THCAKHPLAKHCLHTIACNLGNYFNACLHAKVFAIF,36,0.695
GEN_7347,THCAKMLVAKHCLHDLACVCLTYFNACLHAKAFAIP,36,0.695
GEN_7348,FRCWYGQKAAACLCVLACLQLAILNVSKMVIRWAAV,36,0.6949
GEN_7349,THCAKKDAAKHCLHYLACVCLTYFSACAKTFTKMAR,36,0.6949
GEN_7350,FHPAKKPCAKHCLHYDACVLVTYFNACLKAKVFVIF,36,0.6949
GEN_7351,TKCAAKPKAHAALSYIICILLIIQNGCGKTFSKLPK,36,0.6949
GEN_7352,THCAKKKAAKHCLHYLSCVACSWFHWCVKTFTLAAP,36,0.6949
GEN_7353,RAAWASIGVSRAELLVYYKLLDKGFA,26,0.6948
GEN_7354,ILLCDPSRYTYPCIKLLKVRFKASALADIVEALKKNNS,38,0.6948
GEN_7355,KHCCKKPKAHASLSTLACLQCIILNGKGKWFQKLPK,36,0.6948
GEN_7356,THCAKTIAAKHCLHYLACVLLTYFINCLKTFTSLIP,36,0.6947
GEN_7357,THCAHKLVAKHCLHYLACVLLTYFNSCLKAKVFTIF,36,0.6947
GEN_7358,THCLKKAAAKNCYHYLAIVLLTYFGSCLQLFTLLAE,36,0.6947
GEN_7359,ILLCDPSRYTHPCIKLLKVRFKASALADIVEALKKNNS,38,0.6947
GEN_7360,AYGLMSCCLARLALCCGLAHCCGGYSHYA,29,0.6947
GEN_7361,KRTKFDACKLAEMTLRGANASNTANWCGVVKVFTAV,36,0.6947
GEN_7362,RLLCDPLRYIHHCIKLLKNRFKASALADIFELLKKNNS,38,0.6947
GEN_7363,SHTKMGCCKLALRTLRGANGTNFENWCGKVKVWAAV,36,0.6947
GEN_7364,THCAKKPKYHACLSNLACLLLTPVNGCVKAKVFPAV,36,0.6947
GEN_7365,THCAKKPLAHHFLSYYACVLLTYFNLCVHAKVFLPK,36,0.6947
GEN_7366,TNCAKKAAAKHCPHYLACALLNQFNSCLNRKVFAIF,36,0.6947
GEN_7367,THCAAKPKARAALSTMVCILLILNNGCIKTFTKLPK,36,0.6946
GEN_7368,THCAKKPLAKHCLHYLACVLLTYENGCVKAKVFAVP,36,0.6946
GEN_7369,WRCWKKPKAHACLSTLACLQAIILNGKPHTFTTVPKSFGIGTGSE,45,0.6946
GEN_7370,KRCKWQCDKAPLSKLRGALLTFSLFLVYG,29,0.6946
GEN_7371,FRCWWCPKAAACLTTLALLQHIINMGKAKTFTKVKNF,37,0.6946
GEN_7372,THCNKKPLAKHCLHYLACVLLTYFNACLKTFTSLIP,36,0.6946
GEN_7373,TSCVFKILAKHCLHYLACILLTYMQACLHAKAFAAA,36,0.6946
GEN_7374,SHCAKKIAEKHSLHVLLCVKLHYFIACLKTFTSLAP,36,0.6946
GEN_7375,KHCAKKPKAHACLEGLACLLHIGNNGCLKAKVFAAR,36,0.6945
GEN_7376,FHCASKPLAKHCLHYLACVLLTPFNLCLKNFEKLIP,36,0.6945
GEN_7377,WRCWYKPKAAACLFTLACLQLIILNVKPKTFTKIPK,36,0.6944
GEN_7378,QRYHKKWKYRACLSNLLCLLLTPVTGCVKAKTFAAV,36,0.6944
GEN_7379,TVCAHKIASKNCLHYLACVLLTYFIACLKTFTSLQP,36,0.6944
GEN_7380,PHCSKKAAAKHCLHYLACVLLTYFINCLKNFFSAAP,36,0.6944
GEN_7381,WRCWYKPGAHACLSTLACLQAIILNGKGRTFTKLPKSFGIPNGNR,45,0.6944
GEN_7382,WRSVYKPKAHACFSFLAALQAIALFGWGKGFTKLPKSFPIGNGNR,45,0.6944
GEN_7383,ARVAKHPQAHLCLCTCACLGLFILNETYKTFAFAAK,36,0.6944
GEN_7384,THCAKKAAAKHLLHYLQCVLLSWFNSCLKRKVFAIF,36,0.6944
GEN_7385,MHCAKKIAAKHSLHYLACVLLTYFIACLKTYTTLIP,36,0.6944
GEN_7386,LGLGLCLCGAVYTLEIAVCTAVRKGLT,27,0.6943
GEN_7387,TVCAKKIAAKHCIHYLLCVLLLYFINCLKTFTSLIP,36,0.6943
GEN_7388,THCAKKAAKRHCLHYLFCVLLTYFDSCLKRKVFAKF,36,0.6943
GEN_7389,SAFMRVSTGWLLKGAARSKVLWVIWVFFKHH,31,0.6942
GEN_7390,TMCAKKPVAFHCLHYLACVPLAYLNGCVKAKHFAVP,36,0.6942
GEN_7391,AWIKTALLCTAIKIPNWSVRYKASALVD,28,0.6941
GEN_7392,FRCEYKPKAAFCLSSIAHIQAIILNGKGQTFTKIPKSFGSWDAWR,45,0.6941
GEN_7393,FRCWYKPRAAACLSTLVCLQAIKLNAKGLTFTKLPISFGIGNLSR,45,0.6941
GEN_7394,THCAAKPHAHACLSYLACVLLTYNNGCIKTFPKLVK,36,0.6941
GEN_7395,RHTKRDCCKLADRTWRGANANVFASWCGKVKVFAAV,36,0.6941
GEN_7396,FRAWYKSKAAACLTTAACRQAIILNGSKKVIRACNSI,37,0.6941
GEN_7397,FRVWKHPKAAACLSTLACLQLVWLNSCVKAFTRVPR,36,0.6941
GEN_7398,TRCAKKPAKHLQLSYLVCVLLTFLNPCVKAKVFAVP,36,0.6941
GEN_7399,KYTKFGCCKLARGTLRGANATFFANWCGKVKVFAQV,36,0.694
GEN_7400,QWCWKKPGAHACLSCWACVLAAKYNRKGKTFTKLPKTFAGGTGSR,45,0.694
GEN_7401,THCAKKPLGKVCLHYLAFVLIILNNGCIKTFFPLPK,36,0.694
GEN_7402,AWIKTALLCCAIKIPNWKVRYLFASWCG,28,0.694
GEN_7403,THCAKKPKGGACLSFIGCLLLIINNGCLKAKVFHAR,36,0.694
GEN_7404,WHCARKPKAHACLTYAACLLFTPVNGCVKAKIFPAV,36,0.694
GEN_7405,RKAAVTAATASRFKACTYKILHSRGSIYY,29,0.6939
GEN_7406,NRSAKKPKAHACPSTLAPLTLLILSESLKAAVFAAV,36,0.6939
GEN_7407,KHTKFECIKLALRTGRGANASNFASWCGKAKVFAAV,36,0.6938
GEN_7408,WRAGYKPKAHACFSTLACLQAPALFGKGKGFTKWPKSFGIGTGNR,45,0.6938
GEN_7409,HRCWYKAKKALRLCFLACLQLILGNNSKKVNRACLSH,37,0.6938
GEN_7410,LYGSMSCVLARLALCLGLAHCCGGQNRVYASC,32,0.6937
GEN_7411,TPCWKKAKAHAELFTDADLLLLICNSPGKTFTKLPR,36,0.6937
GEN_7412,EHCAKKAAACNCLHYLYCVLLTYFNSCLNRKLFACF,36,0.6937
GEN_7413,ERYHKKPKYHACLSNEANLLINPVNGCVKAKVFAAY,36,0.6937
GEN_7414,AWIKTALLCCAIKIPNWRKALAKIRRKA,28,0.6936
GEN_7415,AWIKDALLCCAIKIPNWRKDLAPTLVGP,28,0.6936
GEN_7416,TRYHKKPHYHACASTPACLLLTILNGCVLAKVFAAP,36,0.6936
GEN_7417,IICAAKPHAHACLEYLCCNLLTYLNGCVKAKVFAIQ,36,0.6936
GEN_7418,FHCRKKPAAKTCLHYLACVLLSYFNAFLYAKANAIF,36,0.6936
GEN_7419,FRCWYKPKAAACLSTLACLQLIFASGSVKAFTRLPR,36,0.6936
GEN_7420,TRPHKPPKFKWCLSNLACLLLTPVNGCVKAKVYAAV,36,0.6936
GEN_7421,TRYRKKPHYHACLSTPLCLLLTIANGCVKAKVFAVP,36,0.6936
GEN_7422,FHCWYKPKAAACLSQLACLLLIIHNGQGKTPTKLAV,36,0.6935
GEN_7423,CRCAKKPNKHASFSNLACLLLIILNPCVKAFTRLPR,36,0.6935
GEN_7424,DHCAAMPLAKHCLHYLACVLVTYLNGCPKAKVFAVP,36,0.6935
GEN_7425,THCHKIAAAKNCLHYLACVLLTYFNSCLNRKVFAIF,36,0.6934
GEN_7426,SAPMRVCTGWLLALCCGLAHCCGGYSIYA,29,0.6933
GEN_7427,WRCIRKPKAHACLSTLACLKAIISNGRGKTFTYCPKMMGVGDANR,45,0.6933
GEN_7428,GHCAKKADAKHCLHRLTCVLLTYFINCLKNFVSLGP,36,0.6933
GEN_7429,THCLQWAAAKNCKHYLACVLLTYFGTCLQRKAFLYP,36,0.6933
GEN_7430,VAKVCLKTILILNLRGRVDNTIWLKGLLA,29,0.6933
GEN_7431,KRTLPVPLCDAPTAIAVLLYCLLSECSKKVIRAS,34,0.6933
GEN_7432,SLACCLIIKAWLVGGWKCLRLKAVRPVVLNLKS,33,0.6932
GEN_7433,TRCWYKDYCHLCLSRLACLQKIKLNGKAKTFTKLPKNYGIWTGNW,45,0.6932
GEN_7434,THCEKKILCKHCLHYLACILLTYFNACLKAKVFLII,36,0.6932
GEN_7435,TRYHKKPHYHACLSTPACLLLILNNGCIKTFTKLPK,36,0.6932
GEN_7436,KHTKFECCILALRTLRGANASNFVSWCGKAKVFAAV,36,0.6931
GEN_7437,TRCAKKPKAHACLSTLQCLLLIILNGSVKAFTRLPR,36,0.6931
GEN_7438,THCAAKPHAHACLSYLDCVLLTYLNGCVTAKVIAWH,36,0.6931
GEN_7439,THCAKKPLAKHCHHYLACVLLTYFNACLKTFTHLIP,36,0.6931
GEN_7440,THCLKFLVAKHCGHYLACVDLSYFNSCCKATAFALF,36,0.6931
GEN_7441,KHTKFECCKLLLRTLRGANASNFASWCGKAKVFGVR,36,0.693
GEN_7442,CHCARFILALHTLHYLACVLLTTFNACLHAGAFAAD,36,0.693
GEN_7443,AAKVCKSGIAIANLRGRVDNSIWLKGLLA,29,0.693
GEN_7444,FRCWYKPKAAACLSTLACLPAIILNGKGKTFTKIPRNKGSCVPSR,45,0.693
GEN_7445,FRCVYKLKAAECATDLAWGQHIINNGKAKMFTKNKNF,37,0.693
GEN_7446,TPYHKKPHYHAPLSLPACLLLTIANGCVKAKLFAAP,36,0.693
GEN_7447,FHCAKKIIVKHSTHFLACVLQTYKKACLKTYSKLIY,36,0.693
GEN_7448,LHCAKPIADKHSLHYLACVLLTCFIGCLKSFTSARP,36,0.693
GEN_7449,DRCWRKPYTAACLSTVACLQLIILNCSKKVIRFAAV,36,0.6929
GEN_7450,TRCSKKPKAKMCLSTLGCLALIFLNDCLHATVFAAV,36,0.6929
GEN_7451,FNYWPKPKAAACWSTLPCLQAIILNACGKVKVHVLV,36,0.6928
GEN_7452,FRSWYRPKAAACLTTLACLQHNIWNGKGMTFTKDKNSFGLRDANY,45,0.6928
GEN_7453,THCAKKPRAHACLPYLACLLLTPVNGSVKAKVFPAV,36,0.6928
GEN_7454,LHEAKKIQAKHSLHYLACSLITDCIGCLKAFTNPAP,36,0.6928
GEN_7455,KRCWKKPKAPACLTTVACIQAIILNGKGKTFTKLPK,36,0.6927
GEN_7456,HRCWKKPSKLALRNLRGINAKCFASWCGKVKVFAFV,36,0.6927
GEN_7457,TRPIKKPHYHACLKRTARIFLIILNGCVKAYVYAAV,36,0.6927
GEN_7458,RLLCDPSRYIHHCIKLLKVRFKASALADIFELLKKNNS,38,0.6926
GEN_7459,WRCWKKPKAHACMSTLACLQAIILNGKGKTFTKLPKSFGIGWGSR,45,0.6926
GEN_7460,WRCWYKPKAHVGLSTLACGQLIILSGCNKAKVFAAH,36,0.6926
GEN_7461,TRYRKKPHNHACLSTLACLLLLILNGCVKAFTRLPR,36,0.6926
GEN_7462,VVSKKGPCLKRYIKMYLANASNFASWCGKAK,31,0.6926
GEN_7463,HRCWYKAKAALRLCFLACLQLIIGNVSVKVNRACLSI,37,0.6926
GEN_7464,AWIKTALTCCAIKIPNWRKDLAPTLVGP,28,0.6925
GEN_7465,THCAKKIAVKHCLHYLACVLLTYFFACIHAKSFLID,36,0.6925
GEN_7466,RAAWLSIGVSRAELLVYYKLLDRGFA,26,0.6925
GEN_7467,AIKVCKSGIATLNLHGRVDNTIWLKGLWA,29,0.6925
GEN_7468,TICAKPPLAKHCLHYLACVWQGYFNACLKTFTSLAD,36,0.6925
GEN_7469,KHTKFDCCKIALRHLRGANAFNFWSACYKAHVFAPV,36,0.6924
GEN_7470,AAKVCKNPIAILNLRGRVDNSAWLKGLLA,29,0.6924
GEN_7471,NRCWKKPKAHVCLSMLACLLLIIIGGCVKAFTRLPK,36,0.6924
GEN_7472,NRCKQKPKAHVCLSTKACLLLIILNGCVKAFTRLPK,36,0.6924
GEN_7473,KRTALTAATASRFDAKTYKILHSRGSWYYVLVAK,34,0.6924
GEN_7474,WRCWPKPKAHAPLSTLVCLLLIFLNSCMKAKVFAAK,36,0.6924
GEN_7475,RLTKFGCCKLNLKMLLGADATNFANWQGQVKVFAAV,36,0.6923
GEN_7476,TIYHKKPKYHACLSNLACLVLTPVNGCLKAKVFAAH,36,0.6923
GEN_7477,TKCAKKPNRHACFSCMACLLVIILNGQGKTFCKLAL,36,0.6923
GEN_7478,THCAKKPLAKKCQHYLACVLLTENNGCVKAKVFAVP,36,0.6923
GEN_7479,KHCAAKAAGKNCNHYLVCVLLTYFINCLKNFTSNAP,36,0.6923
GEN_7480,SLSCCLIIKAWVVGPWYCLRLKAVRPVVLNLKS,33,0.6923
GEN_7481,PKVLCGVLPLDFPRWLGYANDCAIAFC,27,0.6923
GEN_7482,NHCSKYPKAHACLSYLACLLLTPVNGCVKCRYWPAS,36,0.6923
GEN_7483,THCAKKILNKHCLHYLACVLLTYFNACLKTFTSLIP,36,0.6923
GEN_7484,AWIKTALLCCAIKIPNWRKALANIRRKS,28,0.6922
GEN_7485,WRCWYKPHATACLSTLACLQAIILNDKGKTFTKLAKSFGISNGNR,45,0.6922
GEN_7486,QRCWKKPKAMVCLLTLACLDLIILNACDKAFTRLPH,36,0.6922
GEN_7487,THCAAKPKAHACLSNLACLLLTPVNGCIKAKMNAPR,36,0.6922
GEN_7488,KHTKTGCCKNALRTVAGANATNFANWYGKVKVFAPK,36,0.6922
GEN_7489,TRYHKKPHYHMCLSTLACNLLIILNGCVKAKVFAAH,36,0.6922
GEN_7490,FRCWYKPKQAACLSLLACLLLIIINGQGKNFTKLPN,36,0.6922
GEN_7491,FRCWYKPKAAACLSTLACLQAIIMMGKGKTFTKLPKIFGIGFPSR,45,0.6921
GEN_7492,TRCWKKPNKHACFSSLACLLLIILNGQGATFTKLAV,36,0.6921
GEN_7493,TRGAARPKAHACLHYTACILLLLNNGCITTFPKLPK,36,0.6921
GEN_7494,VAKVTKKGIAILNLRGRVDNTIALKGLLA,29,0.692
GEN_7495,AYGLMSCSLARLALCCGLAHCCGGDSIYA,29,0.692
GEN_7496,IWTLPVPLCDAPTACAVLLYCLLSECSKKVIRASNIV,37,0.692
GEN_7497,VHTKMGCCKLALRTLRGANATNFANWKGKTFTKIPK,36,0.692
GEN_7498,KAVILALITVMRNMAKLARRQLIRYCVDGLDDAKCIFGCVKIL,43,0.6919
GEN_7499,FRCWLKPKAHALQSTLACLALIILNGQSKTFTKLPCSFGIGSGMR,45,0.6919
GEN_7500,FRCWWKPKAAACWSSLACLQAIILNACGIVKVYVLV,36,0.6919
GEN_7501,LHCAKIIAAKSSLHYLFCVLLTYFIACLKHYTSLIP,36,0.6919
GEN_7502,FHCAKKPLEKHCLHYIACVLYAYFNACLKAKHFAIF,36,0.6919
GEN_7503,KHTKFDCCKLALMTLRGANASNTANWCGKVKVFAAV,36,0.6919
GEN_7504,AWSKTALLCGAIKCPNWKFRYKASALAD,28,0.6919
GEN_7505,KHNKFECCKLALRTLHGANASNFANYCGKANVFAAV,36,0.6918
GEN_7506,SLSYKKCAMWIKEKTGAPPLCTAL,24,0.6918
GEN_7507,YVCAKKIAAKHCLHFLNCVVLTYFINCLKNFTSLIP,36,0.6918
GEN_7508,TQCAKKARAKHCLHYVACVLLWYFINCLKNTVFFLF,36,0.6918
GEN_7509,FKCYYLVCARAIKIPNWRYALAPTLVGP,28,0.6918
GEN_7510,SRCSKKPKWHACISTLACLTLILLLGQGKTFTKLAV,36,0.6918
GEN_7511,EHCAKKNAAKHSLKLLACELMTYFHACLKYCTTGLF,36,0.6918
GEN_7512,RKALWFKLRGGPPKKIKHILDFALYSIYA,29,0.6917
GEN_7513,KKTHFNCCKIALHTLRIANASNFASYCGKVKAFVAV,36,0.6917
GEN_7514,THCAKKPLAPHCLHYIACVLLTYFQACLHAKAFAIP,36,0.6917
GEN_7515,APLHVPSALKGSKRCWLVVALNCGGRPGTCRKKAPKCL,38,0.6917
GEN_7516,WRCWTKPKAHACLSTLAPLQAIILNGKGKTFTKLPKSFGIGTGLR,45,0.6917
GEN_7517,FHCAKKTAAKHSNHYLCCVLLTYFNSCLKATVFALF,36,0.6917
GEN_7518,TRCAAKPKAHACISTNACLLFIWYNGCIKVKVFAGH,36,0.6916
GEN_7519,THCAKKPKAKACLSYLACLLLIINNPCVKAQTRLPR,36,0.6916
GEN_7520,THCAKRILAKHCLHYLACVLLTYFNVCLKTFTNLVD,36,0.6916
GEN_7521,LHCAKKIQAKHSLHYLLCVLLTYFNSCLKCTVFALV,36,0.6916
GEN_7522,TRYSKKPKYHACLSYGACLVLVCNHGCLKARVFAAH,36,0.6915
GEN_7523,THCAKKIAPYHILHYLACVLVSQFIAACKKFTSLAP,36,0.6915
GEN_7524,KHTKFECCKLALRTLKGANASNFASWMGKAKVFAAV,36,0.6915
GEN_7525,PRCAKKPAKEACFPSLACVLLLICNGQGKTFTKLAV,36,0.6915
GEN_7526,THCAKMIAAKHCLHYLACVLLTYFNSCLKATVFALF,36,0.6915
GEN_7527,SHCAKLIAAKHRIHYAASVLLTYFGSCLQRFTLLAP,36,0.6915
GEN_7528,SLACCLIIKARYTLAIPVCTAKRKGAT,27,0.6914
GEN_7529,FYCWFKPKLAACISTLACTQLIILNVSKKVIRACNSI,37,0.6914
GEN_7530,FRCWYKPKAAACLTTKACRQAIILWGKGKTRTKLPPSFGIGDANR,45,0.6914
GEN_7531,TRCAKKPNWHACFSTLLCLLLIFANGQGKTFTKLAW,36,0.6914
GEN_7532,MHCAKKPIALHCLHYIACVLVFYFMACLKAKVFALF,36,0.6914
GEN_7533,THCAKKIAAKHCLHYLACVCLTYFIACRKTYTTLIP,36,0.6914
GEN_7534,AYGAMSCALARYTLEIPVTTAKRKGAT,27,0.6914
GEN_7535,DHCFWYAKAHHCLSLSACLTLIIAFETLKAKVFYAV,36,0.6914
GEN_7536,THCAKKPKKHACLSNLACVCLTYFNACHKAKVRFLH,36,0.6913
GEN_7537,THNAKKAAAKNSLHYLICVLLTYFGSCLNKFTLLAH,36,0.6913
GEN_7538,WRCWKKPKAHACLSTWACFLAAILCGLGKTFTKLPKTFPIGTGSR,45,0.6913
GEN_7539,WRCVYKPKAHVCLSTLLCLQLPILNGCNKAKVFAAV,36,0.6913
GEN_7540,FRCWYRPWAHADLSTLACLDCIILNGIGKTFTKLKK,36,0.6913
GEN_7541,THCAKFAAAKHCLHYLACVLLDYFIFCIKNFTSLIP,36,0.6913
GEN_7542,CRYRKKPHNHASLSTLACVCLTIDNEWVKVKTKLPK,36,0.6912
GEN_7543,TRYAKKPKAHACKSYLACLLLTPVSGCVKDKCFPAV,36,0.6912
GEN_7544,THCLHKILAKHHLHYLACVLLTYFNAGLHAKAFAVP,36,0.6912
GEN_7545,FHCAKKPDAKHSLHYLACVLLTYFNLHLKNFTSLIP,36,0.6912
GEN_7546,TGCAKFIAAWHSLHYLTCVLLTYFIACLKTYTTLIP,36,0.6912
GEN_7547,THCAKKILAKHCVQYLACVLLAYFNACLHAHAFAAD,36,0.6911
GEN_7548,THCAKKVLAKHCLHYLACVILTYWNQCCKNFTKVIP,36,0.6911
GEN_7549,TEYHKKPHYHICLPTLACLLLGILNGCVKAKAFAAH,36,0.6911
GEN_7550,TRCAKKPKAHAKLNYMACILLIINNACVKAFTRAPR,36,0.6911
GEN_7551,ARCAKRPQAKLCLCTLACLLLFILNETYHTFTKLPK,36,0.6911
GEN_7552,NHCAAKPHAHVCLSYLACILITYLNGCVKARVFVIV,36,0.6911
GEN_7553,THCAKQPLALHSLHYLACVILTYWNACLKAKVFVIF,36,0.6911
GEN_7554,TRCWKKPKAHACLITLACLLLIILNGQGKTFTKLPKSNGIGTGSR,45,0.691
GEN_7555,TRWRKKPTNHACLSTLACLLLIILNGCVKAFTRLPR,36,0.691
GEN_7556,DHIAKKILAKHCLHYIACVLLTYFNACLHAKAFAAD,36,0.691
GEN_7557,THCAKKPHNHACVSTLAFLLLIILNGCVKAFTRLPR,36,0.691
GEN_7558,TRGHKKPKWYACLSNLHCLLLCPVNGCLKAKVNAAR,36,0.691
GEN_7559,KHTKFECCKLALRTLRAANASNDASWCGVADVFAAV,36,0.6909
GEN_7560,WWIKTALAACAIKIPNWRKDLAPTLVGP,28,0.6909
GEN_7561,THCASKPLADHHLHYLACVLLTYFNACLKTFTKLAK,36,0.6909
GEN_7562,AVAYVIKKGGWRLCLYTWRKPYSRLTSLKQEKLIHKIA,38,0.6908
GEN_7563,KHTKWECCKAALRHLRLANASNFASWCGKAK,31,0.6908
GEN_7564,TRYHKKPKYHAALSNLACLLLPPVNGCLHGKVNAAH,36,0.6908
GEN_7565,THCAKKIAAKKCLHYLACVLLTYFNACQHADAFAIP,36,0.6908
GEN_7566,WRCWYKPKAGACLSTLACLCLIIINGCNKARVFQAV,36,0.6908
GEN_7567,FHCAKCPLAKHCLHYIACILLTYFNTCLNRKVFAIF,36,0.6908
GEN_7568,RLLCDPSRYIHHCIKLLKVRFKWSALADINEALKKNNC,38,0.6907
GEN_7569,FRAMYKPKDAACLDTLAPLQIIILNGCGKVKVFLAV,36,0.6907
GEN_7570,FRCWYRPKAAACLTTLACLQHIINNKKAKTFTKNKNFYPLGKPDY,45,0.6907
GEN_7571,TMGAKKPKSHACLSYIAALLLLCNSGCLKGDHFAAH,36,0.6907
GEN_7572,NHCHKKPHYHLCLSNLAVLLLTPVNACLKAKVTAAG,36,0.6907
GEN_7573,THCHRKTKYHACLSNLACLLLTPVNGCVKAIVFAAV,36,0.6907
GEN_7574,VAHVCKCCDLALRTLKGANAGNFVSWCGK,29,0.6906
GEN_7575,NRCAKSSKAAACLSTLACLWIIILNETLKAIVFAAS,36,0.6906
GEN_7576,THLAMKPKAHACLSFLACLLLIINNGCGKTFTKLPR,36,0.6906
GEN_7577,SAFMRVCTGWLLKGAARSKCQRLFIKAKFHAL,32,0.6906
GEN_7578,KHTKFECCKLALRTDKGANASNFANYWGKANVFAAL,36,0.6906
GEN_7579,PRCAKKPNKHACLSNHACLLLTIVNGCVKAKVFAAR,36,0.6906
GEN_7580,TRCVAKPDARACLWTLFCLLLIILNETYKTFTFLGK,36,0.6906
GEN_7581,VAHKFDCCKIALRTLRGANATNFASFCGK,29,0.6905
GEN_7582,THCAHKIAAKHCLHYLACVDLTYFIACLKTFTSLIP,36,0.6905
GEN_7583,IGLYLCLCGAVYTIVICVCSAKRKGLT,27,0.6905
GEN_7584,THCAKLTMAHACLTYLACLLLICSNGNAKGKIFAAH,36,0.6905
GEN_7585,LKCAKKAADKDCLHYLACVILTYFGSCLQMFTLLAP,36,0.6905
GEN_7586,FRCWYKPKAAACLSTLACLQLIILQVSKG,29,0.6904
GEN_7587,TRYHSKPKYHACLSNSACLLLTTVNGCLKAKVNAAR,36,0.6904
GEN_7588,THCCKKPLARHCLHYLACVLLQYFSACLKEFTKLAR,36,0.6904
GEN_7589,THIAKRAQAKHKLHYLGLVLLTYFNACLSTFTTSPK,36,0.6904
GEN_7590,THLAQKLVAKHCLHYLMCVLLTYFNSCLKPKVYLAP,36,0.6904
GEN_7591,THCAKKCLAKNCYHYLACYLITYFGSCLQRFTLLLP,36,0.6904
GEN_7592,RKALWFKLRGGDPKKIKHILHFTLYSIYA,29,0.6904
GEN_7593,IGLWLCLCGAVYTLEIAKCTKVRKGAT,27,0.6904
GEN_7594,TRCARKPKLHACMSYLVCWLLTCNNGCVKAKVFAPR,36,0.6904
GEN_7595,IILCWMSRYTHPCIKLLKVRFKVSALADIFQALKKNYS,38,0.6903
GEN_7596,RLTKFGCCKPALRTKLGADATNFGNWCGRVKVFAAY,36,0.6903
GEN_7597,THCVHKPLAKHCLHYLACVLLTYFNACLWTFTKIPK,36,0.6903
GEN_7598,RAAWASIGVSWAELLVYDAWAKKCV,25,0.6902
GEN_7599,WRCWKKPKAHACLSTHACLDAIISNGKGKTFTKLPKSFGIGTGTR,45,0.6902
GEN_7600,CSHVCKQCKLALRTLRGANASNFDSYCGK,29,0.6902
GEN_7601,THCAIKAADKHCLHCLACVLLTYFINCNKNFTSLIP,36,0.6902
GEN_7602,AYGAMSAALAVLALCCGAAHCCTGQNRVYASC,32,0.6902
GEN_7603,KHKKFECAKLALRTRKGANASNFASWMGKAKYFAYV,36,0.6902
GEN_7604,THCAAKPHAHVCLSYLLHVLLTYLNGCVSAKVFAVG,36,0.6902
GEN_7605,THCAKKAAAKHCLHYLACVLQSYFNSCLNRGIFAIF,36,0.6902
GEN_7606,KRTAVTAATASRFDACTYKILHSRGSIIYVLCGK,34,0.6901
GEN_7607,KHMHFECCKLALRTLRGANASNFASWYGKEKVFAAK,36,0.6901
GEN_7608,VFVVCKKGIAILNTLRGANASNDASWCGK,29,0.6901
GEN_7609,KWLCVPSALRGSKRTVLVQALNCGGKIPDCRKKAPKCL,38,0.6901
GEN_7610,FRCWYHPKAAACLSTLACLQAIILNGKGKVIRACNSI,37,0.6901
GEN_7611,THLAMKPKAHACLSFLACLLLIYNNGCVKASVFAAP,36,0.6901
GEN_7612,THCAKKILAHHCMHYLACVLLTFFNACLHEPTSLVP,36,0.6901
GEN_7613,VHCAKKIAAPHSLHYFACVLLTYFIACLKFYLTNIP,36,0.6901
GEN_7614,KHTKFDCCKYALRTLRGANASVFASWCGKVKVFAEV,36,0.6901
GEN_7615,TRLIKKPHVHACLRRLACIFLTIENGCVKAYVYAAV,36,0.6901
GEN_7616,SLSCCLIIKAWVVGPWKCLRLKAVRPVVLNLKS,33,0.69
GEN_7617,IGLYGILCGAVYTIELCVCTAKRKGAT,27,0.69
GEN_7618,THCGKRILLKHCQHYLACVLLAYFNACLHAKCFAVP,36,0.69
GEN_7619,FHCAKKPLAKHCVHYIPCILVTYFNACLKAKVFFIF,36,0.69
GEN_7620,SLACCLIIKAWVVGGWKCLRLKAVRPVVLNLKS,33,0.69
GEN_7621,VVKVFKSGTAILNLAGRVDNTIWSKGLLA,29,0.69
GEN_7622,FRCWYHPAAATCIVTLACLQAIILNAKGKTFTKLPISKGIGNLSR,45,0.69
GEN_7623,FHCAKPTAAKHTLHYLRCVLATYFQSCLKATVFALF,36,0.69
GEN_7624,AWIKSACCPLALKTLRGANRTNFANWCG,28,0.6899
GEN_7625,KRCKGQCNKAALSSTLACLQAIILNGCGK,29,0.6899
GEN_7626,THCAKKILAKHCLHYLACVLDTYFNMCLHAKAFATD,36,0.6899
GEN_7627,KAAWAPIIVSRAELLAYYKLLDRGFA,26,0.6899
GEN_7628,HRCWKKPKAHAELSTLGCLLLIINNGKGRTFTKLPRSFGIGTISR,45,0.6899
GEN_7629,FRCFSRRKAHASLSTDACLWCIILNGTGKTFTKLPK,36,0.6899
GEN_7630,TRCAKKCKAHACFSTLLCLLLIILNGQMKTFTKLAL,36,0.6899
GEN_7631,TKCAKKPNAKHCLHYLWCVLLTQFNACLKTFTKLIP,36,0.6899
GEN_7632,THCAKKIAAKHSTHYLLCVLLTYFNAALKTFTSLVP,36,0.6899
GEN_7633,RAAWASIGVSRAELLVYYKLLDRGFA,26,0.6898
GEN_7634,TRYRKTPHNHASLSTLACVCDTILNGCVKVKVFAAH,36,0.6898
GEN_7635,THCAPKFAAKHCLHYLICVLLTYFNSCLNRKVFAII,36,0.6898
GEN_7636,THCAKKPKQHACLSFLACLLLIINNGCLKATIFASR,36,0.6898
GEN_7637,THCAKHIAAKHCLHYLACVFLTYFNACLKYFTSAAD,36,0.6898
GEN_7638,SAFFRVCTGWLLKTFARSHCQRIFIHAKFHAL,32,0.6897
GEN_7639,TYCLKKPLAKHCLHYLAKVLNTYFQANLKTFTSVWP,36,0.6897
GEN_7640,THSALKIAAKHCLHYGACVLLTLVIWCVKTFTLLAP,36,0.6897
GEN_7641,FRCWYKPKAAACLSTLACVQLIILNVSKKVIRACNSI,37,0.6896
GEN_7642,THCAHRPVAHHCLLYLACVLLTWFNACLKNFTKLII,36,0.6896
GEN_7643,THCTKKIAAKHCLHYLACVLVTYCIACLKTFTNHAP,36,0.6896
GEN_7644,THCAKKIAAKHCLHYLACVLLFYFNSCDRATVFGLF,36,0.6896
GEN_7645,SLSYKKCNAWLKLKTGVVLLCTAL,24,0.6896
GEN_7646,WHCWKKGKAHACLSTLACLQAIILNGKGKTPTGLPKSDGSGTGSR,45,0.6896
GEN_7647,LGYHRKTKYHACSSQLACLLLTPVNGCVKAKVFAAV,36,0.6896
GEN_7648,THCAKKPLAPTTLNYLACVLLTYFNANLKTFTSLIP,36,0.6895
GEN_7649,YHCAKHPLAHHCLHYIACVLVTYWTACLKAKVFAIF,36,0.6895
GEN_7650,THCAKKAAAHHCGHYLACVLLTYFINCLKTFTNIEP,36,0.6895
GEN_7651,TRYHKKPHNRACLSTLVCLLLTILNGCVLGKVFAPR,36,0.6895
GEN_7652,THCAKKIAVKHCLHYLACVLLTYFQLCLHVKLFAAD,36,0.6894
GEN_7653,THCTKKIAAKHCLHYLWCVLIEWFIAALKTFTSLQP,36,0.6894
GEN_7654,FHCAKKIAAIHSLHYLAFLLLHYTQIWLYAKANAVP,36,0.6894
GEN_7655,THCAAKAAAKNCLHYLSCVILTYFINCLKNGTSNAP,36,0.6894
GEN_7656,RKALWFKLRGGDPQKIKHILTFTKYFIYA,29,0.6894
GEN_7657,THCAKKPLAKHELHALACVLETYFNACLHWKAFATW,36,0.6894
GEN_7658,THCAKKIAACHCFRYAQCVLLTYFNACLHAKAFAAD,36,0.6894
GEN_7659,AMITTALLCCAIKIPNWKVRYKASALAD,28,0.6893
GEN_7660,SLACCLIIKTWGVGGWKCLRLKTLRPVVLNLKS,33,0.6893
GEN_7661,GWCWKKPKAHACLYTWASLLAAKTNWKGKTFTKFPITFPIGTGSR,45,0.6893
GEN_7662,TRCAAKPIAHAPLCTLLCLLLIILNETYKTFSFLPK,36,0.6893
GEN_7663,LHCAHKAAAKNSLHYLACVLNSYFGSCLQRFTLVAP,36,0.6893
GEN_7664,THCAKKIANKHCLHYLVCHLLTYFIACLKTFTSLAP,36,0.6893
GEN_7665,FRCWYKPKAAACLSTLACLQAIILNGKGKTFTKIPKIVGIGTPSR,45,0.6892
GEN_7666,THCAAKPKAHACLSYMACRLLIINNGCGKTFTKLPK,36,0.6892
GEN_7667,KAAWAPIGVSRAELLAYYKLLDRGFA,26,0.6891
GEN_7668,KKTKFECCKLLLRSLRGANASNFASWCGKAKVFGVR,36,0.6891
GEN_7669,SLACCLIIKLWVVGGWKCLRLKAVRPVGLNLKS,33,0.6891
GEN_7670,RLTPFGCCKLALRTHRGANARNFGNWCHKVKVFAAV,36,0.6891
GEN_7671,THYAKKPLAIHSLHYLKCVLLTGFNACLDTFTKLIK,36,0.6891
GEN_7672,SLACCLIIKAWVVGGWKCLRLKAVRPVVLNLSS,33,0.689
GEN_7673,PKVLCGVLPIDFLRWLGYANWCALAEC,27,0.689
GEN_7674,IRCWYKPKAAACLSTLVCLQAIIISGAGKDFTKLPKSFGAGDVNR,45,0.689
GEN_7675,THCAKKPAAHACLSYLACVLHTYHNACVHAKVFAAK,36,0.689
GEN_7676,IGLWLCLCGAVYTLEIPVCTAKRKGAT,27,0.689
GEN_7677,SAFTRVCTCWLLKGAARSKCCCGGYSIYA,29,0.689
GEN_7678,TVYHHKPHYHACLSTLACLLLTILNGCVKAKVFAVH,36,0.689
GEN_7679,TVCAKHIAAKHCLHYLACVELTYTIGCAKTFTTAAP,36,0.689
GEN_7680,AQIKTALLCCAIKIPNWVVALNCGGKIG,28,0.6889
GEN_7681,KHTKFECCKLAPNTLFGANASNFASWCGKIKVFAAV,36,0.6889
GEN_7682,SLACCLIIKARYTLEIPVCTAKASALA,27,0.6889
GEN_7683,THCAAKPSAHACLSYLQCVLLTYLNGCVKAFVFAVP,36,0.6889
GEN_7684,PKIGCAALAILWVIGCITIAHPYRKKIAFGKS,32,0.6889
GEN_7685,KPLKKLCGPGLWLASVGCHRKACTC,25,0.6888
GEN_7686,GCKKRFGDFYKLLFILTFLQAKTGKFVWVVKA,32,0.6888
GEN_7687,HRCRKKPKAHAELSTLACQLLIINSGKGKTFTVLPIPFGIATIQR,45,0.6888
GEN_7688,AWIKTALLCCAIVGGWKCLRLKAVRPVV,28,0.6888
GEN_7689,KHTKFDCCKIALRHGRGANAFDFWSWCYKAKVFAAI,36,0.6888
GEN_7690,GCLYKRCSKGARLRWWKKLPNCGFGN,26,0.6887
GEN_7691,SLSYKKSNAWLKEKTGAILLCTAL,24,0.6887
GEN_7692,KHNKFECCKLALRTLHGANASNFANYCGKGNVFAAV,36,0.6887
GEN_7693,THAAKKILVKHCLHLLACVLDWWFNANLKTFTSFIP,36,0.6887
GEN_7694,FHCAKKSAAKNCLHYLVCVLLTYFNTCLNRRVFAVF,36,0.6887
GEN_7695,THCAKKILIKHCLHYLACVLVTWFNACIHGKAFAAD,36,0.6887
GEN_7696,FHCAKKPLGKHCLHFLALVLLTYFNACLHAKEFAAD,36,0.6887
GEN_7697,KHTKFECCKLALRTLHGANASDFGSWIGKAKVFAAV,36,0.6886
GEN_7698,SLECCLIIRAWVVGGWKCLRLKAARPVVINLKS,33,0.6886
GEN_7699,SLSYKKCNAWLKEKTAAILLCTAL,24,0.6886
GEN_7700,HRCWWKPKAHFELTLRGANATNFANWCGKVKVFAAV,36,0.6886
GEN_7701,THCAKKPLHRVCLHYLAFVLITYPSACLHAKAFAIP,36,0.6886
GEN_7702,FRCWYKWNAAACWSTLACLQAIILNASAKVKVYVFV,36,0.6886
GEN_7703,TKCAKKPNKHACFSTLACLLLIILNGQGG,29,0.6886
GEN_7704,TRYHKKPHYHACLSTPACLLLTILNGCVKACVFAAP,36,0.6886
GEN_7705,IGWWLCLCGAVYTPYIAVCTAVRKGAT,27,0.6885
GEN_7706,TRYHFKPHYHACLSTLACLLLIILNGCVKAFTRLPR,36,0.6885
GEN_7707,VVSKKGPCLKRYIKGAVLLYCLLSHCSKKVI,31,0.6884
GEN_7708,HRCWHDPKAHAELSSLACLLLIINNGKGKTFTKLPRPFGIGTISR,45,0.6884
GEN_7709,IRCWYKPKGAACLSTLVCLQAIIISGAGKDFTKLPKSIGIGDANR,45,0.6884
GEN_7710,THCAKPILLKHCLHMLACALLTWFNAKLKWFTSLIP,36,0.6884
GEN_7711,GCKKRFGDFYVLLFILTFKKAKTGKFVWVVKA,32,0.6883
GEN_7712,FRCWYKPKAAACLSTLACLQAIILNGKGKTFTIIPKSFGGWDCWR,45,0.6883
GEN_7713,ILWCWPSRYTHPCIKLLKVRFKVSALADIFEALKKNNS,38,0.6882
GEN_7714,SAFMRVCTPWLLKGAARSKVLWVIWLFFKHH,31,0.6882
GEN_7715,RRCWYKPKAALCLSTLLCLFHGILNGRGKTHTKIAKSFGLWDVWR,45,0.6882
GEN_7716,FRCWYKPKAAACLNSLAQLQAIILMGKGKTFTKLPKSFGIGDANH,45,0.6882
GEN_7717,THCAAKPKWPAFLPYMACILLILNNGCIKTFTKKPK,36,0.6882
GEN_7718,LYGSMSCILARLALCLGLAHCCGGQNRVYLNC,32,0.6882
GEN_7719,LKKKRYGDFYVLLFILTFKKAKA,23,0.6882
GEN_7720,VAKVCKSGAAILNLRGRSKVLTVIWVFFK,29,0.6882
GEN_7721,FHCAKKPVAHHCLHVLACVILTWLSGCQKLKVFGLK,36,0.6882
GEN_7722,LHLAKKIVVKHSLHYLACVLLTYPIACLHTFTSLFP,36,0.6882
GEN_7723,IGLWLCLCGAVYTLELPVCTAKRKGAT,27,0.6881
GEN_7724,VVSKKGPCLKRYIKGAVLLYCLLSECSKKVI,31,0.6881
GEN_7725,KPLQVPSALKGSCRCMIVVALNVGGKIGNCRKKAPKCL,38,0.6881
GEN_7726,FRCWYKPKAAACLSPLACLPAIILNGKGKTFTKIPKEFGTFTPAR,45,0.6881
GEN_7727,TRYRKKPHNHASLSTLACLCLTILCGCVKAKVFAHH,36,0.6881
GEN_7728,LKSLCVGCHLLNGGSCGYEFHMFGCKGIAGKGVTC,35,0.688
GEN_7729,KHTKWPSRYTHPCIKLLKVRFKVSALADIFSALKKN,36,0.688
GEN_7730,TRFHKGPKYLACNSNLACLTLTPVNGCLKAKVNAAG,36,0.688
GEN_7731,FRCWWQCYKAALWHLRGAIATFTLYLIYG,29,0.688
GEN_7732,WRCWYKPKAKACLSTLACLQAEILGGKGKTFTKLPHSWGKGTGNR,45,0.688
GEN_7733,SLPMKVCTGWLLKGAARSKVLIVIWVFFGHH,31,0.6879
GEN_7734,TRFHKKPHYHLCLSNLAVLLLTPVNETLKNDTFLPK,36,0.6879
GEN_7735,FRCWYKPKACHCLSTLACLQLIFLNKSKKVIRLAVV,36,0.6878
GEN_7736,TRPIKKPHYHACLRRLACIHLIILFGCVKLKVYAAV,36,0.6878
GEN_7737,THCAKKIAAKHCLHMGKCRLLTYFIQCVKTFTLLAP,36,0.6878
GEN_7738,LHCARKIAARHELHYSACSWLTYFIGCLKSFTSLIP,36,0.6878
GEN_7739,THCAAKPKAHACLNYMACIRLIINNGCGVTFTKLGV,36,0.6878
GEN_7740,THCAKKNVGKHCPHYLACVLLTYFNACAKTSTSLIP,36,0.6878
GEN_7741,TRYEKKPHYHACLHNLACLLLTILNGCAKAEVMAAH,36,0.6877
GEN_7742,WRLWRKPKVHACPSWLACLLLIILNPCNKTFTKVAV,36,0.6877
GEN_7743,THCAKKIAAKHCLHFLACFLLSYFNAFLYSKANGNP,36,0.6877
GEN_7744,LKKKRFGDFYVLLFILTFKKAKY,23,0.6876
GEN_7745,KRTALTAATASRFDACTYKALHSRGSQYYVLVAK,34,0.6876
GEN_7746,KLACCLIIKLWVVGGWKCLRLKAVRPPGLQLKS,33,0.6876
GEN_7747,TRCWYKPKAHACLSTLACLQAIILDGKGHTFTKIPKSFGIGTGNR,45,0.6876
GEN_7748,TRYRLKPHNHASLSTLACWCLTSLNGCVKVKVFAYK,36,0.6876
GEN_7749,THCAKKKLAKHALHMLACALLTYFNMCLKNFTKLHP,36,0.6876
GEN_7750,LHCCKKLVAQHCLHYLACVLLSYFNACLKNFTSLLP,36,0.6876
GEN_7751,FRCWYKPKAAACLSTLACLQAIILNGKGKTFTKIPKSFGSWDGSR,45,0.6876
GEN_7752,TYCAKKPLAKHCLHYLACVKMTYSNAPFKTFTKLAH,36,0.6875
GEN_7753,THCAKKAAAGHCHHYLACVLLTYFINCLANFTSLAP,36,0.6875
GEN_7754,AYGAMSCTCWLLKGAARSKCQRSFIKAKF,29,0.6875
GEN_7755,FFCWYKPKAAACLTTLAALQAIIHNGKGKTFTKLPNSFGLGDADR,45,0.6874
GEN_7756,TRYHKKPHEHACLSNLGCLLLTPVNGCVLAKVFAAR,36,0.6874
GEN_7757,THCAAKFIMHACLSYMACILLILNNGCIKTFTKLAK,36,0.6874
GEN_7758,TLCAKKAEVHHCLHYIALLLLTYFNAELKTHTELIP,36,0.6874
GEN_7759,THCAKKGAAKHCLHYLGCVLLTYFHNSLHAHALAIP,36,0.6874
GEN_7760,CRCAKVPNKHASISNLACLLLIILRGQGATYTKAQL,36,0.6874
GEN_7761,TLFLSAACFTTRLLGKKLL,19,0.6873
GEN_7762,KSTKFGCCKLARRTLRGANATNFANWCGKVKVFVQV,36,0.6873
GEN_7763,THCAKKPFAKHCLHYLACVRLEYFNAQLKTFTFAVP,36,0.6873
GEN_7764,IWTLPVPLCNAPTACALLKILHSRGSIFYVDVAK,34,0.6872
GEN_7765,FVLPLYRALGAAWLTFLFNQWCFKRHCGPPCKCHSIGLV,39,0.6872
GEN_7766,TDYHKKPKYHACLSVLACLLLTPVNGCIKAKVNAPR,36,0.6872
GEN_7767,THCHKKPRYHACLSNLACLLLTPVNGCVKAKVFAAV,36,0.6871
GEN_7768,WRCWYRPKAHACLSTLACLQAIILNGKGKTFTKLPKSIGIGTGNR,45,0.6871
GEN_7769,KPVCAPSALKGSKRCVLVVALNHGGLIGDTRKKVPKCL,38,0.6871
GEN_7770,TRYHKKPHYHACLSTPACLLLIILNGQGKTFTKLQL,36,0.6871
GEN_7771,THAFKKPSAKHCLHYAACALLTYFNACLKTFTSDVK,36,0.6871
GEN_7772,SLSYKKSNAWLKEKTGAVLLCTAL,24,0.687
GEN_7773,AWIKTANLSCAIKIPNHKVRYKASALAD,28,0.6869
GEN_7774,CRCQKKPNKHASFSNLAHLLLIILRGQGDTYTKSHL,36,0.6869
GEN_7775,FHCSRKPLAKHSLHYAACVLLTFYNLCLKNFNRLRP,36,0.6869
GEN_7776,TVCACKIVAKHCLKYLECVLLTYFIWCVKTFTLLIP,36,0.6869
GEN_7777,FTCAKKMAAKHHLHYLACVLLTYFNSCIKATVFLAP,36,0.6869
GEN_7778,KHVKFECCKLALRTLRGANAFKVSALADIFDALKKN,36,0.6869
GEN_7779,TRYHKKPKYHACHSNAACLILTPVGGCAKAKVFAAR,36,0.6869
GEN_7780,SHCAKKIAEKICLHYLACVELTYFNACLSTFTSLIP,36,0.6869
GEN_7781,FRCWHRPKAKAELVTLACLLLIICNGKGKSFTRMYRPFGIGTICV,45,0.6868
GEN_7782,YHLAMKPKAHACLSFLACLLLIYNNGDLKAPVFPVH,36,0.6868
GEN_7783,THCAKWALAKHCLHYLACVLLTYFNIPLHNFTKLIP,36,0.6868
GEN_7784,FHCADKCLLEHCLHYIACVLVTYFNACLWAKVFALF,36,0.6868
GEN_7785,THCAAKPHAHACVSYLVCVLLTYLNGCVKAKVWAVP,36,0.6868
GEN_7786,TACAKKILAHCCLHYLACVLLTYDNACLHAKAFAAD,36,0.6867
GEN_7787,TPCAKKIAAKHCLHPLACVVLTYFIWCVHTFTLLAP,36,0.6867
GEN_7788,KHIYFECCKQAARTLRGANASRFASWCGKAKVFAAV,36,0.6867
GEN_7789,ILLCDPSRYTALRTLRGGNASNFASWCGKVKVFVAV,36,0.6867
GEN_7790,QVCAKKIKAKHCLHYLSCSLLVYFILCLKNFTILIP,36,0.6867
GEN_7791,IHCGKSAAAKNCLHYLACVLETYFNSCLNRKLFAIF,36,0.6867
GEN_7792,THCFKKPHAHACLSYLKCLLLICNNGCLKGKWFIAH,36,0.6866
GEN_7793,TRAIAKPKINFCLCTLACLLLFPLNETYKGFTQLPK,36,0.6866
GEN_7794,THCAYKIAVKNCLHYLACELLTYQNACLHAKAFAIP,36,0.6866
GEN_7795,VVKVFKSGIAILNLAGRVDNTIWSKGLLA,29,0.6866
GEN_7796,WHCWYKPKAEACISTLACLWLTILNGQGKNFTKLPKSFQIGTGMR,45,0.6866
GEN_7797,LKKKRFPDFYVLLFILTFKKAKY,23,0.6865
GEN_7798,VAHVPKCCKLAVRTLRGANASRFVSWCGK,29,0.6865
GEN_7799,THCAKKPKAHACWSYVACNLAIINNPCVKAFTRLPR,36,0.6865
GEN_7800,THCAAKPHAHLALSYSACISLILNNGCIKTFFVAPK,36,0.6865
GEN_7801,VHCAKSIASKHSLAYQACVLVTYFIACLKTFHSLAP,36,0.6865
GEN_7802,ADGLMSCCLARLALCCHLAHCCGGYSHYA,29,0.6865
GEN_7803,KHNKFGCCKGAVRTARGANATNFANWCGKVKVFAAV,36,0.6865
GEN_7804,LRYHRKVKYHAVLNNLACLLLTPVNPCVNEIVFSAV,36,0.6865
GEN_7805,YHCAKKKAAKHCLHYLYCVVLTYFIWCVKTFTLLAP,36,0.6865
GEN_7806,FVLPLVRCLGAAWLTFLFNQWCFKRHVGPPCKCHSIGLV,39,0.6864
GEN_7807,QRYHKHPKYHACLSNLACLLLTPVNGCVKTKVFPAV,36,0.6864
GEN_7808,THCAKKILAKHCLHYLPCVLLTYFNDNLKSFTSLIP,36,0.6864
GEN_7809,WRFWYKPKAHASLYTVWCINAISLNGKGKTFDKLPKSYGIGFGLR,45,0.6863
GEN_7810,TRYHKKLRYHTCLSTPACAPLHIANGCLRAKVFAAH,36,0.6863
GEN_7811,PHCAAKTRWHANLSYLLCFLLHFFMACVKAKEFAAK,36,0.6863
GEN_7812,IIICWPSRGTHECIKLLKVRFKVSALAEIFQALKKKYS,38,0.6862
GEN_7813,FRCWYRPKAAACLTTLACLQHVIHDGHGKTFTKNKNSFGLGPAFN,45,0.6861
GEN_7814,TRCAAKPNKDACFSTLACLLLIILNVKGITFTHIPK,36,0.6861
GEN_7815,THCARKPVAKHCLHYLACVLSTYFYTDLHNTAIAAD,36,0.6861
GEN_7816,IWTLPVPLCIAPTACALLQYCVLSEVSKKVIRASNDI,37,0.6859
GEN_7817,HRCWKKPKAHAYLSTGACHLLGICNGKGETMTKLPRSFGIGQISR,45,0.6859
GEN_7818,TRCAREPNKHACFSTKACLLLIILNGQGKTFTKNAL,36,0.6859
GEN_7819,TRYHKHDKYHACLSNLACLLLLPVPGCVKAKVFAAV,36,0.6859
GEN_7820,VVGKKGPCLKRYIKGDLGAWRLGAYVLSSRN,31,0.6858
GEN_7821,IGLWLCLCGAVYTLELPVCTAKRKGRT,27,0.6858
GEN_7822,IHCAMKAAAKHCLHYCACVLLPYFNSCLNRKLFAIF,36,0.6858
GEN_7823,TMCAKKPQAHACLSELPCLLLRYFNACVHCKVFAAK,36,0.6858
GEN_7824,THCAKKAALKNCLDYLACVLLTYFFSCLQQFTLVAP,36,0.6858
GEN_7825,FHCAKKTAAKHSAHKLECVLLTYFNTCLKASVFALF,36,0.6858
GEN_7826,FRCWYRPKAAACLTVLACLQHIICNGKGKTFTKNKNSFGLGDANY,45,0.6857
GEN_7827,FRCWYKPKAAACLSTRACLQLIFVNVSKKVIRFAAV,36,0.6857
GEN_7828,RKALWFHLRGGDPKKIKHILTFTLYSIYA,29,0.6857
GEN_7829,TRPHKKPHYHGCLSTPACLLLTIANGCVKAKVFHAP,36,0.6857
GEN_7830,GHCAKHIANKHCLHYIACYLAAYFNACVKSSTSLIP,36,0.6857
GEN_7831,VVSKKGPCLKRYIKGYLGAWRLGAYVLSSRS,31,0.6856
GEN_7832,KHTKFECCKLLCRTLRGANASNFLSWCGKAKVFGHR,36,0.6856
GEN_7833,KHTKFEWCKLALRTLRGANASKRKGAT,27,0.6856
GEN_7834,TRYRKKPHNHACLSTCACLCLTILNGCVKAKVFAAH,36,0.6856
GEN_7835,GHNAGCGLWGKGWRCRCAGGKMANVCLA,28,0.6856
GEN_7836,TGYRKKPHNHACLTTLACLLLIILNGCAKAYTRLPR,36,0.6856
GEN_7837,KRAFVTAGTASRIDACTYKILHSRGSIYYVLVLK,34,0.6855
GEN_7838,TRYHKKPLKMACLSKLACVLVTYLVGCVPAKVFAVP,36,0.6855
GEN_7839,DNCAKKWLAKHCLHYLACNLLGYFNLCLMNFTKLIN,36,0.6855
GEN_7840,GPWGSRCAGGISLGRILNTTRRAAGGLIALNRSSDKILF,39,0.6855
GEN_7841,THCAKKIAVWHCVHYLACRTLTYFNACVHAKAFAVP,36,0.6855
GEN_7842,TICAKKIAVKHCLHYLAPVLLTYFLNCLKNHHSLMG,36,0.6855
GEN_7843,TRYHKKPKYGACLSNDACLLLLPVNGCVKAKVFPAV,36,0.6854
GEN_7844,TRYRKKPHNHACLKNNACLLLVPVNGCVKGKVFAAR,36,0.6854
GEN_7845,TVCAKKIAAKHCLHPLACILLTEFINCLKMFTSLIP,36,0.6854
GEN_7846,TVCVKKVAAKHSFHYLACVLLTYFIACLKTCQTLIP,36,0.6854
GEN_7847,RAAWASIWVSRAELVVYFKLLDRGFA,26,0.6853
GEN_7848,AYTKFDCCKLADRTLRGANASNFASICGK,29,0.6853
GEN_7849,KHTKFHCSKLTLRTLRGANASNFASVCGKAKVFDAV,36,0.6853
GEN_7850,KRTALTAATASRFDACTYKILHSVSWSGKAKVFA,34,0.6853
GEN_7851,KRCWKKPKAHACLSSLACQQGIILGGKGKTFTKLPK,36,0.6853
GEN_7852,QRCWKKPKAHWCLSTKACLLLIILNGCVKAFTRLPR,36,0.6853
GEN_7853,KAAWVPIGVSRAELLAYYKLLDRGFA,26,0.6853
GEN_7854,THCARKIANKHCLHYLACVTLTYFNCCLQRKITKIF,36,0.6852
GEN_7855,FVAWHLLIWTSPRLLGRDAWAKKCV,25,0.6851
GEN_7856,WRCWKKPKARACLNTLGCLLLIINNGKGRTFTKLPRSFGIGTISR,45,0.6851
GEN_7857,THCAKKPLAKHCLHYVLCVQLTYFNACLHAKAFAAD,36,0.6851
GEN_7858,THCAKKAAAENCLGYLECVLLTYFNSCLNRKVFAIF,36,0.6851
GEN_7859,PKVLSGVLPLHAPKWLAKANDAFLAFC,27,0.6851
GEN_7860,KHTKWQCCKAALRHLRGANASNFASWCGK,29,0.6851
GEN_7861,THCAAHAKAHACLSYMACVLLILNSGCEKTFTKLAK,36,0.6851
GEN_7862,TRCAVKDKAHACDYYTICLKLTTNNGCVKAKVFGPR,36,0.6851
GEN_7863,LHCAKEILAKHCLHYHACVLLTRFNLCLKSKAFYIP,36,0.6851
GEN_7864,GPWGSRCAGGISLARILWTTRRVAGGPIALNRRSGKILF,39,0.6849
GEN_7865,TRCAKKPNKHCCFSTLACLLLCFLNGQGKTTTKLPV,36,0.6849
GEN_7866,AWIKTALLCCVIKIPQWIKDLAGTLVGP,28,0.6849
GEN_7867,IWVAGQCASDVGLVGAKLFLTHTMAALFC,29,0.6848
GEN_7868,GMAYVIKKGGWRLCLYTWRKPVSRATSLKQEKLIHKHY,38,0.6848
GEN_7869,KHTKFECCKLALRTLRGANASNFASVFFKHH,31,0.6848
GEN_7870,FHCAKKPLAKHCLHYLACVLLTEHQLCLKNFTKLIP,36,0.6848
GEN_7871,FRCWYKPKAAACCTTLAWLEAIIENGKGKTFRACNTI,37,0.6848
GEN_7872,TRYRKTPHNHACLSTLACLCLSIFIGCVKAKVFAAH,36,0.6848
GEN_7873,KRSAVTAATASRFDACTYKILHSNGSIYYVLVAK,34,0.6847
GEN_7874,THCAKKPLKHVCLSYLACVLYTPVNGCVWAKVFPAV,36,0.6847
GEN_7875,TVCPDKIAAKGCLHYKACTLLTYFINCLKNFTSAAP,36,0.6847
GEN_7876,LGAAGNDKDAVPAGGCCNKIKCILKFPPSY,30,0.6846
GEN_7877,FHCAKKPPAKHCLHYLACVLLEYFNACLKTFTKLIP,36,0.6846
GEN_7878,PKIGCLALAILWVIGCVTIGHPYRKKKAFGKS,32,0.6846
GEN_7879,IWTLPVPLCDAPTACCVLLYCLLDECSKKLIRASNIV,37,0.6846
GEN_7880,GCKKRFGDFYVLLFILTFKKAKTPKFVWVVKA,32,0.6845
GEN_7881,VAKVCKKGIAILNLRGRVDNSNFASWCGK,29,0.6845
GEN_7882,QHCAKKPLAKHCLHYLACILITYFSACIHAKGFAND,36,0.6845
GEN_7883,MHCAKKLVAKHCLHYLACVLLTYFINCLKTFTSLIP,36,0.6845
GEN_7884,LHCAKKAAAPHSLHYLACVLLTYFLACLKTMTSIIH,36,0.6845
GEN_7885,THCAKKIAAKHCHHYLCCVLLTYFIACLKTFTNLIP,36,0.6844
GEN_7886,VRYHKKPCYHACLSNVACLLLTPNNGCVKAKVWPAV,36,0.6844
GEN_7887,RAAYFECCKLALRTLRGANASNFASW,26,0.6843
GEN_7888,LKCNPWGTLVAWGLRDGCAGSFG,23,0.6843
GEN_7889,VAHHCKVCKLALRTLRGAFPSNFVSWCGK,29,0.6843
GEN_7890,NHCAAKPKAHACLSYMACIILIIQLGCGKTFTKLPK,36,0.6843
GEN_7891,THCMKKAAAKHCYHYLACVLLTYSINCLHAKAFAIP,36,0.6843
GEN_7892,THCAKKALSCHCLHYLMCVLLTYLNGCVKAKVFAMP,36,0.6842
GEN_7893,GCLYKRCSKGARLRWWKKLPNCAFGH,26,0.6842
GEN_7894,KPLCVPSALKGSKRCVLVVACLLSECSKKVIRAS,34,0.6842
GEN_7895,TRCAKKPKAHCCLPQLACLLLIILNETYKTFTKLEK,36,0.6842
GEN_7896,THCAKKPPQKHCLHYLACVLLTGVNGSIKAAVFAAV,36,0.6842
GEN_7897,VLAWSLYGLCRPTGLY,16,0.6841
GEN_7898,ILLCWPSRYTHPIIKLLKVRMKVSALADIFEALKKNNS,38,0.6841
GEN_7899,THCAKKPLWKHCLHYLGCSLLTYFNASLKTWTSVKP,36,0.6841
GEN_7900,LMCAKRIVAKHSLHYPACVLLTYFNSCLKATVFAPF,36,0.6841
GEN_7901,THCAKKVAAKHSLHYLECVLLTYFNSCLNGKVFAIF,36,0.6841
GEN_7902,THCAKCAAAKNCLHYLACVLLTFFNSCLNRYIFNIF,36,0.6841
GEN_7903,NRCWKKPKAHVCLSVLECLLDIIVNGCVKAFTRLPK,36,0.684
GEN_7904,TRYHKKPKSHWCLSSLACLLLTPVNGCVHAKVFAAV,36,0.6839
GEN_7905,KRSAVTAATASRFDACTYKISNFASWCGKAKVFA,34,0.6839
GEN_7906,NWIKTALLCAAAKIPNVVKDLAPTLIGP,28,0.6839
GEN_7907,THCNMKPKAHACLSFLACLLLIYNNGCAKAKVFRAH,36,0.6839
GEN_7908,THCAVHPKAHACLSYLACLLLIINNPCVCAFTRLPR,36,0.6839
GEN_7909,SCASWYLDCSVVRPLAGLCYLGP,23,0.6838
GEN_7910,GHNAGCGLWGKGWRCRCAMGKMPNVCLA,28,0.6838
GEN_7911,THFHKKPHYHLCLSNLAVLLLTPVNACLKAKVTAAG,36,0.6838
GEN_7912,THCAVKPKAHAALSYMACIPLILFSGCAKARVFAWP,36,0.6838
GEN_7913,THCAKKIECKHSLPCLACVLVTYFIACLKTFDSLAP,36,0.6838
GEN_7914,ILYCDPSKYTHPCIKLLKVRFKLSALADNYEAGKKNNS,38,0.6838
GEN_7915,FHCAKKPLAKHCLHYIESVLVTYFNACLKAKVFAIF,36,0.6838
GEN_7916,THCAKKARAKHCLHYLACVLLTYFHNSIHATAFAIP,36,0.6838
GEN_7917,PRCWKKPKAGVCLSTLACLQSIILNPKGKTFNKLPKSFGLGDANR,45,0.6837
GEN_7918,VVSKKGPCLKRYIKMYLGAWRLGAYVLTSRS,31,0.6837
GEN_7919,THEAKKPKHKHCLHYLACALLFGFNLCLKIFTKCHP,36,0.6837
GEN_7920,NPWGNRCAGPISLARILSTTFRVAGPLIALNRRSGFILF,39,0.6836
GEN_7921,IRCWYKSTAAACLTTAACRQAIIANGKGRTFTKLPKSFGIGDANR,45,0.6836
GEN_7922,TRYRKKPHTHLCLSNLACLLLYPVNSCVRAKVFSAP,36,0.6836
GEN_7923,FHCTKKPLAKHCLHYLACTLLTYFNLSLKTFTSVKP,36,0.6836
GEN_7924,KAAWAPIGVSRAELLAYYKLVDRGFA,26,0.6836
GEN_7925,SLSFRKCNAWLKEKAGAVLLCTAL,24,0.6835
GEN_7926,FRCWYKPKAAACLSTLACEQAAILNGKGKTFTKLPKSFGIGDANR,45,0.6835
GEN_7927,FHCGRKPLAKHCLHYLACVLLTYFNLCLDNFTKLIP,36,0.6835
GEN_7928,ILLCDPSRYTHPCIKLLKVRFKLSAPADIFEALIKNNS,38,0.6834
GEN_7929,TFCDKKPLAKHCLHFLACVLLTYFNACLHAHAFAIP,36,0.6834
GEN_7930,SRNFAVGVVVCAILKLRFSACPGGL,25,0.6834
GEN_7931,TRRRKKPHNHACLSNLICLLATPVNGCVHAKVVAAH,36,0.6834
GEN_7932,WKCWYKPKAHVPASTLPCLLLIILTSCMKAKVFAAK,36,0.6833
GEN_7933,WRCWYKPKAMACLSTLACLDLVMWYGCVKAFTRLPR,36,0.6833
GEN_7934,TRYHKKPHCTASLSTLACLLLTNLNGCEKAKVFAAH,36,0.6832
GEN_7935,THCAKKAEAKHCLHYCALVLDTYFNASLKTFTDEIP,36,0.6831
GEN_7936,THCAKKAAAKHCLWYIVAVLITYFNACLHFKAMAAD,36,0.6831
GEN_7937,GVAYVIKKGGWRLCLYTWRKGYSRLTSLKQEKLIHKIA,38,0.683
GEN_7938,PHCAKKAAAKNCLGYLVCVLETYFNSSLNRKVFAIF,36,0.683
GEN_7939,SAFQRVSTTWLLKGAARSKCQRLHIKAKFHAL,32,0.683
GEN_7940,THCAKKPLAHHCLSYEACVLLTYFCACVHAKVFAVK,36,0.683
GEN_7941,THCAKKLVAKHCDHYLACVLLEYFNACLKTFTSAAP,36,0.683
GEN_7942,WRCWKKPKPHACLSTLACLQYIILNGKGKTYTKLPKFWGIGWGSR,45,0.6829
GEN_7943,TRPIKIPHYHACLRKLACIFLICLNGCVRAKVFTAH,36,0.6828
GEN_7944,NHCAKKAAAKHCLHYLACVLLTFFNSQLNRCVFAIF,36,0.6828
GEN_7945,KPLCVPSALKGSKRCVLVVALNCGGKIGDCS,31,0.6828
GEN_7946,LFGSMSCVVKRLALCLGLAHCCGGQNRVYASC,32,0.6827
GEN_7947,VAKVCKSGIAIELLRGRVDRTIWLKGLVA,29,0.6827
GEN_7948,SAFMRVCTGWLLKTFARSKCQRLFIKAKFHAL,32,0.6827
GEN_7949,FCNKFTCCELALRTLRGVNASNFVSWCGKAKVFWAV,36,0.6827
GEN_7950,MRCWYKPKAAATLSTLACLQAIILNASKGVSRACNSL,37,0.6827
GEN_7951,THCCKKAAAKHCLHYLACVLLTRFINCLYNFTSLIP,36,0.6827
GEN_7952,TKCARHPHAHACLSYLACILLTVNNACVKASVFAPI,36,0.6827
GEN_7953,THCAKKPLAKHCLHVLVCVLLTYFNACLKTFTSVNP,36,0.6827
GEN_7954,LLLCNPSRYTHPCIKLLKVRFKASELADIFEALKKNQS,38,0.6826
GEN_7955,LKCNPWLTLVAWTLRDGCAGSFG,23,0.6826
GEN_7956,TVCAKKICAKHCLHYLASVLETYFINCHKNFTSLLP,36,0.6826
GEN_7957,VAKVCKSGIAILQWAKAPKVACLQG,25,0.6825
GEN_7958,AYGAMSCAKQAARTLRGANASRFASWCGKAKV,32,0.6825
GEN_7959,VIHVSKCCKLAQRHLRGANASNFVKWCGK,29,0.6825
GEN_7960,TRYRKTPHNHACLSFLACLCLTLFNGCVRAKVFACH,36,0.6825
GEN_7961,TRYHKYPKYHLCLSNLKCLLLTILNGCVKAKVFAAQ,36,0.6825
GEN_7962,TPCAKKIAAKHCLHYLACVNLTYFINCSKTFTSLIP,36,0.6825
GEN_7963,THCAKKPLGKVCLHYLQFVLITYFNACLHAKVFAVP,36,0.6825
GEN_7964,LHCAKKIAAHHSLHYLLCKLTTYCIACLKTFTNMAP,36,0.6825
GEN_7965,LHCAKKIPAKHSLHYLLCVLLTYFIACLKFYTTNFP,36,0.6825
GEN_7966,KRYAVTAATASRFDACTYKILHSNGSIYYVLVAK,34,0.6824
GEN_7967,FRCWYRPKAAACLTTLACLQCIINNGKAKTFTKNKNFFPLGKPDY,45,0.6824
GEN_7968,TRYRKKPHNHACKSNLACLLLTPVNGCVKAKVFAGR,36,0.6824
GEN_7969,THCAKRIVAKHCLHYLACVLLTYFNACLHAFTSLIP,36,0.6824
GEN_7970,FKDYYLVCARAIKIPNWRYALAPTLVGP,28,0.6823
GEN_7971,PECAKKPLAKHCLHYLDCVLLTYYNACLHAKVFAIP,36,0.6823
GEN_7972,ILLCDPSRYTHPCIKLLKVRFKASAWADIFDALKKNNM,38,0.6823
GEN_7973,GCKKRFGDFYVLLFILTFKKAKTGKFDWVVKA,32,0.6822
GEN_7974,FRCWYKPKAHACLSTLACLLDIILNGCNKTFCERCH,36,0.6822
GEN_7975,FHCTKKPLAKHCLHYLACVLLTYFNACDKTFPKLIP,36,0.6822
GEN_7976,RKAAKTAATASRFKACTYKILHSRGSIYA,29,0.6821
GEN_7977,KRWGSRCAGPISLARILSTTFHVAGPLIA,29,0.6821
GEN_7978,TRCAAKGKAHACLCTCYCLLLAILNETYKTFTQLPK,36,0.6821
GEN_7979,THRAKKEARRHCLHYPACVLLTYFILCLKTFKSAIF,36,0.6821
GEN_7980,MHCAKKPLAKHCVHYLACVLVTHNNACLKYKVFAIF,36,0.682
GEN_7981,TPCAKKPKAHASESYLACLLATPVNGCVKAKVFPPV,36,0.682
GEN_7982,THCAAKPKIHAALSYMACIVWILPNGCIKTFTKLPK,36,0.682
GEN_7983,ILLCWPSKYNHPCIKLLKVRFKVSALADATFTKTPRSF,38,0.6819
GEN_7984,HHCRKKPSAKHCLHYIPCVLVTYFNACLKAKVFAIF,36,0.6819
GEN_7985,TRYRKHPHNHACLSTLACLLLIILNGCVKAFTRLPR,36,0.6819
GEN_7986,YRCWYKPKAAPCLSTLACIQAIILNGKGKTFTRIPSI,37,0.6818
GEN_7987,THLAMKPKAHACLSFLACVLLIYNDGCLHAKVFAAH,36,0.6818
GEN_7988,TVCAKPIAAKHCEHYLACVLLTFFINCLKIFTSLIP,36,0.6818
GEN_7989,FHCAKKMAAKHSLHYLACVLLPYFGSCLQRFTLLAP,36,0.6818
GEN_7990,KRTKFDCCMIALRTLRGANGSNFASFCGKVKVFVAV,36,0.6817
GEN_7991,FHCAKKTAAKHNLHYLACVLLTYFNTCLMATVFALF,36,0.6817
GEN_7992,KRCSWNCDRAAVSHLRGALLTFSLFLIYG,29,0.6817
GEN_7993,THCTKKILLKHCLHYTACVIITYFNACLHAKAFAAD,36,0.6816
GEN_7994,VHTKMARIKLALRTLRGANATNFANWCYKVKVFAYV,36,0.6816
GEN_7995,WRCWYHPKGAACLTTLACLQHIINNGKRKTFTKNAR,36,0.6816
GEN_7996,THCAKPIYGEHCLHYLACVLLTYLNPCVKAKVFAVP,36,0.6816
GEN_7997,IGLWKCLATASRFDACTYKILHSRGSI,27,0.6815
GEN_7998,SAFMRVCTGWLLKGARGANASNFVSWCGKAK,31,0.6815
GEN_7999,THCADRILAKRCLHYLACVLLPYGNACLTRFYNLDD,36,0.6815
GEN_8000,THCAKKAAAKNCLHYLVGVLLTYFNSCLQRKVFVIF,36,0.6815
GEN_8001,AWIKTALLCCAEKIPNWKVRYKGSALAD,28,0.6815
GEN_8002,LHCNKKIAAHHSLHYLACVLLTYFNSCLKATVFVLF,36,0.6814
GEN_8003,TCCAAKPKAHACLSYMACILLILNNTCIKTFTKLPK,36,0.6814
GEN_8004,LDIALLKLHLAEWACSRIKN,20,0.6813
GEN_8005,NHSAKCLAAKHCLHYLACLLLTYFNADLHTYTKLIT,36,0.6813
GEN_8006,THCAKKAAWKHCLRYLACVLLTYFNSCENSKVFAIF,36,0.6812
GEN_8007,THCAKHHVAAHCLHYLACVLLTRFNACLHAKAFAIP,36,0.6812
GEN_8008,KHWKFDCMKIFLRTLRQANVSNFASWCGKVKVFVPK,36,0.6812
GEN_8009,SAFTRVCTCWLLRGAAWSHCQFSFIKAKFHAL,32,0.6811
GEN_8010,FHCVKKTLAPNCNHHLALVLLTYFNNCLKATTSLAP,36,0.681
GEN_8011,THCAKRILAKHCLHYLAPKDLTYFNACLHADAFAAD,36,0.6809
GEN_8012,THCAWRIAAKHCVHYLACVLLTYFIWCVHTGTLLAP,36,0.6809
GEN_8013,NLCAKKAEAKPCLHYIARVDLTYFNACAKTGAELHP,36,0.6809
GEN_8014,FRAWYKPKAAAALSTLACLQLIILNGTVVAYMGLPR,36,0.6808
GEN_8015,KYSAVTAAWASRFVACTYKILHSNGSIYYVLVAK,34,0.6808
GEN_8016,SLAFCLIIKARNNLENPVCTAKRKGAT,27,0.6808
GEN_8017,HRCWYKAKAALRLCFLKCLQLIIGQVSKKVNRAHLSI,37,0.6808
GEN_8018,SHCAKKILAKHHLHYLVSVQLTYFNACLHAKAFAIP,36,0.6808
GEN_8019,GVDTIASRVPCLKKEAFLKCLIAIDM,26,0.6807
GEN_8020,GFWGSRCAGGISLARILSTTSRVAGGLICVNRRSGKILF,39,0.6807
GEN_8021,THCAKNIIAKHCLHYLACVLVTYFNACLHANVFAIF,36,0.6807
GEN_8022,DHAAKHILCKHCLHYLACVLLEYFNLCLKNCTKLIP,36,0.6806
GEN_8023,KCTAVTAATASRFDACTYKILHSRGSIYYVLVAK,34,0.6806
GEN_8024,LKYHRKTKYHACISNLACLLLTPVNGCHTAIVFAAV,36,0.6806
GEN_8025,YRCWYKPKAAECLSTLANLQAIIPNASKKVIKACNTI,37,0.6805
GEN_8026,LHCAKKWAAKHSLHYLACVLVTYCFACQKTFTNHAP,36,0.6805
GEN_8027,SAFMRVCTGWLLKGAARSKCQRLDIKAKFKDL,32,0.6805
GEN_8028,GFWGSRCAGGISLARILTTTSRVAGGMSCVYRRSGKILF,39,0.6805
GEN_8029,NPWGSRCAGPISLARILSTTFHVAGPLIALNRRSGKISF,39,0.6805
GEN_8030,KHTKFECCKLLLRTLRKHILGFTLYSIYA,29,0.6804
GEN_8031,LKKKRYGDFWVLLFILTFNKAAA,23,0.6803
GEN_8032,TKCAKKAAAKHCLHMHDCVLLTNFNSCLNKGVFAIF,36,0.6803
GEN_8033,THCAKHAAAKHCGHYLACVLLTYFNSCLNRKVFATF,36,0.6802
GEN_8034,SRDWAVGVVVCAILKLRGSACFGGL,25,0.6801
GEN_8035,WRCWYKPKAHACLSTLACAPAIIFNGKMKTCTKLPRNFAIGPGNR,45,0.6801
GEN_8036,FRCWYKARAAACLSTAACMQAIWLNAKGKTFTKLPIYCAVGNISR,45,0.6801
GEN_8037,THCFKKPKHHAQLSYLAVLLLICNNPCKKAFTRLPR,36,0.6801
GEN_8038,TRCAKKPKAHRCLCTNACLLLIILNDTYKTFTFLPK,36,0.6801
GEN_8039,LHCWKLPKAHASLSTLSCLQCIILNGKGKTFTKLCK,36,0.6801
GEN_8040,TRCAAKPNKHACFSTLADLLLIIDNGQGKAFTRLPR,36,0.6801
GEN_8041,KPLKKLCGPGLWLASVGCHRKACTP,25,0.68
GEN_8042,WRCWYKPKAHACLSSVACLQAIILNGKGKTFTVLPKSFGIFNGNR,45,0.68
GEN_8043,TRYRKKPRNHLSLSTVACVCLTTLNGCVKVKVFAAH,36,0.68
GEN_8044,TKCAKKPLAHACLSYQACVLLTYLNGCVWVHVFAVP,36,0.68
GEN_8045,THCAYRPVAKHCLMYLACVLSTYFNWCLKTFTKNIP,36,0.68
GEN_8046,GLQICQSCAVKKILLKIGKKKW,22,0.6799
GEN_8047,KHTKEECCKLALRTLRGANLSNFASECGKVKVFVAV,36,0.6799
GEN_8048,TRYRKKPHNHGCGSNVDCLLLTPVNGCVKAKVPAAP,36,0.6799
GEN_8049,LHQKFQCCCLALRTLHGANASDFGSWIGKAKVFSAL,36,0.6798
GEN_8050,LKCNPLLIWTSPRLLGDDAWAKK,23,0.6797
GEN_8051,THYSMKPKAHACPSFLACLLLIYQNGCAKAKVFAAH,36,0.6797
GEN_8052,RRYHRKTRYHHCLSNLACLVLTPVNGCVKAIVFAAV,36,0.6797
GEN_8053,FVLPLVRCLGAAWLTFAFQQWCFKRHVGPPCKCHSIGLV,39,0.6796
GEN_8054,DRYHRKTKCHACLSNLACLLLTPVNGSVKAKVFPAV,36,0.6796
GEN_8055,LDNAWLKLKLAEWACSRIKN,20,0.6796
GEN_8056,KHTPFDCCKIALRHIRGANAFIFWSWSYKAKVFAAN,36,0.6796
GEN_8057,THCAAKPKAHAALSFMACILLILNNGCIFTFPKLVK,36,0.6796
GEN_8058,WHCAKKILAHHCLHYLYCVLLTYFNLCGKDFTKLAG,36,0.6796
GEN_8059,FHCGKKTAAKHSLHYLDCVLLTYFNTCLKATVFALF,36,0.6795
GEN_8060,THLAMKSKAHACDSFLACLLLIYNNGCLSAKVFAAH,36,0.6794
GEN_8061,ARAAKRPQAHLCLCKLTCLLLFILNETYKTFTKLPV,36,0.6794
GEN_8062,MHCAKKPLAKHLIHYLACVLLTYFSHCLKTFTDLAR,36,0.6794
GEN_8063,PKVLCGVLPLDFPKWLGYANDCFLAFC,27,0.6794
GEN_8064,IRCWYKPKAAACLSTLACLQAIILSGPGKDFTMLPKSFGIGDANR,45,0.6793
GEN_8065,FRCWYKPKAALCLSTPACLQLIILNVHKKVFRACNSI,37,0.6793
GEN_8066,WHTKFDKKSRGSKRCVLVVALNCGGKIGDCRKKAPK,36,0.6793
GEN_8067,SLSYKKCNIWLKEKTGAILLCTAL,24,0.6793
GEN_8068,DHCAKKSLAKHCHHYLACVLLTYFNLCLCNFTKLVP,36,0.6793
GEN_8069,KWDICCQRRKTGNSGGAGKALKMPLGVKPLAI,32,0.6792
GEN_8070,YHCAKRAAAKDCLHYLACVLLTYFNTCLNRKVDAQF,36,0.6792
GEN_8071,THCAARPKAHANLSYMGCILLILNNGCIKTFTKLPK,36,0.6792
GEN_8072,GFWGSRCAGGISLARILQTTSRVAGGLSCVNRRSGKILF,39,0.6791
GEN_8073,KHTHFECMKLLLRTLRGANWSNFASWYGKEKFFAAK,36,0.6791
GEN_8074,LRKRKCKYASTLQWKKAPKVACLAG,25,0.679
GEN_8075,TRYHKKPHYHACLNTLACLLLVILNGCIVAKVFAAH,36,0.679
GEN_8076,THCAKKPSWKHCLHYLASVLLTYFIACLKTYTSLIP,36,0.679
GEN_8077,LRKRKCKYASNVQWKKAPKVACLAG,25,0.6789
GEN_8078,THCAARPKSHACLSAMYCILLTQLNGCVKAKVFAVP,36,0.6789
GEN_8079,THCAKRILAKHCLHYMACVLLSYWIACLITMSKLIP,36,0.6789
GEN_8080,THCTKKIAVKHCLHYKACVLLTQYNICLHAKAFAIP,36,0.6789
GEN_8081,THHAKKLVAKHCKHYLACVLNSYFNACLKNFTSNLP,36,0.6789
GEN_8082,GRNIGCGLWGKGWRCRCAGGKMINKCLA,28,0.6788
GEN_8083,RLTKFGCCKLALRTVHNADATNFGNWCHKVKVFAAV,36,0.6788
GEN_8084,FRCWYVEKAAACLSTIACLQLIILSVSKKVIRACNSI,37,0.6788
GEN_8085,THCLVKPLCKHCLHYLACVLRWYFNACLKTFTSSPK,36,0.6788
GEN_8086,THCAKKILAKHHLHDLACVLLTYFNACHKNFTTLIV,36,0.6788
GEN_8087,THCAKKLVAKHESHYLNCWLLTYFNSCLKAKVFAIP,36,0.6787
GEN_8088,THCAKKAAAKHRLHYLACVFDTYKNSCLNRKVFAGF,36,0.6787
GEN_8089,THSAKVTAAKHCLHYLVCVLLTYFINCLKNFTSLAP,36,0.6786
GEN_8090,THCVKRIVAKHCLLYLACVLLTYFNACLHMKAFAIP,36,0.6786
GEN_8091,THYRKKAHNHACLSTLACLLLIILNGCVSAFTRLPR,36,0.6785
GEN_8092,THCAKKPLAKQVLHYLAQVLLTYFNACLKTMPILIP,36,0.6785
GEN_8093,TVCAKFIAAKHSLHYLACVLLTYFNSCLKATVFQAD,36,0.6785
GEN_8094,TVCKKKIAARHCLHYLLCVLLTYFIWQVKTFTLLAP,36,0.6784
GEN_8095,VVSKKSGCQKRYNKMYLANASNFLSWCGKAK,31,0.6783
GEN_8096,RKVWCAKLQGVAGQCAKAPRCTHS,24,0.6783
GEN_8097,KHTKFDCCKLALRTLRGANATNFASPFGEVKVFAAV,36,0.6782
GEN_8098,KWDICCQKPGLWLASVGCHRKACTC,25,0.6782
GEN_8099,KRCKWQCDQAILSHLRGAYLTFSLELIYG,29,0.6782
GEN_8100,TRTHYKPHYHACLSTPACLLLTILNGCVKAKVFAAP,36,0.6781
GEN_8101,THCAKHPLAKLHLHYLECVLLTYFNACLHAKAFAIP,36,0.6781
GEN_8102,AWIKTALLCCAIKIPNWRKDYAPTLVGE,28,0.6781
GEN_8103,AFGAMFCALARLALLCGLAHCQGGQNRVYASC,32,0.6781
GEN_8104,KRSAVTAANASRFDACTYKILHSAYVLTSRS,31,0.6781
GEN_8105,LRYHRRTKYHACLSNLAELLLEPSNGCVCAIVFAAV,36,0.6781
GEN_8106,LRLNKKLRGCAKPLNTTAVNAEFWCWC,27,0.678
GEN_8107,VAHVYKCNAWLKEKTGAVLLCTAL,24,0.678
GEN_8108,GRNIGCGLWGKGWRCHCAGGKMINKCLA,28,0.678
GEN_8109,FHCAKKIAAKHSNHYLACVLLSYFYTCLRATVYTLF,36,0.678
GEN_8110,THCAAKPYAHACQSWMACILVIINNGCRKTFTKLAV,36,0.6779
GEN_8111,EHCEKKIAAKHCPHYLACTLLTYFLGCGKTFTSAIP,36,0.6779
GEN_8112,TLFLSAACQYTRLLGKKLL,19,0.6778
GEN_8113,NPWGSRCAGPISLARILSTTFHVAGPLIALNRRSGKSFG,39,0.6778
GEN_8114,TRCAAKPDAHACLCTLLCLLLIILNETYKPFTFLPK,36,0.6778
GEN_8115,FHCAKKIAAKHSHHYLAFVLLTYFQSCLKATVFALF,36,0.6778
GEN_8116,AGGAMSCALACLAACCGLAHCCGGYSIMA,29,0.6777
GEN_8117,TRYHKKPHYHTCLSTPACLLLTIANGCLVAKVFAAP,36,0.6777
GEN_8118,FHCAKKPLAKHCFHYLACVLLTYFNASLKTFTSVKP,36,0.6776
GEN_8119,FHCAKYPLAKHCLHYIVCVTVTYFNSCLKAKVFATF,36,0.6776
GEN_8120,KHTKFECCKAVYTLEIPVCTAKRKGAT,27,0.6775
GEN_8121,THCAAKPKAHAALSYMACQLLIINNGCGHAKVFCAK,36,0.6775
GEN_8122,THCAKHAAAKHCVHYLACVLLDWFINCLKNFTSIGP,36,0.6775
GEN_8123,GYVKKSWAHRRYLLLFNRKDLAPTLVGP,28,0.6774
GEN_8124,SHTKMPCCKLALRTLRGANATNFANWCGKWFVWGAY,36,0.6774
GEN_8125,THCAKKPKTHACLCQLACLLLIILNETYKPFSFHPK,36,0.6774
GEN_8126,PKVLSGVLPLDAPKWLGYANDAFLAFC,27,0.6773
GEN_8127,TRYHKGPHYHACLSTPACLQLRILQKCKKAYVFGAP,36,0.6773
GEN_8128,GRNIGWALWGKGWRCHCAGGKMINKCLA,28,0.6773
GEN_8129,KWDICCQRQKTGNNGGAGKALKLPLGVKPLAI,32,0.6773
GEN_8130,AHCPKKISAKKPFHYLWCVLLTYFNACLHAKFFAAD,36,0.6773
GEN_8131,TRYHRKPPYHACLSTPACLHLTILNGCVKAKSWAAP,36,0.6772
GEN_8132,LRKRKCKWARTLQWAKAPKVACLAG,25,0.6772
GEN_8133,TRYHKSPHYHACSSTPACLLLTILNGCVKAKVFALP,36,0.6772
GEN_8134,THCAKKPLAKWCLHYLACVYLTYFNNCLSTFTSLAD,36,0.6772
GEN_8135,TRIHVHPAYHACLSNIACLLLTGVNGCVKAFVFAAV,36,0.6771
GEN_8136,THCAAKPHAHACLSYLDEVLLSYKNACVKAKVFAAH,36,0.6771
GEN_8137,THCAAKPHAHLALSYNACIILILNNGAYKTFFVPPK,36,0.6771
GEN_8138,LHCARHIAAKHSLHYLACVLLTYFIACPKFYTTNFP,36,0.6771
GEN_8139,WRCWKKPKAHACLSTWACLQAIILNGKPKTFTKLPKSFGIGTGSE,45,0.677
GEN_8140,THCAQKLVAPHCLHYLGSVLLTYFNVCLHAKAFAIP,36,0.677
GEN_8141,THQAKKPVAKHCLHYLACVLLTYGWTCTHETAIAAM,36,0.677
GEN_8142,FHCLKRILAKHCVHYLADVLLTYFNACLHVKAFAAD,36,0.677
GEN_8143,THCAKHAAAKHCLHYLACVLLTYFINSLHVKAFAIQ,36,0.677
GEN_8144,WRCYYKPKAHACLSTLDCCCAIILNGKGRSFTKLPKSFGIGNWNR,45,0.6769
GEN_8145,NHCAKKPKAHACLSYLACQLLTPVNGCVDAKVWPAV,36,0.6769
GEN_8146,THCAKRIGAKHCEHYYACVLLTDYNACLHAKAFAIP,36,0.6769
GEN_8147,FGWCGRLKLCCILRIARKK,19,0.6769
GEN_8148,SAAAGNDKDAVPAGGCCNKIKCILKFPPSY,30,0.6769
GEN_8149,FRCWYKPKAAACLSTVACRQAIIYNGKGKTFTKLPKSFGIGDANR,45,0.6769
GEN_8150,KAVILALITVMRNMAKLARRQLIRYVVDGLDDAKCIFGCVKIL,43,0.6768
GEN_8151,THCAAKPKAHACLNYMACILLIINSPCVKAFTRLPR,36,0.6768
GEN_8152,FHCAKKPLWKHCLHYLACTLLTYFNASLKTFTSVKP,36,0.6768
GEN_8153,THCAMKILAKHCLHYLACVLLTYFRACLHAHAFAAD,36,0.6767
GEN_8154,THCAVHPHAHACLSYLACVLLTYLNGCVKAKVFAWH,36,0.6766
GEN_8155,NHCAKKFAAKNCLHYLACVQVTYFINCLKNFTSNAP,36,0.6766
GEN_8156,LNQAWLKLKLAEWACSRIKN,20,0.6766
GEN_8157,THTAWKPLAKHCLEYLACVLLTYFNACLHAKAYLND,36,0.6766
GEN_8158,VLAWSLYGLARPTALY,16,0.6765
GEN_8159,VAKVCKSGIAGLQWAKAPMVACLQG,25,0.6764
GEN_8160,KRSAVTAATASRFDACTDKISNFASWCGKAKVFA,34,0.6764
GEN_8161,GCLYKRASKGARLRWWKKLPNCGFGN,26,0.6764
GEN_8162,FRCAKKPKAHCELSTLPCLLLIINNGKGRTFTKLPK,36,0.6764
GEN_8163,THLAIKYKMHACLSFLACLILIYNNLCVHAKVFAVK,36,0.6763
GEN_8164,KWDICCQKRKTGNSGGCGKAGKMPLGVKPLAA,32,0.6762
GEN_8165,KHTKFECIKLANRTPRGANASNFTSWCGKAKVFAAV,36,0.6761
GEN_8166,DRCDKKPKAHVCLSSLACLLLIILNPCVKAMQRLPK,36,0.6761
GEN_8167,THAAAKPHAHACDSYLRCVLLTYLNGCVRAKVFAIP,36,0.6761
GEN_8168,THAAKKTAAKTSIHYLACVLLTYFNSSDKRTVFALF,36,0.6761
GEN_8169,FHCAKKPLARHSLHYLLCVLLTYFNACIKTFDKAHK,36,0.676
GEN_8170,KWDICCQKRKTGNSGGAGKAGKMPLGVKPLAV,32,0.676
GEN_8171,FRCWYRPKAAAKLTTLACLQHIIMNGKGMTFTKNKSDFPLGDANY,45,0.676
GEN_8172,TRYHKKPKYHACLSNLACLLPTPVNGCVKAKVFAAH,36,0.676
GEN_8173,KHTKFDCCKIALRTLRQVNASNFPSFCGKVKVFVAV,36,0.6759
GEN_8174,TWCAKWILAKHCLHYLACVLLTYFNACLMTFLSLIP,36,0.6759
GEN_8175,THCARKAAAQNELHYLAAVWLTYFQWCLNRKVTAIF,36,0.6759
GEN_8176,FVAWHLYIWTSPRLLGRDAWAKKCV,25,0.6759
GEN_8177,NHCAAKPKAHACLSYLACVHLTYLNGCVFTFTSLAD,36,0.6759
GEN_8178,KRHIKIKTLKKKITPLFWRCGWPGGILRGDL,31,0.6758
GEN_8179,VAKVCKKGIAILNFRGRMENTIELKGLLA,29,0.6758
GEN_8180,TRCWKKPKCHKWSSTLGCLLMIILNGCLHAKRFAAV,36,0.6758
GEN_8181,TRCWKKPKAHACLFTLACLLLIILNPCVKAQTRLPR,36,0.6758
GEN_8182,TVCAKKIAAKHCLWYLACVLLTYFINCLHMFTSLIP,36,0.6758
GEN_8183,HRCWKVPKAKFELSNLACLLLIINNGKGKTFTKLPRPNGIGTISR,45,0.6758
GEN_8184,TRCAKKPNKHACFSCWACLLLVIDNGEGKTFTKLEL,36,0.6758
GEN_8185,THCAKKAAAKNCLFYFACVLLTYFINCLHATVWAVF,36,0.6758
GEN_8186,THCAKKPLAFHCRHYLACVLLTYFNACLDTFTKLFR,36,0.6757
GEN_8187,VVSKCGGCCKRYIKMYLANASNFLSWCGKVK,31,0.6757
GEN_8188,THCAKKIAPKHCLHYLLCVQLTYWIACLKTFNNLIP,36,0.6757
GEN_8189,DNCADRIIAKKCLHYLACHLLTYFWSCLKAPVFCIF,36,0.6757
GEN_8190,FVAWHLLIWTSPRLLGRDAWVKKCV,25,0.6756
GEN_8191,TRCAHKPNKHACFSTCACLLLIILNVKGKTFTKIPK,36,0.6756
GEN_8192,GLQICQSCAWKKILLKIGKKKW,22,0.6756
GEN_8193,SLSYKKHNAWLKEKTGAILLCTAG,24,0.6756
GEN_8194,WRPWYKPKAHACLSTLACLHAIIQNGKGGTFTKLPKSFGLGNGNR,45,0.6756
GEN_8195,THCAKKAVWKHCLHYLACVLLTFFIECLKNFTSLIP,36,0.6756
GEN_8196,VLAWSLYGLCRPTGLW,16,0.6755
GEN_8197,THCAKKIAAKHCLHILWCVLATYFNCSVHADAFAIP,36,0.6755
GEN_8198,GCPCIVLSARHKKRVLTKRYRA,22,0.6754
GEN_8199,LDNAWLKLKLARLRWWKKLV,20,0.6754
GEN_8200,FHCAKKTAAKHSLFYLACVLLTYFNSSLKRTVFALF,36,0.6754
GEN_8201,PKIGCLALAILWVIFFVTIGHPYRKKKAFAKS,32,0.6754
GEN_8202,ILLCWPSCYTHPCIKLLKVRFKVSALNDIFEFLKKNNS,38,0.6753
GEN_8203,LIAAVSYCLWSLW,13,0.6753
GEN_8204,SAPMKKCNAWLKEKTGAVLLCTAL,24,0.6753
GEN_8205,TRYRKHPHNHACLSTLACLLLIILNGCVKAWTRFPR,36,0.6753
GEN_8206,NHCAKKIAARHCSHYLACVLLTYFINCLRHFTSLIP,36,0.6753
GEN_8207,THCAKKIAAKHCVHYLFCVLLTYFIACLKFFTSDAS,36,0.6753
GEN_8208,ERNIGCGLWGKGWIKLLKVRFKVSALAD,28,0.6752
GEN_8209,LQYTKKPKYHWCHSNLACLLLIPVNGCVKAKVFAAV,36,0.6752
GEN_8210,FFCARKAAAFQCLHYLACVALTRFNTCSNRWVFAIS,36,0.6752
GEN_8211,MHCAKKPLAKHCLHYLACVLQTYFNLCLKNFNKLIP,36,0.6751
GEN_8212,KHTKFECCKLALKIPNWKVRYKASALAD,28,0.6751
GEN_8213,FHTKFRCCELALRTLRGVNASNFVSWCGKAKVFAPK,36,0.6751
GEN_8214,FRCWYKPKAAACSSTIACLQLIILNVSKKVIRACNSI,37,0.6751
GEN_8215,THAAKKIAAKHQLHYEACVLLTYFNSCLKATVFALF,36,0.6751
GEN_8216,FRCWYKFNAACCLSTLACLQAIILNGKGKTFTKLPKMFGDGTPDR,45,0.675
GEN_8217,NHCAKKPLWHHCLSWLACVLLNYFNACVHANVFAVK,36,0.6749
GEN_8218,FHCAKKPLAKHCLHTLACTILTYFNASHKTFTSVKP,36,0.6749
GEN_8219,THCAKKIAAKHCFHYLACVQLTYFIGCLKTFTSAIP,36,0.6749
GEN_8220,LHTKWPSRYTYPCISLLKVRFKVSALNDIFDALKKN,36,0.6749
GEN_8221,LKSLCVGCHLLNGGSCGYEFHMFASWCGKAKVFAA,35,0.6748
GEN_8222,FRCWYKPKAAACLSTNACLQAIIDNGKKKTFGKIPKNFGTWGYWR,45,0.6748
GEN_8223,FHMAKKTAAKHSLHYLAQRLLTYFNTCLKATVSLAP,36,0.6748
GEN_8224,SRYHHHPHYHACLSTLACLLLTILNGYVKAKVFAAH,36,0.6746
GEN_8225,ADNAWLKLKLAEWACSRIKN,20,0.6746
GEN_8226,RKALWQKLRIGHPKKIKHILSFTLYSCGK,29,0.6746
GEN_8227,FRCWYRPKAAACLTPLACLQHIIYNGKAKKFTKNKNSFGAGCVDY,45,0.6746
GEN_8228,TLYLSAACQYTRLLGKKLL,19,0.6745
GEN_8229,WRCWKKPKAHACLSTLACLQAIILNPKPKTFTKLPFSFGIGTGSE,45,0.6745
GEN_8230,WWCWKKPRAHASLWTIWCLQAIILNGKGKTFTKLPK,36,0.6745
GEN_8231,NAFMRVCTGWLHKGAARSLCQRLFIKAKFHAL,32,0.6744
GEN_8232,GRLYKRCSKGARLRWWKKLPNCGFGN,26,0.6744
GEN_8233,FHSAKRPVAKHCLHFYACVNLTFLGGCVKPAVDAVK,36,0.6744
GEN_8234,TQCAKKAAAKHCNHYLACVLLTYFINCWKNFTSNGC,36,0.6744
GEN_8235,SRYRKKPHYHGCLTNPACVLLTYFNLCVHAKVFAVK,36,0.6743
GEN_8236,WKKGANKGRAAAKTNLRIILVP,22,0.6743
GEN_8237,SLACCLIIWARYTLEIPVCTAKRKGDT,27,0.6743
GEN_8238,FRCWYRPKAHASLSTLACLQCIIVNGKKKVIRACNS,36,0.6742
GEN_8239,THCAKQILAKHCLHYLACVLLMYFNAFLHAKAFAIP,36,0.6741
GEN_8240,SHCAKKIAAHHCLHVIACHLLTYFIACLKTFSSSSP,36,0.6741
GEN_8241,KWTKNNMLSIFIGGLLAVAGRN,22,0.6739
GEN_8242,LNCKCSGYPGCKLYVKKIKQSRLRAR,26,0.6739
GEN_8243,THCAKKPKAHACASSLASIICTPVNGNLKAMVFAAW,36,0.6739
GEN_8244,LRLNHKLRGCAKGLNTTAVNAEFWCWC,27,0.6739
GEN_8245,RKIAVGLFLLPFLAAKFM,18,0.6739
GEN_8246,TRYHHKPHYHACLSTLACLLLTINNGKAKTFTKNKN,36,0.6739
GEN_8247,QVKGKKACDAPNLGKLWCLKIRRRLV,26,0.6738
GEN_8248,FKCYYLVCARTGRWCRPVAPPILWTDCSSKWLAWN,35,0.6738
GEN_8249,SAFMRVCTGWLLKGAAHAKVLWVIWLFFKHH,31,0.6738
GEN_8250,FHCAKNMLAKHSLHYLAHVHLTYFQSCLRAAVFQAY,36,0.6738
GEN_8251,LKKHRFGDFYVLLFTLTFKKAKY,23,0.6738
GEN_8252,IRCWYKPIAAACLQTLACLQAIILSGPHKDFNKLPKSFGIGDANR,45,0.6738
GEN_8253,TRCAHKPKAHACLSTLQCLLLIILNFTVRAFTRLPR,36,0.6738
GEN_8254,TRYHKKPHYHTCKSTPACLLLTIANGCWKAKVFAAH,36,0.6737
GEN_8255,FHCVKVALMRHCLHYAGCLLLTYFNACLKDFTKLIP,36,0.6737
GEN_8256,FSAIHLLIWTSPRLLGRDVWAKKCV,25,0.6737
GEN_8257,AYGARSVALRRYTLEMPVCTAKRKGAT,27,0.6737
GEN_8258,THSAKKIAAKHCLHYLLCVLFTYFNACLKTFTSLIP,36,0.6737
GEN_8259,THCAKKPLAKHCLHYLACTLETRFNACSKNFNKLIP,36,0.6735
GEN_8260,THCMKKVAAKHCLHYLACILLTYFNTMLYRHMFAIF,36,0.6735
GEN_8261,AYGLMSCCLARDDLCCGLAHCCGGYSRYA,29,0.6735
GEN_8262,FRCGYKPKAAACLTTLACSQHIINSGKACTFTKNKNF,37,0.6735
GEN_8263,THCAKKPWVHACLSYLACLLLNCLNCTYDTFTFLPK,36,0.6735
GEN_8264,FHCAKKPLAKHCLHYIACVLVTYFNACLTTYITCIP,36,0.6735
GEN_8265,KRNALTAATASRFDACTYKALRSCFSQFYVLVAK,34,0.6732
GEN_8266,TRCWKHPNKRACFSTPACLLLIILNGQGKTFTKVAV,36,0.6732
GEN_8267,VAKVCKSGIAILNLRRRVDNTIGSKAIGD,29,0.6732
GEN_8268,TKSAKKPKAHKCLMYLACLLLTCNNGAVWADIFYPC,36,0.6731
GEN_8269,THCAKSPLAKHCDSYLACVLLTYFNACLSTFTKQAR,36,0.6731
GEN_8270,THCAKKAAAKSCLHYIACVLLTYFNSCLQRIVFRIF,36,0.6731
GEN_8271,THHAARPKAHACLSYTACILIDLNNGCIKTFPKLVK,36,0.6731
GEN_8272,THCAKKPVAKHCLHYLACVLLTYMNGCVTAKVFAVP,36,0.6731
GEN_8273,HRCWKQCCKLLLRTLHGANNSDFGSWIGKAKVKAAV,36,0.673
GEN_8274,TAKLSTSPLGAAPVLYLWSAF,21,0.673
GEN_8275,NAGGIGDLGEKKAAGKYAKFFKCFIICTHCSRETVKFRFKFKSL,44,0.673
GEN_8276,LHTKFQCCKLLLRTLHGANNSDFASFCGKVKVFVAV,36,0.673
GEN_8277,FRCWYRPKAAACLTTLACLQHPINNGKAKTFTKNKNFFCLGKPDY,45,0.6728
GEN_8278,FHCAKKTAKKHSLHYTACVLLTYFNTSLKVTVFALF,36,0.6728
GEN_8279,TTCAARPHAHKCISYLACVLLTYLNGCVKAKVMAVP,36,0.6728
GEN_8280,FVAWHLLIWTSPRLLGRDAWSKRCV,25,0.6727
GEN_8281,KHTKFECCKLALRTLRWATASNDASWCGKADVFASV,36,0.6726
GEN_8282,TRYHKKPHYHACFSQLACLLLIIVNGQGKAIVFAAV,36,0.6725
GEN_8283,LHCARKIAAAHSLHYSACVLLTGFIFHLFTFTSAIP,36,0.6725
GEN_8284,VVAQNWCAGAAVRFIAGLKFHFT,23,0.6725
GEN_8285,WPCRCAVLAIRCGD,14,0.6725
GEN_8286,TRHAARPKTHLCLSYDAPILLILNNGCIKSFTKLPK,36,0.6725
GEN_8287,GHNAGCGLWGKGWRERAAGAKMANQCLA,28,0.6724
GEN_8288,THCAKKPHNHACLSNLACLLLTPVNGCVKADVFAAR,36,0.6723
GEN_8289,THDAKKILAKHCFHYLACVLITYFNGCLKNFTDLIP,36,0.6723
GEN_8290,KSTAVTAATASRFDACTGKIIHSRGSIEYVLVAK,34,0.6722
GEN_8291,THTAKYPLAKHVLHYLACVLLFYFNACLKTFTILIP,36,0.6722
GEN_8292,LLLCDPSRYTHPCIKLDKVRFKASGLAEIFEALKKNSS,38,0.6722
GEN_8293,FHCAKKPVAQTCLHEVACVLLTLFNVTLKACTKAIP,36,0.6721
GEN_8294,KLGLVRPCKGSIWLSFHIRCNKSVEASKCCAW,32,0.6721
GEN_8295,WRVWYKPSAHAPLSTLACLLLIILNPCQIAHVFAAH,36,0.672
GEN_8296,FHCAKKIAAKHSLHWLACLLLTYMHACLRTCTTGLF,36,0.6719
GEN_8297,FPANKIRYKKDKGWKFRGLGAAGKC,25,0.6718
GEN_8298,FKCYYLVCARVIKIPNWANASNFASWCG,28,0.6718
GEN_8299,RLLCDPSRYIHHCIKLLKVRFKAKGAT,27,0.6718
GEN_8300,WRCQKKPKAHACLSTLACFQWIILNGKGKTFTKWPKSQGIHWGSR,45,0.6718
GEN_8301,VAKVCKSGIAILQWAKAPKVAALQG,25,0.6718
GEN_8302,WRCWKHPKPHAGLSTLACLQAIILNPKVLTFTKLPPSFGIGTGSR,45,0.6718
GEN_8303,KHTKWCCCHADLRKLRGAILTFTLYLCVR,29,0.6717
GEN_8304,RVIHKVNLKKLSCLRILCGLGC,22,0.6716
GEN_8305,WSCWKKPKAHACLSTLNCLQAIILNGKGKTHTKLPKSPPIGTGNR,45,0.6716
GEN_8306,ACCFHKGRFVGQGGGRTRKGEICIALCKK,29,0.6716
GEN_8307,LKSLCVGCHLLNGKSCGYEFHMFGCKGIAGTHVTC,35,0.6716
GEN_8308,FVAWVILIWTSPRLLGRDAWAKDCV,25,0.6715
GEN_8309,HVIHKVNLKKASCLGILCGAGC,22,0.6715
GEN_8310,THCAKKPLLHHSLSYLACVLLSYFNASVHAKVFPVK,36,0.6714
GEN_8311,ILLCDPSRYTHPCIKLLKSRFKASALGDIFEALKHSNS,38,0.6714
GEN_8312,IGLYLCLNGATYTIELCVCTAKRQGAS,27,0.6713
GEN_8313,FRCFYKPRAAAFLSTLGEIQAIIWDASKKTETKLPKS,37,0.6712
GEN_8314,SCAHWYLTTSVVRPLAGLCYLGP,23,0.6711
GEN_8315,LNCKCLKLKLAEWACSRIPN,20,0.6711
GEN_8316,TRFHKTPHFFAELGTPACLLVSILDGCVKAKVCAAP,36,0.671
GEN_8317,THCAKKIAAKHCLHYLACVELTYFIACLHTFTSLIP,36,0.671
GEN_8318,THCAHHPKAHACLSYLACLLLIINNPCVKEFTRLAV,36,0.671
GEN_8319,TRLHKKPKYHACISNLACLLLTPVNGCLKAKVFDFH,36,0.671
GEN_8320,LNCKCSGYPGCKLYVKKIKQSHLRAR,26,0.6709
GEN_8321,TRCAAKPRAHACLCTLACLLLIIPNETYKTSTFLPK,36,0.6709
GEN_8322,WHCAKKPAYKHNLHQIACVLVTYFDACLKAKVSLAP,36,0.6709
GEN_8323,LRVAKRPQAHACLCTVKCLLLFILNEDYKTFTKLPK,36,0.6708
GEN_8324,THCAQKLVAKHCLHYLACVLLTYFIACLKFYTTNIP,36,0.6708
GEN_8325,LECAKFIAAHHMLHYLACVLLTYFIACLKTATTLIP,36,0.6708
GEN_8326,HKVWCAKIQGVAGVCAKAPRCTHS,24,0.6708
GEN_8327,GAVFLDRCGLAGIRPRTFLKIH,22,0.6708
GEN_8328,KRYWKIKTLKKKITPLFFRCGWQGGILRGDL,31,0.6707
GEN_8329,TRCVKHPNAHVCLSYLACLLLIINNPCVKAFTRLPR,36,0.6707
GEN_8330,AMTKPAKAVVWKWLIRTNAAYI,22,0.6707
GEN_8331,NPWGTRCGGPISLARILSTTFHVAGPLIASNRRSGSILF,39,0.6707
GEN_8332,TRHAARPRAHACLSYTACVLLTYFNAYLHAKAFAAH,36,0.6706
GEN_8333,SHCAKKIAWKHCLHYSDCVLVTYFIACLKNFTSLFF,36,0.6706
GEN_8334,LKSLAVGCHLLNGPSCGYEFHMFGCKGIAGKGVTC,35,0.6705
GEN_8335,THCEADPHAHACLSYLACVLLTYLNMSVKAKVFAVP,36,0.6704
GEN_8336,QHCARKIAARHSLHYTACVLLTYFIAALMTFTSLIP,36,0.6704
GEN_8337,SLIGCLALAILWVIGCVTIGHPYR,24,0.6703
GEN_8338,DYSDLPCLAFEALYSWFPAKCKFFLGTCRSNFKDLACRIP,40,0.6701
GEN_8339,THCAKFIAAKHCLHYLACVLLTFFINSLKTFTSLIP,36,0.6701
GEN_8340,YKALWFILRGGDPKKIHHILTFTLYSIWA,29,0.6701
GEN_8341,RKILWFCTGWLLKTFARSKCQRLFIHAKF,29,0.6701
GEN_8342,THCAKKPKKHACLSYLACPMLTPVNGCVKAKVHNAV,36,0.6701
GEN_8343,IWVAAQCASNTGLVGAKLFLTHTMFALFC,29,0.67
GEN_8344,THCAQKLVAKHCLHYLACVLLTYFNACYHTFTLLAP,36,0.67
GEN_8345,RNDARGIGILCTCKSCIGIKGAPAWKEK,28,0.6699
GEN_8346,THCAITPDAKHCLHYLACLLLTYFNSPLKTFTKLIP,36,0.6699
GEN_8347,SCASWYSDCSVVRPLAGLCYLGP,23,0.6697
GEN_8348,GLKICLGLMLSADNANNTGVAKEPLPLREKLWCGI,35,0.6697
GEN_8349,TRHAARPKAHGCLSYRVCIQLLLNNGCIKTFPKLPK,36,0.6696
GEN_8350,TKYHKKPHYEACLYTPLCLLLTILNGCNKAKVFALP,36,0.6695
GEN_8351,GIAYPLSAWAKGRGCYP,17,0.6695
GEN_8352,TPCWKKPKAHAELSELACLLLLINNSPGKTFTKLPR,36,0.6695
GEN_8353,THCAKKLVAKHCIHYLVCVLLTYFNNCLKTFTSLIP,36,0.6695
GEN_8354,THCAAKPKAHACLSYMSCILLIINNGCGKFFTKLPK,36,0.6694
GEN_8355,TSCVFKILATHCLHYLACILLHYMRANLHCKAFAAD,36,0.6694
GEN_8356,THCAKCAAAKNCLHYLACVLLWYFQSCYQRFTLLAP,36,0.6694
GEN_8357,SHCAKHTAAHHSLHYLACVLLTYFNSCLKATVFALF,36,0.6694
GEN_8358,VFKCAKKLMIKDVGGFICHRPSKCKAAAWQCKEWAIGG,38,0.6693
GEN_8359,RVIHKVNLKHLSCLRILCGAGC,22,0.6693
GEN_8360,QVKGKKACDKDKGWKFRGLGAAGKC,25,0.6693
GEN_8361,YHCAKKPKAHVCNSYLACHLLIINNPCVKAFTRLPR,36,0.6693
GEN_8362,TRYHKKPHYHACLSTPICLLLTILNGCVKAHVFAAP,36,0.6692
GEN_8363,FHMAKKPAAKHCLHYLACVSPTNFNACVKSKAFAIP,36,0.6692
GEN_8364,FHCIKKAAAKNCLHYLDCVLLTYFSTCLNRKSFAIF,36,0.6692
GEN_8365,THCAKKATARHCLLYLACVVLTQFINCLHAHAFNAP,36,0.6691
GEN_8366,LHCAKKIADKHSLHYLACVLVTFFIQCLKTFHYLAP,36,0.669
GEN_8367,TRYHKKPHYHACGSTPACLLLIILNGCVKAFTRLPR,36,0.6689
GEN_8368,KHTKFDCCKVALRHLRGANAFNFWSDFYKAKVWTAI,36,0.6689
GEN_8369,TRYLRKKHYHACLSTPACRNNTILNGCVKAKVFAAQ,36,0.6688
GEN_8370,IWWALGSGVEVRRCWGGNATLI,22,0.6687
GEN_8371,LGAAGNDKDAVPVPGCHNKIKCILKFPDSY,30,0.6687
GEN_8372,THCAKKIAAKHCLHYLACVLLFYFIWEVWRFTLLAP,36,0.6687
GEN_8373,MMQKYKGKSKKCTHDGLQGRPKLCPYAAKLGFVIY,35,0.6686
GEN_8374,ALALKADGLCFLCK,14,0.6686
GEN_8375,RKIAVGLFLLPFLIPKFM,18,0.6686
GEN_8376,THCAKKLTAKHCLHYLACVLLTYFINCFQHFTLLAP,36,0.6686
GEN_8377,ALALKCDGLCYLCK,14,0.6685
GEN_8378,RVIHKVNLKKLSCLRILCGAGC,22,0.6684
GEN_8379,THCAKKILAHHHLHWLACVLLTYFNICLHAKAFVIP,36,0.6684
GEN_8380,THDAKKAAAKHCLHYLACVFRSYFNFFLYAKANAIP,36,0.6684
GEN_8381,GCNCIILSARHKKVVLSKRGRA,22,0.6683
GEN_8382,ILLCWPSRFTHPCIKLQKVRFKVSALADIFEALKKNNS,38,0.6683
GEN_8383,SHCAKKPLALHCLHYDATVLSTYFNAHLKALTFAIF,36,0.6683
GEN_8384,THCASKILATHCLHYLACVLLAYFDACLKTFWNLDE,36,0.6683
GEN_8385,FGANKIRYKKDKGWKFRGLGAAGKC,25,0.6681
GEN_8386,LFYRDTKIAGLLHSCGYGA,19,0.6681
GEN_8387,THCAWKAAGKHCHHFEACVALSYFINCLRNFTSLLP,36,0.6681
GEN_8388,LFYRDTKIAGLLHSCGYGL,19,0.6681
GEN_8389,LNCKCSGYPGCKLYLKKIKQSHVRAR,26,0.668
GEN_8390,TEEAKKPNKHAKFSTLACHLILILNGNLKYKVHAAR,36,0.668
GEN_8391,TRCAKKPKAHTCLCTTCCLLLILLNETYKTFTFLPK,36,0.668
GEN_8392,THCPKKIVAKHCLHKLACVYVTYFNACLKTFTHIAP,36,0.668
GEN_8393,TAKLSTSPLGAAPVLMLWSAF,21,0.668
GEN_8394,THCAACPKAHACLSYMACILLIINNGCGQTFTKLAV,36,0.6679
GEN_8395,LHTKFQCCKLAERTLHGANASDFGSWIGKLKVFAAV,36,0.6678
GEN_8396,THCIKKAAPKHCLHYLACVLLSYFNAFLYAKANAVP,36,0.6678
GEN_8397,VPIKVERKLKMEALLLWLGVC,21,0.6677
GEN_8398,GVAYVIKKGGHRLCLYTWKKPYSRATSLKQEKLIHKYY,38,0.6677
GEN_8399,TRCPKSSSAHACDSTLACLWIIILNETLKAIVFAAV,36,0.6677
GEN_8400,ARCAKRPQAHLCRCTLTCLLLFILNETYKTFTKLPK,36,0.6677
GEN_8401,THFAKKPLALRCLHYIAFVLITYFNAHLHAKTFAIF,36,0.6677
GEN_8402,GRIILAHASAYRTLGHRGNYERKIRRKA,28,0.6676
GEN_8403,TRYHKKPHYHACLSPPACLLLTIANGCVKAKVFALP,36,0.6676
GEN_8404,THCAKKAAAKNCLHYLQCVVLTYFNTCLNRKVFAIE,36,0.6676
GEN_8405,THCARKPKAHACLCTLACALLIIMNQMWKTFTYKPK,36,0.6675
GEN_8406,RVIHKVNIKKLSCLRILCGAGC,22,0.6675
GEN_8407,TRCAAKPKAHACLDTAACLLLVILNETYKTCTENPK,36,0.6674
GEN_8408,WHCARKPLAKHCLHYLVCVLLTYFNLCCHNFTKLVP,36,0.6674
GEN_8409,LHCAHKIAAKHSWPYLACVLLTYFNSCLKATVYALF,36,0.6674
GEN_8410,SCASWYVDCSVVRPLAGLCYLGP,23,0.6673
GEN_8411,FVAWHLLIWTSPRLRQRDAWAKKCL,25,0.6672
GEN_8412,ILLCDQCCKLLLRTLHGANNSDFGSWMGKAKVKAAV,36,0.6672
GEN_8413,FRCWYKPKAAACLSTLACLQAIALNPHGKTFTYIPKSFGSWDYWR,45,0.6672
GEN_8414,RVIHKVNLKKLSCLRILCGANC,22,0.6671
GEN_8415,HVIHKVNLKKASCFGVLCGAGC,22,0.6671
GEN_8416,FHCARKPLARHVLHYLVCVLLTYFNPCFKNFTKLIP,36,0.6671
GEN_8417,THCAKKPAAKNCLHYLACVLWTDEGSCLERFTLLAP,36,0.6671
GEN_8418,THCAKLIAVKHELHYLACVLLTYFLACLLAHAFMIY,36,0.667
GEN_8419,SHLAMKPKAHACLSFFACLLLIYNNGCLKAKVFDVH,36,0.6669
GEN_8420,LNNATKAGQRGKVYGRTTFVLWVIWVFFKHH,31,0.6668
GEN_8421,FKCYYLVCARTGRWCFAQPGIIPKILCCMGPLATP,35,0.6668
GEN_8422,SAPLRVCTRWLLKGAARSKNLWVIWVFFEHH,31,0.6668
GEN_8423,THCAKKIAAKHCLHYMACVLVTYFIAGLTNFTSLIF,36,0.6668
GEN_8424,IVKFCLKYVKIAPARAKFEA,20,0.6666
GEN_8425,TKYLKTPHNHACLSTPACNCLIIFNGCVKAKVFAAH,36,0.6666
GEN_8426,TRYHKKPKYHACHSNLACVLLTPVNGCVKAKVFAGR,36,0.6666
GEN_8427,TVCAAKIAKKVELDYLACVLYTYFIGCVHTWTSAAP,36,0.6666
GEN_8428,TTYHKKAHNEGCLYFPACLLLTYLNGCVKAKVFALP,36,0.6664
GEN_8429,FHCAKKELAKHCIHYLWCVLLTYFNACLKVKTSVRP,36,0.6663
GEN_8430,THCAKKPVIKHCLHYLACVELTWLNGCLFHKVFAVP,36,0.6662
GEN_8431,FHCAKKPLAKHCLHYLQCVLITPFNLCLKNFTWLIV,36,0.6662
GEN_8432,THCAKKIAAWHCLHWLACMLLTYFIACLFTFTNLIP,36,0.6662
GEN_8433,NHCYKKPLAKHCLHYSACSLLTYFNACDKTFSKLRP,36,0.6662
GEN_8434,GCKKRFGDFYVLLFHLTFKKAKTGHFDWVVKA,32,0.6661
GEN_8435,TAFVCKKGIAILNTWRGANYSNDASWCGK,29,0.6661
GEN_8436,THCAHKILAQHCLHYLKCVLLTYFNACLKTYTSLIP,36,0.6661
GEN_8437,EHCAKKIAAVHPHHYLACVLLTYFHACLKTTVFALF,36,0.6661
GEN_8438,FRCWYKPMAAACLSTAACLNAIIHNGKGKTFTKLPNSFGLGDDNR,45,0.666
GEN_8439,THCASKVAAKNCQHYLACVLLTYLGSCLQMFTLLAP,36,0.666
GEN_8440,THCVARPKAHACLSYIECILLILNNGCIKTFTKLPK,36,0.6659
GEN_8441,KHCWKPPKAHASGSNLACLQCIIFNGMGKTFTKLPK,36,0.6658
GEN_8442,PIAKSVISVTPGKGGRGRWGLAF,23,0.6657
GEN_8443,TMYMKKPHNHACLITLACLLLICNSGSLRGKIFAGP,36,0.6657
GEN_8444,RNDARGIGILCTCKSCIHIKGAPAWKEK,28,0.6656
GEN_8445,KHEKFDCCKIKLRTLRGANVSNFASWCGKVHVFVAV,36,0.6655
GEN_8446,FRCWYRPKAHASLSTLACLECIQLIGKGCTFTILPK,36,0.6655
GEN_8447,THQGQRPLAKHCLHYLACVLLTYLTGCVHAKVFAIP,36,0.6655
GEN_8448,RGGACCRFGSTKLTFNKPIC,20,0.6655
GEN_8449,WVLYQGIGKRCARGLPLAIN,20,0.6654
GEN_8450,IGLYLCLCGTVYTIEQCVCTAKRKGAT,27,0.6654
GEN_8451,LYGSMQCILARLALCLGLAHCCGGQNRVYLNY,32,0.6652
GEN_8452,THCVKKPKAHACLSDEACLLLIINNPCVKAFTRLPR,36,0.6652
GEN_8453,YHCAKKPLVLHSHHYMACVLLTYFNACLKTFTKLAR,36,0.6652
GEN_8454,LRYHRKTKYHVCKSQLACLLLTPVNGCLLRKVFPAD,36,0.6651
GEN_8455,THCIKGPKAHACLWYLLCLLLIINNGCVKAEVFAPR,36,0.6651
GEN_8456,KWTKFDACKIALRHLRGANAFTFHSWCYKAKVFAAV,36,0.6651
GEN_8457,SAFMRVCTFWLLKGAARSKVLKVIWVFFFHH,31,0.665
GEN_8458,WCIGPRWYSPGTYLRILLAC,20,0.665
GEN_8459,FLAWSLYGLCRPTGAY,16,0.665
GEN_8460,WNCRCAVLAIVCGD,14,0.665
GEN_8461,THCAKKPLGKHCYHFLACVLLTYFNACLKTFTSDVP,36,0.6649
GEN_8462,ADCAKRPQAHLCLCTLPCLLLFILNETYKTFTKLPK,36,0.6648
GEN_8463,GRGKFKKVQAFQNLKCDLARLNSWW,25,0.6648
GEN_8464,THCNQKLVAKHCLHYLACVLLTYFNACSHAKAFAIP,36,0.6648
GEN_8465,LAWCVSRTGSHYGKAKYASFR,21,0.6646
GEN_8466,KRRLGRVFALCGRGPIKIALK,21,0.6646
GEN_8467,KTTKSKKKVTTKEKSIKK,18,0.6645
GEN_8468,LTNACTNCCWGLQLKGANKK,20,0.6644
GEN_8469,TRCAARPDAHACLCTLACLLLIILMDDVHAKVFAAK,36,0.6644
GEN_8470,ACVGRKALGWCSTEADGL,18,0.6643
GEN_8471,FRCWYKSKAASCLTEAACRQKIILNGRGKTFTKLPKSFIIGDANR,45,0.6642
GEN_8472,FHSAHKPQAKHCLKYLLCVLLTYFNNCLKNITSAAP,36,0.6642
GEN_8473,TRCAKKPDKHACFSCLFCLLLIIENGQGKTFTKLGL,36,0.6641
GEN_8474,TRYRKKPHYHACLSTPLCGCLTILNGCVKEKVFALP,36,0.6641
GEN_8475,KHTKFQCCKAALRPLRGAILTFTLYLIYG,29,0.6639
GEN_8476,WRCKWQCDKAALLHLRGWVLDFSLFLIYG,29,0.6639
GEN_8477,LAWCVSRTGSHYRKAKYASFR,21,0.6637
GEN_8478,RGGACCRFGSTKLVFNKPIC,20,0.6637
GEN_8479,KRRLGRVDAVCGRGPIKIALK,21,0.6637
GEN_8480,THCAKHPKAHACLCTLHCLLLIILNETLHTFTKLPK,36,0.6637
GEN_8481,THCKKKAAFQNCLHYLACVLLTYFNSCLQRKVFAIF,36,0.6636
GEN_8482,LHCAKHIAEKHSLHYLACVLLTYFHACWKTCTTALF,36,0.6636
GEN_8483,WDCRCAVLAIRCGD,14,0.6635
GEN_8484,FRCFWKYKNHACLYTLACLNVTILNPKGKMFDKLPKSYGVGFGVR,45,0.6635
GEN_8485,ACVGRKALGWCSTEANGL,18,0.6634
GEN_8486,WKKGANHAGAAAKTNLRIILVP,22,0.6634
GEN_8487,NAGGIGDKGEKKAAGKYAKFFKCGMICTHCSRETVKFRFKFKSL,44,0.6633
GEN_8488,TRYHHKPKYHACLSNLGCELLTPVNGCAKAKINFAR,36,0.6633
GEN_8489,HRCWWKPKAHFELSTLACLKAIILNGRQKTFTYLPKMFGVGDANR,45,0.6633
GEN_8490,WCCWKKPKAHVCLSTLACLQAIIINPRGKNFNFLPKSFGIIWASR,45,0.6632
GEN_8491,LHHAKKITCKHSLHYLACVWLTYFHACLKTCTTYLF,36,0.6632
GEN_8492,THCAPKWLAWHNLHYLACVLLDWFMACLCAKAFAGD,36,0.6631
GEN_8493,THCNHKPLVKHCLRYIACVLLTYLNVCVKAKVHAVP,36,0.6631
GEN_8494,LGAAGNDQDAVPAGGCCNKIKCILKFPPSY,30,0.6631
GEN_8495,THCAKKALRKHYLHWLFCVLLTYFNACVKTFTKLMR,36,0.663
GEN_8496,KRTAITQATASRFDAGTYKILHSRGSIYYVLVAK,34,0.663
GEN_8497,SLSYKKCNAWLKLGLY,16,0.663
GEN_8498,KPRARLLCLISTRKR,15,0.663
GEN_8499,LDMAWLKLKLWEWACSRIKN,20,0.6629
GEN_8500,THCAKCIAAKHCLHYIHCVLLTYFVNCLKTFTSLIP,36,0.6629
GEN_8501,FRCWYKPRLAAFLSTEACKQAIILDASKKVIIACETI,37,0.6628
GEN_8502,THCAKVIDAKHQLNYLACVLLSYFIGCLKTFTSAAP,36,0.6628
GEN_8503,KRCKWQCDKAALSHGRGALLTFSWFLEYG,29,0.6627
GEN_8504,THCAWDPLGKICLHYLAFVLLTYFNACYWTFTKLIP,36,0.6627
GEN_8505,THCPKKAAAKNNLHYYACVLLTYFNSCVNRKNFLIP,36,0.6627
GEN_8506,NRLNTKLRGCAKGLNTTAVNGEFWCWC,27,0.6627
GEN_8507,LRVNKKLSGCAKGLNTTAVNAEFECWC,27,0.6627
GEN_8508,IWTALGSGVEVRRCWGGNATLI,22,0.6626
GEN_8509,IADGTTPQARRDCAKLGVRGAFGSKAIGDRIV,32,0.6625
GEN_8510,ILNNALCSLACNK,13,0.6624
GEN_8511,HHCAKKPLAKHCLHYLACVLLTFFMACLHAKAFAAD,36,0.6624
GEN_8512,FHCAKKTEVKHSLHYGACVLLTYFNSCIKATAFVLF,36,0.6624
GEN_8513,THCAKKAAAKHSLHYLQCVLLSYFINCLKNFTSLAP,36,0.6624
GEN_8514,FHTKFWCCELALRTLRGVNASNFVSWCGYTKGYAAV,36,0.6624
GEN_8515,TSIVYKILAKRCLHYLACILLTYMNATLHACAFAAD,36,0.6623
GEN_8516,KRRLGIVFALQARGPIKIALK,21,0.6621
GEN_8517,FPVNKIRYKKDKGWKFRGLGASGKC,25,0.662
GEN_8518,LHCAIKIATKHSLHYLLCVLSTYFINCLKHFTSLIP,36,0.662
GEN_8519,WMCWYKGKAHACLSTLLCLQGIILNGKGKTFTKLPHSFGIGMANR,45,0.6619
GEN_8520,SAFMSVDTGWLLKGAARSKCQRLFIKGKFHAL,32,0.6619
GEN_8521,AIGDFAVCWRGGNRLYNGATGG,22,0.6617
GEN_8522,IILCWPSRYTHPCIKLLKVRFKVSALADIFQALKCNYS,38,0.6616
GEN_8523,TYVFWLAKAHACQSMSACLTLILANHTLKAKVFYCK,36,0.6616
GEN_8524,IHGIHYKFARDKGWKFRGLGAAGK,24,0.6615
GEN_8525,THCAKEPLAKHDLHYLASVLLTYLSGCVKAKVFAVP,36,0.6614
GEN_8526,TRYHKKPHYHACLSNLACLLVTSDNGCVKAKVFAWC,36,0.6613
GEN_8527,HSCVFKILARHCLHYRACILLTYMRAGLHAPAFAAD,36,0.6613
GEN_8528,VLAPSLFCVPVKKPLL,16,0.6612
GEN_8529,VVAQNWCAGYAVRFIAGLKFHFT,23,0.6611
GEN_8530,NHCAKEPKAHACLSYLRCLLLIILNETYKTFTFLPK,36,0.661
GEN_8531,NHCRQKLVAKHCLHYLACVLLTYFNSCLKAKVFLMS,36,0.6609
GEN_8532,ACVGRKALLLPFLIPKFM,18,0.6609
GEN_8533,YRCWYKSKAYACVSTLACRQCIIWNAHRKLIRACNSL,37,0.6609
GEN_8534,KRSAVTAATASTFDACTYKILHSNGSIRYVLVAK,34,0.6608
GEN_8535,NRYHKKPKYHDCLSHLACILLTPVSGCAKAKVNAAR,36,0.6607
GEN_8536,RHCWHKPKDHACLSTLKNLQAIIESGKGKTFPKLPK,36,0.6607
GEN_8537,RDWPAWEQGCCVAWVAGLG,19,0.6606
GEN_8538,KLPCLSGLKGYMLNSAAHPKP,21,0.6605
GEN_8539,LLCLWGIGYR,10,0.6605
GEN_8540,AMTKPAKAWVWKWLIRTNACYI,22,0.6604
GEN_8541,THAPKKAAAKNCLHYLACVLLTYWNTCFSRFVFAIF,36,0.6604
GEN_8542,QVSCKGGCCHRYIKEYLANASNFLSWCGKAK,31,0.6603
GEN_8543,THCVKPIAAKKCLHYLHCVLLKYFINSLKTFTSVSP,36,0.6603
GEN_8544,CCTEDKGVLLYLLKARPVAPPILWTDCSSKWLAWNW,36,0.6601
GEN_8545,LKSLCVGCHLLNGGSPGYEFHMFGCKGIAGKGVTC,35,0.6601
GEN_8546,THCAKKILAKHCMFYLSCVLLTYLNPCMKAKPKLIP,36,0.6601
GEN_8547,FRCWYKPKASACLSTLACHQAIILNASHKVIRACNS,36,0.6601
GEN_8548,SAILDLGLKILDGRKGA,17,0.66
GEN_8549,LDCLWFKLRGGDPKKIKHIL,20,0.66
GEN_8550,THCAKKLVPRHCLHYGAMQLLTYFNSCLKAKVFLIP,36,0.66
GEN_8551,GKCPLSCGGLKFSDDKKKLPNKGFGN,26,0.6598
GEN_8552,FHCWYRPKAHASLSTLACLQCGILNGHDKTFTKLPK,36,0.6598
GEN_8553,WKKGANKGREATKTNLRIILVP,22,0.6598
GEN_8554,GYVKKSWARRRPLLVFNHCLQAGRTNRK,28,0.6598
GEN_8555,FRCWYKPKAAACLSVLGCLQAIVLNGKGKTFTHIPKIQGIGTPSE,45,0.6597
GEN_8556,FHCVWKQLAKHCMHYIACLIVTYFNACLKAKVFALF,36,0.6596
GEN_8557,GCHCIVLSARHKKRVLSKRYRA,22,0.6595
GEN_8558,ILLCWPSRYTHPCIKLLKVRFKVSALADIFEAWKKNSS,38,0.6595
GEN_8559,LRYHRKTKYHACLSNLVCLLLTPVNAPYKTFTFLPK,36,0.6594
GEN_8560,KFQVLKLNLNKCPHLAIFGVF,21,0.6592
GEN_8561,FHCAKKTAAKHSLHYLACVILTYFNSCLRPTFFALF,36,0.6592
GEN_8562,DRPIKDPHYDAWLRRLACIFLIILNGCVKAKVFAAH,36,0.6591
GEN_8563,TICAYKIAVKHCQHVLACVLLTYFINCLKNFTSLTP,36,0.659
GEN_8564,DYSDLPCLAFEALRSSFPAKCKFFLGTCRCQYKDLACRRP,40,0.6589
GEN_8565,CHAAAKPHAHACLSYLACVLLTYFNAVLHAMAFAAD,36,0.6588
GEN_8566,KHSHFECCKLALRTLRGANASMFPSWFGKEKVFGAK,36,0.6587
GEN_8567,KVLGPIAMKSSDLCIAFA,18,0.6587
GEN_8568,GKCPLSCGGLKFSDDKIRGRSRNVIGAI,28,0.6587
GEN_8569,FHCAKKQAAKHSLHYLACQLLTYFNSCLKATHFALF,36,0.6587
GEN_8570,AGKTAIMFPKGNARRCRNWKAG,22,0.6586
GEN_8571,THCAKMAAAKDCLHYLDCVVLTYFNSCLNRKGFAIF,36,0.6585
GEN_8572,LHCAKCTAAKHSLHYLQCVLLTYFNTCLKRTVFASF,36,0.6585
GEN_8573,GHIAVKHLFCWIAGLALRPEDG,22,0.6585
GEN_8574,GQAYPLSAWAKGRGCYP,17,0.6585
GEN_8575,THCAKKPKAHLCNCHLACLLLIILNETYKPFTFLPK,36,0.6583
GEN_8576,TRCGKKHLAKHHLHSAAMVLLTYFHDCLHSKTSLIP,36,0.6583
GEN_8577,GVIGAIAGLRSHWTSKRWRCRRGMCC,26,0.6583
GEN_8578,VHTKMGCCKLALRTLRGANATNFANSWGMVKCDAAV,36,0.6581
GEN_8579,THCAAKPHLHLALSYMACILLIGNTGCIHTFFKLPR,36,0.6581
GEN_8580,THCAEKPHAHFALSYMACIILKENNGCIKTFFVAPK,36,0.658
GEN_8581,FTGKYPPKAYGVKKGRCWHPLHYNLA,26,0.658
GEN_8582,CAVELGPSKCCGKGEPL,17,0.6578
GEN_8583,SAFMRVCTGWLLKTFARSKCQA,22,0.6577
GEN_8584,KLVIVALITVMRNMAKLARRQLIRYCVDGLKDMKWIFGCVKIL,43,0.6577
GEN_8585,KHTAVTAAPAERFDACTYKILHSGGSIYWVLVAK,34,0.6576
GEN_8586,THCAMKPKAHACLSYLPCLLLTPVNVSVKAKVFPAV,36,0.6576
GEN_8587,VHTMMGCCKLACLSTLACLQAIILSGPGKDFTKLPK,36,0.6576
GEN_8588,LHCAKKIAFKHSQHYLACVQLTYFIQCLKNETSLIG,36,0.6576
GEN_8589,FHCAMKPLAKHALHYLACVLVTYFNACLHTFTQAAD,36,0.6575
GEN_8590,THCRHKPLKHACLSYLACVLLTYFNVCVHAKVFAVP,36,0.6575
GEN_8591,KHTKFECIKLAARTGRGANASNFAQMSGKAKVFAAV,36,0.6574
GEN_8592,SHCAKFPNRHACFSCMACLIVIILNGQGKTFTKLAL,36,0.6574
GEN_8593,KWPMCIPPCPKLAGLRAVC,19,0.6573
GEN_8594,THCAKKAAPKHCLHYLACVLLTSFMNCLKNFTSLIP,36,0.6573
GEN_8595,KILKWAGWKRNKLPLYSL,18,0.6572
GEN_8596,TSEAKWILAKHCKHYLACVLLTYMRAWLHAHAFAAQ,36,0.6572
GEN_8597,NKHNGGAALWRFAKLSASKNGF,22,0.6571
GEN_8598,ILLCDPSRFTHPCIKLLKNRFKASAYNDIFEALKKNFS,38,0.6571
GEN_8599,AEKHSLVAMGKWCGCAPSCTVILKNTV,27,0.657
GEN_8600,RRCWYEPWAAACLSTLLCLQAGYLNGRCKTFTIIAMSFGSWDAWR,45,0.657
GEN_8601,WCIGPRWYSPGTYLRILVAC,20,0.657
GEN_8602,SRLNTELRGCAKGLNTTAVNGEFFCYC,27,0.6567
GEN_8603,SKHNGGAALWRFAKLSASKNGF,22,0.6567
GEN_8604,IARFVHSTWNIGARHKPTGAVGLYALHRK,29,0.6567
GEN_8605,FHWDKKPLAKHCLHYLACTLLTYFNASLKYFTNVKP,36,0.6567
GEN_8606,FHCAKQPLEKHCLHYLWCVLVTYFNACVKAKVFAIF,36,0.6565
GEN_8607,THEAKKAAGKNSTHYLACVLLNSFDSCLQRKVFAIF,36,0.6564
GEN_8608,THYRKKAHNHACLKTLICLLLICNNGCLKGKIFQMH,36,0.6563
GEN_8609,GYVKKSWAHRRYLLLYNHCLQAGRTTRK,28,0.6562
GEN_8610,VAHVAECCHLALRTLRGANAQNFVSYCGK,29,0.6561
GEN_8611,THCAKKPLAEHCLHYLACVYLSYFNACLKVFTHLIP,36,0.6561
GEN_8612,ACVGRKALGCAKGLNTTA,18,0.6561
GEN_8613,PKIGCLALAILWVIGCVTAGHPYRKKKNWGKM,32,0.6561
GEN_8614,THCAKRILYNHCLHYLACCLLLYFNQCLHAKAFAIP,36,0.656
GEN_8615,IWTALGSGVEVRRCWGGNLTLI,22,0.6559
GEN_8616,FKCYYLVCARTGRWCFAQPGIIPKRHVGPPSKCHS,35,0.6559
GEN_8617,WKKGANVAMGKWCGCAPSCTVV,22,0.6557
GEN_8618,THCAKKPKAHWCLNYLACLLACPVNGCVKAKVMPAV,36,0.6556
GEN_8619,MVGCIACISIKKCSRIGYG,19,0.6554
GEN_8620,KKAGNGRLAHKSGIMNSGPKKALG,24,0.6554
GEN_8621,CIPKNKRLCCWRYKGFT,17,0.6553
GEN_8622,THCAKKILARSCLHYVASVLHTYFNAPLKAFTELAH,36,0.6553
GEN_8623,FVLPLYRALGAAWLTFLFNQWCFKRHCGPPCKCHSIGMV,39,0.6552
GEN_8624,THMAKKPQPHACLSNLACVLLTYFNACHKAKNFAAH,36,0.6552
GEN_8625,GRIILAHASAYRTLGHRGNYERKIARKE,28,0.6551
GEN_8626,THCGKRAAAKHCLHYPACVLLTYFINCLRHFTSNAP,36,0.6551
GEN_8627,GEWKASKNNAARVRCKAK,18,0.6548
GEN_8628,ILNNALCSLACKI,13,0.6548
GEN_8629,FHCQKKPLVKHCLHYRACVLLTYFQLCLKCFTKLIP,36,0.6548
GEN_8630,FHCAKKIAAKHSLHYLATVLLTYFNSCHKATIFQIF,36,0.6547
GEN_8631,SRDFAVGVVVCHILDLRFSACFGGL,25,0.6547
GEN_8632,KPRTRLLCLISTRKR,15,0.6546
GEN_8633,NPGAGLRCGVLWSFSVKK,18,0.6546
GEN_8634,TRCVKYIAASHSLHYLAYVLVTYFIACLKTYTTLIP,36,0.6546
GEN_8635,TRYRKAPHNHACLSTQGCLCLTILNGTVKAFTRLPK,36,0.6546
GEN_8636,FSAIHLYIWTSPRILGRDAWAKKCV,25,0.6546
GEN_8637,CRCCKKHNKHSSWSNLACLLLIILRGQPKTYTKLHL,36,0.6544
GEN_8638,TRCAAKPWAIACLCTLGCLLLIILNDTYKPFTFLPF,36,0.6544
GEN_8639,ILLCDPSRYTHPCIKPLKVRFKASALADIVQALGKPES,38,0.6543
GEN_8640,TRCAAKPDAHACLCTLACLLTIILNDTYDPFTFLPK,36,0.6542
GEN_8641,HGFGNSCSGRILECAVCLSRSLFHAICLQCFA,32,0.6541
GEN_8642,SNKKGGFCVPVKKPLLDGKDFKCG,24,0.6541
GEN_8643,ACAPPVGLLYMGRTWRCV,18,0.6539
GEN_8644,GFQKYKGVGLILDCFAGLP,19,0.6538
GEN_8645,GRNDGCGLFGKGWRCHCAGGKMMNKCLA,28,0.6538
GEN_8646,LIPAVSYCLWSLW,13,0.6537
GEN_8647,TVCAKKIAAKHCLHYLMCVLLTYFIMCLKNFTSLLP,36,0.6536
GEN_8648,KKAGNGRLAHKSGIMNSGPKLALG,24,0.6536
GEN_8649,SAFMRVCTGWLLKTFARSKCQRLFQHAKFHAL,32,0.6534
GEN_8650,ELKSRWVIGVIAGDTLRLNFSV,22,0.6532
GEN_8651,IALCWPSRYTQPCIKLLKVRFKVSALADIFEAQSKNNA,38,0.6532
GEN_8652,THCAAHPHAHACLSYLACVFLTYLNGCVDAKVFAVP,36,0.6532
GEN_8653,THCAKKPLAKHCLHYLACALLFYFNAPLHQYTKLHP,36,0.6531
GEN_8654,TAKKLYKIPGGFKAVKD,17,0.6531
GEN_8655,THCEKKAEAKHCLHYLACVLLTYFQSCLKATVFVLF,36,0.653
GEN_8656,VWTLPVPLCDAPTACALLLYCLLSEASKKVIRPSQIQ,37,0.6529
GEN_8657,THPVKKPSGKVCLHYLAFVLITYFNACLHAKANAYP,36,0.6527
GEN_8658,ARCAKNPQFHLCLCTIACLLCFILNEDYKTFTKLPK,36,0.6526
GEN_8659,SAFMRVCTGWLLKTFARSKCQRLFIHAKYHAL,32,0.6525
GEN_8660,RGGVWTRAALFEKGALNKNEG,21,0.6525
GEN_8661,RGGACCRFGSTKTGLY,16,0.6524
GEN_8662,DHCADRIAGKKCTHYLACHLLTYFNSCLKAHVTAIF,36,0.6524
GEN_8663,KWPMCIPPCPKLAGLRANK,19,0.6523
GEN_8664,THSAKPQLASHCLHYAACVLLTYINSCLKKFTKLQP,36,0.6523
GEN_8665,NPWGSRCAGPISLARILSTTFHVALPLIATNRESGKILD,39,0.6523
GEN_8666,RGGACCRFGSTKLTFNKVIR,20,0.6522
GEN_8667,THSAKKPPAHACLSYLASLLITPVNGAVKARVFPAV,36,0.6522
GEN_8668,KFTAVTAHTASRFDACTWKILHSRPSIYYNLVAK,34,0.6521
GEN_8669,SHCAKKAAAKHSLHIPACMWLTYFHACLATCWTALF,36,0.6518
GEN_8670,DSKCTCWKLSSSAPAPWKCRKRLFTRQVIAVDWC,34,0.6517
GEN_8671,ERVIKIHCHQAYMHHAVRLACGCGGAAKLGCVGAIR,36,0.6517
GEN_8672,THCAKKPKAHVCLSELACLILTPVNGSVKAKHFPYV,36,0.6516
GEN_8673,TQCVKKIAASQSLHYLACVLLTYFIACLKTYMTLIP,36,0.6516
GEN_8674,TVCAAKPHAHLALSYMDCILNTYLNGCVKAKVFAVP,36,0.6516
GEN_8675,AGKTAIMFPKGNARRFRNWKAG,22,0.6515
GEN_8676,KVLGPIAMKSSDICIAFG,18,0.6514
GEN_8677,THAQKKPLKHWCTSYVVCVLLTYLNGCVKAKVFAHP,36,0.6514
GEN_8678,EHCQKKPIAKHCLHYLACVLLTWFNACYHAKAFATD,36,0.6514
GEN_8679,GRIILAHASAYRTLGHRGNYEGKIARKE,28,0.6513
GEN_8680,TRYRKKPHNHACLSNQACLLLTPVNGCVKAKVFAAR,36,0.6513
GEN_8681,LNIKCSGYPGCKLYVKKIKQSHLRAR,26,0.6513
GEN_8682,NSGTAGASLLAAAKAT,16,0.6512
GEN_8683,WRCWYKPTAHACLSTVACLQAIILNGKGKTFTKLPKSFGIMTGNR,45,0.6512
GEN_8684,HLLKHPASRKCTKA,14,0.651
GEN_8685,TRYHKKPKYHKCLSNLMCLLLDPVNGCVKAKVPAAR,36,0.6509
GEN_8686,IGLWDNVCGAVYTLEIPVCTAKRKGAT,27,0.6506
GEN_8687,VWKLSTSHLGAAPVLMLWSAF,21,0.6506
GEN_8688,TRPIKKPHYHACLRNAAAIFLIILNGCVLAHVFAAH,36,0.6506
GEN_8689,GIATPLSAPGLWLASVG,17,0.6505
GEN_8690,GRCWKKPFAKACLETRACLLPIILNGKGKTFKQLPKIFGIGTPSR,45,0.6505
GEN_8691,LVATRSYDCGGRR,13,0.6504
GEN_8692,KKGRLVCPAKALAF,14,0.6503
GEN_8693,FRGHRKTKYHACASNSACLLLTPVNGCVYAKVFPAD,36,0.6503
GEN_8694,TRAHKKPHWHACLSTPACLLMTIRNGCVKAKCFAAP,36,0.6502
GEN_8695,THCEKKIIAKHCLHYLACVLLTYFIWCDKTFTLCAQ,36,0.6502
GEN_8696,ILLCSPSRYTHPCIKALKVRFPQSNLADIFEALKKNNS,38,0.65
