id,sequence,length,charge,activity_score,hemolytic_score,phytotoxicity_score,stability_score,synthesizability_score,combined_score,rank
GEN_8467,KTTKSKKKVTTKEKSIKK,18,7.75,0.6645,0.2568,0.1023,1.0,1.0,0.803,1
GEN_8574,GQAYPLSAWAKGRGCYP,17,1.75,0.6585,0.3086,0.0314,0.9363,1.0,0.7891,2
GEN_8385,FGANKIRYKKDKGWKFRGLGAAGKC,25,6.74,0.6681,0.3642,0.0434,1.0,1.0,0.7863,3
GEN_8620,KKAGNGRLAHKSGIMNSGPKKALG,24,5.84,0.6554,0.3587,0.0,0.9678,1.0,0.7849,4
GEN_8360,QVKGKKACDKDKGWKFRGLGAAGKC,25,5.74,0.6693,0.3377,0.0,0.894,1.0,0.7839,5
GEN_8660,RGGVWTRAALFEKGALNKNEG,21,1.76,0.6525,0.3184,0.0165,0.9076,1.0,0.7824,6
GEN_8627,GEWKASKNNAARVRCKAK,18,4.75,0.6548,0.4073,0.0,1.0,1.0,0.7774,7
GEN_8661,RGGACCRFGSTKTGLY,16,2.74,0.6524,0.2176,0.0,0.6421,1.0,0.7702,8
GEN_8648,KKAGNGRLAHKSGIMNSGPKLALG,24,4.84,0.6536,0.4352,0.0,1.0,1.0,0.77,9
GEN_8497,SLSYKKCNAWLKLGLY,16,2.45,0.663,0.4105,0.0,0.9191,1.0,0.7673,10
GEN_8679,GRIILAHASAYRTLGHRGNYEGKIARKE,28,3.94,0.6513,0.3989,0.09,1.0,1.0,0.7647,11
GEN_8386,LFYRDTKIAGLLHSCGYGA,19,0.84,0.6681,0.3795,0.0815,0.8862,1.0,0.7597,12
GEN_8435,TAFVCKKGIAILNTWRGANYSNDASWCGK,29,2.38,0.6661,0.4257,0.12,1.0,1.0,0.7587,13
GEN_7888,LKCNPWGTLVAWGLRDGCAGSFG,23,0.74,0.6843,0.4534,0.1288,1.0,1.0,0.7568,14
GEN_5958,SLSYKKCNAWLKEKTGAVLLCTAL,24,2.44,0.7121,0.4268,0.0194,0.7788,1.0,0.7564,15
GEN_8351,GIAYPLSAWAKGRGCYP,17,1.75,0.6695,0.4523,0.1,0.9987,1.0,0.756,16
GEN_8463,GRGKFKKVQAFQNLKCDLARLNSWW,25,4.75,0.6648,0.5082,0.0,1.0,1.0,0.7556,17
GEN_8517,FPVNKIRYKKDKGWKFRGLGASGKC,25,6.74,0.662,0.3642,0.0434,0.7997,1.0,0.7541,18
GEN_7772,SLSYKKSNAWLKEKTGAVLLCTAL,24,2.45,0.687,0.4027,0.0194,0.7788,1.0,0.7537,19
GEN_8682,NSGTAGASLLAAAKAT,16,0.76,0.6512,0.3764,0.2035,1.0,1.0,0.7533,20
GEN_8297,FPANKIRYKKDKGWKFRGLGAAGKC,25,6.74,0.6718,0.3842,0.0434,0.7997,1.0,0.7525,21
GEN_8388,LFYRDTKIAGLLHSCGYGL,19,0.84,0.6681,0.3795,0.0815,0.8303,1.0,0.7513,22
GEN_8654,TAKKLYKIPGGFKAVKD,17,3.4,0.6531,0.5019,0.0137,1.0,1.0,0.751,23
GEN_7645,SLSYKKCNAWLKLKTGVVLLCTAL,24,3.44,0.6896,0.4188,0.0681,0.823,1.0,0.7499,24
GEN_8625,GRIILAHASAYRTLGHRGNYERKIARKE,28,4.94,0.6551,0.4647,0.09,1.0,1.0,0.7496,25
GEN_7284,SLSYKKCNAWLKEKTGAILLATAL,24,2.45,0.6959,0.4476,0.0681,0.8483,1.0,0.7487,26
GEN_8538,KLPCLSGLKGYMLNSAAHPKP,21,2.83,0.6605,0.3374,0.0889,0.7497,1.0,0.746,27
GEN_8129,KWDICCQRQKTGNNGGAGKALKLPLGVKPLAI,32,4.74,0.6773,0.3974,0.2173,1.0,0.9,0.7451,28
GEN_7504,AWSKTALLCGAIKCPNWKFRYKASALAD,28,3.78,0.6919,0.4576,0.2067,0.9871,1.0,0.7448,29
GEN_7266,KHTKFDCALARAALCNPLAHGCGGYSIYG,29,1.9,0.6961,0.4654,0.1269,0.9723,0.9,0.7441,30
GEN_8212,KHTKFECCKLALKIPNWKVRYKASALAD,28,4.83,0.6751,0.4951,0.1233,0.9993,1.0,0.7439,31
GEN_6410,VAFVCKKGIAILNTLRGANASNDASWCGK,29,2.71,0.7075,0.4687,0.1763,0.9328,1.0,0.7439,32
GEN_6141,SLSYKKCAMWLKEKTGAVLLCTAL,24,2.44,0.7102,0.446,0.0681,0.7788,1.0,0.7437,33
GEN_8642,SNKKGGFCVPVKKPLLDGKDFKCG,24,3.44,0.6541,0.4164,0.0,0.7915,1.0,0.7436,34
GEN_8374,ALALKADGLCFLCK,14,0.78,0.6686,0.3911,0.2857,1.0,1.0,0.7434,35
GEN_8107,VAHVYKCNAWLKEKTGAVLLCTAL,24,1.8,0.678,0.415,0.1307,0.8623,1.0,0.7433,36
GEN_5466,SLSYKKCNAWLKEKTGAILLCTAL,24,2.44,0.7167,0.4268,0.0194,0.6785,1.0,0.743,37
GEN_7881,VAKVCKKGIAILNLRGRVDNSNFASWCGK,29,4.71,0.6845,0.5052,0.1361,1.0,1.0,0.7429,38
GEN_8506,NRLNTKLRGCAKGLNTTAVNGEFWCWC,27,2.73,0.6627,0.4784,0.06,0.9819,0.9,0.7406,39
GEN_8251,LKKHRFGDFYVLLFTLTFKKAKY,23,4.84,0.6738,0.4432,0.0406,0.805,1.0,0.7397,40
GEN_8377,ALALKCDGLCYLCK,14,0.76,0.6685,0.3391,0.1198,0.7878,0.9,0.7394,41
GEN_7691,SLSYKKSNAWLKEKTGAILLCTAL,24,2.45,0.6887,0.4027,0.0194,0.6785,1.0,0.7392,42
GEN_7608,VFVVCKKGIAILNTLRGANASNDASWCGK,29,2.71,0.6901,0.4687,0.1763,0.9328,1.0,0.7378,43
GEN_7467,AIKVCKSGIATLNLHGRVDNTIWLKGLWA,29,2.87,0.6925,0.497,0.2166,1.0,1.0,0.7356,44
GEN_8478,RGGACCRFGSTKLVFNKPIC,20,3.73,0.6637,0.3001,0.0,0.5878,0.9,0.7354,45
GEN_8582,CAVELGPSKCCGKGEPL,17,-0.27,0.6578,0.3148,0.1586,0.7794,0.9,0.7346,46
GEN_8612,ACVGRKALGCAKGLNTTA,18,2.77,0.6561,0.4707,0.0,0.806,1.0,0.7329,47
GEN_8633,NPGAGLRCGVLWSFSVKK,18,2.75,0.6546,0.3655,0.0519,0.6827,1.0,0.7324,48
GEN_8001,AWIKTALLCCAEKIPNWKVRYKGSALAD,28,2.78,0.6815,0.5003,0.2067,1.0,1.0,0.7324,49
GEN_8228,TLYLSAACQYTRLLGKKLL,19,2.38,0.6745,0.5175,0.0246,0.8593,1.0,0.7319,50
GEN_8503,KRCKWQCDKAALSHGRGALLTFSWFLEYG,29,2.83,0.6627,0.4253,0.12,0.8262,1.0,0.7315,51
GEN_6300,KHTKWQCCKAALIHLRGAILTFTLYLIYG,29,3.91,0.7087,0.4296,0.1763,0.7817,1.0,0.7314,52
GEN_7353,RAAWASIGVSRAELLVYYKLLDKGFA,26,1.76,0.6948,0.4975,0.2083,0.9588,1.0,0.7314,53
GEN_5833,AWIKTALLCCAIKIPNWKVRYKASALAD,28,3.78,0.7132,0.5002,0.29,1.0,1.0,0.7311,54
GEN_7583,IGLYLCLCGAVYTIVICVCSAKRKGLT,27,2.72,0.6905,0.4154,0.1119,0.8666,0.8,0.731,55
GEN_5892,HRCAKKPKAHCEVSTLGCLVAIILNASYG,29,2.9,0.7127,0.4465,0.1361,0.819,0.9,0.7303,56
GEN_7464,AWIKTALTCCAIKIPNWRKDLAPTLVGP,28,2.77,0.6925,0.4747,0.29,1.0,1.0,0.7302,57
GEN_7254,VAFVCKKGIAILNLRGKVDNTIWLKGLLA,29,3.72,0.6963,0.4759,0.297,1.0,1.0,0.7302,58
GEN_8524,IHGIHYKFARDKGWKFRGLGAAGK,24,4.93,0.6615,0.4722,0.0,0.7779,1.0,0.7302,59
GEN_5115,DRCKWQCRKAALSHLRGAILTFSLFLIYG,29,3.83,0.7201,0.4823,0.1763,0.8349,1.0,0.7302,60
GEN_6709,RKALWFKLIAILNLKGKVDNTIWLKGLLA,29,4.76,0.704,0.4659,0.3372,1.0,1.0,0.7293,61
GEN_6052,KHTKFQCCKAALHHLRGAILTFTLYLIYG,29,4.0,0.7112,0.4976,0.1361,0.8349,1.0,0.7293,62
GEN_8415,HVIHKVNLKKASCFGVLCGAGC,22,2.9,0.6671,0.3547,0.0106,0.6355,0.9,0.7285,63
GEN_8156,LNQAWLKLKLAEWACSRIKN,20,2.75,0.6766,0.509,0.1167,0.9094,1.0,0.7285,64
GEN_5867,AWIKKKPKAHACLSTLAANASNWVSWCG,28,3.86,0.7129,0.4384,0.2067,0.791,1.0,0.7276,65
GEN_7598,RAAWASIGVSWAELLVYDAWAKKCV,25,0.75,0.6902,0.4647,0.3208,1.0,1.0,0.7273,66
GEN_8193,SLSYKKHNAWLKEKTGAILLCTAG,24,2.54,0.6756,0.3707,0.0,0.5552,1.0,0.7271,67
GEN_6872,AWIKTALLCCAIKIPNWKVRYKASAIAD,28,3.78,0.7019,0.5002,0.29,1.0,1.0,0.7271,68
GEN_8225,ADNAWLKLKLAEWACSRIKN,20,1.79,0.6746,0.509,0.1316,0.9154,1.0,0.7264,69
GEN_6419,KRTKWQCCKHALNHLRGALLTYTLFLIYG,29,4.91,0.7074,0.5143,0.12,0.8347,1.0,0.7262,70
GEN_5183,AWIKTAHCKLALRTLRGANATNFLNWCG,28,3.86,0.7195,0.604,0.165,1.0,1.0,0.7261,71
GEN_8448,RGGACCRFGSTKLTFNKPIC,20,3.73,0.6655,0.2962,0.0,0.5107,0.9,0.7255,72
GEN_7955,LKCNPWLTLVAWTLRDGCAGSFG,23,0.74,0.6826,0.4672,0.1795,0.8678,1.0,0.7254,73
GEN_7680,AQIKTALLCCAIKIPNWVVALNCGGKIG,28,2.76,0.6889,0.474,0.2483,1.0,0.9,0.7254,74
GEN_8459,FLAWSLYGLCRPTGAY,16,0.75,0.665,0.4655,0.2043,0.9313,1.0,0.7254,75
GEN_8632,KPRTRLLCLISTRKR,15,5.75,0.6546,0.3636,0.0,0.5768,1.0,0.7247,76
GEN_8298,FKCYYLVCARVIKIPNWANASNFASWCG,28,2.73,0.6718,0.4779,0.2067,1.0,0.9,0.7246,77
GEN_7443,AAKVCKSGIAIANLRGRVDNSIWLKGLLA,29,3.78,0.693,0.5145,0.2568,0.9909,1.0,0.724,78
GEN_8551,GKCPLSCGGLKFSDDKKKLPNKGFGN,26,3.74,0.6598,0.3758,0.03,0.6096,1.0,0.7239,79
GEN_7998,SAFMRVCTGWLLKGARGANASNFVSWCGKAK,31,4.44,0.6815,0.4835,0.2402,0.9787,0.95,0.7234,80
GEN_8241,KWTKNNMLSIFIGGLLAVAGRN,22,2.76,0.6739,0.4761,0.1167,0.8259,1.0,0.7232,81
GEN_4610,FRCKWQCDKAALSHLRGAVLTFSLFLIYG,29,2.83,0.7254,0.4967,0.2166,0.839,1.0,0.7231,82
GEN_5087,KVSKWQCCKAALNDLRGALLTFTLFLIYG,29,2.74,0.7204,0.5397,0.2166,0.922,1.0,0.723,83
GEN_7659,AMITTALLCCAIKIPNWKVRYKASALAD,28,2.78,0.6893,0.5002,0.29,1.0,1.0,0.7227,84
GEN_4739,KRCKWQCDKAALSHLRGAYLTFSLFLIYG,29,3.82,0.7239,0.4612,0.1361,0.6984,1.0,0.7224,85
GEN_7897,VLAWSLYGLCRPTGLY,16,0.72,0.6841,0.4655,0.2061,0.865,1.0,0.7219,86
GEN_8102,AWIKTALLCCAIKIPNWRKDYAPTLVGE,28,1.78,0.6781,0.4652,0.2636,0.9322,1.0,0.7213,87
GEN_6778,KLSKWQCCKAALNDLRGALLTFTLFLNFG,29,2.74,0.7029,0.5397,0.2166,0.9502,1.0,0.7211,88
GEN_8539,LLCLWGIGYR,10,0.75,0.6605,0.4606,0.2042,0.904,1.0,0.721,89
GEN_8603,SKHNGGAALWRFAKLSASKNGF,22,3.54,0.6567,0.5141,0.0106,0.8088,1.0,0.721,90
GEN_5055,KRCKGQCNKAALSHLRGALLTSSLFLIYG,29,4.82,0.7207,0.446,0.12,0.6496,1.0,0.7202,91
GEN_6967,AWIKTALLCCAIKIPNWRKDLAPTLVGP,28,2.77,0.7005,0.501,0.3317,1.0,1.0,0.7202,92
GEN_8055,LDNAWLKLKLAEWACSRIKN,20,1.75,0.6796,0.509,0.1341,0.8623,1.0,0.7198,93
GEN_8498,KPRARLLCLISTRKR,15,5.75,0.663,0.3969,0.0,0.5768,1.0,0.7194,94
GEN_4201,KRCKWQCDLAALSHLRGAYLTFSLFLIYG,29,2.82,0.7298,0.4355,0.1763,0.6619,1.0,0.7194,95
GEN_7633,RAAWASIGVSRAELLVYYKLLDRGFA,26,1.76,0.6898,0.5363,0.2083,0.9543,1.0,0.7193,96
GEN_4533,KRCKWQCDKAALSHLLGALLTFSLFLIYG,29,2.82,0.7261,0.4564,0.2166,0.7449,1.0,0.7193,97
GEN_8050,LKCNPLLIWTSPRLLGDDAWAKK,23,1.75,0.6797,0.524,0.1596,0.9078,1.0,0.7191,98
GEN_4487,KRCKYQCDKAALSHLRGALLTFSLFLIYS,29,3.82,0.7267,0.4622,0.1361,0.6619,1.0,0.7177,99
GEN_7494,VAKVTKKGIAILNLRGRVDNTIALKGLLA,29,4.73,0.692,0.5447,0.2568,1.0,1.0,0.7175,100
GEN_8442,PIAKSVISVTPGKGGRGRWGLAF,23,3.96,0.6657,0.4531,0.0913,0.743,1.0,0.7175,101
GEN_7593,IGLWLCLCGAVYTLEIAKCTKVRKGAT,27,2.73,0.6904,0.3594,0.1119,0.615,0.9,0.7173,102
GEN_8112,TLFLSAACQYTRLLGKKLL,19,2.39,0.6778,0.5439,0.086,0.8593,1.0,0.7173,103
GEN_8315,LNCKCLKLKLAEWACSRIPN,20,2.73,0.6711,0.4812,0.0583,0.802,0.9,0.7161,104
GEN_6385,AYGAISCALARYTLDIAVCTLKRKGAT,27,2.77,0.7079,0.4786,0.1119,0.6976,1.0,0.716,105
GEN_8460,WNCRCAVLAIVCGD,14,-0.27,0.665,0.3894,0.2752,0.8753,0.9,0.7154,106
GEN_7415,AWIKDALLCCAIKIPNWRKDLAPTLVGP,28,1.78,0.6936,0.501,0.3474,1.0,1.0,0.7154,107
GEN_6903,VAKVCKSGIAILNLRGRVDNTIWLKGLLA,29,3.72,0.7015,0.5338,0.2568,0.9444,1.0,0.7152,108
GEN_7050,AAKVCKSGIAILNLRGRVDNTIWLKGLLA,29,3.78,0.6993,0.5338,0.2568,0.9444,1.0,0.7144,109
GEN_7102,VAFVCKKGIAILNLRVKVDNTIWLKGLLA,29,3.72,0.6985,0.4932,0.3372,0.9569,1.0,0.7141,110
GEN_6811,AWITTAHCKYALRTLRGANATNFLNWCG,28,2.86,0.7025,0.5908,0.1233,0.896,1.0,0.7141,111
GEN_5386,WRTKWQCCKAALNHLRGALLTFTLFLIYG,29,3.82,0.7176,0.5506,0.2166,0.8854,1.0,0.7138,112
GEN_8521,AIGDFAVCWRGGNRLYNGATGG,22,0.79,0.6617,0.5768,0.085,0.9271,1.0,0.7137,113
GEN_7162,VAKVCKKGIAILNLRGRVDNTIWLKGLLA,29,4.72,0.6976,0.557,0.2568,0.981,1.0,0.7136,114
GEN_8096,RKVWCAKLQGVAGQCAKAPRCTHS,24,4.81,0.6783,0.4241,0.0,0.6073,0.9,0.7125,115
GEN_7327,RKAAVDCCKIALRTLRGANATNFANWCGK,29,4.73,0.6952,0.6025,0.1361,1.0,0.9,0.7123,116
GEN_7848,AYTKFDCCKLADRTLRGANASNFASICGK,29,2.76,0.6853,0.5988,0.12,1.0,0.9,0.7121,117
GEN_4711,KRCKWQCDKAALSHLRGALLTFSLFLIYG,29,3.82,0.7242,0.4794,0.1763,0.6984,1.0,0.7119,118
GEN_7370,KRCKWQCDKAPLSKLRGALLTFSLFLVYG,29,4.74,0.6946,0.4306,0.1763,0.6845,1.0,0.7117,119
GEN_7509,FKCYYLVCARAIKIPNWRYALAPTLVGP,28,3.74,0.6918,0.4914,0.29,0.9063,1.0,0.7117,120
GEN_6064,WRTKWQCCKAALNHLRGALITFTLFLIYG,29,3.82,0.7111,0.5506,0.2166,0.8854,1.0,0.7116,121
GEN_7773,AWIKTANLSCAIKIPNHKVRYKASALAD,28,3.87,0.6869,0.5102,0.2067,0.8642,1.0,0.7115,122
GEN_7208,KHTKFDCALARLALCNGLAHCCGGYSIYA,29,1.89,0.6969,0.4778,0.1276,0.8413,0.8,0.7115,123
GEN_7163,RKAAVDCCKIALRTLRGANASNFASWCGK,29,4.73,0.6976,0.6025,0.1361,0.9892,0.9,0.7115,124
GEN_6751,KRCKWQCCKAALSHLLGALLTFSLFLIYG,29,3.81,0.7033,0.4461,0.2166,0.7913,0.9,0.7109,125
GEN_8327,GAVFLDRCGLAGIRPRTFLKIH,22,2.84,0.6708,0.5729,0.1167,0.9097,1.0,0.7105,126
GEN_7621,VVKVFKSGTAILNLAGRVDNTIWSKGLLA,29,2.73,0.69,0.5699,0.2568,1.0,1.0,0.7105,127
GEN_8602,SRLNTELRGCAKGLNTTAVNGEFFCYC,27,0.43,0.6567,0.4598,0.1696,0.8738,0.9,0.7105,128
GEN_6795,VYGAYSHALAGLALCCRLAAANPANYCDK,29,0.79,0.7027,0.4423,0.3014,0.868,0.9,0.7104,129
GEN_8529,VVAQNWCAGYAVRFIAGLKFHFT,23,1.81,0.6611,0.5354,0.2061,0.9567,1.0,0.7101,130
GEN_5299,KRTSWQCCKAALNHLRGALLTYWLFLIYG,29,3.82,0.7183,0.5333,0.1763,0.7896,1.0,0.7101,131
GEN_5952,KHTKFGCCKLALRTLRGANATNPANYCDK,29,4.81,0.7121,0.527,0.12,0.8033,0.9,0.71,132
GEN_5803,AYGAYSHALAGLALCCRLAAANPANYCDK,29,0.85,0.7135,0.4423,0.297,0.8355,0.9,0.7099,133
GEN_8284,VVAQNWCAGAAVRFIAGLKFHFT,23,1.81,0.6725,0.5479,0.2568,1.0,1.0,0.7099,134
GEN_7391,AWIKTALLCTAIKIPNWSVRYKASALVD,28,2.79,0.6941,0.5596,0.29,1.0,1.0,0.7095,135
GEN_7574,VAHVCKCCDLALRTLKGANAGNFVSWCGK,29,2.78,0.6906,0.5673,0.1361,0.9976,0.8,0.7091,136
GEN_8343,IWVAAQCASNTGLVGAKLFLTHTMFALFC,29,0.83,0.67,0.4512,0.4194,1.0,1.0,0.7088,137
GEN_7136,RKAAVDCCKIALRTLRGANASNDASWCGK,29,3.73,0.698,0.5852,0.12,0.9244,0.9,0.7087,138
GEN_8179,VAKVCKKGIAILNFRGRMENTIELKGLLA,29,3.73,0.6758,0.5397,0.2166,0.9278,1.0,0.7083,139
GEN_7402,AWIKTALLCCAIKIPNWKVRYLFASWCG,28,3.76,0.694,0.5254,0.29,1.0,0.9,0.7081,140
GEN_7226,AAKVCKSGIAILNLRGRVDNSIWLKGLLA,29,3.78,0.6966,0.5338,0.2568,0.9078,1.0,0.708,141
GEN_6984,AWIKTALLCCAIKIPNWRKALAPTLVGP,28,3.77,0.7003,0.5252,0.3733,1.0,1.0,0.7078,142
GEN_8381,GCNCIILSARHKKVVLSKRGRA,22,5.82,0.6683,0.3777,0.0,0.4549,1.0,0.7077,143
GEN_5959,VAHVCKCCKLALRTLRGANASNFVKWSGK,29,5.79,0.7121,0.6294,0.1361,0.9734,0.9,0.7075,144
GEN_7699,SLSYKKCNAWLKEKTAAILLCTAL,24,2.44,0.6886,0.4476,0.0681,0.5901,1.0,0.7074,145
GEN_4466,KRCKWQCDKAALSHLLGALPTFSLFLIYG,29,2.82,0.727,0.4564,0.2166,0.6619,1.0,0.7072,146
GEN_7833,KHTKFEWCKLALRTLRGANASKRKGAT,27,6.84,0.6856,0.5792,0.1087,0.8514,1.0,0.7066,147
GEN_8389,LNCKCSGYPGCKLYLKKIKQSHVRAR,26,6.81,0.668,0.4524,0.0773,0.7135,0.9,0.7061,148
GEN_8621,CIPKNKRLCCWRYKGFT,17,4.73,0.6553,0.3145,0.0,0.4335,0.9,0.7057,149
GEN_8208,ERNIGCGLWGKGWIKLLKVRFKVSALAD,28,3.83,0.6752,0.5545,0.165,0.884,1.0,0.7056,150
GEN_8476,WRCKWQCDKAALLHLRGWVLDFSLFLIYG,29,1.83,0.6639,0.4696,0.2689,0.8715,1.0,0.7053,151
GEN_8309,HVIHKVNLKKASCLGILCGAGC,22,2.9,0.6715,0.3514,0.0106,0.4649,0.9,0.7053,152
GEN_8402,GRIILAHASAYRTLGHRGNYERKIRRKA,28,6.93,0.6676,0.5061,0.1444,0.7985,1.0,0.7052,153
GEN_4867,KRTKWQCCKAALNHLRGALLTFTLFLIYG,29,4.82,0.7226,0.5333,0.1763,0.7449,1.0,0.7049,154
GEN_8067,SLSYKKCNIWLKEKTGAILLCTAL,24,2.44,0.6793,0.3898,0.0194,0.4496,1.0,0.7048,155
GEN_7147,VAKVCKKGIAILNLRGRVDNWIWLKGLLA,29,4.72,0.6978,0.5742,0.297,0.9891,1.0,0.7045,156
GEN_7719,LKKKRYGDFYVLLFILTFKKAKA,23,5.75,0.6882,0.4573,0.0913,0.6103,1.0,0.7044,157
GEN_5415,VAHVCKCCKLALRTLRGANASNFVSYCGK,29,4.78,0.7172,0.6121,0.12,0.961,0.8,0.7041,158
GEN_8204,SAPMKKCNAWLKEKTGAVLLCTAL,24,2.44,0.6753,0.49,0.1167,0.7178,1.0,0.704,159
GEN_8299,RLLCDPSRYIHHCIKLLKVRFKAKGAT,27,5.91,0.6718,0.6233,0.0686,0.8953,1.0,0.7033,160
GEN_8619,MVGCIACISIKKCSRIGYG,19,2.47,0.6554,0.4819,0.0,0.6892,0.9,0.7023,161
GEN_8004,LDIALLKLHLAEWACSRIKN,20,0.84,0.6813,0.4927,0.2562,0.8333,1.0,0.7018,162
GEN_8597,NKHNGGAALWRFAKLSASKNGF,22,3.84,0.6571,0.5141,0.0106,0.6742,1.0,0.701,163
GEN_7860,KHTKWQCCKAALRHLRGANASNFASWCGK,29,5.9,0.6851,0.5665,0.12,0.8698,0.9,0.7006,164
GEN_7466,RAAWLSIGVSRAELLVYYKLLDRGFA,26,1.76,0.6925,0.5363,0.2083,0.8227,1.0,0.7005,165
GEN_8666,RGGACCRFGSTKLTFNKVIR,20,4.74,0.6522,0.4215,0.0,0.5166,1.0,0.7004,166
GEN_7795,VVKVFKSGIAILNLAGRVDNTIWSKGLLA,29,2.73,0.6866,0.5815,0.297,1.0,1.0,0.7004,167
GEN_5153,VAHVCKCCKLALRTLRGANASNFVKWCGK,29,5.78,0.7198,0.6294,0.1361,0.9734,0.8,0.7002,168
GEN_7761,TLFLSAACFTTRLLGKKLL,19,2.39,0.6873,0.4961,0.1474,0.7042,1.0,0.7001,169
GEN_8326,HKVWCAKIQGVAGVCAKAPRCTHS,24,3.9,0.6708,0.4562,0.0194,0.6145,0.9,0.7,170
GEN_7947,VAKVCKSGIAIELLRGRVDRTIWLKGLVA,29,3.72,0.6827,0.5026,0.2568,0.834,1.0,0.6999,171
GEN_7820,VVGKKGPCLKRYIKGDLGAWRLGAYVLSSRN,31,5.72,0.6858,0.5133,0.18,0.7995,0.95,0.6996,172
GEN_7430,VAKVCLKTILILNLRGRVDNTIWLKGLLA,29,3.72,0.6933,0.4612,0.297,0.7784,1.0,0.6996,173
GEN_8477,LAWCVSRTGSHYRKAKYASFR,21,4.83,0.6637,0.4681,0.0,0.5599,1.0,0.6993,174
GEN_8485,ACVGRKALGWCSTEANGL,18,0.78,0.6634,0.425,0.0855,0.5731,1.0,0.6991,175
GEN_8560,KFQVLKLNLNKCPHLAIFGVF,21,2.83,0.6592,0.4703,0.2,0.7713,1.0,0.6989,176
GEN_8170,KWDICCQKRKTGNSGGAGKAGKMPLGVKPLAV,32,5.74,0.676,0.3695,0.21,0.6404,0.9,0.6988,177
GEN_8285,WPCRCAVLAIRCGD,14,0.73,0.6725,0.5539,0.2052,0.9513,0.9,0.6988,178
GEN_8570,AGKTAIMFPKGNARRCRNWKAG,22,5.78,0.6586,0.4701,0.0106,0.5793,1.0,0.6983,179
GEN_7506,SLSYKKCAMWIKEKTGAPPLCTAL,24,2.44,0.6918,0.4604,0.0681,0.6424,0.85,0.6982,180
GEN_6819,KHTKWQCCKAALRKLRGAILTFNLYLIYG,29,5.82,0.7024,0.5821,0.1361,0.7884,1.0,0.6982,181
GEN_5198,KRCKYQEDKAALSHLRGALLTFSLFLIYS,29,2.84,0.7194,0.4622,0.1361,0.5463,1.0,0.6978,182
GEN_7086,AWIKTALLCAAAKIPNFRKDLAPTLIGP,28,2.78,0.6988,0.5333,0.3733,0.9492,1.0,0.6976,183
GEN_8337,SLIGCLALAILWVIGCVTIGHPYR,24,0.53,0.6703,0.4304,0.317,0.787,1.0,0.6975,184
GEN_7847,RAAWASIWVSRAELVVYFKLLDRGFA,26,1.76,0.6853,0.5906,0.2979,1.0,1.0,0.6975,185
GEN_7617,IGLYGILCGAVYTIELCVCTAKRKGAT,27,1.73,0.69,0.4391,0.0876,0.5908,0.9,0.6972,186
GEN_7970,FKDYYLVCARAIKIPNWRYALAPTLVGP,28,2.75,0.6823,0.5374,0.29,0.9063,1.0,0.6969,187
GEN_6620,KHTKFGCCKLALSTLRGANATNFANWTGKVKVFQVV,36,5.82,0.7051,0.4881,0.3194,1.0,0.7,0.6968,188
GEN_6194,VAHVCKCCKLALRTLRGASASNFVKWCGK,29,5.78,0.7098,0.6294,0.1361,0.9734,0.8,0.6967,189
GEN_5630,VAHVCKCCKLALRTLRGANASNFVSWCGK,29,4.78,0.715,0.6294,0.1361,0.961,0.8,0.6966,190
GEN_7925,SLSFRKCNAWLKEKAGAVLLCTAL,24,2.44,0.6835,0.5416,0.1167,0.7346,1.0,0.6965,191
GEN_5674,KHTKFGCCKLALSTLRGANATNFANKTGKVKVFQVV,36,6.82,0.7146,0.4857,0.3479,1.0,0.7,0.6965,192
GEN_8483,WDCRCAVLAIRCGD,14,-0.26,0.6635,0.5182,0.1918,0.8839,0.9,0.6965,193
GEN_6920,WRCWYKPKAHACVSTLGALLTFSLFLIYG,29,2.82,0.7013,0.4684,0.2568,0.7094,1.0,0.6963,194
GEN_8676,KVLGPIAMKSSDICIAFG,18,0.75,0.6514,0.4505,0.269,0.8072,1.0,0.6961,195
GEN_8465,LAWCVSRTGSHYGKAKYASFR,21,3.83,0.6646,0.4829,0.0,0.5603,1.0,0.6959,196
GEN_7878,PKIGCLALAILWVIGCVTIGHPYRKKKAFGKS,32,6.02,0.6846,0.4632,0.3278,0.8754,0.9,0.6959,197
GEN_7862,TRCAVKDKAHACDYYTICLKLTTNNGCVKAKVFGPR,36,4.44,0.6851,0.3373,0.3,0.9029,0.5,0.6959,198
GEN_8468,LTNACTNCCWGLQLKGANKK,20,2.73,0.6644,0.3095,0.0,0.333,0.9,0.6951,199
GEN_7470,AAKVCKNPIAILNLRGRVDNSAWLKGLLA,29,3.78,0.6924,0.5417,0.297,0.8837,1.0,0.6949,200
GEN_6559,VVHVCKCCKLALRTLRGANASNFVSYCGK,29,4.78,0.7058,0.6121,0.12,0.9244,0.8,0.6947,201
GEN_8486,WKKGANHAGAAAKTNLRIILVP,22,3.84,0.6634,0.5193,0.1697,0.7825,1.0,0.6943,202
GEN_8479,KRRLGRVDAVCGRGPIKIALK,21,5.75,0.6637,0.5145,0.0333,0.6376,1.0,0.6943,203
GEN_8307,LKSLCVGCHLLNGKSCGYEFHMFGCKGIAGTHVTC,35,1.97,0.6716,0.3596,0.302,0.9958,0.45,0.6942,204
GEN_6854,KKALIFKLRGGDPKKIKRALTFTLYLIYG,29,6.75,0.7021,0.5533,0.2203,0.7972,1.0,0.6939,205
GEN_7684,PKIGCAALAILWVIGCITIAHPYRKKIAFGKS,32,5.02,0.6889,0.4818,0.3996,0.9543,0.9,0.6939,206
GEN_8420,LNNATKAGQRGKVYGRTTFVLWVIWVFFKHH,31,4.93,0.6668,0.5944,0.2402,1.0,0.95,0.6937,207
GEN_5197,KRCRWQCDKAALSHLAGALLTFSLFLSYG,29,2.83,0.7194,0.4255,0.1763,0.498,1.0,0.6937,208
GEN_7924,KAAWAPIGVSRAELLAYYKLVDRGFA,26,1.76,0.6836,0.5699,0.2532,0.8977,1.0,0.6935,209
GEN_8548,SAILDLGLKILDGRKGA,17,0.46,0.66,0.547,0.1901,0.8488,1.0,0.6931,210
GEN_7867,IWVAGQCASDVGLVGAKLFLTHTMAALFC,29,-0.17,0.6848,0.4928,0.4893,1.0,1.0,0.6931,211
GEN_3800,TRYSKKPKYHANLSYLAWLLLICNNGCLKAKTFAAH,36,5.54,0.7336,0.4534,0.3194,0.8466,0.7,0.6925,212
GEN_7728,LKSLCVGCHLLNGGSCGYEFHMFGCKGIAGKGVTC,35,1.88,0.688,0.3596,0.3081,0.9517,0.45,0.6924,213
GEN_3024,THCAKKPKAHASLSYVACLLLICNNGCLKGKIIAAH,36,4.61,0.74,0.3637,0.3519,0.8474,0.5,0.6924,214
GEN_8451,LYGSMQCILARLALCLGLAHCCGGQNRVYLNY,32,1.8,0.6652,0.4069,0.231,0.8349,0.7,0.6917,215
GEN_8099,KRCKWQCDQAILSHLRGAYLTFSLELIYG,29,1.83,0.6782,0.4506,0.1321,0.5788,1.0,0.6917,216
GEN_2509,TRYRKKPHNHASLSTLACVCLTILNGCVKVKVFAAH,36,5.63,0.7439,0.4242,0.3194,0.834,0.6,0.6915,217
GEN_8609,GYVKKSWAHRRYLLLYNHCLQAGRTTRK,28,6.92,0.6562,0.4163,0.1436,0.5817,1.0,0.6913,218
GEN_6072,KHTKWQCYKAALRHLRGAIATFTLYLIYG,29,4.92,0.711,0.6,0.1361,0.7519,1.0,0.6912,219
GEN_7581,VAHKFDCCKIALRTLRGANATNFASFCGK,29,3.79,0.6905,0.6025,0.1361,0.8706,0.9,0.6912,220
GEN_8164,KWDICCQKRKTGNSGGCGKAGKMPLGVKPLAA,32,5.73,0.6762,0.3408,0.21,0.6072,0.8,0.691,221
GEN_2602,THCFKKPKAHAQLSYLACLLLICNNGCLKGKIFAAH,36,4.61,0.7431,0.4048,0.3519,0.8996,0.5,0.691,222
GEN_3626,THSFKKPKAHLCLSYLACLLLICKNGCIKGKIFAAH,36,5.61,0.735,0.3942,0.3519,0.8996,0.5,0.6909,223
GEN_5760,AWIKTACCKLALRTLRGANATNFANWCG,28,3.76,0.7139,0.604,0.165,0.8434,0.9,0.6906,224
GEN_6663,KHTKTGCCKNALRTVAGANATNFANWYGKVKVFAAV,36,5.82,0.7045,0.5124,0.3194,1.0,0.7,0.6906,225
GEN_8123,GYVKKSWAHRRYLLLFNRKDLAPTLVGP,28,4.84,0.6774,0.5498,0.165,0.7651,1.0,0.6897,226
GEN_8320,LNCKCSGYPGCKLYVKKIKQSHLRAR,26,6.81,0.6709,0.4524,0.0773,0.5939,0.9,0.6892,227
GEN_5551,KREKWQCIKAALNHLRGALLTFTLFLIYG,29,3.84,0.7158,0.5846,0.2166,0.7815,1.0,0.6891,228
GEN_8287,GHNAGCGLWGKGWRERAAGAKMANQCLA,28,2.83,0.6724,0.4635,0.09,0.5537,1.0,0.689,229
GEN_6522,KHTKFDKKSLALRTLRGANASNFASWCGKVEALKKN,36,6.83,0.7062,0.4812,0.3487,0.9571,0.7,0.6881,230
GEN_5939,KRTKWQCCKAALNHLRGALKTFTLWLIYG,29,5.82,0.7123,0.539,0.1361,0.6262,1.0,0.6881,231
GEN_6634,VVSKKGGCCKRYIKMYLANASNFLSWCGKAK,31,6.7,0.7049,0.4412,0.2206,0.6646,0.85,0.688,232
GEN_6193,SLAFCLIIKARYNLEIPVCTAKRKGAT,27,3.44,0.7098,0.4352,0.1551,0.4764,1.0,0.6878,233
GEN_7959,VIHVSKCCKLAQRHLRGANASNFVKWCGK,29,5.87,0.6825,0.6234,0.12,0.8837,0.9,0.6876,234
GEN_8644,GFQKYKGVGLILDCFAGLP,19,0.75,0.6538,0.5048,0.1736,0.7399,1.0,0.6876,235
GEN_6613,AWIKTACCKLALRTLRGANATNFANWCS,28,3.76,0.7052,0.604,0.165,0.8434,0.9,0.6876,236
GEN_6182,THCAKKPLAKHCLSYQANVLETYFNWNLHAKAFAAK,36,3.64,0.7099,0.4123,0.3519,0.8309,0.7,0.6873,237
GEN_6832,VAKVCKKGIAILNLRGRVWNTIWLKGLLA,29,5.72,0.7023,0.5742,0.297,0.8631,1.0,0.6872,238
GEN_8553,WKKGANKGREATKTNLRIILVP,22,4.76,0.6598,0.5576,0.0106,0.648,1.0,0.6871,239
GEN_5857,KHTKFECCKLALKTLYGANASNFASWCGKAKVFAAV,36,4.81,0.713,0.4694,0.3519,0.9811,0.6,0.6866,240
GEN_7534,AYGAMSCALARYTLEIPVTTAKRKGAT,27,2.78,0.6914,0.4436,0.1119,0.4801,1.0,0.6863,241
GEN_8027,SAFMRVCTGWLLKGAARSKCQRLDIKAKFKDL,32,5.44,0.6805,0.4764,0.2537,0.767,0.9,0.6861,242
GEN_8684,HLLKHPASRKCTKA,14,3.92,0.651,0.3774,0.0,0.3504,1.0,0.6861,243
GEN_8095,VVSKKSGCQKRYNKMYLANASNFLSWCGKAK,31,6.71,0.6783,0.4019,0.2212,0.5808,0.95,0.6859,244
GEN_7340,KHTKFDKGSLAVRTLRGRNESNFASWCGKVKYFVAV,36,5.84,0.6951,0.4669,0.3,0.8948,0.7,0.6858,245
GEN_7488,KHTKTGCCKNALRTVAGANATNFANWYGKVKVFAPK,36,6.82,0.6922,0.4985,0.3479,1.0,0.7,0.6855,246
GEN_8330,AMTKPAKAVVWKWLIRTNAAYI,22,3.79,0.6707,0.5395,0.2758,0.8457,1.0,0.6854,247
GEN_6069,TRYRKKPHNHACLSTAAYGLLTILNGQVKVKVCAPR,36,6.55,0.711,0.3959,0.3319,0.7671,0.7,0.6852,248
GEN_8334,LKSLAVGCHLLNGPSCGYEFHMFGCKGIAGKGVTC,35,1.89,0.6705,0.3739,0.3074,0.9001,0.55,0.6851,249
GEN_8120,KHTKFECCKAVYTLEIPVCTAKRKGAT,27,3.82,0.6775,0.3709,0.06,0.3971,0.9,0.685,250
GEN_5910,KRCWKKPKAHACLSTLAANASNWVSWCGK,29,5.81,0.7125,0.468,0.1361,0.5513,0.9,0.6847,251
GEN_7667,KAAWAPIGVSRAELLAYYKLLDRGFA,26,1.76,0.6891,0.5699,0.2532,0.8254,1.0,0.6845,252
GEN_4513,THCAKKPLAKTSLSYLACVDLTYLNGCVKAKVFAWH,36,3.54,0.7264,0.4277,0.3519,0.8661,0.6,0.6845,253
GEN_8043,TRYRKKPRNHLSLSTVACVCLTTLNGCVKVKVFAAH,36,6.54,0.68,0.4355,0.3314,0.9664,0.6,0.6844,254
GEN_7914,ILYCDPSKYTHPCIKLLKVRFKLSALADNYEAGKKNNS,38,3.82,0.6838,0.4807,0.3,1.0,0.6,0.6842,255
GEN_5396,KHTKFGKCKLALRTCRGKNATNFANWCGKVHVFAAV,36,7.9,0.7174,0.4617,0.4108,1.0,0.6,0.684,256
GEN_3396,TRYRKKPHNHASLSTLACVNLTILNGCVKAKVFAAP,36,5.55,0.7369,0.4237,0.3519,0.765,0.7,0.684,257
GEN_5946,KHTKWGCCKLALKTLRGAHATNFAYWCEKVKVFANS,36,5.9,0.7122,0.5216,0.3,1.0,0.6,0.6839,258
GEN_5296,THCAKKPKAHASLSYLAAVLLTYWNAVVHAKVQAAK,36,4.64,0.7183,0.4558,0.4491,0.9568,0.7,0.6836,259
GEN_8568,GKCPLSCGGLKFSDDKIRGRSRNVIGAI,28,3.74,0.6587,0.424,0.09,0.483,1.0,0.6835,260
GEN_6382,KHTKFGKCKLALRTCRGKNATNFANYCGKVHVFAAV,36,7.9,0.7079,0.451,0.4107,1.0,0.6,0.6834,261
GEN_2987,THLAMKVKAHACLSFLAHLLFIYNNGCFKAKVFAAH,36,3.72,0.7403,0.4464,0.4815,0.9208,0.7,0.6834,262
GEN_7122,KHTKFECCKLALKTLYGANASNFLNGCGKVKVFVAV,36,4.81,0.6983,0.4924,0.3194,1.0,0.6,0.6834,263
GEN_4732,TRYRDKAHEHACLSTDAALCLTILNGCVKAKVFFAH,36,1.63,0.724,0.4189,0.3453,0.8426,0.6,0.6833,264
GEN_7578,KHTKFECCKLALRTDKGANASNFANYWGKANVFAAL,36,3.83,0.6906,0.4967,0.3194,0.9568,0.7,0.6831,265
GEN_8545,LKSLCVGCHLLNGGSPGYEFHMFGCKGIAGKGVTC,35,1.89,0.6601,0.3739,0.3074,0.9113,0.55,0.6831,266
GEN_4514,THCVKKAEAKHCLHYLGCYLLTYLNGCEKAKTKLIP,36,3.62,0.7264,0.3769,0.3,0.7869,0.5,0.683,267
GEN_5862,LHTKFQCCKLLLRTLHGANNSDFGSWIGKAKVKAAV,36,4.91,0.713,0.5548,0.3194,1.0,0.7,0.6829,268
GEN_7052,AWIKTALLACAIKIPNWRKDLAPTLVGP,28,2.78,0.6993,0.5104,0.3733,0.8081,1.0,0.6824,269
GEN_8508,IWTALGSGVEVRRCWGGNATLI,22,0.75,0.6626,0.4342,0.1509,0.5431,1.0,0.6822,270
GEN_8470,ACVGRKALGWCSTEADGL,18,-0.22,0.6643,0.425,0.1555,0.5276,1.0,0.6821,271
GEN_8542,QVSCKGGCCHRYIKEYLANASNFLSWCGKAK,31,3.8,0.6603,0.4627,0.18,0.7905,0.75,0.682,272
GEN_2643,THCAKKPLAHHFLSYLACVLLTYLNGCVKAKVFAIG,36,3.62,0.7428,0.4791,0.4167,0.9616,0.6,0.682,273
GEN_8567,KVLGPIAMKSSDLCIAFA,18,0.75,0.6587,0.4783,0.3338,0.8072,1.0,0.682,274
GEN_7624,AWIKSACCPLALKTLRGANRTNFANWCG,28,3.76,0.6899,0.6053,0.165,0.8434,0.9,0.6819,275
GEN_8244,LRLNHKLRGCAKGLNTTAVNAEFWCWC,27,2.82,0.6739,0.5182,0.0686,0.6393,0.9,0.6819,276
GEN_8019,GVDTIASRVPCLKKEAFLKCLIAIDM,26,0.74,0.6807,0.5208,0.2796,0.7718,1.0,0.6819,277
GEN_7869,KHTKFECCKLALRTLRGANASNFASVFFKHH,31,5.0,0.6848,0.5854,0.18,0.8008,0.95,0.6814,278
GEN_7405,RKAAVTAATASRFKACTYKILHSRGSIYY,29,5.83,0.6939,0.4272,0.12,0.4217,1.0,0.6813,279
GEN_5242,KHTKWQCCKAALRHLRGAILTFTLYLIYG,29,4.91,0.7189,0.6009,0.1361,0.6688,1.0,0.6813,280
GEN_7600,CSHVCKQCKLALRTLRGANASNFDSYCGK,29,3.8,0.6902,0.5203,0.12,0.7188,0.8,0.6813,281
GEN_3068,TNCAKKPKAHMCLSYLLCLALIINNGCLKAKVFAAR,36,5.44,0.7396,0.405,0.4167,0.9068,0.5,0.6811,282
GEN_7744,LKKKRFGDFYVLLFILTFKKAKY,23,5.75,0.6876,0.4983,0.0913,0.5231,1.0,0.6809,283
GEN_4549,TRYRKKPHNHVCLSTLACLLLIILNGQGKTGTKLAL,36,5.55,0.726,0.4272,0.3,0.7242,0.7,0.6809,284
GEN_7748,TRYRLKPHNHASLSTLACWCLTSLNGCVKVKVFAYK,36,5.54,0.6876,0.3755,0.3,0.7925,0.6,0.6807,285
GEN_8345,RNDARGIGILCTCKSCIGIKGAPAWKEK,28,3.73,0.6699,0.4459,0.09,0.5407,0.9,0.6806,286
GEN_7707,VVSKKGPCLKRYIKGAVLLYCLLSHCSKKVI,31,6.78,0.6884,0.5484,0.2483,0.8585,0.85,0.6804,287
GEN_8147,FGWCGRLKLCCILRIARKK,19,5.73,0.6769,0.5664,0.0246,0.6587,0.9,0.6804,288
GEN_7503,KHTKFDCCKLALMTLRGANASNTANWCGKVKVFAAV,36,4.81,0.6919,0.4769,0.3519,1.0,0.6,0.6802,289
GEN_8615,IWTALGSGVEVRRCWGGNLTLI,22,0.75,0.6559,0.4327,0.1509,0.5431,1.0,0.6802,290
GEN_3864,SRYHKKPRGHVCLSNLASLLLTPVNGCLKAKVTAAG,36,5.61,0.7332,0.4355,0.3194,0.7345,0.7,0.68,291
GEN_6793,IGLYLCLCGAVYTIELCVCTAKRKGAT,27,1.72,0.7027,0.4391,0.0883,0.5122,0.8,0.6798,292
GEN_7278,KHTKCECCKGAIRTLHGAAASNFRNYTGKANVFAAS,36,4.9,0.696,0.5002,0.3,0.9743,0.6,0.6797,293
GEN_8520,SAFMSVDTGWLLKGAARSKCQRLFIKGKFHAL,32,4.53,0.6619,0.485,0.2902,0.8182,0.9,0.6796,294
GEN_7560,WWIKTALAACAIKIPNWRKDLAPTLVGP,28,2.75,0.6909,0.5104,0.3733,0.8081,1.0,0.6794,295
GEN_7627,KAAWAPIIVSRAELLAYYKLLDRGFA,26,1.76,0.6899,0.5891,0.2981,0.8662,1.0,0.6794,296
GEN_6948,KKTKFHCCKLALRTLHGANATNFHNWCGEVKTKLPK,36,6.99,0.7008,0.4688,0.3576,0.9635,0.6,0.679,297
GEN_7105,ILYCDPSKYTHPCIKLLKVRFKLSALADNFEALKKNNS,38,3.82,0.6985,0.507,0.3246,1.0,0.6,0.679,298
GEN_8414,RVIHKVNLKKLSCLRILCGANC,22,4.81,0.6671,0.3957,0.0106,0.3718,0.9,0.6787,299
GEN_7853,KAAWVPIGVSRAELLAYYKLLDRGFA,26,1.76,0.6853,0.5699,0.2532,0.794,1.0,0.6785,300
GEN_7866,AWIKTALLCCVIKIPQWIKDLAGTLVGP,28,1.77,0.6849,0.6377,0.3475,1.0,1.0,0.6782,301
GEN_7130,AWTKFECCKLALRTLRGANASNFASWCG,28,2.77,0.6982,0.6062,0.1233,0.7592,0.9,0.6782,302
GEN_7276,SAFMRVKLRGGDPKKIKRILTFTLYLIYG,29,5.46,0.696,0.5722,0.1763,0.6943,1.0,0.6782,303
GEN_8242,LNCKCSGYPGCKLYVKKIKQSRLRAR,26,7.72,0.6739,0.4135,0.1305,0.5013,0.9,0.6781,304
GEN_5911,RLTKFGCCKLALRTLLGADATNFANWCGKVKVKLPK,36,6.73,0.7125,0.4895,0.3942,1.0,0.6,0.6779,305
GEN_6279,KHTKFQCCKAALRHLRGAILTFTLYVIYG,29,4.91,0.7089,0.6009,0.1361,0.6688,1.0,0.6778,306
GEN_5825,AYGAYSCALARLALCCGLAAANPANYCDK,29,0.75,0.7133,0.4423,0.3038,0.695,0.8,0.6778,307
GEN_2854,THCAKKPKAHATLSYQACLLLIINNGALHAKCFAAR,36,4.63,0.7411,0.4141,0.3843,0.7964,0.6,0.6777,308
GEN_7774,CRCQKKPNKHASFSNLAHLLLIILRGQGDTYTKSHL,36,5.0,0.6869,0.4644,0.3,0.8555,0.7,0.6776,309
GEN_8314,SCAHWYLTTSVVRPLAGLCYLGP,23,0.53,0.6711,0.5095,0.1945,0.6604,1.0,0.6774,310
GEN_8256,FSAIHLLIWTSPRLLGRDVWAKKCV,25,2.84,0.6737,0.6171,0.1867,0.8243,1.0,0.6772,311
GEN_6711,HHTKFDYKSLALRTLRGGNASNFASWCGKVKVFVAV,36,4.92,0.7039,0.5019,0.3194,0.8948,0.7,0.6772,312
GEN_8617,WKKGANVAMGKWCGCAPSCTVV,22,2.73,0.6557,0.393,0.0636,0.4361,0.9,0.6771,313
GEN_7330,THCAKKPKYHGCLSWVACCLLTLVNGNLKGKYFAAH,36,4.61,0.6952,0.3906,0.3,0.8406,0.5,0.6768,314
GEN_5633,RLTKFGCCKLALMTLLGADATNFANWCGKLKVKLPK,36,5.73,0.715,0.5034,0.3843,1.0,0.6,0.6768,315
GEN_8449,WVLYQGIGKRCARGLPLAIN,20,2.75,0.6654,0.6165,0.1167,0.7694,1.0,0.6767,316
GEN_5521,THCAKKPKAHATLSIQACLLLINNNGALHAQCFAAR,36,3.63,0.7161,0.399,0.3843,0.8225,0.6,0.6766,317
GEN_6550,HHTKFDKASLALRTLRGDNASNFASWCGKVKVFVAV,36,3.92,0.7059,0.5141,0.3519,0.9376,0.7,0.6764,318
GEN_5401,HRCAKKPKAHCELSTLGCLLLIINNGKGRTFTKLPK,36,6.9,0.7174,0.467,0.3526,0.8982,0.6,0.6762,319
GEN_8034,SRDWAVGVVVCAILKLRGSACFGGL,25,1.44,0.6801,0.4726,0.1792,0.5546,1.0,0.6762,320
GEN_3504,THCAKKPLGKVCLHHLAFVLLTYLNGCVKAKAFAAK,36,5.62,0.7361,0.5076,0.4167,0.9851,0.6,0.676,321
GEN_7009,AWTKFECCKLALRTLRGANASNDASWCG,28,1.77,0.6999,0.5883,0.1062,0.6921,0.9,0.6758,322
GEN_5597,RRCKWDCDKRALSHLLGALLHFSLFLIYG,29,2.91,0.7154,0.5305,0.1763,0.5634,1.0,0.6758,323
GEN_4441,TRYRKTPHNHAALFTLAALCLTIFNGCVKAKVFILH,36,4.64,0.7273,0.4645,0.4167,0.8652,0.7,0.6757,324
GEN_8434,GCKKRFGDFYVLLFHLTFKKAKTGHFDWVVKA,32,4.92,0.6661,0.4779,0.2537,0.7341,0.9,0.6757,325
GEN_8069,KWDICCQRRKTGNSGGAGKALKMPLGVKPLAI,32,5.74,0.6792,0.4058,0.2173,0.5439,0.9,0.6753,326
GEN_7475,RLTKFGCCKLNLKMLLGADATNFANWQGQVKVFAAV,36,3.74,0.6923,0.4984,0.4167,1.0,0.7,0.6752,327
GEN_3970,TICAKKIAAQFHLYYLACVLLNYNNGCLKTFTNANP,36,2.45,0.7323,0.4344,0.3519,0.799,0.6,0.6748,328
GEN_3565,THCAKKPKAHATLSYQACLLLIINNGGLDAKCFAAR,36,3.54,0.7356,0.3948,0.3519,0.724,0.6,0.6746,329
GEN_4626,THCAKKFKAEATLSYLAILLLIINEGCPKAKIQLAR,36,3.47,0.7252,0.4437,0.4167,0.8264,0.7,0.6744,330
GEN_7571,TMGAKKPKSHACLSYIAALLLLCNSGCLKGDHFAAH,36,2.63,0.6907,0.3617,0.3519,0.7723,0.6,0.6744,331
GEN_5513,HRCAGKPKAHCELSTLACLLLIIQHGKGRTFTKLGK,36,5.99,0.7162,0.4788,0.3,0.8552,0.6,0.6743,332
GEN_7336,RKALWFKLRGGDPKKIKHILGFTLYSIYA,29,5.84,0.6951,0.4566,0.1763,0.4777,1.0,0.6743,333
GEN_4731,TRYHKKPKYHAVLSNLACAGLTGVNGCLKAKVNAAR,36,6.55,0.724,0.4089,0.3318,0.6841,0.7,0.674,334
GEN_4893,KRCKWQCDKAALSHLRAAYMTFSAFLIYG,29,3.82,0.7223,0.4784,0.1763,0.4483,1.0,0.674,335
GEN_7596,RLTKFGCCKPALRTKLGADATNFGNWCGRVKVFAAY,36,5.73,0.6903,0.5189,0.3194,1.0,0.6,0.674,336
GEN_7026,KHTKFWCCKAALRHLRGAISTFTLYLIYY,29,4.91,0.6997,0.5799,0.1361,0.6296,1.0,0.6739,337
GEN_7462,VVSKKGPCLKRYIKMYLANASNFASWCGKAK,31,6.71,0.6926,0.5294,0.2438,0.7013,0.95,0.6737,338
GEN_7604,THCAAKPHAHVCLSYLLHVLLTYLNGCVSAKVFAVG,36,1.71,0.6902,0.4497,0.4367,1.0,0.6,0.6736,339
GEN_3163,THCAKKPKAHACLSYLACLLLICNNGELKGKIFAAH,36,3.62,0.7388,0.362,0.3519,0.721,0.5,0.6734,340
GEN_4509,TREAKKPKAHAKLSNLHCLLLTILNGNVKAKVFALR,36,6.56,0.7265,0.4841,0.4169,0.8841,0.7,0.6733,341
GEN_7992,KRCSWNCDRAAVSHLRGALLTFSLFLIYG,29,2.83,0.6817,0.5282,0.1763,0.6211,1.0,0.6733,342
GEN_8236,WKKGANKGRAAAKTNLRIILVP,22,5.76,0.6743,0.57,0.1167,0.648,1.0,0.6732,343
GEN_2687,GHCAKKIAAKHCLHYLAIVILTYFDLKLKTNTLLIP,36,4.0,0.7425,0.451,0.4167,0.7884,0.7,0.6729,344
GEN_8599,AEKHSLVAMGKWCGCAPSCTVILKNTV,27,1.85,0.657,0.3722,0.1221,0.4282,0.9,0.6728,345
GEN_6232,KHTKFDKKSLALRTLRGANASNFASWCGKVKVFVAV,36,6.83,0.7094,0.5229,0.4004,0.9671,0.7,0.6726,346
GEN_7720,VAKVCKSGAAILNLRGRSKVLTVIWVFFK,29,5.72,0.6882,0.5584,0.297,0.7716,1.0,0.6725,347
GEN_8196,VLAWSLYGLCRPTGLW,16,0.72,0.6755,0.4968,0.279,0.68,1.0,0.6724,348
GEN_2991,TRYRKKPHNHASLSTLACVCLTILNGCVKVKTKLPK,36,7.54,0.7402,0.3964,0.3896,0.7376,0.6,0.6722,349
GEN_7705,IGWWLCLCGAVYTPYIAVCTAVRKGAT,27,1.73,0.6885,0.5362,0.2174,0.7174,0.9,0.6719,350
GEN_2511,THCFKKPKAHACLSYLALLLLICNNGCLKAKVFAAH,36,4.61,0.7439,0.4082,0.4167,0.8406,0.5,0.6719,351
GEN_2704,THCVWKPKAHAHLSYLACLYLIICNGCLKAKIFAAR,36,4.61,0.7422,0.3914,0.4167,0.8146,0.5,0.6716,352
GEN_7849,KHTKFHCSKLTLRTLRGANASNFASVCGKAKVFDAV,36,5.91,0.6853,0.5295,0.3,0.9276,0.7,0.6716,353
GEN_8328,KRYWKIKTLKKKITPLFFRCGWQGGILRGDL,31,7.74,0.6707,0.5259,0.2818,0.7704,0.95,0.6716,354
GEN_7305,SLACCLIIKAYYTLEIPVATAKRKGGT,27,2.44,0.6956,0.4099,0.1119,0.3141,1.0,0.6713,355
GEN_8675,AGKTAIMFPKGNARRFRNWKAG,22,5.79,0.6515,0.5363,0.0636,0.5793,1.0,0.6713,356
GEN_7386,LGLGLCLCGAVYTLEIAVCTAVRKGLT,27,0.73,0.6943,0.523,0.2439,0.7032,0.9,0.6712,357
GEN_8176,FVAWHLYIWTSPRLLGRDAWAKKCV,25,2.84,0.6759,0.6106,0.1867,0.7676,1.0,0.6711,358
GEN_7634,TRYRKTPHNHASLSTLACVCDTILNGCVKVKVFAAH,36,3.63,0.6898,0.4572,0.3,0.86,0.6,0.6711,359
GEN_8613,PKIGCLALAILWVIGCVTAGHPYRKKKNWGKM,32,6.02,0.6561,0.4958,0.3278,0.829,0.9,0.6709,360
GEN_1179,THCAKKPLAHHFLSYLACVLLTYFNLCVHAKVFAVK,36,3.71,0.7551,0.4899,0.4491,0.9094,0.6,0.6709,361
GEN_8303,KHTKWCCCHADLRKLRGAILTFTLYLCVR,29,4.89,0.6717,0.4937,0.12,0.6479,0.8,0.6709,362
GEN_7945,KPLCVPSALKGSKRCVLVVALNCGGKIGDCS,31,3.72,0.6828,0.5205,0.2026,0.7823,0.75,0.6708,363
GEN_7040,KHTKFDCCKIHNCIKLLKVRFKVSALVDAFEALKKA,36,5.9,0.6994,0.5249,0.3519,1.0,0.6,0.6708,364
GEN_8650,ELKSRWVIGVIAGDTLRLNFSV,22,0.84,0.6532,0.4746,0.1981,0.6036,1.0,0.6708,365
GEN_4892,FRCWYKPKAHAELSTLACLLIIINNGKGKTFTRCNTI,37,4.82,0.7223,0.4223,0.3063,0.7628,0.55,0.6707,366
GEN_8370,IWWALGSGVEVRRCWGGNATLI,22,0.75,0.6687,0.4569,0.204,0.5431,1.0,0.6707,367
GEN_8636,FSAIHLYIWTSPRILGRDAWAKKCV,25,2.84,0.6546,0.587,0.14,0.728,1.0,0.6706,368
GEN_5028,RLTKFGCCKLALMTLLGADATNFANWCGKVKVFAAK,36,4.73,0.7209,0.5173,0.4167,1.0,0.6,0.6705,369
GEN_3015,TRYRKKPHNHANLSTLACVCLTILNGCVKVKTKLPK,36,7.54,0.74,0.4027,0.3896,0.7376,0.6,0.6705,370
GEN_8031,LKKKRYGDFWVLLFILTFNKAAA,23,3.76,0.6803,0.5288,0.1928,0.6232,1.0,0.6705,371
GEN_4994,FRCYYKPKAHAGLSTLGCLIMQRANGCLKAKVFFAR,36,6.81,0.7213,0.4656,0.3992,0.8949,0.6,0.6704,372
GEN_6399,KHWKFDCCKIKLRTLRGANVSNFASWCGKVKVFVAV,36,6.81,0.7077,0.5094,0.3993,1.0,0.6,0.6704,373
GEN_8576,TRCGKKHLAKHHLHSAAMVLLTYFHDCLHSKTSLIP,36,3.9,0.6583,0.4512,0.3,0.8511,0.7,0.6703,374
GEN_7887,RAAYFECCKLALRTLRGANASNFASW,26,2.74,0.6843,0.6227,0.1018,0.6781,1.0,0.6703,375
GEN_8158,VLAWSLYGLARPTALY,16,0.73,0.6765,0.5344,0.3513,0.7987,1.0,0.6703,376
GEN_3667,THCAKKPQKHLALSYLALVLLTYLNGCVKAKVFAIP,36,4.55,0.7347,0.5376,0.4491,0.9656,0.7,0.6702,377
GEN_3369,EHCAKKIKAKHCLHYLACVLYTYFNANLKHFTSVIP,36,4.15,0.7373,0.4339,0.3194,0.7227,0.6,0.6701,378
GEN_5647,KHTKFDKASLALRTLRGANASNFASWCGKVKVFVAV,36,5.83,0.7149,0.5503,0.3843,0.9671,0.7,0.6701,379
GEN_8378,RVIHKVNLKKLSCLRILCGAGC,22,4.81,0.6684,0.4226,0.0106,0.3555,0.9,0.67,380
GEN_8537,RDWPAWEQGCCVAWVAGLG,19,-1.26,0.6606,0.4602,0.3753,0.7336,1.0,0.6699,381
GEN_7939,SAFQRVSTTWLLKGAARSKCQRLHIKAKFHAL,32,6.62,0.683,0.4879,0.2899,0.7082,0.9,0.6698,382
GEN_4303,TRYRKKPHNHACLNTLAFLMLTILNGCVKAIVFKAH,36,5.63,0.7287,0.5005,0.3843,0.85,0.7,0.6698,383
GEN_7298,RKALWFKLRGGDPKKIKHILTFTLYSCGK,29,6.83,0.6957,0.4476,0.1685,0.4227,1.0,0.6697,384
GEN_4300,TWCAKKPEAHHFLSYLACALLTYFNFCVHAKVFAVK,36,2.63,0.7287,0.4683,0.4491,0.9273,0.6,0.6697,385
GEN_7513,KKTHFNCCKIALHTLRIANASNFASYCGKVKAFVAV,36,5.9,0.6917,0.5189,0.3519,1.0,0.6,0.6696,386
GEN_6626,KHTKFDKKSLALRTLRGANESNFASWCGKVKVFVAV,36,5.84,0.705,0.5371,0.3194,0.9002,0.7,0.6696,387
GEN_2724,THCARKPHAHLFLSYLACVLLTYLNGCVKAKVFAIP,36,3.63,0.742,0.493,0.4491,0.9356,0.6,0.6694,388
GEN_3355,THCAKKPLAKPCLSYLAHVLLTWFNASLKAKAFGVP,36,4.55,0.7373,0.5066,0.4815,0.9344,0.7,0.6694,389
GEN_4009,THGAMKPKAHASLSFLACILLIYNNGCLRAKVFAAH,36,3.64,0.7318,0.4121,0.4491,0.7576,0.7,0.6694,390
GEN_6047,KHTKWGCCKLALKTLRGAHATNFAYWCEKVKVFLPK,36,6.9,0.7112,0.5355,0.3719,1.0,0.6,0.6693,391
GEN_6558,KHTKFECCKLALRTLHGAAASNFRNYTGKANVFAAV,36,4.91,0.7058,0.5258,0.3194,0.878,0.7,0.6693,392
GEN_7700,HRCWWKPKAHFELTLRGANATNFANWCGKVKVFAAV,36,4.91,0.6886,0.5173,0.4167,1.0,0.7,0.6692,393
GEN_6375,KHTKFECDKLALRTLHGANASNFGNLWGKCNVFAAV,36,2.91,0.7081,0.4881,0.3194,0.8077,0.7,0.6691,394
GEN_2393,TRCAHKTKAHACLSYLASLLLTCNNGCVKAKVFAPR,36,5.53,0.7448,0.4024,0.3194,0.7129,0.5,0.6691,395
GEN_6836,KRCWKKPKARACLSTLAANASNWVSWCGK,29,6.73,0.7023,0.469,0.1784,0.5147,0.9,0.669,396
GEN_8306,ACCFHKGRFVGQGGGRTRKGEICIALCKK,29,5.84,0.6716,0.4367,0.12,0.5407,0.8,0.669,397
GEN_8509,IADGTTPQARRDCAKLGVRGAFGSKAIGDRIV,32,2.75,0.6625,0.5663,0.2173,0.8084,0.9,0.669,398
GEN_8581,FTGKYPPKAYGVKKGRCWHPLHYNLA,26,4.92,0.658,0.4551,0.03,0.4799,0.85,0.669,399
GEN_5497,RLTKFGCCKLALRTLLGADATNFANWCGKVKVFAAV,36,4.73,0.7164,0.5173,0.4167,1.0,0.6,0.6689,400
GEN_6917,KHTKFGCCKLALRTQRGLNATNWANWCSQVKVFAAV,36,5.81,0.7013,0.5545,0.3194,1.0,0.6,0.6689,401
GEN_7592,RKALWFKLRGGDPKKIKHILHFTLYSIYA,29,5.93,0.6904,0.4991,0.1763,0.5224,1.0,0.6688,402
GEN_6203,KHTKWGCCKLALKTLRGAHATNFAYWCEKVKVFAAV,36,5.9,0.7097,0.5494,0.3519,1.0,0.6,0.6683,403
GEN_5432,THSAKKPKAHATLSTTACLLLSILNGKGKTFTKLPK,36,6.56,0.7171,0.4367,0.3324,0.7082,0.7,0.6682,404
GEN_3672,TRYHKKPKYHAGLSNLAALLLTPVNGCLKAKVNAAR,36,6.56,0.7346,0.4493,0.3843,0.7403,0.7,0.6682,405
GEN_2787,TICFKKPKAHACLSYLAALLLICNNPCVKAKVFAAH,36,4.53,0.7416,0.416,0.4815,0.8982,0.5,0.6681,406
GEN_2490,THCAKKLAGKHCLHFLACVLLTYFINQLKTGVSAIP,36,3.63,0.7441,0.5041,0.3843,0.8753,0.6,0.6681,407
GEN_5332,KRTKWQMCKVALNHLRGALLTFTLWLIYG,29,4.83,0.718,0.5604,0.2166,0.5937,1.0,0.6678,408
GEN_6985,LHTKFQCCKLALRTLHGANASDFGSWIGKAKVFAAV,36,3.91,0.7003,0.5586,0.3843,1.0,0.7,0.6678,409
GEN_8199,LDNAWLKLKLARLRWWKKLV,20,4.76,0.6754,0.4892,0.2333,0.5911,1.0,0.6678,410
GEN_1779,THCAAKPKAHAALSYLACLLLTCNNGCVKAKIFAPR,36,4.53,0.7496,0.4032,0.4167,0.7918,0.5,0.6678,411
GEN_7542,CRYRKKPHNHASLSTLACVCLTIDNEWVKVKTKLPK,36,5.9,0.6912,0.4414,0.3,0.8078,0.6,0.6677,412
GEN_5650,TRYRKKPKYHACLSNLAELLLTPLRGQGKTYTKLHL,36,6.56,0.7149,0.4784,0.3325,0.7783,0.7,0.6675,413
GEN_7389,SAFMRVSTGWLLKGAARSKVLWVIWVFFKHH,31,4.63,0.6942,0.531,0.3908,0.8375,0.9,0.6672,414
GEN_7002,KRAFCLIIKARYNLEIPVCTAKRKGAT,27,5.74,0.7001,0.4394,0.1119,0.3255,1.0,0.6672,415
GEN_8098,KWDICCQKPGLWLASVGCHRKACTC,25,2.8,0.6782,0.324,0.0,0.272,0.7,0.6672,416
GEN_2711,THCAKKAQAKHSLHFLALVLLTYFNACLHAKEFAAD,36,1.73,0.7422,0.4243,0.4356,0.7245,0.7,0.667,417
GEN_5575,KHTKWQCCKAALRPLRGAILTFTLYLIYG,29,4.82,0.7156,0.6295,0.1763,0.6688,1.0,0.667,418
GEN_6978,SAFMRVCTGWRYIKGYLGAWRLGAYVLSSRS,31,4.45,0.7004,0.5509,0.2026,0.6315,0.95,0.6667,419
GEN_6928,VAHVCKCCKLASLARILSTTFHVAGPLIA,29,2.88,0.7011,0.5866,0.297,0.8163,0.9,0.6666,420
GEN_7363,SHTKMGCCKLALRTLRGANGTNFENWCGKVKVWAAV,36,4.52,0.6947,0.5663,0.3,1.0,0.6,0.6666,421
GEN_4830,THCESKPKAHAYLSYLGCLLLTWVNGCVKAKVFPAV,36,2.54,0.7229,0.4747,0.3843,0.8661,0.6,0.6666,422
GEN_2829,THSAKKAAAKHRLHQLASVLLTYFINCLHAKAFAIY,36,4.73,0.7413,0.4953,0.4167,0.8216,0.7,0.6664,423
GEN_6296,RLTKFGCCKLALMTLLGADATNFANWCGKVHVFAAK,36,3.81,0.7088,0.5173,0.4167,1.0,0.6,0.6663,424
GEN_8692,KKGRLVCPAKALAF,14,3.75,0.6503,0.4952,0.2,0.6158,1.0,0.6662,425
GEN_8198,GCPCIVLSARHKKRVLTKRYRA,22,6.82,0.6754,0.4841,0.048,0.3868,1.0,0.6662,426
GEN_4416,THCAKKPLYHATLSYCACVLLTYLNYNLKTFTSLIP,36,2.54,0.7276,0.4417,0.3194,0.732,0.6,0.6661,427
GEN_1873,THCAKKPLAKHELHYLACVALTYLNGCVKAKVFAVH,36,3.71,0.7489,0.4414,0.3843,0.7435,0.6,0.6657,428
GEN_6400,SNSAKKYKYHMCLSYLLCLALIINYGCLKAKVFAAR,36,5.51,0.7077,0.3912,0.3519,0.7234,0.6,0.6656,429
GEN_2611,THCAKKPLAKHCLHALASVLLTYLNGCVKAKVFGVP,36,4.62,0.7431,0.5018,0.4167,0.8888,0.6,0.6654,430
GEN_8445,KHEKFDCCKIKLRTLRGANVSNFASWCGKVHVFVAV,36,4.9,0.6655,0.4955,0.3194,0.9604,0.6,0.6652,431
GEN_5451,FRCWYKPKAAALMTLLGADVTNFANWCGKLKVKLPK,36,5.73,0.7168,0.5533,0.4491,1.0,0.7,0.6652,432
GEN_8677,THAQKKPLKHWCTSYVVCVLLTYLNGCVKAKVFAHP,36,4.62,0.6514,0.4802,0.3519,1.0,0.6,0.6652,433
GEN_1522,THCQAKPHAHLCLSYLACVLLTYLNGCVKAKVFAIP,36,2.62,0.7519,0.4791,0.4167,0.8949,0.5,0.6651,434
GEN_7005,KYTKFGSCKLAARTLRGAFATNFANWCGHVKVYAQV,36,5.82,0.7,0.5881,0.3194,0.9663,0.7,0.665,435
GEN_4504,THCEKKIAGHHCLAYLACVLLTYKIWCAKTYTLLAP,36,2.62,0.7265,0.3708,0.3519,0.7068,0.5,0.6648,436
GEN_6321,KHCWKKWKAHASLSTLACLTCIILNGKGKSETLKKD,36,5.9,0.7086,0.3788,0.3,0.6426,0.6,0.6647,437
GEN_8016,SLAFCLIIKARNNLENPVCTAKRKGAT,27,3.44,0.6808,0.5112,0.1119,0.4736,1.0,0.6647,438
GEN_2620,THCAKKIAEKHHLHFLACVLLTYFNALLKNFTSLIP,36,2.72,0.743,0.5573,0.4167,0.9092,0.7,0.6646,439
GEN_0710,THCAKKAAGKNSLHYLACVLLTYYIATLKTKSSAIF,36,4.54,0.7599,0.4234,0.3194,0.5488,0.7,0.6645,440
GEN_8048,TRYRKKPHNHGCGSNVDCLLLTPVNGCVKAKVPAAP,36,4.54,0.6799,0.4216,0.3,0.779,0.6,0.6644,441
GEN_5571,TPCWKKPHAHASLSYLAHHLLIIINGCRKAMVFAAR,36,4.72,0.7156,0.5311,0.4491,0.9598,0.7,0.6643,442
GEN_7798,VAHVPKCCKLAVRTLRGANASRFVSWCGK,29,5.79,0.6865,0.6466,0.1763,0.8132,0.9,0.6642,443
GEN_6039,KHTRFMKKTLALRTVKGANASNFASWCGKVKVFVAV,36,7.83,0.7113,0.5251,0.4911,1.0,0.7,0.664,444
GEN_6297,FRCWYKPKAHAELSTLAYLLLIINNGKGKTFTQLPRP,37,4.83,0.7088,0.4963,0.3694,0.8685,0.65,0.6639,445
GEN_6530,RKALWFKLRGGDPKKIKHILTFTLYSIYA,29,5.84,0.7062,0.4821,0.1763,0.4245,1.0,0.6639,446
GEN_2694,THCAKNPLAKRCLHYLAYVLLTYNGASLKTYTKLIP,36,4.54,0.7424,0.5144,0.3194,0.7359,0.7,0.6637,447
GEN_7831,VVSKKGPCLKRYIKGYLGAWRLGAYVLSSRS,31,6.72,0.6856,0.5348,0.2218,0.6379,0.95,0.6637,448
GEN_8549,LDCLWFKLRGGDPKKIKHIL,20,2.84,0.66,0.4302,0.0583,0.3266,1.0,0.6637,449
GEN_8595,KILKWAGWKRNKLPLYSL,18,4.76,0.6572,0.3962,0.1167,0.3335,1.0,0.6635,450
GEN_3639,TRYRKKPHNHASLSTLACVCIIILNETLKAIVFAAV,36,3.55,0.7349,0.4694,0.4167,0.773,0.7,0.6633,451
GEN_7681,KHTKFECCKLAPNTLFGANASNFASWCGKIKVFAAV,36,3.82,0.6889,0.4869,0.3843,0.9438,0.6,0.6633,452
GEN_7835,GHNAGCGLWGKGWRCRCAGGKMANVCLA,28,3.81,0.6856,0.4319,0.09,0.4313,0.8,0.6632,453
GEN_2030,THCAKKPLAHAALSYLACVLLTYRSGCVKAKVFATP,36,4.54,0.7476,0.452,0.4167,0.7795,0.6,0.6631,454
GEN_4243,TRCGKKPKAHDCLCTLALLLLIILNETLKSDTWLPK,36,2.46,0.7294,0.4428,0.3519,0.7408,0.6,0.6629,455
GEN_4684,THGAMKPKAHASLSFMACILLIYNNGCLRAKVFAAH,36,3.64,0.7246,0.4023,0.4491,0.7147,0.7,0.6629,456
GEN_8686,IGLWDNVCGAVYTLEIPVCTAKRKGAT,27,0.74,0.6506,0.437,0.2,0.4953,1.0,0.6628,457
GEN_6828,THCVAKPHAHAHASYLACVLLTCLHGCVKAKNFAAK,36,3.79,0.7023,0.4545,0.3843,0.9209,0.5,0.6627,458
GEN_8221,LKSLCVGCHLLNGGSCGYEFHMFASWCGKAKVFAA,35,1.89,0.6748,0.4261,0.3408,0.8608,0.55,0.6627,459
GEN_3429,THCAKKPLAKHSLKYLACVLLTYFNASLKTFTKLID,36,4.55,0.7366,0.5436,0.3519,0.8239,0.7,0.6627,460
GEN_8395,LHTKFQCCKLAERTLHGANASDFGSWIGKLKVFAAV,36,2.91,0.6678,0.553,0.3519,1.0,0.7,0.6627,461
GEN_5635,TRYRPKGHGHAMLSTLACLCLTILNGCVKAKVFAAH,36,4.63,0.715,0.4328,0.3519,0.7561,0.6,0.6627,462
GEN_3481,THCAKKPKAMATLSYLAILLLIINNGCPKAKIFAAR,36,5.46,0.7362,0.4571,0.4815,0.8097,0.7,0.6626,463
GEN_4059,TRNHKKPKSHAALSTLACVLATYFNLCVHAKVFAAK,36,5.63,0.7312,0.4487,0.3843,0.7089,0.7,0.6624,464
GEN_6986,RLTKFGCCKLAARTDRGANATNFANWCGKVKVFAVF,36,5.73,0.7003,0.5598,0.3519,1.0,0.6,0.6624,465
GEN_2476,THCAKKPKAHANLSYLVCVLLHYWNACNHAKVFAAK,36,4.71,0.7441,0.4082,0.3843,0.6778,0.6,0.6624,466
GEN_6691,KHTKFDCCKLALRNLHGARASNFANYCEKANVFAAV,36,3.9,0.7042,0.5245,0.3194,0.8992,0.6,0.6623,467
GEN_7004,KHTKFDRKSLALRFLRGANASNWASWCGKVKVYVAV,36,6.83,0.7,0.5706,0.4004,1.0,0.7,0.6623,468
GEN_2681,IHCAAKPHAHAKLSYLACVLLNYLNGCVHAKVFAIP,36,3.07,0.7425,0.4899,0.4815,0.9122,0.6,0.662,469
GEN_1514,THCAKKPLAKHCLRYLALVLLTYFDLKLKTNTLLIP,36,4.55,0.7519,0.5953,0.4167,0.9343,0.7,0.662,470
GEN_8347,SCASWYSDCSVVRPLAGLCYLGP,23,-0.57,0.6697,0.4768,0.2205,0.5986,0.9,0.6619,471
GEN_4304,FRCWYKPKAHAKLSTLMCLELIIFNGCTKTSTKLAV,36,4.81,0.7287,0.4718,0.3519,0.783,0.6,0.6618,472
GEN_7051,SAPMKVCTGWLLKGAARSKVLIVIWVFFKHH,31,4.62,0.6993,0.5324,0.3908,0.7581,0.95,0.6618,473
GEN_2113,THCAKKPLAKTSLSYLACVLLTYFNERLHAKAFAVP,36,3.55,0.7469,0.4555,0.4167,0.7114,0.7,0.6618,474
GEN_5163,KHTKFECCKLALRTLHGANASNFANYCGKANVFAAV,36,3.9,0.7197,0.5258,0.3194,0.8618,0.6,0.6618,475
GEN_7039,LHTKWPSRYTHPCIKLLKVRFKVSALADIFDALKKN,36,5.92,0.6994,0.5816,0.3843,1.0,0.7,0.6617,476
GEN_1116,THCAARPHAHVCLSYLACVLLTYLNGCVKAKVKAAH,36,3.7,0.7558,0.4652,0.3843,0.8051,0.5,0.6614,477
GEN_7528,SLACCLIIKARYTLAIPVCTAKRKGAT,27,4.43,0.6914,0.4301,0.1551,0.4015,0.9,0.6614,478
GEN_3778,LMCAVKGAAKHSLHSILCGLLTYLIACLKWYTTNFG,36,2.9,0.7339,0.4867,0.3843,0.8244,0.6,0.6612,479
GEN_3185,TVCAKKFLAHAFLSYLSAVLLTYLNGCVKNKYVAVP,36,3.46,0.7385,0.5079,0.4491,0.8472,0.7,0.6612,480
GEN_2272,THCAKKPLAKWCLHALASVLLTYLNGCVKAKVFAIP,36,4.54,0.7456,0.5299,0.4815,0.9656,0.6,0.6611,481
GEN_5525,CRCAKKPTHHADFSNLACQLLIILRGQGKTYTKLHL,36,4.99,0.716,0.5091,0.3,0.8181,0.6,0.661,482
GEN_6767,KHTKFGCCKLALPTLRGANATNFANWCGRVKVFALV,36,5.81,0.703,0.55,0.3843,1.0,0.6,0.6609,483
GEN_3047,TWCFKKAKAHACLSYLACVLLICNNCCLKGKLFAAH,36,4.51,0.7398,0.3759,0.3843,0.757,0.4,0.6609,484
GEN_6999,RKALWFKLRGGDPKKIKRILTFTLYLIYG,29,6.75,0.7002,0.5722,0.2203,0.6121,1.0,0.6608,485
GEN_8375,RKIAVGLFLLPFLIPKFM,18,2.76,0.6686,0.5344,0.35,0.7524,1.0,0.6608,486
GEN_7161,AYGAMSCALARYTLEIPVCTAKRKGAT,27,2.77,0.6976,0.4402,0.1119,0.2899,1.0,0.6608,487
GEN_3750,CRCATKFDKHASFSNLASLLLIILRAQGKTYTKLHL,36,4.91,0.7341,0.5652,0.3194,0.8198,0.7,0.6607,488
GEN_7855,FVAWHLLIWTSPRLLGRDAWAKKCV,25,2.84,0.6851,0.6371,0.2333,0.7676,1.0,0.6607,489
GEN_0871,THCAKKAQAKHSLHYLALVLLTYFNASLKTFTIAIF,36,3.64,0.7582,0.4763,0.4167,0.7125,0.7,0.6607,490
GEN_7314,KHTKWPSRYTHPCIKLLKVRFKVSALADIFDALKKN,36,6.92,0.6954,0.5677,0.4054,1.0,0.7,0.6606,491
GEN_6979,ILLCWPSKKLALRTLRGANASNFVKWCGK,29,5.74,0.7004,0.6093,0.2166,0.6687,1.0,0.6606,492
GEN_3250,TRCAKKPKAHASLSTLACVCLTILNGCVKVKVFAAH,36,5.53,0.7381,0.477,0.3843,0.8608,0.5,0.6606,493
GEN_2226,FTCAKKPLAKHCLHELAFVLLTYFNAKIKTFTHLAP,36,4.0,0.746,0.4854,0.4491,0.787,0.7,0.6604,494
GEN_0776,FHCAKKPLAKHSLHYLACVLLTYFNLHLKNFTSLIP,36,4.08,0.7592,0.4816,0.4167,0.7174,0.7,0.6604,495
GEN_6964,THCAAKPHAHACLSYMAADTLIINNGCGKTKTKLPK,36,3.63,0.7005,0.3862,0.3,0.6452,0.6,0.6604,496
GEN_6610,SLACCLIIKARYTLEIPVCTAKRKGAT,27,3.43,0.7052,0.4265,0.1119,0.3123,0.9,0.6603,497
GEN_8410,SCASWYVDCSVVRPLAGLCYLGP,23,-0.57,0.6673,0.4986,0.2712,0.6803,0.9,0.6603,498
GEN_8187,VVSKCGGCCKRYIKMYLANASNFLSWCGKVK,31,5.69,0.6757,0.5028,0.18,0.6762,0.75,0.6602,499
GEN_8312,IGLYLCLNGATYTIELCVCTAKRQGAS,27,0.73,0.6713,0.4205,0.1489,0.4184,0.9,0.6602,500
GEN_1970,THCAKKPLAKHSNHYLAAVLLTYFNAYLKTFTCLID,36,2.64,0.748,0.4786,0.3519,0.6718,0.7,0.6601,501
GEN_4897,THCAIKPHAHAALSFMAWIILIHNNGCIKTYIFLAH,36,1.81,0.7223,0.4579,0.4947,0.84,0.7,0.6601,502
GEN_5246,KHCWKKPKAHASLSTLACLQCIILNGKGKTETLKKN,36,6.9,0.7188,0.3438,0.3525,0.5818,0.6,0.66,503
GEN_4034,TRYRKKPHNHACLTKLACLELTTVNGCVKAKSFAAR,36,6.54,0.7314,0.3771,0.3315,0.5863,0.6,0.6599,504
GEN_3155,THCAKKPKAHACLSYLYCLLLIINNGCVKYKVWPAK,36,5.52,0.7389,0.4031,0.3519,0.6988,0.5,0.6599,505
GEN_7899,THCAKKPLWKHCLHYLGCSLLTYFNASLKTWTSVKP,36,4.62,0.6841,0.4418,0.3,0.773,0.6,0.6599,506
GEN_8681,LNIKCSGYPGCKLYVKKIKQSHLRAR,26,6.82,0.6513,0.4716,0.0779,0.4097,1.0,0.6598,507
GEN_2341,THCAKKPKAHASLSYLACLLLIILNQTYKTSTFLPK,36,4.55,0.7452,0.4118,0.3519,0.5643,0.7,0.6597,508
GEN_1846,THCAKKIAAKHSLHYLACVLITYFNAHLKAKSFAIF,36,4.72,0.7491,0.4527,0.4167,0.688,0.7,0.6597,509
GEN_8245,RKIAVGLFLLPFLAAKFM,18,2.76,0.6739,0.5344,0.35,0.7324,1.0,0.6596,510
GEN_7028,THTGVKPKAHACLSNATCVLLTYLNGCVKAKVFAVP,36,3.54,0.6997,0.4652,0.3843,0.8575,0.6,0.6596,511
GEN_5226,SKCAKKPKAHWALSTLSCLLLIILEETYKAKVFRAH,36,4.61,0.719,0.4347,0.3843,0.6951,0.7,0.6596,512
GEN_7973,GCKKRFGDFYVLLFILTFKKAKTGKFDWVVKA,32,5.74,0.6822,0.4935,0.2902,0.6515,0.9,0.6596,513
GEN_5679,TRYRKKPHNHMCLSTLAAECLTILNGCVKAKVFLAH,36,4.63,0.7145,0.4316,0.3194,0.7015,0.6,0.6595,514
GEN_3017,THCAAKPLGNHCLSYLACVTLTYFNAVLHAKAFAAK,36,2.63,0.74,0.451,0.4167,0.7703,0.6,0.6593,515
GEN_7889,VAHHCKVCKLALRTLRGAFPSNFVSWCGK,29,4.88,0.6843,0.6741,0.1763,0.8316,0.9,0.6593,516
GEN_4250,KHCAAKPHDHASLSYLACVLLTYLNGCVRTWFKLPT,36,2.99,0.7292,0.5673,0.3519,0.9236,0.6,0.6592,517
GEN_8304,RVIHKVNLKKLSCLRILCGLGC,22,4.81,0.6716,0.4413,0.0106,0.3072,0.9,0.6592,518
GEN_3652,CRCAKKFDKHASFSNLASLLLIILRGQGKTYTKLHL,36,5.91,0.7348,0.6014,0.3,0.8493,0.7,0.6592,519
GEN_3696,FHCARKIAAKHSLHWLACVLLTYFIAQLKTYTTLIP,36,4.0,0.7345,0.4927,0.4491,0.8177,0.7,0.6592,520
GEN_7797,LKKKRFPDFYVLLFILTFKKAKY,23,5.75,0.6865,0.5148,0.142,0.4595,1.0,0.6592,521
GEN_3891,FRCWYKPKAHAKLSTLMCLLLTILNGCVKVKVFAAH,36,5.9,0.733,0.521,0.4491,0.9344,0.6,0.6591,522
GEN_5288,LHCAKKIAAKHSLHHLACVLLTYRIAELKTCTQLIP,36,4.08,0.7184,0.455,0.3843,0.7927,0.6,0.659,523
GEN_5614,SHTKMGCCKLALRTLRGANATNFANWCGKVKVWAAV,36,5.51,0.7152,0.5941,0.3519,1.0,0.6,0.659,524
GEN_2340,THCFKKPKAHACLSYLACLLLICQNGCLKGKIFAAH,36,4.6,0.7452,0.3804,0.3519,0.7063,0.4,0.6589,525
GEN_3001,THIAKKPKAHACLSYIAALLLLCNNGCLKGDHFAAH,36,2.71,0.7401,0.413,0.3843,0.6719,0.6,0.6589,526
GEN_3279,THCAKKPKYHGCLSYLACLLLTLVNGCLKGKIFAAH,36,4.61,0.7378,0.4525,0.3194,0.7442,0.5,0.6588,527
GEN_1947,THCAKKPLAHACLSYLACVLLTYLNGCLKGKIGAAH,36,3.61,0.7482,0.4518,0.3519,0.7505,0.5,0.6587,528
GEN_1160,THCAKKAEAKHCLHYLACYLLTYLNGCVKAKTKLIP,36,4.61,0.7552,0.4235,0.3,0.6343,0.5,0.6586,529
GEN_7229,TRCAHGTHASACLSYLASLLLTCNNGCVAANVFAPR,36,1.53,0.6966,0.385,0.3846,0.7917,0.5,0.6586,530
GEN_6698,ILLMRVCTGWRYIKGYLGAWRLGAYVLTSRS,31,4.75,0.7041,0.5671,0.2402,0.6315,0.95,0.6584,531
GEN_8294,KLGLVRPCKGSIWLSFHIRCNKSVEASKCCAW,32,4.81,0.6721,0.4096,0.2173,0.5871,0.7,0.6583,532
GEN_5804,THCAKKGLAKHCLNYQACVLLTYFNWCLHAKAFHAD,36,2.71,0.7135,0.4021,0.3194,0.7133,0.5,0.6583,533
GEN_4023,THCAKKPLAKHCLSYLAQVLLTYFNLCLKAKIFAAH,36,4.62,0.7315,0.5127,0.4167,0.8855,0.6,0.6582,534
GEN_8499,LDMAWLKLKLWEWACSRIKN,20,1.75,0.6629,0.5421,0.1924,0.6372,0.95,0.6582,535
GEN_5625,KHTKFECCKLALRTLHGANASNFANYCGKANVYALV,36,3.9,0.7151,0.512,0.3,0.8058,0.6,0.6582,536
GEN_4630,THCADKPKAHACLSYLADLLLIINNGCLKAKCFAAR,36,2.53,0.7251,0.4428,0.3843,0.8179,0.5,0.6581,537
GEN_3337,THCAAKLHAHACLSYLACVLLTYGNGCVKAKVFRIP,36,3.62,0.7375,0.4373,0.3843,0.7784,0.5,0.6579,538
GEN_7045,THCAKKPKYHACLSYLNCLLLICQNGCLKGKIFAAH,36,4.6,0.6993,0.3746,0.3,0.7444,0.4,0.6578,539
GEN_8540,AMTKPAKAWVWKWLIRTNACYI,22,3.78,0.6604,0.5266,0.2227,0.6443,0.95,0.6577,540
GEN_7577,SAFMRVCTGWLLKGAARSKCQRLFIKAKFHAL,32,6.52,0.6906,0.5077,0.3572,0.7082,0.9,0.6575,541
GEN_8106,LRLNKKLRGCAKPLNTTAVNAEFWCWC,27,3.73,0.678,0.5929,0.1119,0.6349,0.9,0.6575,542
GEN_8359,RVIHKVNLKHLSCLRILCGAGC,22,3.9,0.6693,0.4455,0.0106,0.3072,0.9,0.6574,543
GEN_5494,KRTKWQMLKVALNHLRGALLTFTLWLIYG,29,4.84,0.7164,0.598,0.2568,0.6303,1.0,0.6573,544
GEN_6772,AYGAMSCALARLAACCGLNASNFASWCGK,29,1.75,0.703,0.4556,0.2338,0.5346,0.8,0.6573,545
GEN_7906,NWIKTALLCAAAKIPNVVKDLAPTLIGP,28,1.75,0.6839,0.6589,0.391,0.9413,1.0,0.6572,546
GEN_4588,THCAKKAQIKHDLHQLALVLLTYFNAFLKTFTIIIP,36,2.65,0.7256,0.5409,0.4491,0.9046,0.7,0.6571,547
GEN_6289,KHTEFECCKLAARTLHGANASNFANYCGKANVFAAV,36,1.91,0.7088,0.5256,0.326,0.8618,0.6,0.6571,548
GEN_6835,KHTKFDKASLALRTLMADNASNFASWCIKVKVFVAV,36,3.83,0.7023,0.5427,0.4491,0.9617,0.7,0.657,549
GEN_5538,TRCAKGPNKHACFSTCANLLLIGANGQGKTFTKLAV,36,4.45,0.7159,0.4967,0.3,0.7709,0.6,0.657,550
GEN_4342,SHCATKPLAHACLSYLAQVLLTLNNGCIKTFIKLSK,36,3.6,0.7283,0.524,0.3519,0.8386,0.6,0.6569,551
GEN_4496,TRCAKKPNKKDCFNTLACLLLIWANGQGKTFTKLAV,36,5.36,0.7266,0.4896,0.3194,0.753,0.6,0.6569,552
GEN_3394,THCAAKYKAHACLSFLAGLLLIYNNLCLKAKIFAAH,36,3.62,0.737,0.4011,0.4491,0.7101,0.6,0.6568,553
GEN_5380,THCAKKGGAHACLSYIACVLLTYLNGCLKGKIFGAK,36,4.53,0.7177,0.424,0.3,0.7109,0.5,0.6568,554
GEN_5926,THYRKKIHNHASLSTLACVCQTILNGCVKVKVFAAH,36,4.71,0.7124,0.4556,0.3,0.7087,0.6,0.6567,555
GEN_6435,THCAKKPLAHGALSYLACVLLTYRSGCVKAKVFRAV,36,5.54,0.7073,0.4798,0.3843,0.845,0.6,0.6567,556
GEN_8583,SAFMRVCTGWLLKTFARSKCQA,22,3.44,0.6577,0.5065,0.0636,0.4176,1.0,0.6567,557
GEN_4812,TRCWKKPKAHAELSTLACLLLIINNGKGKTFTKLPR,36,6.46,0.7232,0.4896,0.3464,0.719,0.7,0.6566,558
GEN_4945,TECWYKPHAHAELSTLASLLLIIANGCLKLKVRTAV,36,1.55,0.7217,0.4366,0.4479,0.7357,0.7,0.6566,559
GEN_1311,THCAKKAQAKHSLHYLALVLLTYGNACLKTSTILIP,36,3.63,0.7539,0.4206,0.3519,0.538,0.7,0.6566,560
GEN_1741,THCAKKPLAKHCLHYLACVLVTYFNASLKTFTSDKP,36,3.62,0.75,0.4506,0.3194,0.6306,0.6,0.6565,561
GEN_8049,LHQKFQCCCLALRTLHGANASDFGSWIGKAKVFSAL,36,2.9,0.6798,0.5079,0.3519,0.9215,0.6,0.6564,562
GEN_3375,FHAAKKPLAKHCLHFLAFVLLTYFNAKIKTRTKLIP,36,7.0,0.7372,0.547,0.5401,0.9722,0.7,0.6561,563
GEN_3344,TRCAKKPKAHAFLSTLACLLLIILNGCVKFKVWASH,36,5.54,0.7374,0.501,0.4491,0.87,0.6,0.656,564
GEN_2835,THCAKKPLAHHCLSYLACVLLTYFNLRVHAKVFAVK,36,4.71,0.7413,0.4326,0.4167,0.7135,0.6,0.6558,565
GEN_2015,THCFKKPKAHACLSYLACLLLICNNGCLKGKIFAAH,36,4.6,0.7477,0.3804,0.3519,0.6801,0.4,0.6558,566
GEN_3489,THCAKRVLAKHCLTYLACGLLTYINGGLKTSTSLAD,36,2.54,0.7362,0.436,0.3,0.6141,0.6,0.6558,567
GEN_7023,KHTHFECCKLALRTLRGANASNFASWYGKEKVFAAK,36,4.91,0.6997,0.5863,0.3,0.8834,0.7,0.6558,568
GEN_8411,FVAWHLLIWTSPRLRQRDAWAKKCL,25,3.84,0.6672,0.4645,0.1867,0.441,1.0,0.6555,569
GEN_2235,THCIKKPLAKHSLHYLACVLLTYFNANLKTFTSFIP,36,3.63,0.746,0.4635,0.3843,0.6518,0.7,0.6554,570
GEN_1858,THCAKKPLAKHCLRYLAIVILTYFDLKLKTNTLLIP,36,4.55,0.749,0.5953,0.4167,0.8969,0.7,0.6554,571
GEN_3095,THCAKKPLAKTSLSYLATVLLTYLNACLHAKAFAAK,36,4.55,0.7394,0.4555,0.4167,0.6852,0.7,0.6552,572
GEN_8165,KHTKFECIKLANRTPRGANASNFTSWCGKAKVFAAV,36,5.83,0.6761,0.6142,0.3194,1.0,0.7,0.6552,573
GEN_3734,THCRKKATAKNCLHYLAGVLGTYFNPCLNRKVFALF,36,5.54,0.7342,0.474,0.3194,0.6973,0.6,0.6551,574
GEN_4210,THCAKGAKAHACLSYLACLLLICNNGCLKGKIFSAH,36,3.61,0.7298,0.3659,0.3194,0.6607,0.4,0.6551,575
GEN_5858,KHTKWECCKAALRHLRGALLTSSLFLIYG,29,3.91,0.713,0.5963,0.1361,0.5001,1.0,0.6551,576
GEN_2992,THCAKKPKAHAHLSNLACVLLTYFNACVHAKVFAAK,36,4.71,0.7402,0.4505,0.4167,0.7403,0.6,0.655,577
GEN_7326,KHTKWECCKAALRKLRGAILTFTLYLCVK,29,5.81,0.6953,0.577,0.1361,0.5749,0.9,0.6549,578
GEN_2891,THCAKKIAAHHSLHYLACVLITYFNAHLKAKTFAIF,36,3.81,0.7409,0.4527,0.4167,0.6746,0.7,0.6548,579
GEN_6937,VAHVCKCCKLALLSTLACLLLIIFNGCLK,29,2.77,0.7009,0.4829,0.297,0.6984,0.7,0.6548,580
GEN_3089,THCAQKPKAMATLLYLAILLLIINNGCPKAKIFAAR,36,4.46,0.7394,0.4739,0.5139,0.8097,0.7,0.6547,581
GEN_3298,THCAAKEKAHAALSYMACILLIYGNGCVKAKVFAAT,36,2.54,0.7377,0.406,0.4167,0.6699,0.6,0.6547,582
GEN_4471,THGLKKAATKHSLHYLVQVLLTYFNLCNKATVFALF,36,3.64,0.727,0.4897,0.3843,0.7353,0.7,0.6547,583
GEN_8190,FVAWHLLIWTSPRLLGRDAWVKKCV,25,2.84,0.6756,0.6371,0.2333,0.7493,1.0,0.6546,584
GEN_2618,THAAKKPLAKQCLSYLGCVLLTYFNYILHAKAYAVK,36,4.54,0.743,0.4727,0.3843,0.669,0.7,0.6546,585
GEN_7255,RLTKFGCCKNAARTARGANATNVANWCGKVKVWAAT,36,6.73,0.6963,0.5797,0.3618,1.0,0.6,0.6545,586
GEN_2917,THCAKKILAKHHLHYLASVLLTYLNPCMKAKPKAAD,36,4.72,0.7407,0.4686,0.3843,0.6672,0.7,0.6545,587
GEN_8046,GLQICQSCAVKKILLKIGKKKW,22,5.73,0.6799,0.57,0.0106,0.4033,1.0,0.6544,588
GEN_7016,AYGAMSCALARLALCCGLAHCCGGYSIYA,29,0.83,0.6998,0.4121,0.2582,0.5405,0.7,0.6543,589
GEN_1532,THCAKKIAAKHSLHYLACVLITYFNAHLKAKTFAIF,36,4.72,0.7518,0.4527,0.4167,0.6451,0.7,0.6542,590
GEN_2372,THCAKKIAAKHCLHHEASVLLTYFILCLKSFTSLAP,36,2.72,0.7449,0.4375,0.3843,0.6699,0.6,0.6542,591
GEN_3275,THCAKKIAAKHSFNYLAIVLLNYFNACLHAKAFAAD,36,2.64,0.7379,0.4755,0.4491,0.7475,0.7,0.6542,592
GEN_3945,THCAKKPLAKPSLSYLAHVLLTYFNACLKAKASLAD,36,3.55,0.7325,0.4787,0.4167,0.733,0.7,0.6541,593
GEN_3494,TRCAKKPKAHAKLSTLHCLLLTILNGCVKAKVFAPR,36,7.54,0.7361,0.514,0.4739,0.907,0.6,0.6541,594
GEN_2895,THCSKKPLAHACLSYLACVLLTYLNGNVKLKVFVVP,36,3.54,0.7409,0.432,0.4167,0.7015,0.6,0.654,595
GEN_8192,GLQICQSCAWKKILLKIGKKKW,22,5.73,0.6756,0.5558,0.0106,0.3869,1.0,0.654,596
GEN_6059,HRCWKKPKAHAELSTNACLLLKINNGKKKTFVFAAR,36,7.91,0.7111,0.4707,0.4309,0.7824,0.7,0.6539,597
GEN_2980,TRCAKKPHAHARLSTLACASLTCLNGCLKGKIDAAM,36,4.53,0.7403,0.5198,0.3194,0.8179,0.5,0.6539,598
GEN_8226,RKALWQKLRIGHPKKIKHILSFTLYSCGK,29,7.92,0.6746,0.4539,0.2319,0.4401,1.0,0.6539,599
GEN_3600,DRLVHKPKAHASKTTVNCLLLIILNAWLKAKVFHAH,36,5.1,0.7353,0.5043,0.4491,0.7999,0.7,0.6539,600
GEN_5208,SRCAKKPKAHAFLSTLHCLSLAILNGCNKAKVFASH,36,5.69,0.7193,0.4601,0.3519,0.733,0.6,0.6539,601
GEN_7803,KHNKFGCCKGAVRTARGANATNFANWCGKVKVFAAV,36,6.81,0.6865,0.5654,0.3668,1.0,0.6,0.6539,602
GEN_7909,SCASWYLDCSVVRPLAGLCYLGP,23,-0.57,0.6838,0.4986,0.2712,0.5986,0.9,0.6538,603
GEN_8507,LRVNKKLSGCAKGLNTTAVNAEFECWC,27,1.73,0.6627,0.5169,0.0787,0.4857,0.9,0.6538,604
GEN_8424,IVKFCLKYVKIAPARAKFEA,20,3.75,0.6666,0.6074,0.2333,0.7153,1.0,0.6538,605
GEN_6403,THHAKKPLAKHCLSYLACVKLTYYNGCLHATAFAAK,36,4.71,0.7076,0.44,0.3194,0.6933,0.6,0.6537,606
GEN_5464,THCAKKIAAKHCAHYAYCVLLTYFIWCLKTYTTLIP,36,3.61,0.7167,0.4166,0.3519,0.7309,0.5,0.6536,607
GEN_5315,TRCWKKGKAHACLSTLADLLLTILNGCVKAKVFRAH,36,5.54,0.7182,0.4854,0.3519,0.7752,0.6,0.6535,608
GEN_1862,THCAAKNHAHACLSYLACVLLTYANGCVKLKNFAAK,36,3.61,0.7489,0.4309,0.3519,0.6794,0.5,0.6535,609
GEN_7179,AYGAMSCALARVALCCGLAHCCGGYSIYA,29,0.83,0.6973,0.4121,0.2582,0.5405,0.7,0.6534,610
GEN_5230,KHTKFGCCKLALRTLRGANATNFANWCGKVKVFAAV,36,6.81,0.719,0.5941,0.3993,1.0,0.6,0.6532,611
GEN_4964,THDAKKAAAKNCLHYLACVLLTYFNSDTNRKVFAVF,36,2.55,0.7215,0.4721,0.3519,0.6765,0.7,0.6532,612
GEN_5357,SRVAKKKKAHAFLSTTACLLLIIINGCVKAKIFASH,36,6.61,0.7178,0.4445,0.4522,0.7395,0.7,0.6532,613
GEN_7697,KHTKFECCKLALRTLHGANASDFGSWIGKAKVFAAV,36,3.91,0.6886,0.5397,0.3519,0.8653,0.7,0.6531,614
GEN_5094,THCAAKPHGHACLTYLACVLLTYLNGCYKAKNFAAK,36,3.61,0.7204,0.424,0.3194,0.6992,0.5,0.6531,615
GEN_7711,GCKKRFGDFYVLLFILTFKKAKTGKFVWVVKA,32,6.74,0.6883,0.5092,0.37,0.6997,0.9,0.6531,616
GEN_2964,THCAAKPKAHAALSYMLLILLMLNNGCIKTGTKLPK,36,4.55,0.7404,0.5452,0.4167,0.8179,0.7,0.653,617
GEN_4820,TRYHKKPHLHACSTTLNAALLTILNGCVKAKKFAAI,36,5.63,0.723,0.4742,0.3519,0.6747,0.7,0.6529,618
GEN_5302,TRCAKKIKAHLCISTLASHYLIILNGNLKAMVFKAV,36,5.55,0.7183,0.571,0.4167,0.9108,0.7,0.6528,619
GEN_2138,THCAKKNLAKVCLHYLAFVLLTYNNGCVKAKIFAPR,36,5.54,0.7467,0.5039,0.3843,0.7657,0.6,0.6526,620
GEN_7038,SLDFCLIIKAAIKRPNWRKALAKIRHK,27,6.53,0.6995,0.5631,0.2294,0.5524,1.0,0.6525,621
GEN_2099,THCAKKPKAHACLSYLACLLLICNNGCLKGKIFAAH,36,4.6,0.747,0.362,0.3519,0.628,0.4,0.6524,622
GEN_3917,THCARKPKAHAHLSNLACVLLTYFNACVHAKVFAAK,36,4.71,0.7328,0.4505,0.4167,0.7403,0.6,0.6524,623
GEN_7792,THCFKKPHAHACLSYLKCLLLICNNGCLKGKWFIAH,36,4.69,0.6866,0.4205,0.3194,0.8327,0.4,0.6522,624
GEN_1352,THCAKKAEAKHCLRYLALVLLTYFDLCLKTNTLLIP,36,2.54,0.7535,0.5255,0.3843,0.7823,0.6,0.6521,625
GEN_6273,TRCAVKPKAGAFLSTLACALLIILNGCVKFKVVASH,36,4.45,0.709,0.4723,0.4815,0.8947,0.6,0.6521,626
GEN_2934,THCAKKIAAKHCLHYLAIVLLEYFIWCLKTTTSAKP,36,3.63,0.7406,0.4619,0.3843,0.7068,0.6,0.6521,627
GEN_6687,KHSKKGCCKLALRTLRGANACNFANWEGKEKVFHAV,36,5.9,0.7043,0.5524,0.3,0.8572,0.6,0.652,628
GEN_5876,RLTKFGCCKVALRTLRGANATNVANWCGKVKVWAAT,36,6.73,0.7128,0.5941,0.3942,1.0,0.6,0.6518,629
GEN_8604,IARFVHSTWNIGARHKPTGAVGLYALHRK,29,5.02,0.6567,0.5624,0.1763,0.5932,1.0,0.6518,630
GEN_6912,THCVWDPKAHAHLSYLACLYLVICNGCLKAKICAAR,36,2.61,0.7014,0.3775,0.3843,0.7884,0.4,0.6517,631
GEN_5290,KHTKFDCCKNALRTLRGANASNFCSWSGKVKVFVAV,36,5.81,0.7184,0.6215,0.3,0.9376,0.6,0.6517,632
GEN_6131,THCAAKPHAHACLNYLVCVLLTYLAGCVKAKVKAAH,36,3.7,0.7103,0.445,0.4167,0.846,0.5,0.6517,633
GEN_3616,THCAKKPKYHGCLSYLACLLLTLVNGCVKAKVFAAD,36,3.53,0.7351,0.467,0.3519,0.7588,0.5,0.6516,634
GEN_5159,THCAKKPKAHGCLSYIACLLLICNNGCLKGKIFAAP,36,4.52,0.7198,0.3829,0.3519,0.7202,0.4,0.6515,635
GEN_6218,THCAKKAAGKNCLHWLVCVLLTYFGNCLKATVWAEF,36,2.53,0.7096,0.496,0.3843,0.8987,0.5,0.6515,636
GEN_4730,VHTKMGCCKLALRTLRGANATNFANWCGKVKVFAAV,36,5.79,0.724,0.608,0.3843,0.985,0.6,0.6515,637
GEN_4063,TRCWKKPHAHASLSTLHCLLLTILNGCVKAKVFAPR,36,5.63,0.7311,0.5047,0.3843,0.7953,0.6,0.6514,638
GEN_6714,KHTKWPCHKLALKTLRGAHATNFAEWAVKVKVFLPK,36,7.01,0.7039,0.5746,0.4754,1.0,0.7,0.6514,639
GEN_3364,THLAMKPKAHACLSFLACLALIYNNGCLKTKVFKAH,36,4.62,0.7373,0.3898,0.4167,0.6212,0.6,0.6513,640
GEN_7685,KPLKKLCGPGLWLASVGCHRKACTC,25,4.8,0.6888,0.4706,0.0,0.3192,0.8,0.6513,641
GEN_6726,AYGAMSCALARNALCCGLAASNFANYCDK,29,0.75,0.7037,0.4944,0.2635,0.5878,0.8,0.6513,642
GEN_4683,TRYHKKPKAHAHLSNLACVLLTYFNACVHAKVFAAK,36,5.72,0.7246,0.4435,0.3843,0.6414,0.7,0.6513,643
GEN_7497,VHTKMGCCKLALRTLRGANATNFANWKGKTFTKIPK,36,7.8,0.692,0.5663,0.4047,0.9421,0.7,0.6512,644
GEN_7241,THCFKKPKAHACLSYRACLDLICNNGTLKVKVFAAH,36,4.62,0.6965,0.4683,0.3194,0.8157,0.5,0.6511,645
GEN_6158,TCCAFKPLAHHFLSYLKCVLLTYFNLCIHAKVFAVK,36,3.61,0.7101,0.5204,0.4491,1.0,0.5,0.6511,646
GEN_1826,THCAKKPLMKHSLHFLACVLLTYFNAGLKTFTKLVK,36,5.63,0.7493,0.5985,0.3843,0.8404,0.7,0.651,647
GEN_8348,GLKICLGLMLSADNANNTGVAKEPLPLREKLWCGI,35,0.74,0.6697,0.3793,0.4879,0.7311,0.75,0.651,648
GEN_1577,THCAKKPLAKTSLSYLAFVLLTYFNACLHAKAFAAK,36,4.55,0.7512,0.4694,0.4491,0.6852,0.7,0.651,649
GEN_5512,RLTKFGCCKLALRTLRGANATNFANWCGKVEVFAAV,36,4.73,0.7162,0.608,0.3843,1.0,0.6,0.651,650
GEN_6200,WHTKFRCDELALARLRGVNAINFVSWCGKAKVFAAV,36,3.83,0.7098,0.4981,0.4491,0.8293,0.7,0.6509,651
GEN_7101,LGLYLALCGAVWFIELCVCTAKRKGAT,27,1.73,0.6985,0.5202,0.2172,0.5272,0.9,0.6509,652
GEN_4341,THCAAKPHAHLALSYWVCILLILNNGYIKTFFQLPK,36,2.63,0.7283,0.5468,0.4491,0.8673,0.7,0.6509,653
GEN_1809,THCAKKPLAKHCLHYLACYLLTYLNGCVKAKTKLIP,36,5.61,0.7494,0.4506,0.3194,0.6605,0.5,0.6508,654
GEN_6317,KHTKFECCKLALKTLRGANASNFASWCGKAKVFAAV,36,5.81,0.7086,0.5664,0.3519,0.9143,0.6,0.6508,655
GEN_6405,GRCWKKPKAHACRTLRGANATNFANWCGKVKVFAAV,36,7.81,0.7076,0.5111,0.4576,0.9302,0.6,0.6508,656
GEN_4292,SRDAKKPRAHAFLSTLACLLLIILNGCVKAKVFASH,36,4.61,0.7287,0.4627,0.4491,0.725,0.7,0.6508,657
GEN_7445,FRCVYKLKAAECATDLAWGQHIINNGKAKMFTKNKNF,37,4.82,0.693,0.4425,0.3063,0.6649,0.65,0.6507,658
GEN_4842,THCGKKPKAHASLSYLACLLATPVNGCVKAKVFAAI,36,4.54,0.7228,0.4762,0.4167,0.7951,0.6,0.6507,659
GEN_0273,THCAKKPLALHCLHYIAFVLITYFNAHLKAKTFAIF,36,3.72,0.7652,0.4805,0.4815,0.7013,0.7,0.6507,660
GEN_8276,LHTKFQCCKLLLRTLHGANNSDFASFCGKVKVFVAV,36,3.9,0.673,0.5687,0.3519,1.0,0.6,0.6506,661
GEN_6760,THCVKKPKAHACLSYLYCLLLIINSGCVKYKVWPAK,36,5.52,0.7032,0.3812,0.3519,0.6828,0.5,0.6505,662
GEN_4531,TPCAKKPKAHACLSYLAKLLLIMNNGCLKAKVFAAH,36,5.54,0.7262,0.4916,0.4491,0.8441,0.6,0.6505,663
GEN_8610,VAHVAECCHLALRTLRGANAQNFVSYCGK,29,1.88,0.6561,0.5465,0.1445,0.5945,0.9,0.6505,664
GEN_7545,FHCAKKPDAKHSLHYLACVLLTYFNLHLKNFTSLIP,36,3.08,0.6912,0.4618,0.3843,0.7435,0.7,0.6504,665
GEN_5328,TKYRKKPHNHANLSNLACLLLTPVNGCVKCKDFAAP,36,4.54,0.7181,0.4376,0.3194,0.6425,0.6,0.6504,666
GEN_1024,FHCAKKIIAKHSLHFLACVLLTYKKACLKTYTHLIY,36,6.07,0.7569,0.4792,0.3559,0.6571,0.6,0.6503,667
GEN_7743,THCAKKIAAKHCLHFLACFLLSYFNAFLYSKANGNP,36,3.62,0.6877,0.4607,0.3843,0.8162,0.6,0.6503,668
GEN_6431,AYGAMSCALARVALCCGLAASNFANYCDK,29,0.75,0.7073,0.5116,0.3037,0.6409,0.8,0.6502,669
GEN_1673,TICAKKVGAKHCLHYLAAVLLTYFIWCVKTYTLAAP,36,3.54,0.7505,0.4682,0.4491,0.7462,0.6,0.6502,670
GEN_7729,KHTKWPSRYTHPCIKLLKVRFKVSALADIFSALKKN,36,7.92,0.688,0.5646,0.4637,1.0,0.7,0.6501,671
GEN_6063,KHTKKGCCKLALRTLRGANATNFANWCGKVKVFAAV,36,7.81,0.7111,0.5802,0.4251,1.0,0.6,0.6501,672
GEN_1881,THCAKKPKAHACLSYLACVLLTYLNGCVKAKVFAHP,36,4.61,0.7488,0.4652,0.3843,0.7456,0.5,0.65,673
GEN_1194,THCAARPHAHVCLSYLACVLLTYLNGCLKAKVKAAH,36,3.7,0.7549,0.4652,0.3843,0.7316,0.5,0.65,674
GEN_5397,TRYLKTPHNHAAHFDLAALCLTIFNGCVKAKVFILH,36,2.72,0.7174,0.55,0.4167,0.8586,0.7,0.6499,675
GEN_7034,KHTKFECCKLTLRTLRGYNASNWASWCGKAKVFAAV,36,5.81,0.6996,0.5521,0.3,0.8539,0.6,0.6499,676
GEN_3085,THCAKNPKAHWCLSYLACLLLIINNGCVKAKVFAPR,36,4.53,0.7395,0.417,0.4167,0.7188,0.5,0.6499,677
GEN_8237,SLACCLIIWARYTLEIPVCTAKRKGDT,27,1.43,0.6743,0.4373,0.1517,0.3729,0.9,0.6499,678
GEN_8450,IGLYLCLCGTVYTIEQCVCTAKRKGAT,27,1.72,0.6654,0.4791,0.0796,0.458,0.8,0.6499,679
GEN_2025,THCAAKPHAHAALSFMACIILILNNGCIKTKIFAAH,36,2.71,0.7476,0.4456,0.4815,0.7456,0.6,0.6499,680
GEN_1130,THCAKKILAKHCLHYLACVLYTYFNANLKHFTSVIP,36,3.71,0.7556,0.4477,0.3519,0.6002,0.6,0.6498,681
GEN_2651,TRYRKKPHNHANLSNLACLLLTILNGCVKAFTKLAV,36,5.55,0.7427,0.5528,0.3519,0.7389,0.7,0.6498,682
GEN_2035,THCAAKPKAHAALSFMACIILILNNGCIKTKIFAAH,36,3.63,0.7475,0.4456,0.4815,0.7456,0.6,0.6498,683
GEN_4254,TRCAAKPNKHACFSTLADLLLIIVNGQGKTFTKFAV,36,3.46,0.7292,0.532,0.3843,0.7676,0.7,0.6497,684
GEN_1189,THCAAKPHAHACLSYLACVLLTYLNGCVKAKNFAAK,36,3.61,0.755,0.4652,0.3843,0.7289,0.5,0.6496,685
GEN_7809,WRFWYKPKAHASLYTVWCINAISLNGKGKTFDKLPKSYGIGFGLR,45,6.83,0.6863,0.5643,0.3743,0.9772,0.6,0.6496,686
GEN_2658,THCAKKPLAHACLSYIACVLNTYLNGCLKGKIFAAK,36,4.53,0.7427,0.463,0.3519,0.721,0.5,0.6496,687
GEN_2570,LHCAFKLVAKHCLHYLAYVDLTYFNSMLKATVFASF,36,2.0,0.7434,0.5461,0.4493,0.8224,0.7,0.6496,688
GEN_8689,GIATPLSAPGLWLASVG,17,-0.24,0.6505,0.4059,0.445,0.6007,1.0,0.6495,689
GEN_2352,THCAKKPLAKWCLHALASVLLTYLNGCVKAKVFAVP,36,4.54,0.7451,0.5299,0.4815,0.8888,0.6,0.6494,690
GEN_3634,THWAKKAAAKHCFIYLACVLLTYWNLCLHAKAFAAD,36,2.63,0.735,0.4445,0.4815,0.77,0.6,0.6494,691
GEN_2323,THCARKPLAKHCLHYLACVLLTYFNARLKTFTNFID,36,3.63,0.7453,0.4645,0.3519,0.6498,0.6,0.6494,692
GEN_2692,TRYHKKPKYHASLSNLACLLLTPVNGCVKAKVFAAR,36,6.55,0.7424,0.4493,0.3837,0.5944,0.7,0.6491,693
GEN_7426,SAPMRVCTGWLLALCCGLAHCCGGYSIYA,29,0.5,0.6933,0.4268,0.2816,0.5689,0.7,0.6491,694
GEN_6980,THCAKKPLAHATLSYLGCLLLTCLSGCVKAKVYAPR,36,4.53,0.7004,0.4347,0.3519,0.7693,0.5,0.6491,695
GEN_1888,THCAKKPKAHACLSYIACLLLICNNGCLKGKIFAAH,36,4.6,0.7487,0.3774,0.3519,0.628,0.4,0.6491,696
GEN_4788,THCAARPKAQANISYLVCVALTYLNGCGKAKVFAVP,36,3.45,0.7235,0.444,0.4167,0.7295,0.6,0.6491,697
GEN_2641,THCAKKPLKHQCLSYLACVLLTYLRGKVVAKVFAVP,36,5.54,0.7428,0.4842,0.4167,0.7512,0.6,0.6491,698
GEN_4690,THCAKKPLVKKCQHYLACVFLWYFNMRLKTWTKLAH,36,6.62,0.7245,0.5045,0.3881,0.7986,0.6,0.649,699
GEN_5385,KHTKFDCCKIALRTLRGANASNFASFCGKVKVFVAV,36,5.81,0.7176,0.6178,0.3519,0.9671,0.6,0.649,700
GEN_5211,TRYRKTPHNHACRSTLAWLCLTIFNGCVKAHVFAAH,36,4.71,0.7192,0.4274,0.3194,0.6136,0.6,0.649,701
GEN_8475,KHTKFQCCKAALRPLRGAILTFTLYLIYG,29,4.82,0.6639,0.6295,0.1763,0.6688,1.0,0.6489,702
GEN_7724,VVSKKGPCLKRYIKGAVLLYCLLSECSKKVI,31,5.7,0.6881,0.5484,0.2026,0.6036,0.85,0.6489,703
GEN_3130,TWCFKKAKVHACLSYLACVLLICNNCCLKGRLFAAH,36,4.51,0.7391,0.3874,0.3843,0.6981,0.4,0.6489,704
GEN_7733,SLPMKVCTGWLLKGAARSKVLIVIWVFFGHH,31,3.62,0.6879,0.5324,0.3908,0.6975,0.95,0.6487,705
GEN_5912,THCAKKPKAHASLKYLACLLLIINNGCLKAKVYAAR,36,6.53,0.7125,0.4327,0.4155,0.7324,0.6,0.6487,706
GEN_7154,THCALKALAKHSIHYLKCVLLTYLNGCVKAKVFHVP,36,4.71,0.6978,0.4832,0.3843,0.8192,0.6,0.6487,707
GEN_4456,TRCARKPKAHACLSYLAFWGLTSNNPVVKAKVFGPR,36,6.46,0.7271,0.512,0.4111,0.7595,0.7,0.6487,708
GEN_5437,KHTKWECCKAALRHLRGAILTFTLYLIYG,29,3.91,0.717,0.5963,0.1361,0.4469,1.0,0.6485,709
GEN_7215,KHTKFDCCKIALRTLRGANASNFASWCGKVKVLKKN,36,7.81,0.6968,0.5761,0.4057,0.9966,0.6,0.6485,710
GEN_7395,RHTKRDCCKLADRTWRGANANVFASWCGKVKVFAAV,36,5.82,0.6941,0.626,0.3194,1.0,0.6,0.6485,711
GEN_4827,THCAKKAAAKNCLHYLAQYLLTYFNTCYCRKVFAIF,36,4.52,0.723,0.4794,0.3194,0.7542,0.5,0.6484,712
GEN_7277,AYGAMSCALARLALCCWKVRYSASALAD,28,1.77,0.696,0.5527,0.2646,0.6173,0.9,0.6483,713
GEN_5372,TRCAKSSKAHACLSTLAELLLIIVNGQGKTFTKFAV,36,3.46,0.7177,0.4945,0.3519,0.6899,0.7,0.6483,714
GEN_5652,STVAKKLLAKHCLAYLACVLLTYFRGALHAKAFGAD,36,3.61,0.7149,0.5177,0.4491,0.8326,0.7,0.6483,715
GEN_0367,LHCAKKIAAKHSLHYTACVLLTYFHAALKTTVFALF,36,4.08,0.764,0.5002,0.4491,0.688,0.7,0.6482,716
GEN_6951,LHCAKKIAAKHSLHYYGCVLVTYCIACLKTNTNHAP,36,4.06,0.7008,0.4133,0.3,0.6747,0.5,0.6482,717
GEN_4648,THCIKKPLAHHCLSYLACVILTYFNQCVHAKVFAVK,36,3.7,0.7249,0.4843,0.3843,0.8215,0.5,0.6482,718
GEN_7213,WRHWKKPKAHANLSTLACLATNFANWCGKVKVFAAV,36,5.91,0.6968,0.5312,0.4491,0.8966,0.7,0.6482,719
GEN_7057,TVCAKKIFAKHCLHDLACVLYTYFIGSLKTFTSATP,36,2.54,0.6993,0.4541,0.3519,0.7308,0.6,0.6481,720
GEN_4989,THCAAKGHAHRKESYLACRLLTYLNGCVKAKVFAVP,36,4.63,0.7213,0.527,0.3194,0.769,0.6,0.6481,721
GEN_8235,SRYRKKPHYHGCLTNPACVLLTYFNLCVHAKVFAVK,36,5.68,0.6743,0.3788,0.3194,0.631,0.6,0.648,722
GEN_3071,THCAKKPKAHAVLSYLACLLLTPVNGCVKAKIGAAI,36,4.54,0.7396,0.491,0.4491,0.7951,0.6,0.648,723
GEN_3617,FHSCKKIAAKHSLHELTCVLLNWFNSALKATVFAAF,36,3.0,0.7351,0.58,0.4491,0.8864,0.7,0.6479,724
GEN_2028,TNCAKKAAAKNCLKYIACVLLTYFNTMLNRKVFLIF,36,5.36,0.7476,0.5528,0.4167,0.8458,0.6,0.6478,725
GEN_2135,FHTAKKTAAKHSLHYLACVLLTWFNSRLKATVFALC,36,5.0,0.7468,0.4685,0.4167,0.6405,0.7,0.6478,726
GEN_0607,THCAKKPLAKHSLHFLACVLLTYFNACLKTYTSLIP,36,3.62,0.7608,0.4816,0.3843,0.6638,0.6,0.6478,727
GEN_8496,KRTAITQATASRFDAGTYKILHSRGSIYYVLVAK,34,4.84,0.663,0.441,0.27,0.577,0.8,0.6478,728
GEN_4616,TRYRKKPHNHACVWNLAALMLTPVNGCVKAKVFAAP,36,5.55,0.7253,0.4684,0.4491,0.7222,0.7,0.6477,729
GEN_6099,TNCAKKPLGKTSLSYAACVLLTYFNAPLHAKAFAAK,36,4.46,0.7107,0.4667,0.4167,0.7208,0.7,0.6477,730
GEN_5091,TRYHKKPKYHACLSNLASLLLTMVNGCVKAKVFDAL,36,4.55,0.7204,0.4576,0.3519,0.6185,0.7,0.6477,731
GEN_5905,TVCAKQFLAHASLSYLAAVLLTYLNGCVKAKVFVVP,36,2.46,0.7126,0.5207,0.5139,0.903,0.7,0.6476,732
GEN_8267,VAKVCKSGIAILNLRRRVDNTIGSKAIGD,29,3.73,0.6732,0.5067,0.1361,0.3941,1.0,0.6476,733
GEN_1398,THCAAKPHAHACLSYLACVLLTYLNGCVSAKAFAAK,36,2.62,0.7531,0.4141,0.4167,0.6667,0.5,0.6475,734
GEN_7176,KHTKFDCCKLADRTLRGANASNFASWCGKVKVFAAV,36,4.81,0.6974,0.6348,0.3194,1.0,0.6,0.6475,735
GEN_5412,TRCIAKPKAHVALSYMVCIDLISNNGCIKTFTKLPH,36,3.54,0.7173,0.5129,0.3519,0.783,0.6,0.6475,736
GEN_2913,AHCAKKGAAKHCLHYLALVALTYFINSLHAKAFAIF,36,4.12,0.7408,0.4872,0.4815,0.7475,0.7,0.6474,737
GEN_6497,VKTKMGCEKLALRTLRGLNATNFANWCGKVKEFAAV,36,4.71,0.7066,0.6146,0.3519,0.9098,0.7,0.6474,738
GEN_1153,LHCAKKIIAKHSLHFLACVLLTYKIACLKTYTHLIY,36,5.07,0.7553,0.4896,0.3843,0.6866,0.6,0.6473,739
GEN_3872,THCAKKCKAHAILSMLACLLLIINNGCVKVKVFAAH,36,4.62,0.7331,0.4527,0.4491,0.8084,0.5,0.6473,740
GEN_2679,THCFKKPKAHACLSYLALLLLIINNGCGKTFTKLPK,36,5.54,0.7425,0.5405,0.3519,0.7683,0.6,0.6472,741
GEN_6278,KHTKFDCCKLALRTIRGANASNFASWCGKVKVFAAV,36,5.81,0.7089,0.6325,0.3519,1.0,0.6,0.6472,742
GEN_2167,FHCYKKPLAKHCLNYHACVLLTYFNAFLKTYTKLIP,36,4.98,0.7466,0.5456,0.3519,0.767,0.6,0.6472,743
GEN_5886,TRYRKKPKYHTCLSNLKCLLRTIVNGCVHAKVFAAV,36,7.54,0.7127,0.5795,0.3896,0.9391,0.6,0.647,744
GEN_3281,THCAARPKAHANLSYLACVLLHYWNAKVHAKVFAAK,36,4.72,0.7378,0.4243,0.4491,0.6142,0.7,0.6469,745
GEN_6010,KHTKFDCCKIALRTLRGANASNFASWCGKVKVFVAV,36,5.81,0.7116,0.6178,0.3519,0.9671,0.6,0.6469,746
GEN_7407,KHTKFECIKLALRTGRGANASNFASWCGKAKVFAAV,36,5.83,0.6938,0.6193,0.3519,0.9438,0.7,0.6468,747
GEN_3360,FHSAKKPLAKHCLVYLACVLLTYFNNRLKNFTSAAP,36,4.91,0.7373,0.527,0.4167,0.7524,0.7,0.6467,748
GEN_3811,THCAKKPLAKHCLHYLAMAQLLDLNGCVKAKVFAVK,36,4.62,0.7335,0.4923,0.4167,0.7702,0.6,0.6467,749
GEN_8557,GCHCIVLSARHKKRVLSKRYRA,22,6.91,0.6595,0.466,0.0531,0.2682,1.0,0.6466,750
GEN_4180,TNCAKKPLGKTSLSYLACVLLTYFNACLGAKAFAAK,36,4.36,0.73,0.4529,0.3843,0.68,0.6,0.6466,751
GEN_6224,KHTKFGCCKLALRTLRGANATNFANWCGKVKTKLPK,36,8.81,0.7095,0.5686,0.4639,1.0,0.6,0.6466,752
GEN_3416,TRYRKKPHNHACLTNLRCLLLTPVNGCVKAKVFAAV,36,6.54,0.7367,0.4493,0.3832,0.6573,0.6,0.6466,753
GEN_8162,FRCAKKPKAHCELSTLPCLLLIINNGKGRTFTKLPK,36,6.81,0.6764,0.4948,0.3669,0.8575,0.6,0.6466,754
GEN_7428,GHCAKKADAKHCLHRLTCVLLTYFINCLKNFVSLGP,36,3.98,0.6933,0.5281,0.3194,0.892,0.5,0.6465,755
GEN_4090,TRCAKKPKAHAFLSTLACLLLIILNGERKAKVFAAT,36,5.46,0.7308,0.501,0.4491,0.7557,0.7,0.6465,756
GEN_1928,THYRKKAHNHACLSTLACLLLICNNGCLKGKIFAAH,36,4.7,0.7483,0.3377,0.3,0.4257,0.5,0.6463,757
GEN_6555,IILNWPSRYTHPCVKLLKVRFKVSALADIFQALKKNYS,38,5.83,0.7059,0.593,0.4167,1.0,0.6,0.6463,758
GEN_2360,THCAKKPKAHACLSYLACLLLIINNGCVKVKVFAAH,36,4.61,0.745,0.417,0.4167,0.682,0.5,0.6463,759
GEN_7209,KHTKFECCKLALRTLHGAAASNFRNYTGKANAFPAV,36,4.91,0.6969,0.5258,0.3194,0.7442,0.7,0.6462,760
GEN_3567,TRCAKKPKAHACLCTLALLLLIVLNETLKTDTWRPK,36,4.45,0.7356,0.4733,0.3843,0.698,0.6,0.6462,761
GEN_7676,IGLWLCLCGAVYTLEIPVCTAKRKGAT,27,1.73,0.689,0.445,0.1739,0.349,0.9,0.6462,762
GEN_8041,KPLKKLCGPGLWLASVGCHRKACTP,25,4.81,0.68,0.4906,0.0467,0.3192,0.9,0.6462,763
GEN_2077,THCAKKPHAHTDLSYLACLLLTCLNGCVKAKVFAAP,36,2.62,0.7472,0.4656,0.3843,0.725,0.5,0.6462,764
GEN_2653,THCAAKPHAHACVSYLACALLTYLNGCVGAKVFAVP,36,1.62,0.7427,0.4228,0.4759,0.7551,0.5,0.6461,765
GEN_2439,TRYHKKPKYHWCLSNLACLLLTPVNGCVKAKVSAGR,36,6.54,0.7444,0.4216,0.3313,0.5376,0.6,0.6461,766
GEN_1890,THCAKKPLAHACLSYLACVLLTYLNGCLKGKIFAAH,36,3.61,0.7487,0.4657,0.3843,0.721,0.5,0.6461,767
GEN_4558,THCFKKPKAHACLSYVACFALICNNGCLKGKQFLAH,36,4.6,0.7259,0.3981,0.3194,0.6616,0.4,0.6459,768
GEN_1222,FHAAKKPLAKHCLHYVACTLLTYFNASLKTWTSVKI,36,4.99,0.7547,0.4784,0.3843,0.5928,0.7,0.6458,769
GEN_5030,TKYHKKPKYHACLGNLAHLLLTPVNGCVKAKVFAAR,36,6.63,0.7209,0.4493,0.3887,0.6272,0.7,0.6458,770
GEN_5865,KKTKFNCCKIALRTLRGANASNFASYCGKVKVFVAV,36,7.72,0.7129,0.5993,0.42,0.9938,0.6,0.6458,771
GEN_4916,RHCAKKPLGKTSLSYLARVLLTNTNACLHAKAFAAK,36,6.91,0.7221,0.5341,0.4049,0.7817,0.7,0.6457,772
GEN_2020,FHCYKKPLAKHCLNYLACVLLTYFNAFLKTYTKLIP,36,4.9,0.7477,0.5595,0.3843,0.8098,0.6,0.6457,773
GEN_1203,THCAKKAAAKNCLHYLASGLLTYFNSALNRKVFAIF,36,4.55,0.7549,0.543,0.3843,0.6985,0.7,0.6456,774
GEN_8249,SAFMRVCTGWLLKGAAHAKVLWVIWLFFKHH,31,3.71,0.6738,0.5641,0.4284,0.8335,0.9,0.6456,775
GEN_6243,VHTKMGCKKLALRTLRGANASNFASYCGKVKVFVAV,36,6.8,0.7092,0.5901,0.3982,0.8968,0.7,0.6455,776
GEN_7061,ILLCDPSRYTHPCIKLLKVRFKLSALADIFEALKKNNS,38,3.83,0.6992,0.5792,0.386,0.9568,0.6,0.6455,777
GEN_5289,RLTKFGCCKLALRTLRGANATNFANWCGKVKVFAAV,36,6.73,0.7184,0.608,0.4266,1.0,0.6,0.6455,778
GEN_3427,TRYHKKPKYHACLSNLASLLLTPVNGCVKAKVFDAL,36,4.55,0.7366,0.4493,0.3519,0.5516,0.7,0.6454,779
GEN_7518,TRCAAKPKAHACISTNACLLFIWYNGCIKVKVFAGH,36,4.53,0.6916,0.4151,0.3843,0.7649,0.5,0.6454,780
GEN_7731,FRCWWQCYKAALWHLRGAIATFTLYLIYG,29,2.82,0.688,0.575,0.2568,0.5792,1.0,0.6454,781
GEN_5392,THCAKKPHALTSLSYLACVLLTYFNACLLAKARGAK,36,4.54,0.7175,0.4034,0.3843,0.6178,0.6,0.6453,782
GEN_7264,AYGAMSCALARLALCCGLAHCCGGSWMGKAKV,32,2.83,0.6961,0.4223,0.2902,0.605,0.6,0.6453,783
GEN_3517,SRCAKKPKAHAFLSTLACLLLIILNGCVKFKVWASH,36,5.6,0.736,0.5018,0.4491,0.8032,0.6,0.6453,784
GEN_3315,RHCAAKPHAHACLSYLACVLSTYLYGTVKAKAFAAK,36,4.98,0.7376,0.4155,0.3843,0.5904,0.6,0.6452,785
GEN_1552,TVCARKAAAKHCLHFLACVLLTYFINQLKTGVSAIP,36,3.54,0.7516,0.5318,0.4491,0.8164,0.6,0.6452,786
GEN_0983,LHCAKKIAAKHSLHYLASVLLTYFIACLKTYTSLIP,36,3.99,0.7572,0.4726,0.4167,0.6049,0.7,0.6451,787
GEN_6688,THCAKHKKAHACLSYLKCLLLICNNGCLKGKIFAAH,36,5.69,0.7043,0.4066,0.3,0.7016,0.4,0.6451,788
GEN_3890,TRCAKKPRAHACISTLGCHLLIILNGNLKFMVFNAV,36,4.54,0.733,0.4796,0.4167,0.7388,0.6,0.645,789
GEN_6017,KHTKFDCCKIALRTLRGANASNFANYCGKANVFAAV,36,4.81,0.7115,0.6039,0.3194,0.8982,0.6,0.6449,790
GEN_7078,SAFMRVCTGWLLKGAARSKVLWVIWVFFKHH,31,4.62,0.6989,0.548,0.3908,0.706,0.9,0.6449,791
GEN_1274,FHCAKKPLAKHCLHYLAFVLLTYFNAKIKTFTKLIP,36,5.99,0.7541,0.5314,0.4491,0.7408,0.7,0.6448,792
GEN_6813,THCAKLTKAHACLSYLACLLLICSNGDAKGKIFAAH,36,2.62,0.7025,0.3945,0.3519,0.6686,0.5,0.6448,793
GEN_5493,FRCWYKPKAHAELSTLAYLLLIINNGKGKTFTRLPRP,37,5.83,0.7164,0.5683,0.3694,0.843,0.65,0.6447,794
GEN_5770,RLTKFGCCKLALRTLLRADATNFANWCGKIKVKLPK,36,7.73,0.7138,0.5889,0.4525,1.0,0.6,0.6447,795
GEN_3457,THCAAKYRAHACLCFLAGLILIYNDLCLKAKIFAAH,36,2.62,0.7364,0.4042,0.4491,0.7019,0.5,0.6446,796
GEN_8687,VWKLSTSHLGAAPVLMLWSAF,21,0.82,0.6506,0.4635,0.3937,0.6118,1.0,0.6445,797
GEN_1934,LNCAKKIAAKHSLHYLANVLLTYFIACLKTYTKTIP,36,4.91,0.7483,0.4879,0.3843,0.6149,0.7,0.6445,798
GEN_4981,VHTKFGCCKLALRTLRGANATNFANWCGFVKVFAAV,36,4.79,0.7214,0.6219,0.4167,1.0,0.6,0.6445,799
GEN_6505,KHTKFDCCKLALRTLRGANASNFASWCGKVKVFAAV,36,5.81,0.7065,0.6204,0.3519,0.9671,0.6,0.6445,800
GEN_0987,FHCAKKPLAKHCLHYLAIVLLTYFNALLHSKAFAAD,36,3.09,0.7572,0.52,0.4815,0.7442,0.7,0.6444,801
GEN_4709,THCAKEPLAHKCLSYLAAVLLTYFNAVVHAKVQAAK,36,2.64,0.7243,0.4801,0.4491,0.7215,0.7,0.6443,802
GEN_0519,THPLKKAAAKHSLHWLACVLLTYFNTCLKATVFALF,36,3.63,0.7619,0.531,0.4815,0.7508,0.7,0.6443,803
GEN_6708,THCFKKPKAHACKSYLACLLLICNNGCLKGYIFAAH,36,4.6,0.704,0.4072,0.3194,0.7175,0.4,0.6443,804
GEN_7273,AYGLMSCCLARLALCCGLAHCCGGYSIYA,29,0.82,0.696,0.3986,0.2186,0.4209,0.7,0.6443,805
GEN_5009,TRCWKKPHAHASLSYGACHLLIILNGCEKAKVLAGR,36,4.63,0.7212,0.4769,0.3194,0.6599,0.6,0.6443,806
GEN_4356,THCAKKPKAHACLSYLACHLLIINNGCVKVKVFAAH,36,4.7,0.7282,0.3933,0.3843,0.6357,0.5,0.6443,807
GEN_1329,TVCVKKIAAKHSLNYLACVLLTYFIACLKTYTTAIP,36,3.45,0.7537,0.4686,0.4167,0.6673,0.6,0.6442,808
GEN_1500,THCAARPKAHANLSYLACVLLTYLNGCAKAKVFAVP,36,3.54,0.7521,0.4844,0.4491,0.7295,0.6,0.6442,809
GEN_7727,TRYRKKPHNHASLSTLACLCLTILCGCVKAKVFAHH,36,5.7,0.6881,0.3959,0.3,0.6493,0.5,0.6442,810
GEN_5820,THCGKKPLAKHCLHYLACVLWTYLNGYVKAKVQAIP,36,4.62,0.7133,0.4645,0.3519,0.6894,0.6,0.6442,811
GEN_6581,THCAKFPLAKWGLHALASVLLTYLNGQVHAKVFNIP,36,2.65,0.7056,0.4899,0.4815,0.8129,0.7,0.6442,812
GEN_0779,THCAKKIAAKHCLHYLACVLLTYFIGSLKTFTSAAG,36,3.62,0.7592,0.4448,0.3519,0.5487,0.6,0.6441,813
GEN_4532,THCAKKILAHDCVHYLAAVLLTYFQAGLHAKAFAAD,36,0.73,0.7262,0.4618,0.5381,0.7736,0.7,0.6441,814
GEN_7359,ILLCDPSRYTHPCIKLLKVRFKASALADIVEALKKNNS,38,3.83,0.6947,0.5792,0.386,0.9568,0.6,0.644,815
GEN_8009,SAFTRVCTCWLLRGAAWSHCQFSFIKAKFHAL,32,3.6,0.6811,0.5179,0.3267,0.694,0.8,0.644,816
GEN_4285,THCAKKINAKHHLHWLICVLLTYPNACLKNFTSLIV,36,3.71,0.7288,0.5037,0.3843,0.7501,0.6,0.644,817
GEN_5322,LHCAKKIAAKHSLHYLLCVLKTYFIACAKTYTTLIP,36,4.98,0.7181,0.4579,0.3843,0.698,0.6,0.6439,818
GEN_7399,KYTKFGCCKLARGTLRGANATFFANWCGKVKVFAQV,36,6.72,0.694,0.6193,0.3617,1.0,0.6,0.6438,819
GEN_1022,THSAKKIAAKHSLHYLACVLLTYFIADLKTFTSLLP,36,2.64,0.7569,0.4615,0.4167,0.5782,0.7,0.6438,820
GEN_5250,TRCAYKGKAHACLSTLSCLLLIQLNATLKAKVFRAR,36,6.45,0.7188,0.42,0.3781,0.6264,0.6,0.6438,821
GEN_3411,CRCAKKPDKHASFSNLACLLLIILRGQGKTYTKLHL,36,5.9,0.7367,0.5514,0.3,0.725,0.6,0.6437,822
GEN_1445,THCGKKPLAKHCLHYLACVLLTYLNGCVKAKVFAIP,36,4.61,0.7527,0.4784,0.3843,0.7161,0.5,0.6436,823
GEN_2258,TRYRKKPHTHLCLSNLACLLLTYFNACLHLKAFAAK,36,5.62,0.7458,0.4227,0.3519,0.5394,0.6,0.6435,824
GEN_0631,THCAKKAAAKHCLHYLACVLLTYFINCRKNFTSLIP,36,4.61,0.7607,0.4428,0.3519,0.6048,0.5,0.6435,825
GEN_5147,THCAKKPKAHARLSYLACGALIINNRCLKAKVFAAR,36,7.54,0.7199,0.4714,0.4739,0.8031,0.6,0.6435,826
GEN_7934,TRYHKKPHCTASLSTLACLLLTNLNGCEKAKVFAAH,36,3.63,0.6832,0.4248,0.3,0.6365,0.6,0.6434,827
GEN_5255,TRYRKTPHNHAWGSPLACLCLTIFNGCVKAKVVAAH,36,4.63,0.7187,0.4368,0.3519,0.6256,0.6,0.6434,828
GEN_5948,TVCAKKFLAHACLSYLAAVLLTYLNGCVHAKVFAAK,36,3.54,0.7122,0.4526,0.4815,0.7964,0.6,0.6433,829
GEN_2900,TRYHKKPKYHVCLSYLACLLLTLVNGCVKAKVFAAD,36,4.54,0.7408,0.467,0.3519,0.6239,0.6,0.6433,830
GEN_4101,THCAAKPHAHACLSYKACVLLTYLNGCAKALVGAAH,36,2.7,0.7308,0.4566,0.3843,0.7289,0.5,0.6433,831
GEN_7563,KHTKWECCKAALRHLRLANASNFASWCGKAK,31,5.9,0.6908,0.5829,0.18,0.5941,0.85,0.6432,832
GEN_2194,THAAAKPHAHACLSYLACVLLSYLNGCVKAKVFASK,36,3.62,0.7464,0.4857,0.4167,0.7061,0.6,0.6432,833
GEN_1350,TGCAKKLVAKHCLHYLAMVLLNYFNGCLHAKAFAIP,36,3.62,0.7536,0.4808,0.4491,0.7133,0.6,0.6432,834
GEN_4075,THCADKPKAHACISYLACLLLIINCGCLKAKVFGAH,36,2.61,0.731,0.3894,0.3843,0.6821,0.4,0.6432,835
GEN_1786,THCAKKPKAHASLSYLACLLYTPVNGCVWAKVFPAV,36,3.54,0.7495,0.4693,0.4491,0.7036,0.6,0.6432,836
GEN_3551,FHCAKKPNTKHCLHYLACVLLTYFNAADHAKAFAAD,36,2.08,0.7357,0.4555,0.3843,0.6473,0.6,0.6431,837
GEN_1391,FHCAKKPLAKHCLHYLACTLLTYFNASLKTWTSVKP,36,4.98,0.7531,0.4645,0.3519,0.5895,0.6,0.6431,838
GEN_1971,FHAAKKPLAKHCLHYVACTLLTYFNASLKTWTSVKP,36,4.99,0.748,0.4784,0.3843,0.5895,0.7,0.643,839
GEN_6949,LHEAKKIALKTSLMYLACVLLTYYIASLKTYTSLIP,36,2.83,0.7008,0.4919,0.4167,0.7549,0.7,0.643,840
GEN_3685,TRYHKKPHLHACLSTLAAALLTILNGCVKAKKFAAH,36,5.72,0.7345,0.4881,0.3843,0.6373,0.7,0.643,841
GEN_7250,IGLWLCLCGAVYTLEIAVCTAVRKGAT,27,0.73,0.6964,0.5362,0.2871,0.5757,0.9,0.643,842
GEN_5300,KHCWKKIKARASLSTLLCLQCIALNGKGKTFTKLPK,36,8.81,0.7183,0.4529,0.4639,0.7617,0.6,0.6429,843
GEN_4649,THAAKKLVAKHCLGYLVCVLLTYNNACLKTVTSAAP,36,3.54,0.7249,0.4541,0.3843,0.6694,0.6,0.6429,844
GEN_3972,TRYRKKPHNHACLTNLWCLLLTPVNGCVKAKVFLAR,36,6.54,0.7322,0.4493,0.3832,0.6419,0.6,0.6427,845
GEN_4991,FHCAKKPLAKKCLHYLVLTLLTYFKASLKTFTSVKP,36,6.91,0.7213,0.5128,0.4371,0.7602,0.7,0.6427,846
GEN_6908,SAPMRVCTGWLLKGAARSKVLWVIWVFFKHH,31,4.62,0.7014,0.5324,0.3908,0.6588,0.9,0.6426,847
GEN_5906,THALAVPHAHVCLSYLACVLLTYLNGCVKAKLKAAH,36,2.71,0.7126,0.493,0.4491,0.8246,0.6,0.6425,848
GEN_8278,FHCAKKTAKKHSLHYTACVLLTYFNTSLKVTVFALF,36,4.99,0.6728,0.4891,0.3519,0.7469,0.7,0.6425,849
GEN_2856,THCAKKPKAHASLSYAACLLLIILNQTYKTSTFLPR,36,4.55,0.7411,0.4419,0.3519,0.5082,0.7,0.6424,850
GEN_5717,FRCWYRPKAHASLSTLACVQCIILNGKGKTFTKLPK,36,6.81,0.7142,0.477,0.3668,0.7109,0.6,0.6423,851
GEN_3192,THCAKKLVAKHKLHYLSCQLLTYFNAMLHAKAFAIP,36,4.72,0.7385,0.4701,0.4167,0.6256,0.7,0.6423,852
GEN_8059,FHCGKKTAAKHSLHYLDCVLLTYFNTCLKATVFALF,36,2.99,0.6795,0.4754,0.3519,0.7736,0.6,0.6422,853
GEN_7759,THCAKKGAAKHCLHYLGCVLLTYFHNSLHAHALAIP,36,2.89,0.6874,0.4436,0.3519,0.7014,0.6,0.6421,854
GEN_1073,THCAKKPLAHHCLSYLACVLLTYFNACVHAKVFAVK,36,3.7,0.7562,0.4326,0.4167,0.654,0.5,0.6421,855
GEN_4520,LHCASKIAAKHSLHYLASVLLTHFIACLKTDTTLIP,36,2.09,0.7264,0.4766,0.4167,0.6636,0.7,0.6421,856
GEN_1280,THCAAKPHAHACLSYLACVLLTYLNGCVKAKVFAAH,36,2.7,0.7541,0.4791,0.4167,0.7356,0.5,0.642,857
GEN_4519,TRCAKKPNKHAIFSTLAALLLIFLNGQGKQFTKLVV,36,5.47,0.7264,0.6055,0.4167,0.8777,0.7,0.642,858
GEN_4298,TRYRKKPKYHACLSYHACLVLICQNGCLKAKVFAAW,36,6.52,0.7287,0.3636,0.3501,0.5354,0.5,0.642,859
GEN_2425,NHCAAKPHAHACLSYLACVLLTYLNGCVHAKAFAAK,36,3.06,0.7446,0.4248,0.4167,0.6667,0.5,0.6419,860
GEN_0152,THCAKKAAAKNQLHYLACVLLTYFNSSLKATVFALF,36,3.55,0.7677,0.4901,0.4167,0.5883,0.7,0.6419,861
GEN_2409,LHCAKKIAAKHSLHYQAGFLLTGFIACLKTFTSAAD,36,3.0,0.7447,0.4732,0.3843,0.5815,0.7,0.6419,862
GEN_4896,THCAKKALKHACVSYLAHVLLMYLNGCVKAKVFAVG,36,4.62,0.7223,0.5592,0.4167,0.8761,0.6,0.6419,863
GEN_2060,TGCAKKPLAKHCLIYLACVLLTYMNGCVKAKVFAVK,36,5.44,0.7473,0.4583,0.4167,0.7161,0.5,0.6419,864
GEN_2399,TRYHKKPKYHPCLSNLACLLLTPVNGCLKAKVTAAG,36,5.54,0.7447,0.4355,0.3194,0.5197,0.6,0.6418,865
GEN_6833,AWIKTALLCCAIKRPNWRKALAKIRHKA,28,7.86,0.7023,0.5717,0.3567,0.6162,1.0,0.6418,866
GEN_8373,MMQKYKGKSKKCTHDGLQGRPKLCPYAAKLGFVIY,35,6.56,0.6686,0.4189,0.3326,0.5821,0.75,0.6417,867
GEN_8201,PKIGCLALAILWVIFFVTIGHPYRKKKAFAKS,32,6.03,0.6754,0.5638,0.4378,0.8127,0.9,0.6417,868
GEN_2387,LHCAKKIAAKHSLHYLAYVLLTYFIACLKTYTSLIP,36,3.99,0.7448,0.4689,0.4167,0.6049,0.7,0.6417,869
GEN_7938,PHCAKKAAAKNCLGYLVCVLETYFNSSLNRKVFAIF,36,4.01,0.683,0.5033,0.3843,0.8399,0.6,0.6416,870
GEN_4086,THCFKKPKAHACLSYLACLLLICNNGCLKIKVFAAH,36,4.6,0.7309,0.3943,0.3843,0.6801,0.4,0.6416,871
GEN_1466,THCAKKAAAKNCLHYLAAVLLTYFGNCLHVKAFAIG,36,3.62,0.7525,0.4679,0.4167,0.6516,0.6,0.6416,872
GEN_4941,THSAKKPLAKHCLHYLALVLLTYFDLCLKTNTLLIP,36,2.64,0.7218,0.4923,0.4167,0.6966,0.7,0.6416,873
GEN_3924,THCGKKPLAKHCLHYLACGLLTYLSGCVKAKVFAVK,36,5.61,0.7327,0.4506,0.3194,0.6378,0.5,0.6415,874
GEN_7828,RKALWFHLRGGDPKKIKHILTFTLYSIYA,29,4.93,0.6857,0.4821,0.1763,0.3231,1.0,0.6415,875
GEN_3521,DALVHKPKAHASKTTVNCLLLAILNAWLKAKVFHAH,36,4.1,0.7359,0.5202,0.4815,0.7737,0.7,0.6414,876
GEN_2420,FHCAKKIAAKPSLHYLASVLHTYFQWCLNRKVFAIF,36,5.0,0.7446,0.5095,0.4491,0.7035,0.7,0.6414,877
GEN_3826,TRYRKKPHNHACLTKLACLLLTTVNGCVKAKSFAAR,36,7.54,0.7335,0.4195,0.3896,0.5863,0.6,0.6413,878
GEN_6083,TENPAKPHAHACASYLANVLLTYLNGCVKAKVFAIP,36,1.55,0.7108,0.493,0.4805,0.7857,0.7,0.6413,879
GEN_7723,IGLWLCLCGAVYTLELPVCTAKRKGAT,27,1.73,0.6881,0.4551,0.1739,0.3356,0.9,0.6413,880
GEN_4296,FRCYYKPKAHAGLSTLACLLMIIANGCLKAKVFAAR,36,5.81,0.7287,0.4554,0.4491,0.7161,0.6,0.6413,881
GEN_2169,THCAKKPLAKHCLHYLAEVLLTYFNSLSKAYVFAIF,36,2.64,0.7466,0.5213,0.4167,0.6852,0.7,0.6413,882
GEN_1294,THCAKKAAAKTCLHFLAQVVLTYFISCLKNFTSNAP,36,3.54,0.7541,0.5252,0.3843,0.7085,0.6,0.6413,883
GEN_3777,FHCAKKIAAKHSLGYLACVKLTYFNSCLKATVFALF,36,4.9,0.7339,0.472,0.4167,0.6999,0.6,0.6413,884
GEN_4853,YRCWYKPRAHAPLSTVAMLLLIILNPCVKAKVRLAV,36,5.82,0.7227,0.5418,0.5463,0.9049,0.7,0.6413,885
GEN_6524,THCAAKPHAHACLSYLDCVLLTYLNGCVKAKVFAIP,36,1.62,0.7062,0.4791,0.4435,0.8687,0.5,0.6412,886
GEN_2009,THCAKKPKAHACLSYLAVLLLIINNGCGKTFTKLPK,36,5.54,0.7477,0.5405,0.3519,0.7161,0.6,0.6412,887
GEN_7930,SRNFAVGVVVCAILKLRFSACPGGL,25,2.44,0.6834,0.4926,0.1867,0.3542,1.0,0.6412,888
GEN_4919,SRLRKKPHNHACLNTLAFLMLTIMNGCVKAIVFKAH,36,5.7,0.7221,0.4953,0.4167,0.6982,0.7,0.6412,889
GEN_5423,HRCWKKPKAHAELSTNACLLLKINNGKKKTFTKLPNTFGLGDAYR,45,7.91,0.7172,0.5171,0.4114,0.8073,0.6,0.6411,890
GEN_2266,TRYHKKSDFHTCLSTPACLLLTIANGCLKAKVFLAY,36,3.54,0.7457,0.4419,0.3194,0.523,0.6,0.6411,891
GEN_7682,SLACCLIIKARYTLEIPVCTAKASALA,27,1.43,0.6889,0.4224,0.2814,0.3846,0.9,0.641,892
GEN_3041,THCAKKPKAHACLSYLACLLLIINNGCVHAKIFANR,36,4.62,0.7398,0.4031,0.3843,0.6031,0.5,0.641,893
GEN_2128,THCAKKPLAHACLSYIACVLLTYLNGCLKGKIFAAK,36,4.53,0.7468,0.4657,0.3843,0.6915,0.5,0.641,894
GEN_1584,THCAAKPHAHACLNYLACVLLTYLNGCVKAKVFAAH,36,2.7,0.7512,0.4791,0.4167,0.7356,0.5,0.641,895
GEN_7677,SAFTRVCTCWLLKGAARSKCCCGGYSIYA,29,3.41,0.689,0.4403,0.12,0.3853,0.7,0.6409,896
GEN_1372,THCAKRAEAKHCLHYLACYLLTYLNGCVKAKTKLIP,36,4.61,0.7533,0.4235,0.3,0.5211,0.5,0.6409,897
GEN_4087,THCAKKPLAKHFLHYLACRALTYLNGCVKPKVFAVH,36,5.71,0.7309,0.5368,0.3843,0.7795,0.6,0.6409,898
GEN_7049,THTAKKIAAKHCLHYLLCVLLTYFIWCVKTFTLLAH,36,3.71,0.6993,0.4642,0.4167,0.7637,0.6,0.6408,899
GEN_1095,THCAKKIAAKHSLHYLACVLLTYWIICLKFYKTNFP,36,4.62,0.7561,0.4362,0.3843,0.5519,0.6,0.6407,900
GEN_5766,TKCAKKIAAKHSLHYLANVLITNFIACLKTFTSLEG,36,3.55,0.7139,0.4817,0.3519,0.6269,0.7,0.6407,901
GEN_4935,TVCAKKIAAKHCLHTLAEVLQTYFIWCVKTNTLLAP,36,2.54,0.7219,0.521,0.4167,0.805,0.6,0.6407,902
GEN_3299,THCAAKGKAHAAISYMACILLILTNGCAKARVFAHP,36,3.63,0.7377,0.4181,0.4491,0.629,0.6,0.6407,903
GEN_1011,THCAKKPLAKHCLHYLACVLLTYLNGCVKAKVFAVK,36,5.61,0.757,0.4784,0.3843,0.6867,0.5,0.6407,904
GEN_4158,CRCGKKDNKHASFSNLACLLLIILRGQGKTYTKLHL,36,5.9,0.7302,0.4741,0.3,0.5905,0.6,0.6406,905
GEN_4585,SHCVKKIANKHSLHYVACVGLTYFIATLKNFSSAIF,36,3.7,0.7257,0.4987,0.3519,0.6272,0.7,0.6406,906
GEN_6487,KHTKFECCKLTLRTLRGANASNFASWCGKAKVFAAV,36,5.82,0.7067,0.566,0.3194,0.8179,0.6,0.6406,907
GEN_7077,THTAKKIAAKHCLHVLICVLLTYFIWSVKTFTLLAP,36,3.63,0.699,0.4835,0.4815,0.7937,0.7,0.6406,908
GEN_7231,SLAFCLIIKARYNLEIPVCTAKRNALA,27,2.44,0.6966,0.4723,0.2415,0.3407,1.0,0.6406,909
GEN_4484,TRCWKKPNAHAALSTVAMLLLIILNPCVKAKVKLAV,36,5.46,0.7268,0.5633,0.5463,0.9264,0.7,0.6406,910
GEN_2195,THCAKKPLAKHELHYLACVVLTYLNGCVKAKVFAVP,36,3.63,0.7464,0.4791,0.4167,0.6767,0.6,0.6405,911
GEN_6544,LHTKFDKKSLAIRTLRGANASNFACMCGKVGVFVAV,36,4.82,0.706,0.5308,0.3843,0.7582,0.7,0.6405,912
GEN_3802,THCAKKPLGKVCLHDLAFVLLTYNNACNHAKAFAIP,36,2.63,0.7336,0.5076,0.4167,0.7542,0.6,0.6405,913
GEN_6953,KHTKFECCKVALLSTWACLLAAILNGRGKTFTKLPK,36,5.81,0.7008,0.4265,0.3519,0.6305,0.6,0.6405,914
GEN_5295,TRCAKKPYAHACLNGLGCLLLIIVNETYKAKVFRAH,36,4.54,0.7183,0.4963,0.3519,0.7062,0.6,0.6405,915
GEN_8308,FVAWVILIWTSPRLLGRDAWAKDCV,25,0.75,0.6715,0.6571,0.3674,0.8321,1.0,0.6405,916
GEN_4705,HRCWKKPKAHAELSTLACLLLIINNGKGKTFTKLPNSFGLGDANR,45,5.91,0.7243,0.5499,0.3,0.7293,0.6,0.6404,917
GEN_2734,THCLKKIAAKHSLHYLACILLSYPNVDLKTFTNLIP,36,2.64,0.742,0.4607,0.3843,0.5567,0.7,0.6404,918
GEN_7687,HRCRKKPKAHAELSTLACQLLIINSGKGKTFTVLPIPFGIATIQR,45,6.91,0.6888,0.4691,0.4051,0.7823,0.6,0.6404,919
GEN_6241,RLTKFGCCKLALRTLLQADALIILNGQGKTFTKLPK,36,5.74,0.7093,0.5155,0.3519,0.6919,0.7,0.6404,920
GEN_6538,VHSKMGCCKLALRTLRGANATNFADWCGKVKVFAAV,36,4.79,0.706,0.608,0.3843,0.9523,0.6,0.6403,921
GEN_4970,THCLAKPHAHALLSYLACVLLTYLNGCASAFAFAAK,36,1.63,0.7214,0.4601,0.5077,0.7931,0.6,0.6403,922
GEN_7785,THCAAKPHAHACVSYLVCVLLTYLNGCVKAKVWAVP,36,2.62,0.6868,0.493,0.4491,0.9371,0.5,0.6403,923
GEN_8301,VAKVCKSGIAILQWAKAPKVAALQG,25,3.72,0.6718,0.5778,0.2333,0.5639,1.0,0.6403,924
GEN_7100,YDSAKKTAAHHSLHDLACVLHTYFNSCRARTVFALF,36,2.09,0.6986,0.4328,0.3194,0.5455,0.7,0.6402,925
GEN_8220,LHTKWPSRYTYPCISLLKVRFKVSALNDIFDALKKN,36,4.83,0.6749,0.6153,0.3519,0.9372,0.7,0.6402,926
GEN_5824,IILCWPSRYTHPCIKLLKVRFKVSALADIFQALKKNYS,38,5.82,0.7133,0.593,0.4167,0.9423,0.6,0.6402,927
GEN_7910,GHNAGCGLWGKGWRCRCAMGKMPNVCLA,28,3.81,0.6838,0.4498,0.09,0.3453,0.75,0.6402,928
GEN_6062,NHCAKKNLAKVCLHYLAFVLLTYNNGCVKAKIFAPR,36,5.9,0.7111,0.5039,0.3843,0.7657,0.6,0.6401,929
GEN_3690,THCAKKIKAKHCGHYLACVLVNYFIICLKNFTSLIF,36,4.61,0.7345,0.4606,0.3519,0.6733,0.5,0.6401,930
GEN_3352,TRHAWRPKAHACLSYTGCVLLTYFNAALHAKAFAAK,36,4.63,0.7373,0.4859,0.4167,0.6399,0.7,0.6401,931
GEN_6798,THCAKKPFAHHCCSYLACVLLTYFNAAVHAKVFAVK,36,3.7,0.7027,0.4418,0.4167,0.7803,0.5,0.64,932
GEN_2589,THCAHKPHAHTDLSYLACLLLTCLNGCYKAKVFAAP,36,1.7,0.7432,0.4386,0.3726,0.636,0.5,0.64,933
GEN_5164,KYTKFGCCKLARRTLRGANATNFANWCGKVKVFAQV,36,7.72,0.7197,0.6444,0.4006,0.9956,0.6,0.64,934
GEN_7584,THCAKLTMAHACLTYLACLLLICSNGNAKGKIFAAH,36,2.62,0.6905,0.3697,0.3843,0.6553,0.5,0.6399,935
GEN_0870,SHCAKKIAAKHSLHWLACVLLTYFNTCLKATVFALF,36,3.69,0.7583,0.5171,0.4491,0.7408,0.6,0.6399,936
GEN_5534,YRCGKKPWKHADFSTLACLLLIILNGQGKTFTKVAV,36,4.82,0.7159,0.6159,0.3519,0.8405,0.7,0.6399,937
GEN_3368,HHCAKKPLAHLALSYLACILLILNNGCIKTWFKLPH,36,4.07,0.7373,0.5212,0.4491,0.7965,0.6,0.6399,938
GEN_1103,THCSAKPHAHACLSYLACVLLTYLNGCVKAKVFAIP,36,2.62,0.756,0.4791,0.4167,0.7161,0.5,0.6398,939
GEN_2436,THSAKKAAAKHFLKYLACVLLTYFINCLNTVTSLAP,36,3.55,0.7445,0.5648,0.4167,0.7528,0.7,0.6398,940
GEN_4246,TMLAIKGKAHACLSFLAMVLLIYNNLCLKARIFAAH,36,3.55,0.7293,0.4758,0.5463,0.769,0.7,0.6397,941
GEN_1630,THCAKKPLAKNCLHYLAVVLLTYLNGCVKAKVFAAP,36,4.54,0.7508,0.5104,0.4491,0.7462,0.6,0.6397,942
GEN_2307,TRYHKKPKYHDCLSNLACLLLTPVNGCAKAKVNAAR,36,5.54,0.7454,0.4399,0.3,0.4914,0.6,0.6396,943
GEN_5602,SYCYKKPKAHASLSTLAVLLLIILNGCVKAFTRAAV,36,4.52,0.7153,0.6269,0.4491,0.9556,0.7,0.6396,944
GEN_5484,LHCAKKIADKHTLHYLACVLLTYFINRYHAKAFAIS,36,4.08,0.7165,0.5132,0.3843,0.6975,0.7,0.6395,945
GEN_5711,VHTKMGCCKLALRTLRGANATNFANWCGKVKVFLPK,36,6.79,0.7142,0.5941,0.3977,0.9181,0.6,0.6395,946
GEN_6270,ILLCWPSKYNHPCIKLLKVRFKVSALADAFEALKKANS,38,4.82,0.709,0.5782,0.4474,0.9529,0.6,0.6394,947
GEN_2682,TVCAKKLVAKHRLHYLACVLLSYFNASLKNFTSALP,36,4.55,0.7425,0.498,0.4167,0.6438,0.7,0.6394,948
GEN_5928,TVCAKDFLAHACLSYLAAVLLTYNNGCVKAKVFAVP,36,1.45,0.7124,0.4272,0.5199,0.7657,0.6,0.6394,949
GEN_5532,GRCWYKPKAHAELSTLACLLLIINNGKGKGFTRLPRPNGIGTITR,45,6.83,0.7159,0.568,0.3481,0.8199,0.6,0.6393,950
GEN_1879,TRYHKKAHNHGCLSTLACLLLICNNGCLKGKIFAAH,36,4.7,0.7488,0.4765,0.3,0.6092,0.5,0.6393,951
GEN_5285,THCAKKPKAHACLSYLGVLLLIINNGCGKTFTKLPK,36,5.54,0.7184,0.5267,0.3194,0.7161,0.6,0.6393,952
GEN_0580,THCPKKPLALHCLHYIAFVLITYFNAHLKAKTFAVF,36,3.72,0.7612,0.4805,0.4815,0.6344,0.7,0.6392,953
GEN_4879,THAAKQPKAHACLSYLACQLLTITNGCVKVKVFAAH,36,3.63,0.7225,0.4555,0.3843,0.6522,0.6,0.6392,954
GEN_2165,THCAAKPKAHACLSNLACVLLTYLNGCVKAKVKVPK,36,5.53,0.7466,0.4652,0.3843,0.6787,0.5,0.6392,955
GEN_6189,THCAKKPTAHACLSYKVCVLLTYFNACVHAKVFAAK,36,4.61,0.7099,0.4104,0.3843,0.6734,0.5,0.6392,956
GEN_1568,PHCAKKAAAKNCLHYLACVLLTYTINALHVKAFKIS,36,5.18,0.7514,0.4835,0.4167,0.6638,0.6,0.6392,957
GEN_8103,AFGAMFCALARLALLCGLAHCQGGQNRVYASC,32,1.84,0.6781,0.5121,0.3377,0.7361,0.7,0.6391,958
GEN_8310,THCAKKPLLHHSLSYLACVLLSYFNASVHAKVFPVK,36,3.72,0.6714,0.4238,0.4167,0.684,0.7,0.6391,959
GEN_5641,THCAKKPHAHLCLSYLACLLLIICNGCAKVKHFAAH,36,3.78,0.715,0.4571,0.3843,0.805,0.4,0.6391,960
GEN_6931,THCAKFGAAKHSLHFLACVLLTYSIACLKTYTTLIP,36,2.63,0.701,0.4349,0.3843,0.6671,0.6,0.6391,961
GEN_4762,THCAKKIAAKHTLHYQADVLLTYFNSCLKATVFWAP,36,2.64,0.7238,0.4943,0.3843,0.6458,0.7,0.639,962
GEN_1850,THCGKKPLAKHCLHYLACVLLTYLTGCVKAKVFAIP,36,4.61,0.7491,0.4784,0.3843,0.6934,0.5,0.639,963
GEN_7344,THCAARPKAHENLSYLACVLLHYKNYCVHAKYFAAK,36,3.71,0.695,0.4183,0.3194,0.5883,0.6,0.639,964
GEN_6180,TRYRKKPHLHACLSTLAAALQVILNGCLKAKKIAAH,36,6.63,0.7099,0.4794,0.4212,0.69,0.7,0.6389,965
GEN_2722,THAAKKILAHANLSYLACVLLTYLNGCAKAKVFAVP,36,3.55,0.7421,0.5297,0.4815,0.759,0.7,0.6389,966
GEN_2328,FHMAKKTAAKHSLHYLAQVLLTYFNTCLKATVFALF,36,4.01,0.7453,0.5191,0.4491,0.7013,0.7,0.6389,967
GEN_3116,IHGAAKPHAHACLSYLACVLLTYLNGCVKAKVHAIP,36,3.07,0.7392,0.493,0.4491,0.7388,0.6,0.6389,968
GEN_6782,TRAHKKAHHHGCLSTLACLLLICRNGCLKGKIDAAH,36,4.79,0.7028,0.465,0.3,0.6948,0.5,0.6389,969
GEN_5778,TRYHKKPKYHASLSELACLLLTPFNGQLNAKVNAAR,36,4.56,0.7138,0.4273,0.3194,0.4914,0.7,0.6388,970
GEN_6428,TRCAVKPKAHACLYYTACLLLTTNNGCVKAKVFAPR,36,5.44,0.7073,0.3967,0.3519,0.6212,0.5,0.6388,971
GEN_7976,RKAAKTAATASRFKACTYKILHSRGSIYA,29,6.83,0.6821,0.5006,0.1685,0.3362,1.0,0.6388,972
GEN_2100,THCAKKPNAHACLSHLAALLLTCLNGCLKVKIDAAM,36,2.62,0.747,0.4795,0.4167,0.7316,0.5,0.6388,973
GEN_1941,THCAKKILAKHHLHYLASVLLTYFNACLKTWTKLAK,36,5.72,0.7482,0.5405,0.3519,0.6324,0.7,0.6388,974
GEN_5116,FLCWYKPKAAATLSTLAYLQAIILNPKGGTFTKLPKSFGIGTGNC,45,4.73,0.7201,0.5154,0.3778,0.7479,0.6,0.6387,975
GEN_3055,YDCAKKPLAKHCLHYLASVHVTYFNAVLKAKVFAIF,36,3.99,0.7398,0.5061,0.4491,0.6914,0.7,0.6387,976
GEN_1980,THCFKKPKAHACLSYLACLLLICNNGCLKAKVFAAH,36,4.6,0.7479,0.3943,0.3843,0.6212,0.4,0.6387,977
GEN_4316,THCAARAHAHLALSNMICILLKLNNGCIKTFFPLPK,36,3.63,0.7286,0.5369,0.4491,0.8346,0.6,0.6386,978
GEN_2574,TTCARKIAAKHCLHYLASVLLTYFIWGVKTFTLEAP,36,2.55,0.7434,0.4913,0.4167,0.6248,0.7,0.6386,979
GEN_2433,THCAKKPLAKTSLSYLATVLLTRFNACLHARAFAVP,36,4.55,0.7445,0.4694,0.4491,0.6183,0.7,0.6386,980
GEN_2449,THCAKKGAAKHCLHYLACVLLTYFNSKLNRKFFASF,36,5.62,0.7444,0.5086,0.3194,0.6211,0.6,0.6386,981
GEN_3042,TRCAKKPNKHACFSTLVCLLLNFLNGQGKTFTKLAV,36,5.45,0.7398,0.5639,0.3194,0.7235,0.6,0.6386,982
GEN_3925,THAAKKPLKHACLSYKACVLLDYLNGCVKAKVFAHP,36,4.62,0.7327,0.5287,0.3843,0.7456,0.6,0.6385,983
GEN_4931,THVAKKNLAKVCLHYLAFVLITYNNHCAKAKIFAAR,36,5.63,0.7219,0.5178,0.4167,0.718,0.7,0.6384,984
GEN_2785,THCAKKPLAKKTLHYLACALLTYFNAALDTFTKLHD,36,2.64,0.7417,0.5367,0.3519,0.6383,0.7,0.6384,985
GEN_3817,TWCGKKALAKHCLSYLACVLLTYFNACVDAKVFAVK,36,3.44,0.7335,0.4629,0.4167,0.7322,0.5,0.6383,986
GEN_4271,THLAMKPKAHACLSYLACVLLTYNNLCLKAKIFAAH,36,3.62,0.7289,0.4037,0.4491,0.6099,0.6,0.6383,987
GEN_5683,KHTKWECEKAALRHLRGAILTFTLYLLYY,29,2.92,0.7145,0.5799,0.1361,0.3572,1.0,0.6383,988
GEN_1273,FHCAKKPLAKHCLHSLACVLLTFLNGCVKAKVFAVK,36,5.98,0.7541,0.511,0.4491,0.7964,0.5,0.6383,989
GEN_7438,THCAAKPHAHACLSYLDCVLLTYLNGCVTAKVIAWH,36,0.7,0.6931,0.4102,0.475,0.796,0.5,0.6382,990
GEN_3994,THCAARGKAHHNLSYLACVLLHYGNACVHAKVFAAA,36,2.8,0.732,0.422,0.3843,0.5678,0.6,0.6382,991
GEN_4811,HRCWWKPKAHFELSTLACLLLIINNAKGKTFTKLPR,36,5.91,0.7232,0.5133,0.3843,0.6734,0.7,0.6382,992
GEN_6469,ILLCWPSRYTHPCIKLLKVRFKVSALADIFEALKKNNS,38,4.83,0.7069,0.5924,0.4167,0.9423,0.6,0.6382,993
GEN_7354,ILLCDPSRYTYPCIKLLKVRFKASALADIVEALKKNNS,38,3.74,0.6948,0.5724,0.386,0.9067,0.6,0.6382,994
GEN_2515,TRYRKKPHTHLCLSNLACLLLYPVNSCVYAKEFAAI,36,3.54,0.7439,0.4036,0.3519,0.4766,0.6,0.6382,995
GEN_4570,KHTKWECCKAALRHLRGAILTFTAYLLYY,29,3.91,0.7258,0.5963,0.1361,0.3572,1.0,0.6381,996
GEN_2881,TRYHKHPKYHPCLSNLACLLLTPVNGCLKAKVTAAG,36,4.62,0.741,0.4355,0.3194,0.5035,0.6,0.6381,997
GEN_8397,VPIKVERKLKMEALLLWLGVC,21,1.73,0.6677,0.5535,0.2747,0.56,1.0,0.6381,998
GEN_2330,TRYRKKPHNHACLSNLACLLLTPVNGCVKAKVFAAH,36,5.63,0.7452,0.4493,0.3519,0.5489,0.6,0.638,999
GEN_8663,KWPMCIPPCPKLAGLRANK,19,3.74,0.6523,0.4876,0.2088,0.5197,0.85,0.638,1000
GEN_1180,THAAKKPLKHACLSYLACVLLTYLNGCVKAKVFAHP,36,4.62,0.7551,0.5426,0.4167,0.7456,0.6,0.638,1001
GEN_0266,FHCAKKPLAKHCLHYIAFVLITYFNAHLKAKTFAIF,36,5.08,0.7654,0.532,0.4815,0.7013,0.7,0.6379,1002
GEN_7158,ILVCWFSKYNHSCIKLLKVRFKVSALVDAFEALKKANS,38,4.82,0.6976,0.5527,0.4167,0.8962,0.6,0.6379,1003
GEN_3267,THCAKKPKAHACLSFIGCLLLIINNGCLKAKVFAAR,36,5.53,0.7379,0.4472,0.4167,0.6921,0.5,0.6378,1004
GEN_7212,AYGAMSCALARLALCCGLAHCCGGQNRVYASC,32,1.82,0.6968,0.391,0.2298,0.4408,0.6,0.6378,1005
GEN_4686,KHTKWECCKAALRHLRGAILTFTLYLIYY,29,3.91,0.7245,0.5963,0.1361,0.3572,1.0,0.6377,1006
GEN_1325,TVCAVKIAAKHCAHYLATVLLTYFIWCVKTFTKLAF,36,3.54,0.7537,0.5461,0.4815,0.8177,0.6,0.6377,1007
GEN_3476,THLAKKPKAHACVSWLACLLLAINNGCVKAKVFAMR,36,5.54,0.7363,0.4448,0.4815,0.6895,0.6,0.6377,1008
GEN_7692,KHNKFECCKLALRTLHGANASNFANYCGKGNVFAAV,36,3.9,0.6887,0.512,0.3,0.7302,0.6,0.6376,1009
GEN_4615,NRYHKKPHYHACLSTLASYLLSILNGCVKLKVFAAH,36,5.08,0.7253,0.4715,0.3194,0.5303,0.7,0.6376,1010
GEN_6684,TVCAKKIAAKHCIDYLASVELTYFINCLKTFTSLIP,36,1.45,0.7043,0.5306,0.4225,0.8477,0.6,0.6376,1011
GEN_5340,TRYHKHPHYHAALSTLACLLLTGLNGCVKAKVFAAH,36,3.81,0.718,0.4547,0.3519,0.5515,0.7,0.6376,1012
GEN_8645,GRNDGCGLFGKGWRCHCAGGKMMNKCLA,28,3.81,0.6538,0.4462,0.09,0.358,0.8,0.6375,1013
GEN_8593,KWPMCIPPCPKLAGLRAVC,19,2.73,0.6573,0.5139,0.2702,0.6755,0.75,0.6374,1014
GEN_1193,SHCAKKIAAKHSLHYVACVLLTYFIATLKTFSSAIF,36,3.7,0.755,0.4668,0.4167,0.5488,0.7,0.6374,1015
GEN_6794,IILAWPSRYTHPCIKLLKVKFKVSVLADIAQALKKDYS,38,4.83,0.7027,0.6058,0.4474,1.0,0.6,0.6374,1016
GEN_4278,THCAKKGLAKHCLKYLACVLLTYLNGCVKAKVFAAP,36,5.52,0.7289,0.5173,0.3843,0.7951,0.5,0.6374,1017
GEN_8161,GCLYKRASKGARLRWWKKLPNCGFGN,26,6.74,0.6764,0.5624,0.0729,0.347,1.0,0.6373,1018
GEN_1484,TRYRKKPHTHLCLSNLACLLLYPVNSCVYAKVFAAI,36,4.54,0.7523,0.4175,0.3843,0.5061,0.6,0.6372,1019
GEN_7625,KRCKGQCNKAALSSTLACLQAIILNGCGK,29,4.72,0.6899,0.402,0.12,0.2282,0.8,0.6372,1020
GEN_4149,TRCFKKPKAHMCLSTLGCLLLIFLNDCLKATVFVAG,36,3.44,0.7303,0.5129,0.4167,0.8152,0.5,0.6372,1021
GEN_4653,THSAAKWHAHACLSYLMCVLLTYLNGCVKAKVFAIP,36,2.63,0.7249,0.493,0.4491,0.7603,0.6,0.6372,1022
GEN_7403,THCAKKPKGGACLSFIGCLLLIINNGCLKAKVFHAR,36,5.53,0.694,0.4194,0.3519,0.6787,0.5,0.6371,1023
GEN_4387,TRYHKKPKYHASFSNLACLLLIILRGQGKTYTKLHL,36,6.64,0.7279,0.4648,0.3374,0.5276,0.7,0.6371,1024
GEN_8292,LLLCDPSRYTHPCIKLDKVRFKASGLAEIFEALKKNSS,38,2.83,0.6722,0.5404,0.3246,0.8376,0.6,0.6371,1025
GEN_0398,LHCAKKPLAKHCLHYIAFVLITYFNAHLKAKTFAIF,36,5.08,0.7633,0.532,0.4815,0.7013,0.7,0.6371,1026
GEN_3536,NHCAKKIALKHSLHYLACVGLTYFIACLKTYTTLIP,36,3.98,0.7358,0.4332,0.3519,0.5375,0.6,0.6371,1027
GEN_1791,LHCARKAAAKTSLHYAMCVLLTYFNANLHAKAFAIP,36,4.0,0.7495,0.5005,0.4815,0.6799,0.7,0.637,1028
GEN_1155,THCAKKPLKHACLSYLACVLLTYLNGCVKAKVFAHP,36,4.61,0.7553,0.5262,0.3843,0.7456,0.5,0.637,1029
GEN_6237,THCAKKPLKKHCLCYLACVLVGYFNASLKAKVFAIF,36,5.52,0.7094,0.5104,0.4167,0.8588,0.5,0.637,1030
GEN_4489,THCAKKPKAHACLSYIACLLLICNNGCLKGKIFAAK,36,5.52,0.7267,0.3774,0.3519,0.5985,0.4,0.637,1031
GEN_6918,RVVCDPLCYIHHCLKLLKNRFKASALADIFELLKKNNS,38,3.9,0.7013,0.5608,0.3553,0.9001,0.5,0.637,1032
GEN_4105,THCPKKPMAHLCLSYLACLLLTCQNGCFKAKIFAPR,36,4.52,0.7307,0.4151,0.3843,0.6836,0.4,0.6369,1033
GEN_7413,ERYHKKPKYHACLSNEANLLINPVNGCVKAKVFAAY,36,3.99,0.6937,0.4747,0.3194,0.6044,0.7,0.6369,1034
GEN_4518,FRCWYKPKAAACLYSLADLNLIILGVKGKTFTKIPK,36,5.73,0.7264,0.4781,0.4167,0.6312,0.7,0.6369,1035
GEN_5698,TRYHKKPHYHTSLSTPACLLLTIANGCNKGKVFKAR,36,6.63,0.7144,0.4073,0.3369,0.4608,0.7,0.6368,1036
GEN_0255,FHCAKKIAAKHSLHYLACVLLTYFNTCLYRKVFAIF,36,4.98,0.7657,0.5226,0.4167,0.6798,0.6,0.6368,1037
GEN_7063,KHTHFDCCKIATRTLRGHNASNFASWCAKVKAFVAV,36,4.99,0.6992,0.6194,0.3194,0.8993,0.6,0.6368,1038
GEN_4364,TRCGKKPKAHACLSTLACASLIILNTHLKAKVFAAH,36,5.63,0.7281,0.4675,0.3843,0.6426,0.6,0.6367,1039
GEN_6703,THCAKKPKAHACLSYLYCLLLIINNGCLKAKIFFSR,36,5.53,0.7041,0.4031,0.3519,0.6252,0.5,0.6367,1040
GEN_2537,LMCAKKGAAKHSLHYIACGLLTYWIACLKFYTTNFG,36,3.9,0.7437,0.423,0.3519,0.499,0.6,0.6366,1041
GEN_4557,THCAKKPRAHACASYLACLLLIINNGAPHAKIFANR,36,4.63,0.7259,0.4395,0.4167,0.6326,0.6,0.6366,1042
GEN_4566,HRCWWKPKAHFELSTLACLLLIINNAKGKTFTKLPISFGIGNLSR,45,5.91,0.7258,0.4954,0.3778,0.6864,0.6,0.6365,1043
GEN_1606,THAAKKPLKHACLSYVACVLLTYLNGCVKAKVFAHP,36,4.62,0.751,0.5426,0.4167,0.7456,0.6,0.6365,1044
GEN_7648,THCAKKPLAPTTLNYLACVLLTYFNANLKTFTSLIP,36,2.46,0.6895,0.4742,0.4167,0.708,0.7,0.6365,1045
GEN_7690,GCLYKRCSKGARLRWWKKLPNCGFGN,26,6.73,0.6887,0.5432,0.0723,0.347,0.9,0.6365,1046
GEN_2548,NRCVKKPKAHACLSYFAALLLIINYPCGKTFTKLPH,36,5.9,0.7436,0.5145,0.3843,0.6834,0.6,0.6365,1047
GEN_7351,TKCAAKPKAHAALSYIICILLIIQNGCGKTFSKLPK,36,5.45,0.6949,0.5576,0.3843,0.8687,0.6,0.6365,1048
GEN_1455,FHTAKVTAAKHSLHYLACVLLNYFNTMLKVTVFALF,36,3.01,0.7526,0.5807,0.4815,0.8026,0.7,0.6364,1049
GEN_7954,LLLCNPSRYTHPCIKLLKVRFKASELADIFEALKKNQS,38,3.83,0.6826,0.5661,0.3553,0.882,0.6,0.6364,1050
GEN_5852,THCAKKPLRKHCLHYLGCVLLTGDNGSVKAAVFAAV,36,3.63,0.7131,0.5237,0.3519,0.7362,0.6,0.6363,1051
GEN_3435,TRYRKKPHSHLCLSNLACLLLTYFNACLHLKAFAFR,36,5.62,0.7365,0.4227,0.3519,0.5133,0.6,0.6363,1052
GEN_5509,TRHAAKPKHHACASYLACVLVTYLNGCVKAKVFAIH,36,4.71,0.7163,0.4652,0.3843,0.6633,0.6,0.6363,1053
GEN_4782,THCAKKPLAKHKLHYLACVLLTFYNGCYKGKVFAKK,36,7.62,0.7236,0.406,0.3944,0.5575,0.6,0.6362,1054
GEN_7414,AWIKTALLCCAIKIPNWRKALAKIRRKA,28,7.77,0.6936,0.691,0.3933,0.8345,1.0,0.6362,1055
GEN_7365,THCAKKPLAHHFLSYYACVLLTYFNLCVHAKVFLPK,36,3.71,0.6947,0.4427,0.4167,0.7075,0.6,0.6361,1056
GEN_4986,WWCWKKPKAHASLSTLACLLLIINNGKGKTFTKLPR,36,6.82,0.7213,0.5174,0.4322,0.719,0.7,0.6361,1057
GEN_6892,THCAAKPNAHACLSYLACVLLTYLNGCVGTYDKLPK,36,1.53,0.7017,0.4076,0.3525,0.6355,0.5,0.6361,1058
GEN_5124,TRYHKKPHLHACLSKLAAALLTILNGCVKAKKFVAH,36,6.72,0.7201,0.4881,0.4263,0.6668,0.7,0.6361,1059
GEN_7046,THCAKKPLAKHCLRYLWLVLLTYWDLKLHTNTLLIP,36,3.64,0.6993,0.5953,0.4167,0.8848,0.7,0.6361,1060
GEN_2879,TKPARKAAGKHCLHYLACVLAGYFINCFHTKADVIP,36,3.63,0.741,0.4787,0.3843,0.6266,0.6,0.636,1061
GEN_5020,THCTKKIAAKHCLEYLADVLVTYFIAALKTQTLLLP,36,1.55,0.7211,0.542,0.4481,0.7756,0.7,0.636,1062
GEN_1204,THAAKKILVKHCLHWLACVLLTYFNANLKTFTSFIP,36,3.63,0.7548,0.4965,0.4491,0.6216,0.7,0.6359,1063
GEN_7821,IGLWLCLCGAVYTLELPVCTAKRKGRT,27,2.73,0.6858,0.4874,0.1119,0.2963,0.9,0.6359,1064
GEN_4729,HRCWWKPKAHFELSTLACLLLIANNAKGKTFTKLPISFGIGNLSR,45,5.91,0.7241,0.4954,0.3778,0.6864,0.6,0.6359,1065
GEN_2421,TRYHKKPKYHACLSYLACLLLICQNGCLKGKIFAAH,36,5.61,0.7446,0.4089,0.3,0.4829,0.5,0.6358,1066
GEN_3882,TRCAKKPKVHARLSTLMCASNVLLNYCVKAFPRALV,36,6.45,0.733,0.6155,0.443,0.9296,0.6,0.6357,1067
GEN_0417,FHCAKKPLAKHSLHYLACVLLTYFNLCLKNFTSLIP,36,3.99,0.7631,0.5057,0.4167,0.6505,0.6,0.6357,1068
GEN_8444,RNDARGIGILCTCKSCIHIKGAPAWKEK,28,3.82,0.6656,0.4459,0.09,0.2515,0.9,0.6357,1069
GEN_1299,LHCAKKIAAKHSLHYLAHVLLTYFLACLKYFTSLAN,36,4.08,0.754,0.4996,0.4167,0.5949,0.7,0.6357,1070
GEN_0731,THCAKKAQAKHSLHFLALVLLTYFNACLKTFTILIP,36,3.63,0.7597,0.5064,0.4491,0.6248,0.7,0.6357,1071
GEN_7047,DHCAKKILAKHCLHFLCCVLLTYENLCLKTKAFAIP,36,2.97,0.6993,0.4672,0.3843,0.8352,0.4,0.6356,1072
GEN_8514,FHTKFWCCELALRTLRGVNASNFVSWCGYTKGYAAV,36,2.82,0.6624,0.5663,0.3194,0.8883,0.6,0.6356,1073
GEN_7058,KHTKFDKASLALRFLRGAGASNFAEWCGKVKTFYAV,36,4.84,0.6992,0.574,0.3519,0.781,0.7,0.6356,1074
GEN_0384,LHCAKKIAAKHSLHYLACVFLTYFHACNKTNTTALF,36,4.07,0.7636,0.4411,0.3519,0.4759,0.6,0.6356,1075
GEN_7473,KRTALTAATASRFDAKTYKILHSRGSWYYVLVAK,34,5.84,0.6924,0.4877,0.2837,0.5181,0.8,0.6356,1076
GEN_3505,TKCAKKPLAKHCLHYLAMAQLLDLTGCVKAKVFYVK,36,5.53,0.7361,0.4784,0.3843,0.6343,0.6,0.6356,1077
GEN_1691,THCAKKPLAKHCLHYLACVLLTYFNANLKTFTSFID,36,2.63,0.7503,0.4645,0.3519,0.5455,0.6,0.6355,1078
GEN_5673,THCVKKGAAKHMLKYLACVLLTYEINCLHAKLLAIP,36,3.63,0.7146,0.5396,0.4167,0.8186,0.6,0.6355,1079
GEN_1508,THCAAKPHAHLALSYLACILLILNNGCIKTWFKLPK,36,3.63,0.752,0.5592,0.4491,0.7965,0.6,0.6355,1080
GEN_3542,LHPAKKIAAKHCLHSLACVLLTYGINCLKNDTSLLP,36,2.99,0.7358,0.5024,0.3843,0.6747,0.6,0.6355,1081
GEN_3780,NHCAKKPKAHACLSYLACLLLTPVNGRVKAKYWPAH,36,5.98,0.7338,0.3881,0.3843,0.4892,0.6,0.6355,1082
GEN_3797,LHCAKKCAAKHSLHYLAEFLLTYVIGCLKTFTSLIP,36,2.99,0.7337,0.4883,0.3843,0.6557,0.6,0.6354,1083
GEN_2524,THCAAKPKAHAALSFMACVLLTYLNGCVKAKVFAVP,36,3.54,0.7438,0.5207,0.5139,0.8159,0.6,0.6354,1084
GEN_3018,THCAKGFLAHACLSYLAALLLTYLNGCVKAKVFAVP,36,2.54,0.74,0.5068,0.4815,0.769,0.6,0.6354,1085
GEN_4790,THCAKKIAAKHDNHYLAWVLLTYFINCLKTFNSLIK,36,3.63,0.7235,0.5865,0.3519,0.7441,0.7,0.6354,1086
GEN_3198,THCADKFKAHACLTYLACLLLIINNGCLKAKVFAAR,36,3.53,0.7384,0.417,0.4167,0.6245,0.5,0.6354,1087
GEN_1481,THSTKKIAAKHCLHYLACVLVTYFINCIKNFTSLIP,36,3.62,0.7523,0.5564,0.3519,0.6933,0.6,0.6354,1088
GEN_6886,KHNKFDKKSLWLRTLRGANASNFASWCGKVKDFVAV,36,5.83,0.7018,0.5184,0.3194,0.6481,0.7,0.6353,1089
GEN_3215,THCAKKPLAKHCLHWLACVLLTYLNAELKTFTKLAG,36,3.63,0.7383,0.5185,0.3843,0.6947,0.6,0.6353,1090
GEN_7718,LYGSMSCILARLALCLGLAHCCGGQNRVYLNC,32,1.8,0.6882,0.4163,0.2316,0.4883,0.6,0.6353,1091
GEN_4021,THCAAKPQAHAALSFMACLLLIKNNGSIKTATKLVK,36,4.55,0.7316,0.5668,0.4167,0.7556,0.7,0.6352,1092
GEN_6348,THGAKKPKAHACLSYLPCLALTCLYGCVKAKVFAPR,36,5.53,0.7083,0.4163,0.3843,0.6602,0.5,0.6352,1093
GEN_4211,THCAKKPLAKTSLSYLAFVLLTYFIACLHAKAFAAK,36,4.55,0.7298,0.4832,0.4815,0.6852,0.7,0.6352,1094
GEN_2915,TVCAKKFLAHACLSYLSAVLLTYLNGCVKAKYVAVP,36,3.45,0.7407,0.493,0.4491,0.71,0.6,0.6351,1095
GEN_1314,YHCAKKTAAKHSLHYLACVLLTYFNTCNKATVFALF,36,3.98,0.7539,0.4463,0.3519,0.5039,0.6,0.6351,1096
GEN_5832,DHCAKKHAAKVSLVYLACVLLTYFIACLKFYTTNFS,36,2.9,0.7133,0.4508,0.3843,0.6384,0.6,0.6351,1097
GEN_4864,TRYRKRAHNHASLFTLACLCLTIINGVAKAKVFAAH,36,5.64,0.7226,0.4944,0.3843,0.6223,0.7,0.635,1098
GEN_3392,THCAKKILAGHHLHYLAGVLLTYFNACLKTWTKLAK,36,4.72,0.737,0.5405,0.3519,0.6324,0.7,0.6349,1099
GEN_6539,THCAKKPDAHACLSYLACLLLICNNGCLHGKIFAAH,36,1.69,0.706,0.3636,0.3732,0.6312,0.4,0.6349,1100
GEN_4695,SRYMKKPHSHAAASTLACLLLINNNGCLKGKIFAAH,36,4.7,0.7244,0.5188,0.3519,0.6247,0.7,0.6348,1101
GEN_4392,TRLDQKPKAHACISTLAELLLIFLNACKKAKVFVAQ,36,3.46,0.7278,0.4852,0.4491,0.6585,0.7,0.6348,1102
GEN_2759,THCAAKPKAHAAMSFMACIFLILNNGCIKTKIFAAH,36,3.63,0.7418,0.4465,0.4815,0.6599,0.6,0.6348,1103
GEN_2924,THCAKKPLAHACLSYLACVLLTYLGGCVKAKGFAAK,36,4.53,0.7407,0.4343,0.3843,0.6111,0.5,0.6347,1104
GEN_5871,KHTKFECCKVALRTLRGANASNFASWCGKLKVFAAV,36,5.82,0.7129,0.6141,0.3519,0.8769,0.6,0.6347,1105
GEN_0262,SHCAKKAAAKHCLHYLACVTLTYFINSLHAKAFALF,36,3.77,0.7656,0.4602,0.4167,0.5621,0.6,0.6347,1106
GEN_2840,LHTAKKIAAKHSLHYLAWVLLTYRIACLKTCTTLIP,36,5.0,0.7413,0.4748,0.4167,0.5766,0.7,0.6347,1107
GEN_2205,THCAQKLDAKHCIHYLACVLLTYFNSKLKARVFLAP,36,3.63,0.7463,0.4623,0.3843,0.5782,0.6,0.6347,1108
GEN_4414,TRCFKKPNKHTCFGNVACLLLVILNGQGKTFTKLAL,36,5.45,0.7276,0.5558,0.3194,0.7123,0.6,0.6346,1109
GEN_2684,TRYRKTPHNHACLSTLACLCLTIFNGCVKAKVFAAH,36,4.62,0.7425,0.4229,0.3194,0.5227,0.5,0.6346,1110
GEN_3413,THCAKKPEAKHCLHPLAIVLLTYFNACLKTKVFAVK,36,4.63,0.7367,0.4829,0.4167,0.6664,0.6,0.6346,1111
GEN_2595,TRCAKKPKAHACLCTLALLLLIVLNETLKTDTFRPK,36,4.45,0.7432,0.4733,0.3843,0.6029,0.6,0.6346,1112
GEN_8466,KRRLGRVFALCGRGPIKIALK,21,6.75,0.6646,0.6413,0.1325,0.5481,1.0,0.6346,1113
GEN_0993,THCAKKIKAKHCLHYLACVLLTYFIGCLKTFTSAAG,36,4.61,0.7571,0.4366,0.3194,0.5114,0.5,0.6346,1114
GEN_6207,DHCAKKILAKHCGHYLKCVLLTYFNYCKKTFTSAAP,36,4.97,0.7097,0.4558,0.3,0.6344,0.5,0.6346,1115
GEN_3248,THLAMKPKAHACLSYLACVLLTCNNGCLKAKVFAPR,36,4.53,0.7381,0.4003,0.4167,0.5919,0.5,0.6345,1116
GEN_4220,TRYHKNPKYHACLSTVACLLLTHLNGCKKAKVFAAH,36,5.71,0.7297,0.3952,0.3,0.419,0.6,0.6345,1117
GEN_2147,THCAKKILAKHCLHYLASVLLTYLNPCMKAKPKAAD,36,4.63,0.7467,0.4775,0.3843,0.6003,0.6,0.6344,1118
GEN_6286,TNCAKKPKAHFCLSYLLCLALIINCLCLKAKVYAAR,36,5.43,0.7089,0.4316,0.4167,0.7777,0.4,0.6344,1119
GEN_5068,DRLVHKPKGHASISTLNCLLLIALNACLKAKVFHAR,36,5.0,0.7206,0.4976,0.4167,0.6607,0.7,0.6344,1120
GEN_1825,NHCAAKPKAHACLSYLACVLLTYLNGCVKTFTSLAD,36,1.89,0.7493,0.4944,0.3593,0.6633,0.5,0.6343,1121
GEN_3605,THCAAKPKAHNCLSNLACVLLTGVNGSVKAAVFAAV,36,2.54,0.7353,0.5188,0.4491,0.7603,0.6,0.6343,1122
GEN_6255,AYGAMSCALARWTLDIAVCTLKRKGAT,27,2.77,0.7091,0.4971,0.1551,0.2244,1.0,0.6343,1123
GEN_6421,TRCAKKPKAHAAVSTLAALCLIILIGTVKAFTKLAV,36,5.46,0.7074,0.5469,0.5139,0.8693,0.7,0.6342,1124
GEN_2411,THCAKKPLAKHCLSYLACVLLTYFNPCVKAKGFPAT,36,4.53,0.7447,0.4829,0.3843,0.6795,0.5,0.6342,1125
GEN_5828,TRYHKKPKYHMCLSNLACLLITPWNGCLKVKVNAMR,36,6.54,0.7133,0.4237,0.3507,0.5537,0.6,0.6342,1126
GEN_6681,THCAIHALAKHSIHYLACVLYTYLNGAVKAKVFAVG,36,2.72,0.7044,0.4962,0.4167,0.6939,0.7,0.6341,1127
GEN_5771,THLAMKPKAHACLSFLAKLLLIANSGCLKAKVSLAK,36,5.55,0.7138,0.4959,0.4815,0.7362,0.7,0.6341,1128
GEN_2083,THCVKKPLAWHALHYLACVLLTQLNTCVKAKVFAVK,36,4.62,0.7471,0.5069,0.4491,0.711,0.6,0.634,1129
GEN_0805,LHCAKKIAARHSLHYTACVLLTYFIAALKTFTSLAG,36,4.0,0.7589,0.5035,0.4167,0.5782,0.7,0.634,1130
GEN_2267,THCAKKPLAHAALSYLACVLLTYRSGCVKAKVFPAV,36,4.54,0.7457,0.4659,0.4491,0.6458,0.6,0.634,1131
GEN_7044,THCAKKAAAKHCLHRLACVLLTYFINSAKNFTSLVE,36,3.63,0.6994,0.515,0.3519,0.7374,0.6,0.6339,1132
GEN_1205,THCAKKPLAKTSLSYLAFVLLTYFNACLHAKAFAVP,36,3.55,0.7548,0.4832,0.4815,0.6183,0.7,0.6339,1133
GEN_5269,LHCAKKIAAKHSLHFLACSSVTYCQGCLKAFTNPAP,36,3.98,0.7186,0.4622,0.3519,0.6712,0.5,0.6339,1134
GEN_7688,AWIKTALLCCAIVGGWKCLRLKAVRPVV,28,4.76,0.6888,0.5357,0.3317,0.577,0.9,0.6339,1135
GEN_6590,ILLCDASRFTYPCIKLLKVRFKASALADIVEVLKKNNS,38,3.74,0.7055,0.5926,0.4167,0.9174,0.6,0.6339,1136
GEN_2606,THCAKKIAAKHSLHYLACVLINYFNLCLKNFTKVAG,36,4.62,0.7431,0.538,0.3519,0.6733,0.6,0.6338,1137
GEN_2573,THCAAKPHATACLSYLACVLLTYLNGCVKAKVFAAH,36,2.62,0.7434,0.4791,0.4167,0.7061,0.5,0.6338,1138
GEN_1291,STCAKKLLAKHCLHYLACVLLTYFRGCLHAKAFGAD,36,3.68,0.7541,0.4601,0.3519,0.5837,0.5,0.6337,1139
GEN_1510,THCIKKPLAKHCLHYLACVLLTYFNANLKTFTSFIP,36,3.62,0.752,0.4784,0.3843,0.5849,0.6,0.6337,1140
GEN_8488,TRYHHKPKYHACLSNLGCELLTPVNGCAKAKINFAR,36,4.63,0.6633,0.4202,0.3,0.6105,0.6,0.6337,1141
GEN_6678,ILLCDPSRYTKPCIKLLKVRFKASALADIFEALKKNNS,38,4.74,0.7044,0.6262,0.386,0.9442,0.6,0.6337,1142
GEN_6320,SAFMRVCTGWLLKTFARSKCQRLFIHAKFHAL,32,5.61,0.7086,0.5292,0.3267,0.5123,0.9,0.6336,1143
GEN_1686,THCAKKILAKHHLHYLACVLLTYFNARLHAKAFAIP,36,4.81,0.7504,0.4702,0.4491,0.5721,0.7,0.6336,1144
GEN_0953,THAAAKPHAHACLSYLACVLLTYLNGCVKAKVFAIP,36,2.63,0.7575,0.5068,0.4815,0.7161,0.6,0.6336,1145
GEN_1815,THCAKKPVIKHCLHYLACVLLSYLNGCVKAKVFASK,36,5.61,0.7493,0.4869,0.3519,0.6393,0.5,0.6336,1146
GEN_6504,TRCCKKPKAHASISTLACHLLIIKNGNKKALVFAAW,36,6.54,0.7065,0.4637,0.4156,0.6973,0.6,0.6336,1147
GEN_1929,THCAKKFLAHACLSYLAAVLLTYLNGCVKAKVFAVP,36,3.54,0.7483,0.5085,0.4815,0.7395,0.6,0.6335,1148
GEN_6868,KHTQFDCCKIALRTLRGANASEFASFCGKVKVFVAV,36,3.82,0.702,0.6178,0.3519,0.9004,0.6,0.6335,1149
GEN_7800,THCAAKPHAHLALSYSACISLILNNGCIKTFFVAPK,36,2.63,0.6865,0.429,0.4167,0.6866,0.6,0.6335,1150
GEN_3449,THCYSKPLAKTSLSYLACVLLTRFNACLHAKAFAAK,36,4.54,0.7364,0.4416,0.3843,0.5588,0.6,0.6335,1151
GEN_5601,YRCYYKPKARAGLSTLACLLMIIANGCLKAKVFAAR,36,6.72,0.7153,0.4798,0.4589,0.7453,0.6,0.6334,1152
GEN_2339,THCAMKPKAHACLSFLACLLLIYNNGCAKAKVFAAH,36,3.62,0.7452,0.4041,0.4491,0.6064,0.5,0.6334,1153
GEN_3893,THCAKKPKAHANLSYLACVLLHYWNACAHAKVFAAK,36,4.71,0.733,0.4153,0.4167,0.5547,0.6,0.6334,1154
GEN_1816,THCAKKPLAKHCLHYLAAVLLTFFNADLKTFTKLIP,36,3.64,0.7493,0.5446,0.4491,0.698,0.7,0.6334,1155
GEN_3714,TRYHKKAHPHMCLSTLACLLLICNNGCLKSKIFAAH,36,4.7,0.7343,0.4666,0.3194,0.6065,0.5,0.6334,1156
GEN_6438,FHTKFRCCELALRTLRGVNAAIILNGKGKTFTKIPK,36,6.83,0.7072,0.6388,0.3676,0.8708,0.7,0.6333,1157
GEN_2203,THCAKKPLAKHCLCYLACVLLTYLNGCVKAKVFAVP,36,4.52,0.7463,0.4791,0.4167,0.7624,0.4,0.6333,1158
GEN_1961,TKCAKKLLAHHCLHYLACVLLTYFNAALHGRAFAFG,36,3.71,0.7481,0.4812,0.4167,0.6276,0.6,0.6332,1159
GEN_2469,TRYSKKPKYHACLSYLACLLLICNNGCLKAKVFAAH,36,5.52,0.7442,0.4311,0.3194,0.5228,0.5,0.6332,1160
GEN_6041,FRCWYKPKGAACLSTLACLQAIILNGIYG,29,2.73,0.7113,0.4448,0.2166,0.2525,0.9,0.6331,1161
GEN_1654,THCAAKPHAHACLSYLACVLLTYLNGCVKTWFKLPK,36,3.61,0.7506,0.5339,0.3843,0.7436,0.5,0.6331,1162
GEN_2489,FHCFKKPLAKHCLNYHACVLLTYFRAFKKVYTKPIP,36,6.98,0.7441,0.6209,0.4416,0.8942,0.6,0.6331,1163
GEN_0783,FHCAKKIAAKHSLHYLACVLVTYFIAGLKTFTSLAP,36,4.0,0.7592,0.4881,0.4491,0.5782,0.7,0.6331,1164
GEN_1344,FHCAKKTAAGHTLHYLACVLLTYFNTCLKLTVFALF,36,2.99,0.7536,0.5008,0.4167,0.6473,0.6,0.6331,1165
GEN_5240,THCIKKLAAKHCQHYLACVLVNYFIAWLKNWTSLIF,36,3.62,0.7189,0.5198,0.4167,0.7595,0.6,0.6331,1166
GEN_3265,THAAKTAAAKHALHYLVCVLLTYFINCLKNFTSLIP,36,2.63,0.738,0.5836,0.4491,0.7869,0.7,0.6331,1167
GEN_3412,THLAMKPKAHGCLSFLACLLLTYLNGCVKAKYFAVP,36,3.54,0.7367,0.493,0.4491,0.7053,0.6,0.633,1168
GEN_2319,THCAKKPLAHASLSYLACVILTYFNACVKAKVFARK,36,5.54,0.7453,0.4937,0.4167,0.654,0.6,0.633,1169
GEN_2984,TNCAKKAAMKNCLKYIACVLLTYFNTMLNKKVFLIF,36,5.36,0.7403,0.5528,0.4167,0.7636,0.6,0.633,1170
GEN_2836,THCAAKPHAHACLSYLACVLLTYNNGSIKTFFKLPK,36,3.62,0.7413,0.5198,0.3519,0.6419,0.6,0.633,1171
GEN_3823,TRYHKKPRYHARLSTLACLCLTIFNGCVKAKVFAAH,36,6.62,0.7335,0.5271,0.3558,0.6763,0.6,0.633,1172
GEN_7193,FHCAHHGLAKHCLHYLAAVLHTFLNGCVKAKAFAVK,36,4.25,0.6971,0.5179,0.4167,0.8062,0.6,0.6329,1173
GEN_8516,KRRLGIVFALQARGPIKIALK,21,5.76,0.6621,0.5489,0.2,0.4551,1.0,0.6328,1174
GEN_0774,FHCAKKAAAKHSLHYLACVLETYFINLLHAKAFAIP,36,3.09,0.7593,0.4888,0.4815,0.6095,0.7,0.6328,1175
GEN_6640,EHCWKKPKWHASLSTLACLQCIILNGFGKTETLKKN,36,3.98,0.7047,0.378,0.3,0.4373,0.6,0.6328,1176
GEN_1764,FHCAKKIADKHSLHYLACVLLTYFNSFLKATVFALF,36,3.0,0.7498,0.5596,0.4491,0.7174,0.7,0.6328,1177
GEN_4743,HHCAKKPLAHLALSYLACILLILNNVCIKTWFKWPH,36,4.07,0.7239,0.5029,0.4815,0.7817,0.6,0.6327,1178
GEN_8280,FVAWHLLIWTSPRLLGRDAWSKRCV,25,2.84,0.6727,0.6171,0.1867,0.5294,1.0,0.6326,1179
GEN_5782,TRYHKKAHAHACLSTLAAALLTILNGCVKNKKFALH,36,5.72,0.7137,0.4727,0.3519,0.5584,0.7,0.6326,1180
GEN_7024,SAFMRVCTGWLLKGAARSKVLWVIWLFFKHH,31,4.62,0.6997,0.548,0.3908,0.6221,0.9,0.6326,1181
GEN_1515,THCAKKIAAKHCLHFLACVLLTDFIACAKTYTTLIP,36,2.62,0.7519,0.4708,0.4167,0.6638,0.5,0.6325,1182
GEN_1883,THLAKKAAAKHRLHQLACVLLTYFINCLHAKALAMY,36,4.72,0.7488,0.4965,0.4491,0.613,0.7,0.6325,1183
GEN_0195,THCAKKIAAKHSLHYLACVLLTYFIACLKTYTTLIP,36,3.62,0.7667,0.44,0.3843,0.4785,0.6,0.6325,1184
GEN_7880,GCKKRFGDFYVLLFILTFKKAKTPKFVWVVKA,32,6.74,0.6845,0.5248,0.4065,0.6334,0.9,0.6324,1185
GEN_2197,THCAKKPLAKHCLHYLACVLLTYFNAAGHAKARAAD,36,3.72,0.7464,0.4784,0.3843,0.5883,0.6,0.6323,1186
GEN_7104,KHTKFGCCKFLLRTLRGANATNFANKCGKVKVFAAV,36,7.81,0.6985,0.6043,0.4251,0.9505,0.6,0.6322,1187
GEN_5490,THSAKKIAAKHCLHYLPCVLLTSFIASLKAKVFAIF,36,4.63,0.7165,0.5053,0.4815,0.733,0.7,0.6322,1188
GEN_8406,RVIHKVNIKKLSCLRILCGAGC,22,4.81,0.6675,0.4226,0.0106,0.1058,0.9,0.6322,1189
GEN_7948,SAFMRVCTGWLLKTFARSKCQRLFIKAKFHAL,32,6.52,0.6827,0.5292,0.3572,0.5937,0.9,0.6321,1190
GEN_0907,NHCAAKPHAHACLSYLACVLLTYLNGCVKAKVFAIP,36,2.98,0.7579,0.493,0.4491,0.7161,0.5,0.6321,1191
GEN_0918,THCAAKPHAHACLSYLACVLLTYLNGCVKAKVFAIP,36,2.62,0.7578,0.493,0.4491,0.7161,0.5,0.6321,1192
GEN_1590,NHCAAKPHAHACLSYLACVLLTYLNGCVKAKAFAAK,36,3.98,0.7511,0.4791,0.4167,0.6767,0.5,0.6321,1193
GEN_1297,TVCAKKIAAKHCYHWLACVLLTYFNANLKTFTILIP,36,3.54,0.754,0.479,0.4491,0.6356,0.6,0.6321,1194
GEN_7961,TRYHKYPKYHLCLSNLKCLLLTILNGCVKAKVFAAQ,36,5.53,0.6825,0.4603,0.3194,0.6406,0.6,0.632,1195
GEN_7603,KHKKFECAKLALRTRKGANASNFASWMGKAKYFAYV,36,7.83,0.6902,0.4613,0.4263,0.6647,0.7,0.632,1196
GEN_2788,THCAKKPKAHACLSYLAYLLLTCLNGCVKAKVFAVP,36,4.53,0.7416,0.4795,0.4167,0.6988,0.5,0.632,1197
GEN_7292,VHTKMGCKKLALRTLRGANASNFASKCGKVKVFVAV,36,7.8,0.6958,0.5901,0.4566,0.8968,0.7,0.632,1198
GEN_5107,TRSAKKPKAHATLSTTACLLLIILNGKGKTFTKLPK,36,7.47,0.7202,0.4506,0.4051,0.5556,0.7,0.632,1199
GEN_2680,THCSKKPLAHACLSYLACVLLTYLNGCVKDKVFAVP,36,2.53,0.7425,0.4823,0.3843,0.6687,0.5,0.632,1200
GEN_3037,TGCGKKPLLKHCLHYLACVLLTYMNGCIKAKVFAIK,36,5.52,0.7399,0.4778,0.3519,0.6353,0.5,0.632,1201
GEN_7689,KHTKFDCCKIALRHGRGANAFDFWSWCYKAKVFAAI,36,4.9,0.6888,0.5847,0.3519,0.8653,0.6,0.6319,1202
GEN_8261,AYGLMSCCLARDDLCCGLAHCCGGYSRYA,29,-0.18,0.6735,0.3539,0.2724,0.3704,0.7,0.6319,1203
GEN_2358,LHCAKKAGAKHTLHYLACVLLTYFNWCLHNFTSAFP,36,3.07,0.745,0.4415,0.3843,0.5274,0.6,0.6319,1204
GEN_8083,RLTKFGCCKLALRTVHNADATNFGNWCHKVKVFAAV,36,4.9,0.6788,0.5509,0.3519,0.8317,0.6,0.6318,1205
GEN_4452,FRCWYKPKAHAPLSTVAMLLLIILNPCVKAKVKLAV,36,5.82,0.7271,0.539,0.5787,0.8595,0.7,0.6318,1206
GEN_8273,HRCWKQCCKLLLRTLHGANNSDFGSWIGKAKVKAAV,36,5.9,0.673,0.5936,0.3,0.8636,0.6,0.6317,1207
GEN_5938,KHTKFECCKLALRTLRGANASNFASWCGKVKVFAAV,36,5.82,0.7123,0.6141,0.3519,0.8574,0.6,0.6316,1208
GEN_0004,FHCAKKTAAKHSLHYLACVLLTYFNTCLKATVFALF,36,3.99,0.7748,0.5032,0.4167,0.5916,0.6,0.6316,1209
GEN_3528,THLAIKYKAKACLSFLGCLLLIYNNLCLKAKIFAAH,36,4.54,0.7359,0.4605,0.4491,0.6432,0.6,0.6316,1210
GEN_6968,KHWKFDCMKIKLRTLRQANVSNFASWCGKVKVFVAV,36,6.82,0.7005,0.5374,0.4322,0.7709,0.7,0.6316,1211
GEN_7524,KHTKFECCKLALRTLKGANASNFASWMGKAKVFAAV,36,5.82,0.6915,0.5905,0.3843,0.832,0.7,0.6316,1212
GEN_1603,THLAMKPKAHACLSFLACLLLIYNNGCLKAKVFAAH,36,3.63,0.7511,0.418,0.4815,0.569,0.6,0.6315,1213
GEN_7859,PKVLSGVLPLHAPKWLAKANDAFLAFC,27,2.03,0.6851,0.6204,0.3711,0.6835,1.0,0.6315,1214
GEN_1259,THCAKKIAAKHCAHYPACVLLTYFIWCLKTYTTLIP,36,3.61,0.7544,0.4305,0.3843,0.5508,0.5,0.6314,1215
GEN_4372,TRYHLKPKYHACLSNLACYLLTPVNGAVKAKVFAAR,36,5.55,0.7281,0.4772,0.3843,0.5569,0.7,0.6314,1216
GEN_3974,TRYHKKPKYHACLSNLACELLTPVNGCAKAKINFAR,36,5.54,0.7322,0.4347,0.3,0.4579,0.6,0.6313,1217
GEN_2424,THCAKKPLAKKCQHYLACVLLTYLNGCVKAKVFAVP,36,5.52,0.7446,0.5085,0.3843,0.7028,0.5,0.6313,1218
GEN_8082,GRNIGCGLWGKGWRCRCAGGKMINKCLA,28,5.72,0.6788,0.4323,0.09,0.2351,0.8,0.6313,1219
GEN_7656,RKALWFKLRGGDPQKIKHILTFTKYFIYA,29,5.84,0.6894,0.5392,0.1763,0.3415,1.0,0.6313,1220
GEN_8232,GRLYKRCSKGARLRWWKKLPNCGFGN,26,7.74,0.6744,0.6038,0.1312,0.4396,1.0,0.6313,1221
GEN_1932,THAAKKPLKHACLSYLACVLLTYLNGCVKAKVFAVK,36,5.53,0.7483,0.5426,0.4167,0.7161,0.6,0.6312,1222
GEN_7221,AYGAMSCALARLALCCGLAFCCGGSWMGKAKV,32,2.74,0.6967,0.438,0.3267,0.5719,0.6,0.6311,1223
GEN_1813,VHCAKKILAKHHLHYLACVLLTYFNANLKTFTSLIP,36,4.06,0.7494,0.49,0.4167,0.5587,0.7,0.6311,1224
GEN_4178,TRCFKKPNKHTCFGNVACLLLVILNGQGKTFTHLAL,36,4.54,0.73,0.5558,0.3194,0.6828,0.6,0.6311,1225
GEN_2499,TRFHKKPHYHLCLSNLAVLLLTPVNGCLKAKVTAAG,36,4.63,0.744,0.5072,0.3843,0.567,0.7,0.631,1226
GEN_3709,LHLAKKIGAKHSLHYLACSLVTYCAGCLKAFTNPAP,36,3.99,0.7344,0.4453,0.3843,0.5528,0.6,0.631,1227
GEN_8177,NHCAAKPKAHACLSYLACVHLTYLNGCVFTFTSLAD,36,0.98,0.6759,0.3605,0.4231,0.6533,0.5,0.631,1228
GEN_0395,LHCAKKIAAKTSLHYLACVLLTYFIVCLKTYTSLAP,36,3.9,0.7633,0.4848,0.4167,0.5837,0.6,0.631,1229
GEN_1412,THCAKKPLAKTSLSYLACVLLTYFNACLHAKAFAAK,36,4.54,0.7529,0.4555,0.4167,0.5588,0.6,0.631,1230
GEN_1824,THCAAKPHAHACLSYLACVLLTWLNGCVKAKVFAAH,36,2.7,0.7493,0.5025,0.4491,0.745,0.5,0.631,1231
GEN_0480,THCAKKIAAKHSLHYLACVLLTYFIACLKTYTSLIP,36,3.62,0.7623,0.44,0.3843,0.4785,0.6,0.6309,1232
GEN_3825,TRYRKKPHNHACLSTLACGLLTILNGCVKAKVFAPR,36,6.54,0.7335,0.4603,0.3508,0.5456,0.6,0.6309,1233
GEN_5099,KHCWKKPKAHAELSTLACLQCIILNGKGKTFTKLPK,36,6.9,0.7203,0.4367,0.3525,0.539,0.6,0.6309,1234
GEN_2550,THCAKKAAAKHCAHYLACVLLTNFINCLHAKAFGIP,36,3.7,0.7436,0.4972,0.4167,0.716,0.5,0.6309,1235
GEN_4770,TKYHKKPHYHASLSTLACFLLTIVNGAVKWKVFAAH,36,4.73,0.7237,0.5059,0.3843,0.6117,0.7,0.6309,1236
GEN_7639,TYCLKKPLAKHCLHYLAKVLNTYFQANLKTFTSVWP,36,4.54,0.6897,0.5269,0.3519,0.6934,0.7,0.6309,1237
GEN_2495,LHCAKKIVAKHSLHFLADVLLTYFIACLKTCTTLIP,36,2.99,0.7441,0.5148,0.4491,0.7098,0.6,0.6308,1238
GEN_0923,THCAKKIAAKHCLHYLAIVLLTYFIACLKVYTTNIP,36,3.62,0.7578,0.4413,0.4167,0.5228,0.6,0.6308,1239
GEN_7602,AYGAMSAALAVLALCCGAAHCCTGQNRVYASC,32,0.83,0.6902,0.3933,0.372,0.5554,0.6,0.6308,1240
GEN_6157,KHTKFECCKVALRTLRGANASNFASWCGKVKVFAAV,36,5.82,0.7101,0.6141,0.3519,0.8574,0.6,0.6308,1241
GEN_3255,THCADKPKAHACLNYLACLLLIINNGCLKAKIFAAR,36,3.53,0.738,0.4191,0.4167,0.5985,0.5,0.6308,1242
GEN_6856,KHTKFDHCKIYLRHLREANAFNFWSWCYKAKVFAAI,36,5.0,0.7021,0.5926,0.3519,0.7723,0.7,0.6307,1243
GEN_3602,THCAKKPLAKHCKHWLACVLLTYFNHPLTTFTKLPK,36,5.71,0.7353,0.541,0.3519,0.6752,0.6,0.6306,1244
GEN_4121,SHDAKKIAAKHCLHYLAYVLLTYFIWWVKHFTLLAP,36,2.79,0.7306,0.5097,0.4815,0.6971,0.7,0.6306,1245
GEN_4327,LHCDKKIWAKHSLHYLACVLDTYFIACLKTGTSLAP,36,1.99,0.7285,0.4246,0.3527,0.4981,0.6,0.6306,1246
GEN_2912,THLAKKTADKHSLHYLACVLVTYFKPCLKRTVFALF,36,4.63,0.7408,0.5496,0.3843,0.6419,0.7,0.6305,1247
GEN_3950,TRYRDKPHNHACLSTLACLCLTILNGCVKAKVFAAH,36,3.62,0.7324,0.4189,0.3194,0.5115,0.5,0.6304,1248
GEN_4147,TNCAKKPDAHACLSYQACLLLTCLNGMLKGKRFAAH,36,3.53,0.7303,0.4532,0.3194,0.5736,0.5,0.6304,1249
GEN_6975,THCFKKPKAHACLSYLACLLLICSNGCLKAKVFGAQ,36,4.52,0.7004,0.3804,0.3519,0.6212,0.4,0.6304,1250
GEN_8487,NAGGIGDKGEKKAAGKYAKFFKCGMICTHCSRETVKFRFKFKSL,44,7.81,0.6633,0.493,0.4058,0.8824,0.5,0.6304,1251
GEN_4724,THCFKKPKAHACLSYLACLLAICNNGCLKAKVFAAH,36,4.6,0.7241,0.3943,0.3843,0.6212,0.4,0.6304,1252
GEN_6016,THCAKKVAAKHCKHYVACVGLTYFNSRLGVTVFAII,36,4.62,0.7116,0.4762,0.3519,0.6211,0.6,0.6304,1253
GEN_3548,ARCFWLAKAHASLSMSATLTLIILNETLKAKVFYVV,36,2.87,0.7357,0.4349,0.5139,0.5914,0.7,0.6304,1254
GEN_3466,THYRIKAHNHACLYKLACLLLICNDGCLKGKIFLAH,36,3.7,0.7364,0.3776,0.3194,0.4325,0.5,0.6303,1255
GEN_3097,NHCAAKPHARACLSYLACVLLTYLNGCVGAKAFAAK,36,3.89,0.7394,0.4814,0.4167,0.6961,0.5,0.6303,1256
GEN_2003,FHCAKKAAKKNCLHYLAAVLLTYKNTCLNRKVFAIF,36,6.9,0.7478,0.5004,0.4366,0.6611,0.6,0.6303,1257
GEN_4620,TWCAKKPDAHACLSTLACASLTALNTHLKAMVFHAW,36,1.63,0.7253,0.4688,0.4751,0.6994,0.6,0.6303,1258
GEN_0756,FHCAKKAAAKHCLHYLACVLETYFINTLHAKAFAID,36,2.08,0.7595,0.4694,0.4167,0.5621,0.6,0.6303,1259
GEN_7789,ILLCDPSRYTALRTLRGGNASNFASWCGKVKVFVAV,36,3.74,0.6867,0.5098,0.3843,0.6996,0.7,0.6302,1260
GEN_1119,THCAKKAAAKHCLHYLACVLLTYFINCLKNYTSADY,36,2.61,0.7557,0.4955,0.3,0.5642,0.5,0.6302,1261
GEN_1529,THCAAKPHAHACLSYLACVLLTYLNLCVKAKVFAAH,36,2.7,0.7518,0.4724,0.4491,0.6834,0.5,0.6302,1262
GEN_3628,THCAKKICAKHCWRYLACVLLTYFNAKLKTFTSLIA,36,5.53,0.735,0.542,0.3519,0.7416,0.5,0.6302,1263
GEN_6598,FHTKFLCVELALRTLRGVNASNFVSWCGKAKVFAAV,36,3.83,0.7054,0.6402,0.4491,0.9377,0.7,0.6301,1264
GEN_0581,THCLKKAAAKHSLHYLACVLLTYFNTCNKATVFALF,36,3.62,0.7612,0.4602,0.3843,0.5094,0.6,0.6301,1265
GEN_2921,LHCAKKIAAKHCLHYIGCVLLTYFINCLKAKAFGIP,36,4.98,0.7407,0.5028,0.4167,0.7268,0.5,0.6301,1266
GEN_0537,THCAKKAAAKHSLHYLACVLLTYFNNCLKNFTSNAP,36,3.62,0.7617,0.5292,0.3194,0.5574,0.6,0.63,1267
GEN_5967,LHCAKKIATKHSLVYLACVLLGYFINCLRGFTSGIP,36,3.9,0.7121,0.556,0.3843,0.7824,0.6,0.63,1268
GEN_1117,LHCAKKIAIKHSLHYLACVLLTYFINCIKNFTSLIP,36,3.99,0.7558,0.5842,0.4167,0.7601,0.6,0.63,1269
GEN_4187,THCAAKPKAHACLSNVACVLLTYKNGCVKAKVFAVP,36,4.53,0.73,0.4355,0.4167,0.6393,0.5,0.63,1270
GEN_2311,THCAKKPKAHACLSYLACLLLIINNGCVKAKVFAPR,36,5.53,0.7454,0.417,0.4167,0.5724,0.5,0.63,1271
GEN_5394,TRCAKKPNAHGCFSTEAALLLIILNRMDKTFTKLAV,36,3.47,0.7175,0.6457,0.3843,0.8525,0.7,0.6299,1272
GEN_7293,TRCQKKPKAHACFSYLACLLLTCNNGCVKARIFAPR,36,6.43,0.6958,0.3895,0.3446,0.636,0.4,0.6299,1273
GEN_0589,FHWAKKAAAKNCLHYLACVLLTYFIATLKTKSSAIF,36,4.91,0.7611,0.4974,0.4491,0.5674,0.7,0.6298,1274
GEN_1615,THCAAKPHAHACLSYLACVLLTYLNGCVQVKAFALD,36,0.62,0.7509,0.446,0.5132,0.7028,0.5,0.6298,1275
GEN_4733,GHCAKKPLDKHCLHYLACALLTYFNAELKTFTKLHP,36,3.08,0.724,0.4955,0.3194,0.5882,0.6,0.6298,1276
GEN_1498,THCLKKIAAKHCLHWLACLLLTYFNAALKTYTSLIP,36,3.62,0.7521,0.4958,0.4167,0.6203,0.6,0.6298,1277
GEN_2198,FHCAKKPVAKHCLHYLACVLLTWLNGCQKAKVFGLK,36,5.98,0.7464,0.4784,0.3843,0.6386,0.5,0.6298,1278
GEN_5271,THCAKKILAKKHLNYLVCVLLTYFNKCLHARAFAIP,36,5.62,0.7186,0.5139,0.4167,0.7282,0.6,0.6298,1279
GEN_4771,SRCAKKPKAHAFLSTLACLNLIILNGCVKAKVFAAH,36,5.6,0.7237,0.5018,0.4491,0.7283,0.6,0.6297,1280
GEN_2134,THCAKKIAAKHCLTYLACVLLTYFIWCVKTFTLEAP,36,2.53,0.7468,0.4616,0.4167,0.6411,0.5,0.6297,1281
GEN_5707,LRCYKKPNKHACLMTLASINALILNGKGKNFGKIPK,36,7.82,0.7143,0.5506,0.4256,0.741,0.7,0.6297,1282
GEN_8275,NAGGIGDLGEKKAAGKYAKFFKCFIICTHCSRETVKFRFKFKSL,44,6.82,0.673,0.5157,0.3476,0.8341,0.5,0.6296,1283
GEN_0736,FHTAKVTAAKHSLHYLACVLLNYFNTMLKATVFALF,36,3.01,0.7597,0.5825,0.4815,0.7436,0.7,0.6296,1284
GEN_2816,WHCAKKLAAKHHLHYLALVAVTYFIACLKKYNTNFP,36,5.08,0.7415,0.4973,0.4167,0.5797,0.7,0.6296,1285
GEN_3522,THCAKKPLAHHCLSYLACVLLTYFNACLKTYTSLIP,36,2.61,0.7359,0.4551,0.3519,0.5904,0.5,0.6296,1286
GEN_0361,LHCAKKIAAKHSLNYLACVLLTYFIACLKFYTTNFP,36,3.9,0.764,0.4689,0.4167,0.5454,0.6,0.6295,1287
GEN_6464,TPCAKKPKAHACLSYLACLLLICNNGCLKGKAFAAH,36,4.52,0.707,0.3759,0.3843,0.6247,0.4,0.6295,1288
GEN_4553,THCFKKAAAKHGLHYLAEVLLTYFINCLKNFESLAP,36,1.64,0.726,0.5559,0.4095,0.7051,0.7,0.6295,1289
GEN_7531,TRCAKKPNWHACFSTLLCLLLIFANGQGKTFTKLAW,36,4.45,0.6914,0.4836,0.3843,0.7073,0.6,0.6295,1290
GEN_8311,ILLCDPSRYTHPCIKLLKSRFKASALGDIFEALKHSNS,38,2.91,0.6714,0.5529,0.3246,0.8097,0.6,0.6295,1291
GEN_0290,LHCAKKAAAKNCLHYLAMVLLTYFNSCAHVKAFAIS,36,3.99,0.7651,0.4809,0.4491,0.5953,0.6,0.6295,1292
GEN_4726,THCAKKPKAHAYLSYLACVLLGYLNGCVKAFSRLKR,36,6.53,0.7241,0.5908,0.3506,0.775,0.6,0.6294,1293
GEN_2594,THCAAKPHAHACVSYLACVLLTYLNGCVKAKVFAVP,36,2.62,0.7432,0.493,0.4491,0.7323,0.5,0.6294,1294
GEN_7507,YVCAKKIAAKHCLHFLNCVVLTYFINCLKNFTSLIP,36,3.89,0.6918,0.5697,0.4167,0.9481,0.5,0.6294,1295
GEN_4398,THCAKKPLAKHCLHYVACVLLTYLNGCNKAHVFGVK,36,4.7,0.7278,0.4506,0.3194,0.5683,0.5,0.6294,1296
GEN_1407,THCAKKILMKHCYHMLACVLLTYFNAGLKTFTKLVK,36,5.62,0.753,0.5846,0.3519,0.698,0.6,0.6293,1297
GEN_2963,THCAAKPKAHAKLSYMACILLIINNGSGKTFTKLPK,36,5.55,0.7404,0.5184,0.3519,0.5502,0.7,0.6293,1298
GEN_0461,THCAKKIAAKHCLHYLAIVLLTYFIACLKTYTTNIP,36,3.62,0.7626,0.44,0.3843,0.4671,0.6,0.6293,1299
GEN_5863,THCAAKPKAHACLSNLAARLLTYLNGCVKAKVKVPK,36,6.54,0.713,0.5548,0.4155,0.8051,0.6,0.6293,1300
GEN_3204,TRYHKKPKYHWCLSNLACLLLIINNGCLKAKVFAAR,36,6.54,0.7384,0.4456,0.3831,0.5309,0.6,0.6292,1301
GEN_2456,THCAKKPLAHAPLSYLACVLLTYLNGLVKAKVFAVP,36,3.55,0.7443,0.5563,0.5139,0.7657,0.7,0.6292,1302
GEN_3649,SRCAKKPKAHAFLSTLACLLLIILNGCVKAKVFASH,36,5.6,0.7348,0.5018,0.4491,0.6988,0.6,0.6292,1303
GEN_8121,THCAAKPKAHAALSYMACQLLIINNGCGHAKVFCAK,36,3.62,0.6775,0.418,0.3843,0.694,0.5,0.6291,1304
GEN_1759,FHCAKKTAAKHSLHYLACVLLTYFNTCLNRKVFAID,36,3.99,0.7499,0.5173,0.3519,0.5916,0.6,0.6291,1305
GEN_2279,TRYRKKPHNHACLSNLACLLLTPVNGCVKAKVFAAR,36,6.54,0.7456,0.4493,0.3832,0.5194,0.6,0.6291,1306
GEN_0863,THCAKKPLAKHCLHYLACTLLTYFNASLKTFTSVKP,36,4.62,0.7583,0.4591,0.3194,0.4423,0.6,0.6291,1307
GEN_0126,FHCAKATAAKHSLHYLACVLLTYFNTMLKATVFALF,36,3.0,0.7682,0.5453,0.4815,0.6585,0.7,0.6291,1308
GEN_2503,THCAKKPKAHACLSYLACLLLIINNGCLKAKVFAAH,36,4.61,0.744,0.417,0.4167,0.569,0.5,0.629,1309
GEN_2501,THCAKKIAAKYSLHYLACVALTYFISALKTFTSLIP,36,3.55,0.744,0.531,0.4167,0.6256,0.7,0.629,1310
GEN_2504,THAAMKPKAHACLSFLACLLLIYNNGCLKAKVFAAH,36,3.63,0.744,0.418,0.4815,0.569,0.6,0.629,1311
GEN_2213,THAAKKPSVKHCLHWLACVLFTYFNANVKTFTKLIP,36,4.63,0.7462,0.5355,0.4167,0.6283,0.7,0.629,1312
GEN_1247,THCALKALAKHSIHYLACVLLTYLNGCVKAKVFAVP,36,3.62,0.7544,0.493,0.4491,0.6371,0.6,0.629,1313
GEN_1983,THCAAKPKAHACLSNLACVLLTGVNGSVKAAVFAAV,36,2.54,0.7479,0.49,0.4815,0.68,0.6,0.629,1314
GEN_7972,ILLCDPSRYTHPCIKLLKVRFKASAWADIFDALKKNNM,38,3.82,0.6823,0.5924,0.4167,0.9377,0.6,0.6289,1315
GEN_7436,KHTKFECCILALRTLRGANASNFVSWCGKAKVFAAV,36,4.82,0.6931,0.497,0.3843,0.7216,0.6,0.6289,1316
GEN_3188,TRCAKKILAKHHLHSLAMVLLTYFNACLHSKTSLIP,36,4.72,0.7385,0.5468,0.3843,0.6316,0.7,0.6289,1317
GEN_5251,THCAKKILIKHFLHYLASVLLKYFNACLKTYTKIAK,36,6.63,0.7188,0.5292,0.3886,0.6525,0.7,0.6289,1318
GEN_4953,GRYHKKPHYKACLSTLAAALLTIPNGCVKAKKFAAH,36,6.99,0.7216,0.4658,0.4098,0.5616,0.7,0.6289,1319
GEN_0312,TVCVKKIAAKHSLHYLACVLLTYFIACLKTYTTLIP,36,3.54,0.7646,0.4539,0.4167,0.5147,0.6,0.6288,1320
GEN_2971,TRYRKKPHNHACLSTLACLCLTILNGCVKAKVFAAH,36,5.62,0.7404,0.4189,0.3194,0.482,0.5,0.6288,1321
GEN_3080,THCAAKYRAHACLCFLAGLILIYNDLCNHAKVFAAK,36,2.62,0.7395,0.4958,0.4167,0.7098,0.5,0.6288,1322
GEN_3242,LHCAKKIAAKHSLHYLACVLLTYFIGCLKFYTTNFP,36,3.98,0.7382,0.455,0.3843,0.5454,0.6,0.6288,1323
GEN_2621,LHCAKKIAGKHSLHYLAKVLLTYFIACLKTFTSAAG,36,4.99,0.743,0.5234,0.3843,0.5815,0.7,0.6288,1324
GEN_1106,THCAKKPLAKHCLHYLACVLLTYLNGCVKAKVFAPH,36,4.7,0.7559,0.4784,0.3843,0.6098,0.5,0.6288,1325
GEN_1256,THCAKKPLAKHSLHYLACVLLTYFNACLKTYTSVIP,36,3.62,0.7544,0.4551,0.3519,0.4752,0.6,0.6288,1326
GEN_2792,TNCAWKPLAKHCLHYLASVLLTFLNGCVKAKVFAVP,36,3.54,0.7416,0.5275,0.4815,0.7555,0.6,0.6288,1327
GEN_6994,LRYHRKTKYHKCLTPLCCVLLTPLNGCVKAAVFAAV,36,5.89,0.7003,0.4651,0.3843,0.7175,0.5,0.6288,1328
GEN_2910,TRYHKKPKYHDCLSNLACLLLTAVNGCVKAKVFAAP,36,4.54,0.7408,0.4676,0.3519,0.5276,0.6,0.6287,1329
GEN_3072,THCAKKPLAKHCLKYLACVLLTYLNGCVKAKVFAVP,36,5.52,0.7396,0.5459,0.4167,0.7918,0.5,0.6287,1330
GEN_8577,GVIGAIAGLRSHWTSKRWRCRRGMCC,26,5.82,0.6583,0.3706,0.03,0.0362,0.9,0.6287,1331
GEN_8077,LRKRKCKYASNVQWKKAPKVACLAG,25,7.73,0.6789,0.4546,0.1011,0.1325,1.0,0.6287,1332
GEN_8427,TVCAAKIAKKVELDYLACVLYTYFIGCVHTWTSAAP,36,0.45,0.6666,0.5021,0.5249,0.9304,0.6,0.6286,1333
GEN_4461,THCAKKIAAKHCSHYLACVLVTYFIACEKNFTSLIF,36,2.62,0.7271,0.4272,0.3519,0.5581,0.5,0.6286,1334
GEN_1975,TTCAAKPHAHACLSYLACVLLTYLNGCVKAKVFMIP,36,2.53,0.7479,0.493,0.4491,0.7161,0.5,0.6286,1335
GEN_5029,THCAKKPKAHACLSYLLCLLLYANNFCLKAKIFASR,36,5.53,0.7209,0.3906,0.3843,0.543,0.5,0.6285,1336
GEN_4089,LQCAKKIAAKHSLHYLACVLLTYFITCGKFYTTNKP,36,4.9,0.7309,0.4478,0.3194,0.4839,0.6,0.6285,1337
GEN_3593,TSCAKKPLAKTSLSYLATVLLTYLNACLHAKAFAAM,36,3.46,0.7354,0.4694,0.4491,0.572,0.7,0.6285,1338
GEN_7361,KRTKFDACKLAEMTLRGANASNTANWCGVVKVFTAV,36,3.74,0.6947,0.5518,0.3519,0.7064,0.7,0.6284,1339
GEN_6265,SAFTRVCTCWLLKGAARSKCQRSFIKAKFHAL,32,6.51,0.7091,0.4866,0.2837,0.4297,0.8,0.6284,1340
GEN_5102,THCAKKPKAHACLSNLACVLLICNNGCLKAKVFAAH,36,4.61,0.7203,0.4216,0.3843,0.662,0.4,0.6284,1341
GEN_1796,THCAKKAAGKNSLHMLACVLLTYFINCLKNFVSLAP,36,3.54,0.7495,0.5697,0.4167,0.7395,0.6,0.6283,1342
GEN_0654,TVCAKKIAAKHSLNYLACVLLTYFIACLKFYTTNFP,36,3.45,0.7604,0.4686,0.4167,0.5454,0.6,0.6283,1343
GEN_6096,THCAAKPKAHACLSTLACLLLICNNGCLKGKIFAAH,36,3.61,0.7107,0.388,0.3843,0.628,0.4,0.6283,1344
GEN_2121,THCAKKPLKHACLSYLACVLLTYLNYNLKTFTSLIP,36,3.54,0.7468,0.5123,0.3519,0.5849,0.6,0.6283,1345
GEN_5730,TRCWFKPKAAGCLSTLAAIQAIILNGRGKTFTKIPKSFGSNDAWR,45,6.37,0.7141,0.6151,0.3737,0.8539,0.6,0.6282,1346
GEN_7825,FHCAKKTAAKHSAHKLECVLLTYFNTCLKASVFALF,36,3.99,0.6858,0.4893,0.3843,0.7209,0.6,0.6282,1347
GEN_5180,THCCAKPHAHACLSYLACVLLTYLNGCVKAKVFAAH,36,2.69,0.7195,0.4652,0.3843,0.7356,0.4,0.6282,1348
GEN_0664,THCAKKAAAKHCVHYLACVLLTWFINCLKNFTSIGP,36,3.62,0.7604,0.543,0.3843,0.7027,0.5,0.6282,1349
GEN_2841,FHCAKKIRAKHSLKYLACVLITYFNSCLKATAFALF,36,5.9,0.7413,0.5112,0.4167,0.6605,0.6,0.6282,1350
GEN_5790,TRCAVKPKAHAHLSTLACLLLIELNGCDFVKVFAGR,36,2.54,0.7137,0.468,0.4167,0.6526,0.6,0.6282,1351
GEN_7632,THCAKKIAAKHSTHYLLCVLLTYFNAALKTFTSLVP,36,3.63,0.6899,0.5236,0.3843,0.7013,0.7,0.6281,1352
GEN_2750,LHCAKKIAAKHSLKYLACVLLTYYIACLKTFTSLDD,36,2.9,0.7419,0.4763,0.3519,0.5354,0.6,0.6281,1353
GEN_2285,TRYHKKPKYHWCLSNLACLLLTPVNGCVKAKVFAAV,36,5.54,0.7455,0.4632,0.3843,0.5376,0.6,0.6281,1354
GEN_2211,THLAMKPKAHACLSFLACLLLIYNNGCLKAKVKLAK,36,5.54,0.7462,0.4504,0.4491,0.579,0.6,0.6281,1355
GEN_5238,TRYHKKPKYNWCLSNLACRLLTPVNGCVKAKVWAAV,36,6.45,0.7189,0.5424,0.378,0.7255,0.6,0.6281,1356
GEN_2668,NHCAKKPKAHACLNYLACLLLIINNGCLKAKVFALK,36,5.89,0.7426,0.4191,0.4167,0.569,0.5,0.628,1357
GEN_8313,FRCFYKPRAAAFLSTLGEIQAIIWDASKKTETKLPKS,37,3.75,0.6712,0.4729,0.3694,0.6781,0.65,0.628,1358
GEN_3462,TRYSKKPKYHACLSYLACLLLIILNGQGKTFTKLAL,36,5.46,0.7364,0.4776,0.3194,0.4505,0.7,0.628,1359
GEN_4280,LHCAKKGAAKHNLHYLACSHVTYFIACLKSYTTLIP,36,4.07,0.7289,0.4141,0.3194,0.4291,0.6,0.628,1360
GEN_2193,TRYRKKPHSHACLSNLACLLLTPVNGCVKAKVFAAP,36,5.54,0.7464,0.4632,0.3843,0.5348,0.6,0.628,1361
GEN_2786,WRCFWLAKAHASFSNLACLLLIILRGQGKTYTKLHL,36,4.91,0.7416,0.5342,0.4167,0.6298,0.7,0.628,1362
GEN_4527,THCKKKPLAKHCLSYIACVLLTYQNDCLKTYWKAVP,36,4.53,0.7263,0.5108,0.3,0.6431,0.5,0.628,1363
GEN_4171,TYCWYKFKAAACAYTLACHLLIILNGNLKAKNFAAV,36,3.45,0.7301,0.4148,0.4491,0.556,0.6,0.6279,1364
GEN_4189,THAAAKPHEHACLSYLACVLLTYLNGCVKAKVFAIP,36,1.63,0.73,0.493,0.4751,0.7128,0.6,0.6279,1365
GEN_3461,LDCAKKIAAKHSLHWLAAVLLTYFIACLKNFTSLIP,36,2.91,0.7364,0.5398,0.5139,0.7473,0.7,0.6278,1366
GEN_5184,FRCWYKPRAAAFLSTLGCIQAIILDASKKTFTKLPKS,37,5.74,0.7195,0.5393,0.4009,0.7062,0.65,0.6278,1367
GEN_2274,GTCAKKILAHHCLHFLACVLLAYWNACAKTSTSLIP,36,2.98,0.7456,0.439,0.4167,0.5934,0.5,0.6277,1368
GEN_6972,TRCWYKDYIHVCLSTLACLQAIKLNGKAKTFTILPKSYGQGTGNW,45,4.45,0.7004,0.4212,0.3,0.5525,0.5,0.6277,1369
GEN_3527,TRCALKPKAHACLSYLACLLLTCNNGCVKAKVFAPR,36,5.43,0.7359,0.4106,0.3843,0.6019,0.4,0.6276,1370
GEN_2263,THCAKKPLAKPSLSYLAHVLLTYFNACLKAKAFAVP,36,4.55,0.7457,0.5065,0.4815,0.6366,0.7,0.6276,1371
GEN_1281,THCAAKPHAHACLSYLACVLLTYLNGCVKAKVFAPH,36,2.7,0.7541,0.4791,0.4167,0.6393,0.5,0.6276,1372
GEN_2376,THAAAKPHAHACLSYLACVLLSYLNGCVKAKVFAIP,36,2.63,0.7449,0.5134,0.4815,0.7161,0.6,0.6276,1373
GEN_2675,CRCAKNPNKHASFSNLACLLLIILRGQGKTYTKLHL,36,5.9,0.7425,0.5319,0.3,0.571,0.6,0.6276,1374
GEN_4817,TRCWQKPKAHQCLSTLACLLLIILNETLKAKVFRAR,36,5.45,0.7231,0.4623,0.3843,0.5839,0.6,0.6275,1375
GEN_4283,SRYAKKPKAHAFISTLACLLLIILNGCVKAKKFASH,36,6.61,0.7288,0.4872,0.4521,0.6133,0.7,0.6275,1376
GEN_3760,THCFKKPKAHACLSYLACVLLTYFNACVHEKVFALK,36,3.62,0.734,0.4312,0.3843,0.5731,0.5,0.6274,1377
GEN_2154,LHCAKKIAAKHHDHYLACVLLTYFINCLHAKAFAIS,36,3.16,0.7467,0.4689,0.4167,0.5721,0.6,0.6274,1378
GEN_7990,KRTKFDCCMIALRTLRGANGSNFASFCGKVKVFVAV,36,5.73,0.6817,0.5163,0.3519,0.7373,0.6,0.6273,1379
GEN_0833,LHCARKIAARHSLHYTACVLLTYFIAALKTFTSLIP,36,4.0,0.7586,0.5163,0.4491,0.5882,0.7,0.6273,1380
GEN_3378,TRCAKSSKAHACLSFLACLLLIILNGQGKTGTKLAL,36,4.45,0.7372,0.4549,0.3519,0.5054,0.6,0.6273,1381
GEN_5457,THCDRKAAEKHALHYLACVLLTYFINSLKNFTSLIP,36,1.64,0.7168,0.5384,0.3771,0.6505,0.7,0.6273,1382
GEN_3573,THCAKKPLAKHCLKYLACVLLTYLNGCVKAKVFAAP,36,5.52,0.7355,0.5459,0.4167,0.7918,0.5,0.6272,1383
GEN_4948,TVCAAKPHAHLALSYVACILSTYLNGCVKAKVFAVP,36,2.54,0.7217,0.5122,0.4815,0.7657,0.6,0.6272,1384
GEN_3679,THCAAKPKAHAALSYMACLLLILNNGCIKTDTKEVP,36,1.54,0.7346,0.4217,0.4163,0.5194,0.6,0.6271,1385
GEN_1773,THCAKKPKAHASLSYLACLLLTPVNGCVKAKVFPAV,36,4.54,0.7497,0.491,0.4491,0.6319,0.6,0.6271,1386
GEN_6491,FHCAKHPLAKHCLPYLACVLLTYFNLTGKNFTKLIP,36,3.99,0.7067,0.5385,0.4167,0.779,0.6,0.6271,1387
GEN_1053,THCAKKIAAKHCLHYLANVLLTYFINCLHAKAFAIS,36,3.71,0.7565,0.5199,0.4167,0.6316,0.6,0.6271,1388
GEN_5580,THCAAKPHAHACCSYLACVALTYLGGCVKAKAFAAK,36,3.6,0.7156,0.4125,0.3843,0.6485,0.4,0.627,1389
GEN_1198,THCAKKAAAKNCLHYLACVLLTYFNTTLNRKVFAIH,36,4.62,0.7549,0.5128,0.3519,0.5587,0.6,0.627,1390
GEN_6263,THCAAKPKAHACLSTMGCILLTQLNGCVKAKVFAVP,36,3.53,0.7091,0.4697,0.4167,0.725,0.5,0.627,1391
GEN_1388,THCAWKAAAHHSLAYLACVLLTYFINCLKIFTSLIP,36,1.63,0.7531,0.5578,0.5077,0.7936,0.6,0.627,1392
GEN_4838,KHCAKKIGAKHSLHYLACVLLTYDIACLKTYTTLIP,36,3.99,0.7229,0.4084,0.3194,0.4258,0.6,0.6269,1393
GEN_3930,TRCARKPKAHACLSYLAFAGLTSNNPVVKAKVFAPR,36,6.46,0.7327,0.5259,0.4435,0.6566,0.7,0.6269,1394
GEN_6097,NHPAKKPKAHACLSYLMMLLITPVNGCVKAKYWPAS,36,4.91,0.7107,0.4929,0.4491,0.6584,0.7,0.6269,1395
GEN_1545,TVCAKKFLAHACLSYLAAVLLTYLNGCVKAKVFAVP,36,3.45,0.7516,0.5207,0.5139,0.7395,0.6,0.6267,1396
GEN_1220,THAAKKAAAKNCLHYLAAVLLTYFIDCLHAKAFAIG,36,2.64,0.7547,0.502,0.4815,0.6022,0.7,0.6267,1397
GEN_4256,NHSRKKPLAKHCLEYIISVLVTYFNACLKAKVYAIC,36,4.9,0.7292,0.4931,0.3519,0.5839,0.6,0.6267,1398
GEN_4373,THCARKIAAKHCLHYLACVLATYTINHLKTFTSLIP,36,3.71,0.7281,0.4945,0.3519,0.5882,0.6,0.6267,1399
GEN_3507,TRCAKKAGAAHIQHTLACVLLSYFNAFATAAINARP,36,3.55,0.7361,0.5054,0.4491,0.6178,0.7,0.6266,1400
GEN_1956,THCAKKIAAYHSLKYLACVLLYYFIACPKTYTTNIP,36,3.53,0.7481,0.4369,0.3519,0.445,0.6,0.6266,1401
GEN_4667,TRRAARPKAHADLSYTAAILCLLNNGCIKTFGKLVK,36,5.46,0.7247,0.5823,0.3519,0.6752,0.7,0.6266,1402
GEN_7116,THCAKKPDAKHCLHYLACVLLTFQNGCLKVKVFAVK,36,4.61,0.6984,0.4416,0.3519,0.6359,0.5,0.6266,1403
GEN_7940,THCAKKPLAHHCLSYEACVLLTYFCACVHAKVFAVK,36,2.69,0.683,0.3875,0.3843,0.6801,0.4,0.6266,1404
GEN_1493,IHCAAKPHAHACLSYLACVLLTYLNGCVKAKIFAAH,36,3.06,0.7522,0.493,0.4491,0.6928,0.5,0.6266,1405
GEN_1655,THCAKKILAKHHLHYLACVLLTFLNGMVKAKVFAVK,36,5.72,0.7506,0.5276,0.4491,0.6209,0.7,0.6266,1406
GEN_5038,FRCWYKPKARAPLSGLMCQLLIIANGCVKAKVFAAK,36,6.72,0.7208,0.5686,0.5237,0.8996,0.6,0.6265,1407
GEN_5043,TRYHKKPRFKARLSNLACLLITPVNGCVKAKVFAAV,36,7.46,0.7208,0.5114,0.5018,0.7157,0.7,0.6265,1408
GEN_0224,THCAKKAAAKHSLHYLACVLLTYFNTCLNRKVFAIF,36,4.62,0.7662,0.5312,0.3843,0.5916,0.6,0.6265,1409
GEN_2880,THCFKKPKAHACLSYLACLLLILVNGCVKAKVFLAD,36,3.53,0.741,0.4388,0.4491,0.6279,0.5,0.6265,1410
GEN_8231,NAFMRVCTGWLHKGAARSLCQRLFIKAKFHAL,32,5.91,0.6744,0.5523,0.3267,0.5826,0.9,0.6264,1411
GEN_5963,THCAKKPLAKHCLHYLACVLLTFTNGCVKAKVFLVK,36,5.61,0.7121,0.4784,0.3843,0.696,0.5,0.6264,1412
GEN_1423,TWCAKKAAAKHSLHYQACVLLTYFINCLHAKAFAIP,36,3.62,0.7529,0.482,0.4491,0.6048,0.6,0.6264,1413
GEN_2613,LHCAKKIAAKHSLHYLACVKLTYFIACLKTYTSLIP,36,4.98,0.7431,0.455,0.3843,0.518,0.6,0.6264,1414
GEN_2162,FHCAKKFLAKHSLKYLACVLLTYFNSCLKATVFTAL,36,4.9,0.7466,0.5082,0.4167,0.631,0.6,0.6264,1415
GEN_3688,TRCAAKGKAHAALSYMVCILLILNNGCIKTFVKLPH,36,4.54,0.7345,0.5277,0.4167,0.692,0.6,0.6264,1416
GEN_2403,DRLVHKPKAHASISTLNCLLLIILNACLKAKVFHAR,36,5.0,0.7447,0.5043,0.4491,0.5939,0.7,0.6263,1417
GEN_8457,SAFMRVCTFWLLKGAARSKVLKVIWVFFFHH,31,4.62,0.665,0.5933,0.4284,0.7409,0.95,0.6263,1418
GEN_0153,LHCAKKIAAKHSLHYLACVLLTYFIACAKTYTTLIP,36,3.98,0.7676,0.4689,0.4167,0.5159,0.6,0.6263,1419
GEN_3837,TVTAKKPLAKHCLHDLACVLLTYINASVKFFTKLAR,36,4.55,0.7334,0.6197,0.4167,0.7803,0.7,0.6263,1420
GEN_0986,TRCAKKPLAKHCLHYLACVLLTYFNGSLKTFTSAAP,36,4.54,0.7572,0.5022,0.3519,0.5308,0.6,0.6263,1421
GEN_2760,THCAKKPLAKHAYHYLACVLNTWLNVCLKNFTKLIP,36,4.62,0.7418,0.5483,0.3843,0.6759,0.6,0.6263,1422
GEN_3289,THCVKKIAAKHCLLYLAKVLVTYFIACLKNFTSMAP,36,4.54,0.7378,0.512,0.4491,0.6887,0.6,0.6262,1423
GEN_0948,THCAKKILAKHCLHYLACVLLTYFNANLKTFTSLIP,36,3.62,0.7575,0.4603,0.3843,0.4919,0.6,0.6262,1424
GEN_1962,THCAKKIAAKHCLHYLAHVLLTYFAGCLKTFTSLRP,36,4.71,0.7481,0.474,0.3519,0.504,0.6,0.6262,1425
GEN_1523,THAAKKILVKHCLHWLACVLLTYFNANLKTFTKLIP,36,4.63,0.7519,0.5494,0.4491,0.6511,0.7,0.6261,1426
GEN_3380,THCAKKGLAKHCLHYLACVLLTYLNGCVKAKVFAVP,36,4.61,0.7372,0.4652,0.3843,0.6131,0.5,0.6261,1427
GEN_3850,TRCAKKPKAHACLSTLACLLLINLNETLKAKCERAR,36,5.45,0.7333,0.4455,0.3194,0.5247,0.5,0.6261,1428
GEN_0118,NHCAKKIAAKHSLHYLACVLLTYFIWCVKTFTLLAP,36,3.99,0.7685,0.4755,0.4491,0.5555,0.6,0.6261,1429
GEN_4198,THCAKKPKAHAALSYKACLLLIIDNPMVKAFTALHR,36,4.64,0.7299,0.5845,0.4491,0.7609,0.7,0.6261,1430
GEN_2377,THCAYKIHAHACLSYLACVLLTYLGGCVKAKAFAAK,36,3.61,0.7449,0.4337,0.3843,0.5421,0.5,0.626,1431
GEN_2269,THCAKKIAAKHCLHYLACVLLTNFIVCLKTFTNLIP,36,3.62,0.7457,0.4966,0.4167,0.6779,0.5,0.626,1432
GEN_5442,TKCAKKHAAKHCLHYLACVLETYFIGCLKSFTSAHP,36,3.7,0.717,0.4407,0.3,0.5347,0.5,0.626,1433
GEN_3870,TRYHKKPHYHACLSTLASLLLTILNGCVKAKVFAAH,36,4.72,0.7331,0.4742,0.3519,0.4714,0.7,0.626,1434
GEN_4652,THLAIKYKAKACLSYLACVLLNYFNLCVHAKVFAVK,36,4.53,0.7249,0.4581,0.4491,0.6278,0.6,0.626,1435
GEN_6042,HRCWKKPKAHAELSTLACIQALILNGKGKTFGKIPKSFGSWDAWR,45,6.91,0.7113,0.5935,0.3791,0.8144,0.6,0.6259,1436
GEN_1468,THCAKKPLAKHCLHYLACVLLTLINGCVKAKVFAHK,36,5.7,0.7524,0.4935,0.3843,0.6239,0.5,0.6259,1437
GEN_0864,THCAKKIVAKHCLHYLAAVLLTYFNLCLKTFTSAAP,36,3.62,0.7583,0.4907,0.4167,0.5709,0.6,0.6259,1438
GEN_4112,THCRKKPNAVACLSGLAALLLTCFNLCLKVKIDAAM,36,3.44,0.7307,0.4798,0.4491,0.7168,0.5,0.6259,1439
GEN_1342,THCAKKIAAKHCFHYLASILLTYFNACVKNFTDLIP,36,2.63,0.7536,0.5416,0.3843,0.6343,0.6,0.6259,1440
GEN_1944,LHCAKKIAIKHSLHYVACVLLTYFINCIKNFNSLIF,36,3.99,0.7482,0.5842,0.4167,0.7501,0.6,0.6259,1441
GEN_2095,TRYRKKPHNHACLSNLACLLLTPVNGCVKAKVFAAV,36,5.54,0.747,0.4632,0.3843,0.5194,0.6,0.6259,1442
GEN_3653,TRYHKKPKAHACLSYLACLDLIINNPCVKAHTPLPK,36,4.62,0.7348,0.4285,0.3519,0.4575,0.6,0.6259,1443
GEN_1101,THCAKKAAAKHFLHYLASVLLTYFNSCLNRKVYAIF,36,4.63,0.756,0.5378,0.3843,0.5553,0.7,0.6258,1444
GEN_0850,FHCAKKTAAKHSLHYLACQLLTYFNTCLKATVFALF,36,3.99,0.7585,0.5232,0.3843,0.5916,0.6,0.6258,1445
GEN_8010,FHCVKKTLAPNCNHHLALVLLTYFNNCLKATTSLAP,36,2.99,0.681,0.5183,0.3843,0.7635,0.6,0.6257,1446
GEN_0574,LHCAKKLAAKHSLHYLACVLVTYFIACLKKYTTNFP,36,4.98,0.7613,0.4938,0.3843,0.5355,0.6,0.6257,1447
GEN_7646,WHCWKKGKAHACLSTLACLQAIILNGKGKTPTGLPKSDGSGTGSR,45,5.9,0.6896,0.3214,0.3,0.3981,0.5,0.6257,1448
GEN_2622,DRLVHKPKAHATLSTLNCLLLIILNACLKAKVFHAR,36,5.0,0.743,0.5043,0.4491,0.5939,0.7,0.6257,1449
GEN_4115,SHCAKKISAHHNLHYLACSLLYYFNATLKTFTSLAP,36,2.78,0.7307,0.465,0.3194,0.427,0.7,0.6256,1450
GEN_6295,LVCAKKIAAKHSLDYLAVVLVTWCEACLKNFTSLII,36,1.82,0.7088,0.5443,0.4943,0.8518,0.6,0.6256,1451
GEN_0465,FHCAKKTAAKHSLHYLACVLLTYFIACLKKYTTNFP,36,4.98,0.7626,0.4799,0.3519,0.4765,0.6,0.6256,1452
GEN_1884,THCALKALAKHSIHYLACVLLTYLNGAVKAKVFAVP,36,3.63,0.7488,0.5211,0.4815,0.6404,0.7,0.6256,1453
GEN_0640,LMCAKKIAAKHSLHYLACVLLTYWIICLKFYKTNFP,36,4.9,0.7606,0.464,0.4491,0.5519,0.6,0.6256,1454
GEN_3776,LHCAKKIAAKHSGHYNACVLLTYFIACLKTYNTLIP,36,3.98,0.7339,0.4411,0.3519,0.4785,0.6,0.6256,1455
GEN_1453,TMCAKKIAGKHSLHYLACVLLTYWIACLKFYTTNFP,36,3.54,0.7526,0.4362,0.3843,0.4583,0.6,0.6255,1456
GEN_5802,THCAKKALAKHCLHYLAPVLLTYLNGCVKAKVFAVK,36,5.62,0.7136,0.4791,0.4167,0.6531,0.6,0.6255,1457
GEN_4975,TRNHKKPKYHAALSNLACLLTTPVNGAVKAKVFRAV,36,6.56,0.7214,0.4815,0.4167,0.5716,0.7,0.6254,1458
GEN_6904,THCFRKPKAHACLSYLGCLILICNNGCLGAKVFAAH,36,3.61,0.7015,0.422,0.3519,0.6547,0.4,0.6254,1459
GEN_4458,TQYRKKPHNHACLSTLACLLLIILNGCVKAKVFAAV,36,4.54,0.7271,0.4337,0.4167,0.5456,0.6,0.6254,1460
GEN_6646,TVCKKKIAAKHCLHYLACVLLTYFINCQKNFTSLIP,36,4.53,0.7047,0.4702,0.3519,0.6605,0.5,0.6254,1461
GEN_3039,THCAKKILAHHCGHYLACVLINYFNLCLKNFTKVAG,36,3.7,0.7399,0.5242,0.3194,0.6359,0.5,0.6254,1462
GEN_8649,SAFMRVCTGWLLKTFARSKCQRLFQHAKFHAL,32,5.61,0.6534,0.5357,0.2902,0.5605,0.9,0.6253,1463
GEN_6471,THCAKKAQAKHNVHYLALVLLTYFLASLKTFTIAIF,36,3.64,0.7069,0.4774,0.4491,0.6303,0.7,0.6253,1464
GEN_5931,FHCAKKFLAKHCLHYLAIVLLTYFNALLHSKAFAAD,36,3.09,0.7124,0.5182,0.4815,0.718,0.7,0.6253,1465
GEN_2079,NLCAKKAEAKHCLHYIALVLLTYFNACAKTRTELHP,36,2.99,0.7472,0.4434,0.3519,0.4496,0.6,0.6253,1466
GEN_3655,SRCAKKPKAHAFLSTLACLLLIILNGCVKAKVFAAH,36,5.6,0.7347,0.5156,0.4815,0.7283,0.6,0.6253,1467
GEN_6035,KHTKFECCKLALRTLRGANASNFVSWCGKAKVFAAV,36,5.82,0.7113,0.6141,0.3519,0.8179,0.6,0.6253,1468
GEN_6993,THLAMKGKAHFCLSFLACLCLIHNNGCLKAKVFAAH,36,3.7,0.7003,0.3882,0.4167,0.5984,0.5,0.6253,1469
GEN_4068,TDCQKKPLAKHCLSYLACVLLTYFNACLTARAFKAK,36,4.44,0.7311,0.4539,0.3519,0.5703,0.5,0.6252,1470
GEN_3012,LHCAKKIAAKHCLKWLASVLLTYFINCLKAFTSLIP,36,4.9,0.7401,0.5728,0.4815,0.8103,0.6,0.6252,1471
GEN_0490,FHCAKKTAAKHSLHYLACVLLTYFNTCLNRKVFAVF,36,4.99,0.7622,0.5312,0.3843,0.5916,0.6,0.6251,1472
GEN_2092,TVCAKKPLAKHCLHTLACVLLTYLNASVKKFTKLAR,36,6.54,0.7471,0.6025,0.4155,0.777,0.6,0.6251,1473
GEN_1594,THCAKKPDAHACLSYLACLLLTCLNGCLKGKIFAAH,36,2.61,0.7511,0.4522,0.3519,0.5873,0.4,0.6251,1474
GEN_0483,TTCAKKAAALHSLHYLACVLLTYFNTCLNRKVFAID,36,2.54,0.7623,0.5312,0.3843,0.5916,0.6,0.6251,1475
GEN_5662,LQYHRKTKYHACLSNLAWLLLTPVNGSEKAKVFSAV,36,3.92,0.7148,0.4043,0.3519,0.3914,0.7,0.625,1476
GEN_0937,THCAKKPLAKHCLHYLACVLLTFLNGCVKAKVFAVK,36,5.61,0.7577,0.4971,0.4167,0.6438,0.5,0.625,1477
GEN_3345,THCAKKPLAHACLSYLAAVLLTYWQACVHAKVFAAK,36,3.62,0.7374,0.476,0.4815,0.6538,0.6,0.6249,1478
GEN_7876,LGAAGNDKDAVPAGGCCNKIKCILKFPPSY,30,1.73,0.6846,0.51,0.208,0.4598,0.75,0.6249,1479
GEN_6472,HHCAKKPLASHSLHFLACVLLTYFNPCAKTFTKLIP,36,4.07,0.7069,0.5881,0.4167,0.8471,0.6,0.6249,1480
GEN_2527,LHCAKKIAARHSLWYLANVLLTYFIACLKSYTTLIP,36,3.91,0.7438,0.5174,0.4491,0.6084,0.7,0.6249,1481
GEN_4108,TPCWKKPHAHASLSYLACHLLIILNGCLKAKVFAAR,36,4.63,0.7307,0.4476,0.4491,0.5897,0.6,0.6249,1482
GEN_4600,TRYHKKPHYHACLSTLAVYFLILLNGCVKAHVFAAH,36,3.81,0.7255,0.4639,0.3843,0.4975,0.7,0.6249,1483
GEN_6213,TRCAKKPKAHGCLSTLACLLLIILNGSVKAMTDAAV,36,3.45,0.7096,0.4979,0.4167,0.6891,0.6,0.6248,1484
GEN_1424,THCAAKPHAHACLSYLACVLLTYLNGCVKAKVFAWH,36,2.7,0.7528,0.4791,0.4167,0.6239,0.5,0.6248,1485
GEN_3898,YHRAKKIAAKHSGHYLACALLTYFNQCLKATVFALF,36,4.99,0.7329,0.5212,0.3843,0.5749,0.7,0.6248,1486
GEN_1229,THCAKKAAAKHCLHYLACVLLTYFINCQKNFTPAIP,36,3.61,0.7546,0.4652,0.3843,0.5641,0.5,0.6248,1487
GEN_7479,KHCAAKAAGKNCNHYLVCVLLTYFINCLKNFTSNAP,36,3.89,0.6923,0.5281,0.3194,0.7495,0.5,0.6248,1488
GEN_0221,LHCARKIAAKHSLHYLACVLLTYFNTCLKATVFALF,36,3.99,0.7662,0.5171,0.4491,0.6211,0.6,0.6247,1489
GEN_4688,THCAKKPNAHACLSHIAALLLTCLNGCLKVKIDLHR,36,3.7,0.7245,0.4517,0.3519,0.579,0.5,0.6247,1490
GEN_1145,THCAGKPLAKHCLHYLACVLLTYLNGCVKAKVFAVP,36,3.61,0.7554,0.4923,0.4167,0.6393,0.5,0.6247,1491
GEN_0272,THCAKKIAAKHCLHYLACVLLTYFIGCLKTFTSAAG,36,3.61,0.7652,0.4505,0.3519,0.4819,0.5,0.6247,1492
GEN_1755,THCAKKPDAHACLSHLACLLLTCLNGCLKGKIFAAH,36,2.69,0.7499,0.4522,0.3519,0.5873,0.4,0.6247,1493
GEN_8159,VAKVCKSGIAGLQWAKAPMVACLQG,25,2.71,0.6764,0.5399,0.1867,0.3394,1.0,0.6247,1494
GEN_4905,LRYHRKTKYHANLSGLACVCLTILNGCVKVKTKLPK,36,7.9,0.7222,0.4555,0.4106,0.5824,0.6,0.6247,1495
GEN_4313,FRVWYKPKAHAPLSTLACLLLIILNGCQKAKIFAAR,36,5.82,0.7286,0.5067,0.5139,0.6888,0.7,0.6246,1496
GEN_1467,THLAIKYKAHACLSFLACLLLIYNNLCLKAKIFAAH,36,3.62,0.7524,0.418,0.4815,0.5201,0.6,0.6246,1497
GEN_2666,THSAKKIAAKHCLHYLACVLLTYFITCEKTFTSLAP,36,2.63,0.7426,0.4416,0.3519,0.4524,0.6,0.6246,1498
GEN_3440,THCAKKILKKHCLHYVACWLLTYFNASLKTWTSVKP,36,5.62,0.7365,0.5071,0.3194,0.5435,0.6,0.6246,1499
GEN_0045,THCLKKAAAKHSLHYLACVLLTYFNTCLKATVFALF,36,3.62,0.7709,0.5032,0.4167,0.5542,0.6,0.6246,1500
GEN_7180,FRCWFGCCKLALRTLRGANATNFANWCGKVKVFAAV,36,5.72,0.6973,0.6219,0.4167,0.9898,0.5,0.6246,1501
GEN_7907,THCNMKPKAHACLSFLACLLLIYNNGCAKAKVFRAH,36,4.62,0.6839,0.3924,0.3843,0.6064,0.5,0.6246,1502
GEN_3335,TRYRKKPKYHACLSNLACLLLTPVNGCVKAKVFAAV,36,6.45,0.7375,0.4632,0.4104,0.5588,0.6,0.6246,1503
GEN_3286,THCAKKPLAHNLLSFLACVLLTYLNGLVKAKVFAVP,36,3.55,0.7378,0.5563,0.5139,0.7503,0.7,0.6246,1504
GEN_0071,THCAKKAAAKHSLHYLACVLLTYFINCLHAKAFAIP,36,3.71,0.7698,0.482,0.4491,0.5526,0.6,0.6245,1505
GEN_3674,THCFKKPKAHACLSNLACLLLIINNGCLKAKVFAAR,36,5.53,0.7346,0.4355,0.4167,0.5917,0.5,0.6245,1506
GEN_2564,THCAKKPKAHACLSYLACLLLIINNGCLKAKIFAAR,36,5.53,0.7434,0.417,0.4167,0.5395,0.5,0.6244,1507
GEN_1184,THAAAKPHAHACLAYLACVLLTYLNGCVKAKVFAIP,36,2.63,0.755,0.5207,0.5139,0.7161,0.6,0.6244,1508
GEN_4083,TRYRKRPHNHASLSTLACLCLTILNGVAKAKVFAAH,36,5.64,0.7309,0.47,0.3519,0.459,0.7,0.6244,1509
GEN_3141,TVCVKKIAAKHCYKWLACVLLTYFNANLKTFTILIP,36,4.45,0.739,0.5303,0.4491,0.7047,0.6,0.6244,1510
GEN_1896,FHCAKKTAAKHSLHYLACVLLTYFINCLHAKGLAMY,36,4.07,0.7487,0.4542,0.3843,0.4899,0.6,0.6243,1511
GEN_0274,LHSAKKIAAKHCLHYLACVLVTYFIASLKTFTSLAP,36,4.0,0.7652,0.4913,0.4491,0.5114,0.7,0.6243,1512
GEN_5966,NHSAKKIIAKHSLHFLACVLLTYHIACLKNYTHLIY,36,4.17,0.7121,0.4457,0.3519,0.4617,0.7,0.6243,1513
GEN_3550,THCAKEPKAHACLSYLAYLLLTCLNGCVKAKVFLPK,36,3.53,0.7357,0.4656,0.3843,0.6057,0.5,0.6243,1514
GEN_8518,LHCAIKIATKHSLHYLLCVLSTYFINCLKHFTSLIP,36,3.07,0.662,0.5367,0.3843,0.8297,0.6,0.6243,1515
GEN_7762,KSTKFGCCKLARRTLRGANATNFANWCGKVKVFVQV,36,7.73,0.6873,0.6444,0.4006,0.9661,0.6,0.6243,1516
GEN_2600,LHCAKKGAAKHNLHYLACVHLTYFIACLKTYTTLIP,36,4.07,0.7432,0.428,0.3519,0.4258,0.6,0.6242,1517
GEN_2446,THCAKKPLAKHCLHYLACVLLTGVNGSVKAAVFAAV,36,3.63,0.7444,0.5061,0.4491,0.6505,0.6,0.6242,1518
GEN_2563,LHCARKIAARHELHYSACVLLTYCGFALKTFTSAIP,36,2.99,0.7434,0.4885,0.3843,0.5587,0.6,0.6242,1519
GEN_0855,THCAKKPLAKHCLHYLACVLLTFLNGCVKAKVFAHK,36,5.7,0.7584,0.4832,0.3843,0.5811,0.5,0.6242,1520
GEN_4706,TRYHKKGHYHACLSTSAAALITILNGCVKAKKFAAR,36,6.63,0.7243,0.4444,0.3369,0.4157,0.7,0.6242,1521
GEN_0396,THCAKKIAAKHSLHYLACVLVTYFIACLKTYTSAAP,36,3.62,0.7633,0.44,0.3843,0.4311,0.6,0.6242,1522
GEN_0513,LNCAKKIAAKHSLHYLACVLLTYFIACLKTYTKTIP,36,4.9,0.7619,0.4723,0.3843,0.4885,0.6,0.6242,1523
GEN_5359,THVAKKPLAHASLSYLACVILTYANACAKYKVFARK,36,5.54,0.7178,0.4598,0.4167,0.5356,0.7,0.6241,1524
GEN_2178,THCAAKPHAHACLSYLACVLLTYLGGCVKAKAFAAK,36,3.61,0.7465,0.4475,0.4167,0.5816,0.5,0.6241,1525
GEN_7703,TKCAKKPNKHACFSTLACLLLIILNGQGG,29,3.45,0.6886,0.5124,0.1361,0.2765,0.9,0.624,1526
GEN_7146,NHTKFDCCKIALRHLRGANAFNFWSTCYKAKVFAAI,36,4.9,0.6979,0.6088,0.3519,0.8313,0.6,0.624,1527
GEN_2725,THCAKKPLAKHCLKYLACVLLTYFNALLKAKVFAIF,36,5.53,0.742,0.5736,0.4815,0.7998,0.6,0.624,1528
GEN_8063,PKVLCGVLPLDFPKWLGYANDCFLAFC,27,-0.07,0.6794,0.546,0.4297,0.6481,0.9,0.624,1529
GEN_2615,THCAKKCAAKHCLKYLACVLLTYWINHLNRKVFAVF,36,5.61,0.7431,0.5817,0.3843,0.7802,0.5,0.624,1530
GEN_5096,THCAKKAADKHCLHYLACVLLTYFINSQKNFTPAIP,36,2.63,0.7204,0.4539,0.3519,0.52,0.6,0.6239,1531
GEN_2538,THCAKKPKAHACLSNLACVLLTYLNGCVKAKVFAVP,36,4.53,0.7437,0.4791,0.4167,0.6393,0.5,0.6239,1532
GEN_6575,TLCAKKIAAKHCLHYLGCVLLTYFINCVKNFTSLIP,36,3.53,0.7057,0.5559,0.3843,0.8231,0.5,0.6239,1533
GEN_2735,THCAKKPKAHACLSYLACLLLIINNGCLKAKVFAAR,36,5.53,0.742,0.417,0.4167,0.5395,0.5,0.6239,1534
GEN_1005,DHCAKKILAKHFLHYLACVLLTYFNVCLKNFTKLIN,36,3.99,0.757,0.5591,0.3843,0.6424,0.6,0.6239,1535
GEN_8037,THCFKKPKHHAQLSYLAVLLLICNNPCKKAFTRLPR,36,6.62,0.6801,0.6352,0.3883,0.9523,0.6,0.6238,1536
GEN_1525,TRCAAKPHAHACLQYLACVLLNYLNGCVKAKVDAIP,36,2.53,0.7518,0.5162,0.4167,0.6813,0.5,0.6238,1537
GEN_2098,THCAKKAAAKNCLHPLACVLLTYYGMCLKNFVSLAP,36,3.53,0.747,0.4846,0.4167,0.6398,0.5,0.6238,1538
GEN_2065,THCAKKPAAKHCAHYIAAVLVTYFNACLKAKVFANF,36,4.62,0.7473,0.5034,0.4491,0.6359,0.6,0.6237,1539
GEN_6977,THCAKRILAKEELHHQACVALTYLNGCVKAKVFAVH,36,2.72,0.7004,0.4608,0.3519,0.5767,0.6,0.6237,1540
GEN_1709,FHCAKKIALKHDLHMLACVLLTYFNSCLKATVFALS,36,2.99,0.7502,0.5221,0.4491,0.6605,0.6,0.6237,1541
GEN_3956,TRYHKKPKYHACLSYLACLLLICQIGCLKGKIDAAH,36,4.61,0.7324,0.4089,0.3,0.4307,0.5,0.6237,1542
GEN_3243,TRCAKKPKAHACLSYLLCMLAIINNGCLKAKVCAAH,36,5.52,0.7381,0.4733,0.3843,0.6752,0.4,0.6237,1543
GEN_6440,TRCTKKPKAHARLSTLHCLLLIFLNGCLKAKVFLAV,36,6.54,0.7072,0.5453,0.448,0.7983,0.6,0.6237,1544
GEN_5745,THCAKKILAKHCLHYLACVLATYFNGCLKTYTSLIP,36,3.61,0.714,0.4429,0.3194,0.5495,0.5,0.6237,1545
GEN_6600,THCLAKPKAHAALSYPACILLILNNGCIKAKVFADP,36,2.54,0.7054,0.4112,0.4815,0.6118,0.6,0.6237,1546
GEN_1176,THCAKKIAAKESLHYLACVLLTYFIACAKTYTTLDP,36,1.54,0.7551,0.4357,0.3841,0.439,0.6,0.6236,1547
GEN_8274,TAKLSTSPLGAAPVLYLWSAF,21,0.4,0.673,0.4374,0.3678,0.3502,1.0,0.6236,1548
GEN_2018,HHCAKKPLAKHCLHWLACVLLTYLNGCVKAKVFAVP,36,5.06,0.7477,0.5212,0.4491,0.7295,0.5,0.6235,1549
GEN_7918,VVSKKGPCLKRYIKMYLGAWRLGAYVLTSRS,31,6.72,0.6837,0.5485,0.2444,0.4201,0.95,0.6235,1550
GEN_5023,TRYCKKPHYHACLDTLAALLLTILNGGVKADVFAAH,36,1.64,0.721,0.4972,0.4097,0.5796,0.7,0.6235,1551
GEN_5430,THCAKKAKAKHCLHPLACVLLTYFINCLKNYTSLIP,36,4.61,0.7171,0.5233,0.3519,0.7073,0.5,0.6235,1552
GEN_1924,THCAKKPMAHACLSYLACLLLTCNNGCVKAKIFAPR,36,4.52,0.7484,0.4168,0.3843,0.5557,0.4,0.6235,1553
GEN_0025,THCAKKAAAKHCLHYLACVLLTYFINSLHAKAFAIP,36,3.71,0.772,0.4833,0.4491,0.5426,0.6,0.6234,1554
GEN_1213,FHCARKIAAKHSLHWLACVLLTYFIACLKTYTTLIP,36,3.99,0.7548,0.4927,0.4491,0.5982,0.6,0.6234,1555
GEN_1287,THCAKKIAAKHCLHYLASGLLTYFNSCLKATVLALF,36,3.62,0.7541,0.4943,0.3843,0.5379,0.6,0.6234,1556
GEN_7495,AYGLMSCSLARLALCCGLAHCCGGDSIYA,29,-0.17,0.692,0.4132,0.2878,0.3843,0.7,0.6234,1557
GEN_7505,KHNKFECCKLALRTLHGANASNFANYCGKANVFAAV,36,3.9,0.6918,0.5258,0.3194,0.6712,0.6,0.6234,1558
GEN_5173,THCAKKPKAHLCLSYLACLILIINNGCLHAKIFVAR,36,4.62,0.7196,0.4212,0.4167,0.5957,0.5,0.6234,1559
GEN_2549,THCAKKTKAKHCLHDLMCVLLTYFNACLKAHVFALW,36,3.7,0.7436,0.4741,0.3843,0.5951,0.5,0.6234,1560
GEN_4696,THCAAKTHANACFPYLACVLLTYLNGCVKAKVFLAH,36,2.62,0.7244,0.4791,0.4167,0.68,0.5,0.6233,1561
GEN_3501,THPAGKFKAHACLSYLACLLLIINNGCLKAKVFAAR,36,4.54,0.7361,0.4309,0.4491,0.5381,0.6,0.6233,1562
GEN_1894,THCAKKAAAKNLLKYLACVLLTYFNSCLNRKVFAQF,36,5.45,0.7487,0.5586,0.3843,0.6572,0.6,0.6233,1563
GEN_2948,THCAKKPLKVAHLSYAACVLLTYLRGAVKAKVFAVP,36,5.55,0.7405,0.584,0.4815,0.7492,0.7,0.6233,1564
GEN_4302,FRCWYRGKAHASLSTLACLQCIILNGKGKTFPKLPK,36,6.81,0.7287,0.4852,0.3668,0.5636,0.6,0.6233,1565
GEN_2931,THCAKKPKAHACLSYLACLLLIINNGCQHAKIFAAR,36,4.62,0.7406,0.4749,0.3843,0.6031,0.5,0.6233,1566
GEN_7460,WRCWYKPKAHVGLSTLACGQLIILSGCNKAKVFAAH,36,4.9,0.6926,0.4694,0.3843,0.6387,0.6,0.6232,1567
GEN_0577,THCAKKILAKHCLHFLACVLLTYFNLCLKNFTKLIP,36,4.61,0.7612,0.5658,0.4167,0.7381,0.5,0.6232,1568
GEN_2975,THLAMKKKAHACLSFLACLLLIYNNGCLKAKVFAAH,36,4.62,0.7404,0.4401,0.4491,0.5428,0.6,0.6232,1569
GEN_3618,TRYHKKPRYHARLSNLACLLLTPVNGCVKAKVFAAV,36,6.55,0.7351,0.5549,0.4162,0.6468,0.7,0.6232,1570
GEN_5485,FHTKFRCCELALRTLRGVNASNFVSWCGKAKVFAAV,36,4.82,0.7165,0.6666,0.3843,0.9115,0.6,0.6232,1571
GEN_6013,NPCAAKPHAHCCLSYLACILLTYLNGCVKAKVFVIV,36,2.88,0.7116,0.493,0.4491,0.8313,0.4,0.6232,1572
GEN_6679,THCAAKPKAHMNLIYLACVLLHHWNACVQAKSFAAK,36,3.71,0.7044,0.453,0.4491,0.6485,0.6,0.6232,1573
GEN_0120,THCAKKAAAKNCLHYLACVLLTYFNTCLYRKVFAIF,36,4.53,0.7685,0.5087,0.3843,0.5934,0.5,0.6232,1574
GEN_1444,THCAKKPLAKHCLHYLACVLLTYLNGSVKTFTKLAR,36,5.62,0.7527,0.5744,0.3194,0.6076,0.6,0.6231,1575
GEN_6680,THCAAKPHGHACLSGLACVLLTYLNGCVKVKVFAWH,36,2.7,0.7044,0.465,0.3843,0.6699,0.5,0.6231,1576
GEN_7360,AYGLMSCCLARLALCCGLAHCCGGYSHYA,29,0.91,0.6947,0.3814,0.1965,0.2315,0.7,0.6231,1577
GEN_0295,LHCAKKIATKHSLHYLACVLLTYFINCLKAFTSLIP,36,3.99,0.765,0.5355,0.4167,0.6116,0.6,0.6231,1578
GEN_2410,THCAKKPKAHACLSYLACLLLIINNGCLKAKIFASR,36,5.53,0.7447,0.4031,0.3843,0.4726,0.5,0.6231,1579
GEN_7522,TRYSKKPKYHACLSYGACLVLVCNHGCLKARVFAAH,36,5.61,0.6915,0.4172,0.3,0.5361,0.5,0.6231,1580
GEN_3161,ARCFWLAKAHASLSMSAFLTLIILNETLKAKVFYVV,36,2.87,0.7388,0.4488,0.5463,0.5914,0.7,0.6231,1581
GEN_0187,THCAKKIAAKHCLHFLACVLLTYFIWCVKTFTLLAP,36,3.62,0.7669,0.4986,0.4815,0.6772,0.5,0.6231,1582
GEN_0806,LHCARKIAARHSLHYSACVLLTYFIFALKTFTSAIP,36,4.0,0.7589,0.5163,0.4491,0.5587,0.7,0.623,1583
GEN_1996,THCAAKPKAHAALSYMACILLILNNGCIKTDTKAVP,36,2.54,0.7478,0.4565,0.4167,0.5194,0.6,0.623,1584
GEN_5584,THCFKKPKAHACLSYLACLLLICNNGCLKAKVFALH,36,4.6,0.7155,0.3943,0.3843,0.5917,0.4,0.623,1585
GEN_6757,KHTKFECCKLALRTLRGANASNDASWCGKADVFAAV,36,2.82,0.7032,0.6002,0.3194,0.7657,0.6,0.623,1586
GEN_0670,THCAKKAAAKHCKHYLACVLLTYFINCLKNFTSLIP,36,4.61,0.7603,0.542,0.3519,0.6343,0.5,0.623,1587
GEN_7721,FHCAKKPVAHHCLHVLACVILTWLSGCQKLKVFGLK,36,5.06,0.6882,0.478,0.4167,0.7606,0.5,0.623,1588
GEN_0875,LHCAKKIALKHSQHYLACVALAYFNSCLKATVFANF,36,3.99,0.7582,0.4556,0.4167,0.4932,0.6,0.623,1589
GEN_8136,THCAAKPHAHACLSYLDEVLLSYKNACVKAKVFAAH,36,1.72,0.6771,0.4476,0.4042,0.6573,0.6,0.623,1590
GEN_1635,FHCAKKGLAKHCLHYLACVLLTFLNGCVKAKVFAVK,36,5.98,0.7507,0.4971,0.4167,0.6471,0.5,0.623,1591
GEN_0089,THCAKKAAAKNCLHYLACVLLTYFGNCLHVKAFAIG,36,3.61,0.7693,0.4696,0.3843,0.5252,0.5,0.623,1592
GEN_5187,THCAKKPKAHDALSWLACNLLTPVNGCVKAKVFPLA,36,3.54,0.7195,0.5199,0.4491,0.7228,0.6,0.6229,1593
GEN_0853,THAPKKAAAKNCLHYLACVLLTYGNTCLNRKVFAIF,36,4.54,0.7584,0.4955,0.3843,0.5268,0.6,0.6229,1594
GEN_1965,TVCAAKPHAHLALSYMACILLTYLNGCVKAKIFAAH,36,2.63,0.748,0.5068,0.4815,0.6666,0.6,0.6229,1595
GEN_7968,TRYRKKPHNHACKSNLACLLLTPVNGCVKAKVFAGR,36,7.54,0.6824,0.4216,0.3896,0.5863,0.6,0.6229,1596
GEN_6686,KHTKFECCKLALRTLRGANASNFASWCGKAKVFAAV,36,5.82,0.7043,0.6141,0.3519,0.8179,0.6,0.6229,1597
GEN_1302,THCAKKIAAKHSLHYLACVLLTYIINCLKNFTSLIF,36,3.62,0.754,0.5655,0.3843,0.6538,0.6,0.6229,1598
GEN_2344,FHCAFKPLAKHCLHYLATVLLVYFNLCLKNFTKLIP,36,3.99,0.7452,0.5936,0.4815,0.8178,0.6,0.6229,1599
GEN_7587,TRYHSKPKYHACLSNSACLLLTTVNGCLKAKVNAAR,36,5.54,0.6904,0.4056,0.3,0.4505,0.6,0.6228,1600
GEN_3475,TRCAKKPNKHYCFSTVACLLLIILNGQGKTGTKLAL,36,5.45,0.7363,0.5319,0.3,0.5536,0.6,0.6228,1601
GEN_1349,THCAKKIAAKHCLHYLACVLATYFNASVHADAFAIP,36,1.71,0.7536,0.4833,0.4691,0.6016,0.6,0.6228,1602
GEN_5692,TGCAKKPLAKDCLIYVACVLLTYMNGCVKAKVFQVP,36,3.35,0.7144,0.4583,0.4167,0.6655,0.5,0.6228,1603
GEN_3007,NHCAKKPKAHACLNYLACLLLIINNGCLKAKIFAAR,36,5.89,0.7401,0.4191,0.4167,0.5395,0.5,0.6227,1604
GEN_0147,LHCAKKIAAKHSLHYLACVLLTYFIAALKTFTSLAP,36,4.0,0.7678,0.5045,0.4815,0.5488,0.7,0.6227,1605
GEN_2192,THAAKKLVAKHCLHYLAELLLTYFNSCLKAKVCAID,36,2.63,0.7464,0.5041,0.3843,0.5674,0.6,0.6227,1606
GEN_1474,LHCAKKIAAKHSLHYLACVLLTYYINCLKNFTSLIP,36,3.98,0.7524,0.5444,0.3843,0.6209,0.6,0.6227,1607
GEN_6923,THCAKKIAAKHCLHWLACVLATYFNASVHADGFAIP,36,1.71,0.7013,0.4828,0.4691,0.7213,0.6,0.6226,1608
GEN_2656,THSAKKAAAKHCLHYEACVLLTYLINCFKNFTSLAP,36,2.63,0.7427,0.542,0.3519,0.6063,0.6,0.6226,1609
GEN_2026,THCAKKILAKFHNHYLACVLLTYFNAALITWTKLAK,36,4.63,0.7476,0.5547,0.4167,0.6138,0.7,0.6226,1610
GEN_0619,THCAKKILVKHCLHYLACVLLTYFNLGLKNFTKLIP,36,4.62,0.7607,0.5598,0.3843,0.6264,0.6,0.6226,1611
GEN_7261,AYGAMSCALARLAACCGLAHCCGGYSIYA,29,0.83,0.6962,0.4202,0.2582,0.3511,0.7,0.6226,1612
GEN_5341,TRYRDKPHNHACLSTLACLCHTILNGCVKAKVFAAH,36,3.7,0.718,0.4299,0.3,0.4914,0.5,0.6225,1613
GEN_5119,THCLAKPKAHAALSYCACILLILNNGCIKTGTKLPK,36,4.53,0.7201,0.5174,0.3519,0.6842,0.5,0.6225,1614
GEN_1855,IHCAAKPHAHACLSYLACVLLTYLNGCVKAKVHAIP,36,3.06,0.749,0.493,0.4491,0.6733,0.5,0.6225,1615
GEN_5041,KHCWKKPKAHASLSTLACLQCIILNGKGKTFTKLPK,36,7.9,0.7208,0.4367,0.4106,0.539,0.6,0.6224,1616
GEN_0553,THCAKKPLAKHCLHYLACVLLTYLNGCVKAKVFAVP,36,4.61,0.7614,0.4923,0.4167,0.6098,0.5,0.6224,1617
GEN_0415,FHCAKKPLAKHCLHYLACTLLTYFNASLKTFTSVKP,36,4.98,0.7631,0.473,0.3519,0.4423,0.6,0.6224,1618
GEN_1111,GHCAKKAAGKHCLHYLASVLLTYFNICLNRKVYAIF,36,4.98,0.7559,0.4636,0.3519,0.4425,0.6,0.6223,1619
GEN_4165,TRCAKKTLAKHCLHYLAAVLITYFNAVLHAKAYAAD,36,3.64,0.7301,0.5267,0.4167,0.6063,0.7,0.6223,1620
GEN_4728,THGTAKPHAHTNLSYMACILLILNNGCIKTFFPLPK,36,2.64,0.7241,0.4746,0.3843,0.5013,0.7,0.6223,1621
GEN_6398,THCAKKAAAKNCLHYLGCVLTTYFGNCLKNFVSLAP,36,3.53,0.7077,0.5196,0.3194,0.6826,0.5,0.6223,1622
GEN_0886,THCAKKPLAKHCYHYLACVLLTYFNANLKTFTILIP,36,3.62,0.7581,0.4891,0.3843,0.5126,0.6,0.6223,1623
GEN_3297,TRYHKKAAYHAALNTWACLLLTFLNGSVKAKVFALP,36,4.56,0.7377,0.5345,0.4491,0.6331,0.7,0.6222,1624
GEN_0534,THCAKKIAAKHCLHYLACVLVTYFIAALKHFTSLAP,36,3.71,0.7617,0.5023,0.4491,0.5902,0.6,0.6222,1625
GEN_6639,FHCAKKAAAKNCAHSLKCVLLTYFIDCLHAKAPAGG,36,3.98,0.7048,0.5054,0.3843,0.7301,0.5,0.6222,1626
GEN_4821,TRCAKKILWKHCLIYLACVLLTYFNWCKKNVTKLAD,36,5.44,0.723,0.5263,0.3519,0.69,0.5,0.6222,1627
GEN_2013,THCAKKIAAKHCLHYIAHVLLTYFAGCLKTFTSLRP,36,4.71,0.7477,0.4893,0.3519,0.504,0.6,0.6222,1628
GEN_1703,LHCARKIAAPHDLHYLACVLLTYFIACLKNYTTNFG,36,1.99,0.7503,0.474,0.3851,0.506,0.6,0.6222,1629
GEN_2413,FHCAKKPLAKHCLSYLACVLATYFNAILHAKAFAAD,36,2.99,0.7447,0.5095,0.4815,0.674,0.6,0.6222,1630
GEN_8175,THCARKAAAQNELHYLAAVWLTYFQWCLNRKVTAIF,36,2.55,0.6759,0.4923,0.4167,0.6751,0.7,0.6222,1631
GEN_2277,LHCAKKIAAKHSLHYLACVLVDYFIAALKHFTSLAP,36,3.08,0.7456,0.5539,0.4815,0.6798,0.7,0.6222,1632
GEN_2000,TGCAKKPLAKHCLIYLACVLLTYMNGCVKAKVFAVP,36,4.44,0.7478,0.4722,0.4491,0.6393,0.5,0.6222,1633
GEN_6518,KHTKFECCKLALRTLRGANASNFASWYGKRKVFAAV,36,6.82,0.7063,0.6002,0.3675,0.7342,0.7,0.6222,1634
GEN_0354,LHCAKKIAAKHSLHYLACVLLTYFIACLKKYTTNFP,36,4.98,0.7641,0.4938,0.3843,0.506,0.6,0.6222,1635
GEN_8628,ILNNALCSLACKI,13,0.74,0.6548,0.4936,0.2498,0.3586,1.0,0.6221,1636
GEN_6940,TVCAKKICAKHCLHFLACVLLTYFINCEKNFTSAAP,36,2.52,0.7009,0.4701,0.3843,0.746,0.4,0.6221,1637
GEN_1769,THCAKKAAAKHSLHYLACVLLTYFIACLKTYTTLIP,36,3.62,0.7498,0.44,0.3843,0.449,0.6,0.6221,1638
GEN_5367,TRCWKKEKAHACLSTLKCLLLIILNGCVKAKVFAAK,36,6.44,0.7178,0.4426,0.41,0.6199,0.5,0.6221,1639
GEN_7606,KRTAVTAATASRFDACTYKILHSRGSIIYVLCGK,34,4.82,0.6901,0.4425,0.27,0.3445,0.8,0.6221,1640
GEN_1551,THCAKKPLAKHCLHYLACVLLTYLNGSVKTFSKLAR,36,5.62,0.7516,0.5769,0.3194,0.6076,0.6,0.6221,1641
GEN_5526,THCAAKCHARACLSYLAAVLVTYLNGCVKAKVFAFH,36,3.62,0.716,0.4799,0.4167,0.6932,0.5,0.6221,1642
GEN_4218,TRCGKKPKAHACLSTLACASLIILNTHLKAKVFAPR,36,6.54,0.7297,0.4675,0.4156,0.5725,0.6,0.6221,1643
GEN_6432,WRCSKKPHAKAALSTLARLKAIILNGRGRTGTTLPKMFGVGDANR,45,8.83,0.7073,0.5642,0.4912,0.8608,0.6,0.622,1644
GEN_6851,THCAKKIAAKHCFHYLACVLGTYFIPCLKTFKSAIF,36,4.61,0.7022,0.4645,0.3843,0.6666,0.5,0.622,1645
GEN_3961,THLAMKPKAHACLSYLASVLLTYLNGCAKMKVFAVP,36,3.55,0.7323,0.4983,0.4815,0.6163,0.7,0.622,1646
GEN_6407,THCAKKPKAHACLSYLACVHLTCLNCCVKAKVFAPR,36,5.59,0.7076,0.3855,0.3519,0.5564,0.4,0.622,1647
GEN_0347,TVCAKKIAAKHCLHFLACVLLTYFINCLKNFTSLIP,36,3.53,0.7642,0.5836,0.4491,0.7855,0.5,0.622,1648
GEN_5217,HHCWKKPKAHAELSTLAALLLIINNGKGRKFTVLPRPFGFGTATR,45,7.01,0.7191,0.5946,0.4367,0.8295,0.6,0.622,1649
GEN_6929,THCFKAPKAHACLSYDACLLLICQNGCLKGKIFAAH,36,2.61,0.7011,0.3613,0.3519,0.531,0.4,0.6219,1650
GEN_1250,THCAKKIPVKHCLHYLACVLLTYFNLGLKNFTKLIP,36,4.62,0.7544,0.5598,0.3843,0.6364,0.6,0.6219,1651
GEN_4212,THCAKKPLGKVCVHYLAFVLLTYFNACYKTFTKLIP,36,4.53,0.7298,0.5524,0.3843,0.6813,0.6,0.6219,1652
GEN_4245,TRCATKPNKHVAFSTWACLLLIILNVKGKTFTRIPK,36,6.46,0.7293,0.5726,0.4111,0.6766,0.7,0.6219,1653
GEN_1228,FHCAKKPLAKHCLHYLACVLLTFLNGCIKAKVFGVK,36,5.98,0.7546,0.5009,0.4167,0.6371,0.5,0.6219,1654
GEN_5710,KHTKFECCKLALRTLRGANASNFASWCGKANVFAAV,36,4.82,0.7142,0.6141,0.3519,0.7884,0.6,0.6219,1655
GEN_5136,TRYRNAPHYHACLSTLASLLLTILNGSVKAKVFAAH,36,3.65,0.72,0.4657,0.3843,0.4931,0.7,0.6219,1656
GEN_6744,KRTAVTALTASAFDKCTYLILHSRGSIYYVPVAK,34,3.83,0.7034,0.442,0.318,0.3586,0.8,0.6218,1657
GEN_3682,THCAKKIDAKHCLHCLACVLLTYFNFCLHAKAFAAD,36,1.7,0.7345,0.4554,0.4054,0.6626,0.4,0.6218,1658
GEN_2356,THCAKKILAGHCLHYLACVLLTYFNANLKTFTSLIP,36,2.63,0.745,0.4603,0.3843,0.4919,0.6,0.6218,1659
GEN_7484,AWIKTALLCCAIKIPNWRKALANIRRKS,28,6.77,0.6922,0.6662,0.2934,0.6004,1.0,0.6218,1660
GEN_7749,THCAKKKLAKHALHMLACALLTYFNMCLKNFTKLHP,36,5.71,0.6876,0.5706,0.3843,0.8097,0.6,0.6218,1661
GEN_1872,THCAAKPKAHAALSYMVCILLILNNGCIKTFTKLPH,36,3.63,0.7489,0.5407,0.4167,0.6492,0.6,0.6218,1662
GEN_3975,TVCAAKPHAHEALSYMACILLTYLNGCVKAKIFAAH,36,1.63,0.7322,0.493,0.4751,0.6666,0.6,0.6218,1663
GEN_2887,TWYHKKPKYHACLSNLACLLLICNNGCLKAKVFAAH,36,4.61,0.7409,0.3932,0.3519,0.4238,0.5,0.6218,1664
GEN_2988,THCAKKPLAHACLSYLACVLLTYLGGCVKAKAFAAK,36,4.53,0.7403,0.4482,0.4167,0.5816,0.5,0.6218,1665
GEN_7832,KHTKFECCKLLCRTLRGANASNFLSWCGKAKVFGHR,36,6.89,0.6856,0.5921,0.3521,0.8848,0.5,0.6218,1666
GEN_1144,LHCAKKIALKHSQHYLACVLLTYFINCLKNFTSLIP,36,3.99,0.7555,0.5559,0.3843,0.6264,0.6,0.6218,1667
GEN_0050,LHCAKKIAAKHSLHYLACVLLTYFIACLKTYTTLIP,36,3.98,0.7706,0.4689,0.4167,0.4785,0.6,0.6218,1668
GEN_3859,THCAKKIAGKHCYHFLACVALTYFNACLKTFTSDVP,36,2.62,0.7332,0.4508,0.3194,0.5045,0.5,0.6217,1669
GEN_0944,THCAKRVLAKHSLHYLACVLLTYFNGCLHAKAFAAD,36,2.72,0.7576,0.484,0.3843,0.5011,0.6,0.6217,1670
GEN_7458,RLLCDPSRYIHHCIKLLKVRFKASALADIFELLKKNNS,38,4.91,0.6926,0.6433,0.3553,0.8894,0.6,0.6217,1671
GEN_4639,TRCKKKPKGHACLSYLACLLLIINNGCLKAKVFAAR,36,7.44,0.725,0.3905,0.4358,0.5395,0.5,0.6217,1672
GEN_0454,THCAKKAAAKHCVHYLACVLLTWFINCLKNFTSLIP,36,3.62,0.7626,0.5583,0.4167,0.7127,0.5,0.6217,1673
GEN_3249,FRVWYKPKAHAPLSTLACLLLIILNPCQKAHVFAAH,36,4.0,0.7381,0.5205,0.5463,0.7023,0.7,0.6216,1674
GEN_2968,THCAKKPLAKHCLHYIAAALLTNFNQCLHKKAFAIP,36,4.71,0.7404,0.5618,0.4167,0.7028,0.6,0.6216,1675
GEN_5655,KHTKFDCCKIALRHLRGANAFNFWSWCYKAKVFAAI,36,5.9,0.7148,0.6227,0.3843,0.8313,0.6,0.6216,1676
GEN_1148,THCALKAAAKNCLHYLACVLLTYFNTTLNRKVFCIH,36,3.62,0.7554,0.5128,0.3519,0.5882,0.5,0.6216,1677
GEN_2716,THCAKKAAAKHCLHYLAAVLLTYFNSGLKRKVHAIF,36,5.72,0.7421,0.5647,0.3843,0.6048,0.7,0.6216,1678
GEN_6499,TKCAKKPHARARLSTLANASLKILNYCVKAFPRALV,36,7.46,0.7066,0.617,0.5018,0.8922,0.7,0.6216,1679
GEN_8040,TRCAAKPNKHACFSTLADLLLIIDNGQGKAFTRLPR,36,3.46,0.6801,0.579,0.3519,0.7403,0.7,0.6216,1680
GEN_1696,THCAKKPLAHHCLSYLACVLLTYFQACLHAKAFAAD,36,1.71,0.7503,0.4326,0.4372,0.5509,0.5,0.6215,1681
GEN_7362,RLLCDPLRYIHHCIKLLKNRFKASALADIFELLKKNNS,38,4.91,0.6947,0.6685,0.3553,0.9249,0.6,0.6215,1682
GEN_2890,TNCAKKIAAKHALHYLWQYLLVYFAACLKNFTKLIP,36,4.54,0.7409,0.5755,0.4491,0.6894,0.7,0.6215,1683
GEN_1974,TRCAAKPKAHAALSYMVCILLILNNGCIKTFTKLPH,36,4.54,0.7479,0.5407,0.4167,0.6492,0.6,0.6215,1684
GEN_1752,TKCAKKIAAKHCIHYLACVLLTYFINSLKTFTSLIP,36,4.54,0.7499,0.5231,0.3843,0.5828,0.6,0.6215,1685
GEN_3608,THCAAKPKAHAALSYMACQLLIINNGCGKTFTKLPK,36,4.54,0.7352,0.5405,0.3519,0.6138,0.6,0.6215,1686
GEN_1364,THCAKKIAAKHCLHYLACVSLTYFIGCLKNFTDLIP,36,2.62,0.7534,0.5098,0.3519,0.5869,0.5,0.6215,1687
GEN_3666,THYTKKPKYHDCLSNLACLLLTAVNGCVRAKVFAWP,36,3.54,0.7347,0.5078,0.3519,0.5602,0.6,0.6215,1688
GEN_7893,GCLYKRCSKGARLRWWKKLPNCAFGH,26,6.81,0.6842,0.5695,0.0774,0.3062,0.9,0.6214,1689
GEN_4177,TRCAKSSKQHACLSTLALYYIIIINETLKAKIFAAV,36,3.46,0.73,0.5017,0.3843,0.5262,0.7,0.6214,1690
GEN_0115,FHCAKKAAAKNCLHYLACVLLTYFIATLKTKSSAIF,36,4.9,0.7686,0.4835,0.4167,0.5052,0.6,0.6214,1691
GEN_3761,THCAAKPQAHAALSFMACLLLIKNNGCIKTATKLIK,36,4.54,0.734,0.5972,0.4167,0.7751,0.6,0.6214,1692
GEN_6185,NHCAAKGHAHACLSVLGCILLTYLNGCVKAKVFHIV,36,3.07,0.7099,0.4652,0.3843,0.6459,0.5,0.6214,1693
GEN_4775,TRYRKKPKAHGCLSTLACLLLIILKGCVKAFTHKAV,36,7.54,0.7236,0.5315,0.4414,0.7148,0.6,0.6214,1694
GEN_0052,THCAKKAAAKHCLHYLACVLLTYFINSLHAKAFALF,36,3.71,0.7706,0.4833,0.4491,0.5326,0.6,0.6214,1695
GEN_0321,THCAKKAAAKHCLHYLACVLLTYFINCAKNFTSLVE,36,2.62,0.7645,0.5303,0.3519,0.5948,0.5,0.6214,1696
GEN_5413,THCAKKPLAKKCQHYLACVLLTCNNGCLKAHVFAPR,36,5.6,0.7173,0.4808,0.3194,0.6555,0.4,0.6213,1697
GEN_0452,FHCAKKAAAKNCLHYLACVLLTYYIATLKTKSSAIF,36,4.9,0.7627,0.4696,0.3843,0.4624,0.6,0.6213,1698
GEN_4119,THCARKVKAHACLSYEACILLIINNGCGKTFTMLPK,36,3.53,0.7306,0.4499,0.3194,0.5067,0.5,0.6213,1699
GEN_3499,THCLKKPLAKHSLHYLAAVLLTNWNACLKAKVFVIF,36,4.63,0.7361,0.496,0.4815,0.5995,0.7,0.6213,1700
GEN_5691,TRCAKKPKALACLSTFGCILLIQLNETLKAKVFRAR,36,6.37,0.7144,0.4921,0.4056,0.6344,0.6,0.6213,1701
GEN_2568,THDAKKAEAKHCLHYLALVLLTYFNACLKTFTIAIK,36,2.64,0.7434,0.4786,0.3843,0.4557,0.7,0.6213,1702
GEN_5869,TRCWKKPHAHAPLSTLASLLLIILNRQGWTFTKLGKSFPIGTGSR,45,6.56,0.7129,0.5159,0.3844,0.6566,0.6,0.6213,1703
GEN_3591,TRCAAKPKAHACLSYLACLYLICNNGCLKAKVFAAH,36,4.52,0.7354,0.4151,0.3843,0.569,0.4,0.6213,1704
GEN_3284,THCAAKPIAHAALSYMACILLIVNSGCIKTGTKLAD,36,1.54,0.7378,0.5364,0.4486,0.6961,0.6,0.6213,1705
GEN_2151,TVCIKKIAAKHSTHYLACVLLTYFNAALKTFTSLVP,36,3.55,0.7467,0.5375,0.4167,0.5782,0.7,0.6212,1706
GEN_7325,KRTAVTAATASRHDACTYKILHSRGSIYYVLVAK,34,4.92,0.6953,0.3921,0.27,0.2425,0.8,0.6212,1707
GEN_7106,FRCWYRPKAHASLSTLACLKCIICNGKGKTFTKVPK,36,7.8,0.6985,0.4631,0.405,0.688,0.5,0.6212,1708
GEN_2273,THCAKKPLAKHGLHYLACALLTYFNAFLKIFTKLHP,36,4.72,0.7456,0.6295,0.4167,0.734,0.7,0.6212,1709
GEN_4907,THCAKKPLAKHCLHYLACVLITYFHATLHAQAWAAD,36,1.8,0.7222,0.4923,0.4304,0.6405,0.6,0.6212,1710
GEN_3769,TRYRKTPHNHACLNTLACLLLIILNVSKKHFTKIPK,36,6.63,0.7339,0.4969,0.3564,0.4803,0.7,0.6212,1711
GEN_8039,LHCWKLPKAHASLSTLSCLQCIILNGKGKTFTKLCK,36,5.89,0.6801,0.4367,0.3,0.5816,0.5,0.6211,1712
GEN_3388,TRCAKKPKAHAALSSLACLLLLILNGTVKNFSRGAV,36,5.46,0.7371,0.6075,0.4167,0.7169,0.7,0.6211,1713
GEN_0114,LHCAKKIAAKHSLHYLACVLLSYFIACLKTYTTLIP,36,3.98,0.7686,0.4689,0.4167,0.4785,0.6,0.6211,1714
GEN_6697,THCAKKPLAKHCLHYLYCVLLTYFNGCLKTFTKLIP,36,4.61,0.7042,0.5434,0.3194,0.7228,0.5,0.6211,1715
GEN_2693,TRYHKKPKYHACLSYLACLLLTLVNGCVKAKVFLAD,36,4.54,0.7424,0.467,0.3519,0.4714,0.6,0.621,1716
GEN_6777,KRCWKKPKEHACLSLHGANASNFANYCGKANVYALV,36,4.9,0.7029,0.5241,0.3,0.6071,0.6,0.621,1717
GEN_2346,FHSAKVTAHKHSLHYLACVLLNYFNTMLKATVFALF,36,3.09,0.7452,0.5686,0.4491,0.6647,0.7,0.621,1718
GEN_2378,THCAKRILAKHELHYLACVALTYLNGCVKAKVFAVH,36,3.71,0.7449,0.4907,0.3843,0.5373,0.6,0.621,1719
GEN_2677,TRYHKKPKYHACLSYLACLLLTLVNGCVKAKVFAAD,36,4.54,0.7425,0.467,0.3519,0.4714,0.6,0.621,1720
GEN_0868,THCAKKIAAKNCLHYLACVLLTYFINPLHAKAFAIG,36,3.62,0.7583,0.4974,0.4491,0.5821,0.6,0.621,1721
GEN_0797,THCAKKIAVKHCLHYLACVLVTYFIAGLKTFTSLAP,36,3.62,0.759,0.4813,0.4167,0.5214,0.6,0.621,1722
GEN_4494,THCAKKGKAHACLSWLACLLLIINNWCVHAKIFANR,36,4.62,0.7267,0.4297,0.4167,0.5768,0.5,0.6209,1723
GEN_3270,LHCAKKIAHKHSLHYLACVLLTYFIACLKNYTSADY,36,3.07,0.7379,0.4651,0.3194,0.4452,0.6,0.6209,1724
GEN_5880,KHTKFDCCKIALRHLRGANAFNFWSWCYKAKVFAAV,36,5.9,0.7128,0.6227,0.3843,0.8313,0.6,0.6209,1725
GEN_0449,FHCARKIAAKHSLHYLAWVLLTYFIACLKTFTSLAF,36,4.0,0.7627,0.5066,0.4815,0.552,0.7,0.6209,1726
GEN_5661,TRGRKKPKAHACLLYLACLLLIKLNGCLKAKVSAAR,36,8.45,0.7148,0.4176,0.5271,0.628,0.6,0.6209,1727
GEN_0814,THCAKKAAAKHCAHYLACVLLTWFINCLHLKAFAIP,36,3.7,0.7588,0.4882,0.4815,0.6638,0.5,0.6209,1728
GEN_6134,LHCARQIAGRHELHYSACVLLTQCGFALKTFNSAIP,36,1.99,0.7103,0.4483,0.3524,0.5148,0.6,0.6209,1729
GEN_1818,THFAKKILAKHVLHYLACVSLTYLNACLKNYTSLIP,36,3.63,0.7493,0.4838,0.3843,0.4476,0.7,0.6208,1730
GEN_1237,THCAKPILAKHCLHYLACALLTWFNAKLKTFTSLIP,36,3.63,0.7545,0.4701,0.4491,0.5441,0.6,0.6208,1731
GEN_1368,AHAAHKAAAKNCLHYLASVLLTYFINCLKAKAFAIG,36,4.03,0.7533,0.5337,0.4815,0.6184,0.7,0.6208,1732
GEN_2865,THCAKKALAKHCLSYLACVFLTYFNACLKTKTKLAR,36,6.52,0.7411,0.4596,0.3501,0.5247,0.5,0.6207,1733
GEN_3613,FHCGKKPLAKHCLHYIACVLLTNFNACLKAKTSVKD,36,4.98,0.7352,0.4626,0.3194,0.5127,0.5,0.6207,1734
GEN_2262,AHCARKIAAKTSIHWAMCVLLTYFQSCLKAHVFAIF,36,4.02,0.7458,0.5378,0.4815,0.7093,0.6,0.6207,1735
GEN_8588,LHCAKKIAFKHSQHYLACVQLTYFIQCLKNETSLIG,36,2.99,0.6576,0.4596,0.3,0.6031,0.6,0.6207,1736
GEN_0150,FHCVKKTAAKNCLHYLALVLLTYFNSCLKATTSLAP,36,3.9,0.7677,0.4943,0.3843,0.4877,0.6,0.6206,1737
GEN_6715,THCSKKPLAHACLSYLACLLLTCNNGCVKAKVFAPR,36,4.52,0.7039,0.3954,0.3519,0.5724,0.4,0.6206,1738
GEN_2338,THCAKKPKAHACLSYLACLLLIINNGCLHAKIFAAR,36,4.62,0.7452,0.417,0.4167,0.51,0.5,0.6206,1739
GEN_1442,LHCAKKIAAKHSLHYLACSLVTYCIGCLKAFTNPAP,36,3.98,0.7527,0.455,0.3843,0.5233,0.5,0.6206,1740
GEN_4129,TRYHKKPHYHACLSTLAAALLTILNGCVKAKKFAAH,36,5.72,0.7305,0.4742,0.3519,0.4419,0.7,0.6206,1741
GEN_6969,WRAWYKPKAHACLSTAVCLLLIINNGKGKTFTKLPNSFGLGDANR,45,5.82,0.7005,0.5721,0.3519,0.7416,0.6,0.6206,1742
GEN_5135,NRCWKKEKAHACLSTLACLLLIALNGKAKTDIKLPK,36,5.81,0.72,0.4312,0.3519,0.4606,0.6,0.6205,1743
GEN_6657,THCAKKPLAKHCLPYLACVLVTYFEASLKAKVFAIF,36,3.54,0.7046,0.4952,0.4815,0.733,0.6,0.6205,1744
GEN_4691,THCAKKPLGKHCLHYLACNLVTYFNAVLHAMAFWAD,36,1.72,0.7245,0.4887,0.4365,0.6304,0.6,0.6205,1745
GEN_2463,THCAKKPKAHAALSFMACILLILNNGCIKTATKLIK,36,5.54,0.7442,0.5972,0.4167,0.7456,0.6,0.6205,1746
GEN_4515,THCAKKGAAKHCLHYLACALLTYFNSKLNRFFEASF,36,3.63,0.7264,0.5401,0.3194,0.5949,0.6,0.6205,1747
GEN_6645,TWCGKKALASHCLSYLACVLLTYFNACVDAKVWVVV,36,1.44,0.7047,0.4628,0.4881,0.7516,0.5,0.6205,1748
GEN_4305,TYCAKKPKAHACESYLACLLLIINNGCYHAKAFAAR,36,3.53,0.7287,0.43,0.3519,0.5046,0.5,0.6204,1749
GEN_8591,KHTKFECIKLAARTGRGANASNFAQMSGKAKVFAAV,36,5.84,0.6574,0.6225,0.3519,0.8581,0.7,0.6204,1750
GEN_7568,RLLCDPSRYIHHCIKLLKVRFKWSALADINEALKKNNC,38,4.9,0.6907,0.6301,0.3246,0.8989,0.5,0.6204,1751
GEN_7441,KHTKFECCKLLLRTLRGANASNFASWCGKAKVFGVR,36,6.82,0.693,0.6109,0.3476,0.8179,0.6,0.6204,1752
GEN_0980,PHCAKKPLAKHCLHYLACTLLTYFNASLKTFTSVKP,36,5.18,0.7573,0.473,0.3519,0.4423,0.6,0.6204,1753
GEN_7090,KPLCVGSALKGSKRCVLVLALNCGGKIGDCRKVAPKCL,38,6.71,0.6988,0.5107,0.3657,0.8552,0.3,0.6203,1754
GEN_2368,TKCARKPHAHACLSYLACILLTVNNGCVKAKVFAPR,36,5.53,0.7449,0.4746,0.3843,0.5724,0.5,0.6203,1755
GEN_1446,THCAKKILAKHELHYLACVLLTYFNLCLKNFTKLIP,36,3.63,0.7527,0.5519,0.3843,0.6164,0.6,0.6203,1756
GEN_2654,TRYHKKPNYHACLSTPACLLLTIANLCVKAKVYHGI,36,4.62,0.7427,0.43,0.3194,0.3716,0.6,0.6203,1757
GEN_7217,TVYRKKPHYHACLSTPACLLLIKNNGCIKAKVFAPR,36,6.54,0.6967,0.3374,0.3831,0.3883,0.6,0.6203,1758
GEN_2859,THCAAKIHAHACLSYLACVLLTYLNGCVKAKVFAIP,36,2.62,0.7411,0.493,0.4491,0.6766,0.5,0.6203,1759
GEN_0985,THCAAKPHAHACLSYLACVLLTYLNGCVKAKVFAVP,36,2.62,0.7572,0.493,0.4491,0.6393,0.5,0.6203,1760
GEN_7714,SAFMRVCTPWLLKGAARSKVLWVIWLFFKHH,31,4.62,0.6882,0.575,0.4284,0.6492,0.9,0.6202,1761
GEN_4042,THCAKKPLAKHSHHYLACVLLTWFNAMLKTFTKLIP,36,4.72,0.7314,0.5955,0.4167,0.704,0.7,0.6202,1762
GEN_3909,TRYHSKPKYHACLSNLACLLIAIVNGCVKAKVFAAV,36,4.54,0.7328,0.4672,0.4167,0.5536,0.6,0.6202,1763
GEN_4940,THCAARPKAHANLSYLACVLLHGWNACVHAKVFAAK,36,3.71,0.7218,0.4412,0.4491,0.5681,0.6,0.6202,1764
GEN_2967,THCAKKPLAKHCLHYLACTLLEYFNASLKTFTSVKP,36,3.63,0.7404,0.4695,0.3194,0.4423,0.6,0.6202,1765
GEN_6694,THCAKKAAAKNNLHYAHCVLATYFNSCVNRKAFLIP,36,4.62,0.7042,0.5075,0.3519,0.6223,0.6,0.6202,1766
GEN_0424,THCAKKAGAKHCLHYLACVLLTYFNTCLKATVFALF,36,3.61,0.7631,0.4893,0.3843,0.5542,0.5,0.6202,1767
GEN_3805,FHQAKKTVAKHSLHYVACVLLTYFINVLKHFVSLAQ,36,4.09,0.7336,0.5752,0.4167,0.665,0.7,0.6202,1768
GEN_1269,SHCAKKPLKHASLSYLACVLLTYFNACLHAKAFAHP,36,3.77,0.7542,0.5418,0.4167,0.6278,0.6,0.6202,1769
GEN_2609,TKSARKAAAKHMLHYLACVLLTYFIPCLKLKAFAIP,36,5.55,0.7431,0.532,0.5139,0.6673,0.7,0.6201,1770
GEN_3235,THCAKKPKAHACLSYLACLMLTPVNGCVKAKVKLAV,36,5.53,0.7382,0.4545,0.4167,0.5857,0.5,0.6201,1771
GEN_4378,THCAAKPRAHACLSVLACVLLTYLNGCVKAKVFSWH,36,3.62,0.728,0.4791,0.4167,0.6501,0.5,0.6201,1772
GEN_0253,LHCAKKIAAKHSLHYLACVLLTYFIACLKTYTSLIP,36,3.98,0.7657,0.4689,0.4167,0.4785,0.6,0.6201,1773
GEN_3957,THCAKKIWAKHCLHYLACVLLTYFNAWQKAKVFAIF,36,4.62,0.7324,0.5017,0.4491,0.6438,0.6,0.6201,1774
GEN_0740,TVCAKKIAAKHCLHYLASVLLTYFINCHKNFTSLLP,36,3.62,0.7596,0.4855,0.3843,0.4884,0.6,0.6201,1775
GEN_0956,TKCARKAAAKHCLNYLACVLLTYFINCLKTTVFALF,36,4.44,0.7575,0.5247,0.4167,0.6578,0.5,0.6201,1776
GEN_0419,THCAKKAAAKHCAHYLACVLLTYFINCLKNFTSLIP,36,3.61,0.7631,0.5559,0.3843,0.6638,0.5,0.6201,1777
GEN_7983,ILLCWPSKYNHPCIKLLKVRFKVSALADATFTKTPRSF,38,5.82,0.6819,0.5231,0.4167,0.7646,0.6,0.6201,1778
GEN_0144,FHCAKKIAAKHSLHYLACVLLTYFIACLKTYTTLIP,36,3.98,0.7678,0.472,0.4167,0.4785,0.6,0.62,1779
GEN_5399,THQAKKPLAKTSLSYLACVLLTYFNACLHAFTKLIK,36,4.55,0.7174,0.5444,0.3843,0.6178,0.7,0.62,1780
GEN_2528,AHCARKIAAKNSIHWAMCVLLTYFQSCLKAHVFAIF,36,4.02,0.7438,0.5378,0.4815,0.7093,0.6,0.62,1781
GEN_3124,THCAKKHAAKHCLHYLAGVVLTWFIACLKTFTNLTP,36,3.71,0.7391,0.4824,0.3843,0.5306,0.6,0.62,1782
GEN_1042,FHCAKKPLAKHCLHYLACVLLTYWNASLHAKTFVAD,36,3.08,0.7566,0.4923,0.4167,0.5386,0.6,0.62,1783
GEN_0624,LKCAKKIAAKHSLNYLACVLLTYFIACLKFYTTNFP,36,4.81,0.7607,0.5199,0.4167,0.5749,0.6,0.62,1784
GEN_3912,THCAAKPHAHLALSYGAMILLQYFNACLHAKAYAAK,36,2.72,0.7328,0.479,0.4491,0.5375,0.7,0.62,1785
GEN_1215,THCAKKALAKHCLHYLACVLLTFLNGCVKAKVFAVK,36,5.61,0.7547,0.4971,0.4167,0.6176,0.5,0.62,1786
GEN_8178,KRHIKIKTLKKKITPLFWRCGWPGGILRGDL,31,7.83,0.6758,0.5468,0.3095,0.4775,0.95,0.62,1787
GEN_2257,THCAKKPLKHACLSYLACVLVTYLNGDVKAKVFAVP,36,3.54,0.7458,0.5401,0.4167,0.6426,0.6,0.6199,1788
GEN_4035,THCAKQVKANACLSYLCYLLLTCLNGCVKAKVFLPK,36,4.43,0.7314,0.4517,0.3519,0.5972,0.4,0.6199,1789
GEN_7614,KHTKFDCCKYALRTLRGANASVFASWCGKVKVFAEV,36,4.82,0.6901,0.6169,0.3194,0.8032,0.6,0.6199,1790
GEN_3121,WRLWYKPKAHANLSYLACHLLIILNGCLKAKVSAPR,36,5.91,0.7391,0.4795,0.4491,0.5228,0.7,0.6199,1791
GEN_7713,ILWCWPSRYTHPCIKLLKVRFKVSALADIFEALKKNNS,38,4.83,0.6882,0.5924,0.4167,0.8644,0.6,0.6199,1792
GEN_6447,TKAAKKLVAKHCLHYLACVVDTYFNGCLKTFTSAAP,36,3.54,0.7072,0.4825,0.3519,0.5716,0.6,0.6198,1793
GEN_1585,THCAKKPLAKTTLNYLACVLLTYFNACLKTFTKLHP,36,4.54,0.7512,0.5524,0.3519,0.5849,0.6,0.6198,1794
GEN_3122,TRYSKKPLAKHCLSYLACVLLTYFNACLHAKAFAAK,36,5.53,0.7391,0.476,0.3843,0.5181,0.6,0.6198,1795
GEN_3327,THCAMKPTAHACLSFLACLLLIMNNGLAKAKVFAAH,36,2.63,0.7375,0.4487,0.5139,0.6064,0.6,0.6198,1796
GEN_6956,TTCAKKPLAHHCVSYLACVLLTFFNACVHAKVFAVK,36,3.62,0.7007,0.455,0.4491,0.7042,0.5,0.6198,1797
GEN_3263,THCAKKPLAKHCLSYLACVLLTYFNAILHAKAYAAK,36,4.62,0.738,0.4817,0.4167,0.5623,0.6,0.6197,1798
GEN_7042,ILLCDADRFTYPAIKLLKVRFKANALADLVEVLKKNNS,38,2.75,0.6994,0.6223,0.4474,0.9174,0.6,0.6197,1799
GEN_7758,TLCAKKAEVHHCLHYIALLLLTYFNAELKTHTELIP,36,-0.27,0.6874,0.4324,0.5431,0.6578,0.7,0.6197,1800
GEN_8412,ILLCDQCCKLLLRTLHGANNSDFGSWMGKAKVKAAV,36,2.82,0.6672,0.5713,0.3519,0.8119,0.6,0.6197,1801
GEN_3943,TRYHKKPKYHACLSNLACLLLIINNGCAKAKVFAAH,36,5.62,0.7325,0.4367,0.3519,0.4352,0.6,0.6197,1802
GEN_2055,NHCAKKIAAKHCLHYLACVLLTYFNLCLKNFTKLAD,36,3.98,0.7474,0.538,0.3519,0.6359,0.5,0.6197,1803
GEN_2070,FHCAKKAAAKNSLHYLACVALTYFIQCLHAEAFAAG,36,1.99,0.7473,0.4734,0.4498,0.5588,0.6,0.6196,1804
GEN_0192,THCAKKAAAKNCLHYLACVLLTYFINSVHAKAFAIP,36,3.62,0.7668,0.4974,0.4491,0.5526,0.6,0.6196,1805
GEN_4266,THCAQKLVAKHCSHYLAMVLLTWFNSCLKNKVFLAE,36,2.63,0.7291,0.5145,0.3843,0.6042,0.6,0.6196,1806
GEN_3374,THRAKKPLAKWCLHMLAIVLITFLNCCVKAKVFAVK,36,6.54,0.7372,0.6125,0.5452,0.9101,0.6,0.6196,1807
GEN_4766,TFCAKKPLFHACLSYLACVLLTYLNGCVKAKNFAAK,36,4.44,0.7237,0.4791,0.4167,0.6565,0.5,0.6195,1808
GEN_1885,THRAKKPLAKHCIHYLACVLLTYLNGCVKAKVFAVP,36,5.62,0.7488,0.5406,0.4167,0.6338,0.6,0.6195,1809
GEN_0989,THCAKKVAAKNCLHYLACVLLTYFNTMLKATVFALF,36,3.54,0.7572,0.5314,0.4491,0.6311,0.6,0.6195,1810
GEN_1624,THCAQKAAAKDCKHYLACVVLTYFNTCLNRKVFALF,36,3.53,0.7509,0.5173,0.3519,0.5916,0.5,0.6195,1811
GEN_0564,LHCAKKIAAKNSLHYLACVLLTYFIACLKTYTSLIP,36,3.9,0.7614,0.465,0.4167,0.4785,0.6,0.6195,1812
GEN_4783,THCAKKAEAKHCAHWLAWVLLTYFNACLKTFQIIIP,36,2.63,0.7236,0.5148,0.4491,0.6818,0.6,0.6195,1813
GEN_1746,THLAMKPKAHACLSYLACVLLTYLNGCVKAKVFAVP,36,3.54,0.7499,0.5068,0.4815,0.6393,0.6,0.6194,1814
GEN_5486,THCAAKPLAHACLSYLACVLLTYFNGCVHAKVFAAK,36,2.62,0.7165,0.4736,0.4491,0.6961,0.5,0.6194,1815
GEN_5836,FRSWYKPKAAACLSTLACLFAIIKNGKGKTHTKAAV,36,6.82,0.7132,0.4475,0.4321,0.5095,0.7,0.6194,1816
GEN_4088,THCAKKILAKHCVHYLACVLLTYLNGCVKAKVFAVP,36,4.61,0.7309,0.4791,0.4167,0.6393,0.5,0.6194,1817
GEN_1389,NHCAAKPHAHACLSYLACILLTYLNGCVKAKVFVIV,36,2.98,0.7531,0.493,0.4491,0.6426,0.5,0.6194,1818
GEN_4894,FKCWKKPKAHACLSTLACLLLIKLNGKAHTKVFAAV,36,6.9,0.7223,0.4879,0.5014,0.691,0.6,0.6193,1819
GEN_1255,TTCAAKPHAHACLSYLACVLLTYLNGCVKAKVFAVP,36,2.53,0.7544,0.493,0.4491,0.6393,0.5,0.6193,1820
GEN_0827,NHCAKKAAAKNCLHYLACVLLTYFGNCLHVKAFAIG,36,3.98,0.7586,0.4696,0.3843,0.5252,0.5,0.6193,1821
GEN_1417,EHCAKKIAAKHSLKLLACVLMTYFHACLKYCTTALF,36,4.05,0.7529,0.4904,0.3843,0.5735,0.5,0.6193,1822
GEN_2166,TRHAARPKAHACLSYLACVLLTYLNGCVKAKVFAIG,36,4.54,0.7466,0.4858,0.4167,0.5462,0.6,0.6193,1823
GEN_3599,THVAKKAAGKNCLKYLACVLLTYFNSCLNEKVYAIF,36,3.45,0.7354,0.5097,0.3519,0.5475,0.6,0.6193,1824
GEN_1086,FHCAKKIAAKHSLHTLACVLQSYFWTCLKATVFALF,36,3.99,0.7562,0.4859,0.4491,0.5568,0.6,0.6193,1825
GEN_2741,THCAHKPDVKHCLRYIACVLLTYLNGCISAKAFAAK,36,3.62,0.742,0.5746,0.3519,0.7063,0.5,0.6192,1826
GEN_1383,THCAKKAEAKHCLHYLALVLYTYYNACLKTFTILIP,36,2.62,0.7531,0.4199,0.3519,0.356,0.6,0.6192,1827
GEN_8383,SHCAKKPLALHCLHYDATVLSTYFNAHLKALTFAIF,36,1.79,0.6683,0.4514,0.4317,0.6191,0.7,0.6192,1828
GEN_2995,FHCAKKPLAKHCLHFLANVLLTYFNLCLHNKAFFAD,36,3.08,0.7402,0.5331,0.4491,0.6719,0.6,0.6192,1829
GEN_2492,TVCAKKIAAKGCLHYLASVLLTYFINCHKNFTSLLP,36,3.54,0.7441,0.4855,0.3843,0.5179,0.6,0.6191,1830
GEN_5356,WRAWYKPKAHACLSTAVCLQAKILNAKGKWRTKLPKSLGIGNGNR,45,9.82,0.7178,0.4606,0.5487,0.7025,0.6,0.6191,1831
GEN_6343,TRCWKKPHAHASLSNLACRLLTPVNGCVKAKVFAAR,36,6.54,0.7084,0.5563,0.4157,0.7503,0.6,0.6191,1832
GEN_7201,THCAKKIAAKNCLHYIACVVLTYWDPCGNRKVFAIF,36,3.53,0.697,0.4849,0.3843,0.6933,0.5,0.6191,1833
GEN_2278,THCAKKAAWKLCNHYLAAVLLTYFNSCLNRKVWAVF,36,4.54,0.7456,0.5517,0.4167,0.657,0.6,0.6191,1834
GEN_8124,SHTKMPCCKLALRTLRGANATNFANWCGKWFVWGAY,36,4.51,0.6774,0.5941,0.3519,0.8551,0.55,0.6191,1835
GEN_1413,THCAKKPLAKHCLHFLACVLLTYFNACLKTYTSLIP,36,3.61,0.7529,0.5053,0.3843,0.5969,0.5,0.6191,1836
GEN_3096,THCAAKPKAHANLSYLACVLLHYWNACVQAKVFAAK,36,3.62,0.7394,0.4602,0.4491,0.5514,0.6,0.6191,1837
GEN_3087,THCAPKAAAKNCQHFLACVVLTYFINCLKNFTSWAP,36,2.53,0.7395,0.5697,0.4167,0.7675,0.5,0.619,1838
GEN_0445,TICAKKIAVKHCLHYLACVLLTYFINCLKNHTSLTP,36,3.61,0.7628,0.5233,0.3519,0.5709,0.5,0.619,1839
GEN_6271,VPLSVPSALKGSCIKLLKVRFKASALADIFEALKKNNS,38,4.72,0.709,0.6007,0.4474,0.8538,0.6,0.619,1840
GEN_4577,THCAKKLVAKHCLDYLACAHLTTFNSPLKAKVFAIF,36,3.63,0.7257,0.4789,0.4167,0.5815,0.6,0.619,1841
GEN_0544,THCAKKAAAKHCVHYLACVLLTYFINCLKNFTSLIP,36,3.61,0.7616,0.5559,0.3843,0.6605,0.5,0.619,1842
GEN_1112,LHCAKKIAAKHSLHYLACVVLTYFNTCLNRKVFAIF,36,4.99,0.7559,0.5451,0.4167,0.6211,0.6,0.619,1843
GEN_3632,TGCAHKPNKHACFSTLACLLLIINNGCLKAKVFAAR,36,4.53,0.735,0.4057,0.3843,0.4714,0.5,0.6189,1844
GEN_1933,FHCAKKPVAKHCLHYLACVLLTFLNGCQKAKVFGVK,36,5.98,0.7483,0.4815,0.3843,0.5669,0.5,0.6189,1845
GEN_3382,THCAKKAAAKNCLHRIQYVLVTLFNACLKAKVFAMF,36,5.54,0.7372,0.5572,0.4491,0.7168,0.6,0.6189,1846
GEN_5150,TRTAKGNLAKHCLHTLACVLLTYFNACLKTFTKLAH,36,4.63,0.7199,0.5385,0.3194,0.5965,0.6,0.6189,1847
GEN_0463,LHCAKKIAAKHSLHYLGCVLLTYFIACLKTFTSLAP,36,3.99,0.7626,0.4712,0.4167,0.4819,0.6,0.6189,1848
GEN_3319,TRCWKKPHAHASLSYLACHLLIILNGCLKAKVSAAR,36,5.63,0.7376,0.5047,0.3843,0.5635,0.6,0.6189,1849
GEN_3742,THCAPKPKAHACLSYLACLLLIINNGALKAKVFAAR,36,4.54,0.7341,0.4448,0.4815,0.569,0.6,0.6189,1850
GEN_8126,PKVLSGVLPLDAPKWLGYANDAFLAFC,27,-0.05,0.6773,0.5574,0.4716,0.6131,1.0,0.6189,1851
GEN_5843,THSAMKIYAKHKLHYLACVLLTWFNESTKAKVSALI,36,3.65,0.7132,0.4781,0.3843,0.5088,0.7,0.6188,1852
GEN_2032,AHCGRKAAAKNSLHYAMCVLLTYFNSCLKAKVFAIF,36,4.93,0.7476,0.5082,0.4167,0.5782,0.6,0.6188,1853
GEN_2335,FHCARKPLAKHCLRYLACVLLTYFNLLLKNFTKLIP,36,5.9,0.7452,0.6141,0.4491,0.7918,0.6,0.6187,1854
GEN_7901,THCAKKVAAKHSLHYLECVLLTYFNSCLNGKVFAIF,36,2.63,0.6841,0.4477,0.3519,0.5601,0.6,0.6187,1855
GEN_1459,THCAKKPLAHACLSYLACVLLTYLNGCVKAKVFAVP,36,3.53,0.7525,0.493,0.4491,0.6393,0.5,0.6187,1856
GEN_2491,PHFAKKIAAKHCLHYLACANLTYFLNCYKTFTSLIP,36,4.18,0.7441,0.506,0.3843,0.5491,0.6,0.6187,1857
GEN_0742,THCAKKAAAKHFLHYLAFVLLTYFNSCLNRKVYAIF,36,4.63,0.7596,0.5517,0.4167,0.5553,0.7,0.6187,1858
GEN_6314,THCVKKVLAKHCLHYLACVLLTYFNGCLHGRAFAIP,36,3.7,0.7087,0.4644,0.3843,0.6296,0.5,0.6187,1859
GEN_5321,THCFKKIAAKHWPHYLACVLLTNFIWCVKTFTALAP,36,3.63,0.7181,0.515,0.4815,0.722,0.6,0.6187,1860
GEN_0743,THCAKKIAAKHSLHYLACVLATYHHACLKTTVFAIF,36,3.8,0.7596,0.4362,0.3843,0.3962,0.6,0.6186,1861
GEN_2190,THCAKKIAAKHCFHYLACVLLTYWNLCLHAKAFAAD,36,2.71,0.7464,0.4716,0.4167,0.5848,0.5,0.6186,1862
GEN_1648,THCAAKPKAHAALSFMACILLIWNNGCIKTATFAPR,36,3.54,0.7506,0.5038,0.4815,0.6271,0.6,0.6186,1863
GEN_6816,TRYRKKPRTHLCLSNLACLLLYPVNSCVYAKVFAAK,36,6.45,0.7025,0.4261,0.378,0.5061,0.6,0.6186,1864
GEN_7686,GCKKRFGDFYKLLFILTFLQAKTGKFVWVVKA,32,5.74,0.6888,0.5818,0.3267,0.5468,0.9,0.6186,1865
GEN_3148,THCAKKKAAKHCQHYLACVLLTYFINCLMNFTSLIP,36,3.61,0.739,0.5277,0.3519,0.631,0.5,0.6186,1866
GEN_6759,KHTKFTCCKVARRTLRGADASNFATWCGKQKVFAAV,36,6.81,0.7032,0.6444,0.3475,0.8381,0.6,0.6186,1867
GEN_1503,THCAAKPKAHACLSNLACVLLTYLNGCVKAKVFAVP,36,3.53,0.752,0.493,0.4491,0.6393,0.5,0.6185,1868
GEN_1048,FHCAKKPLAKHCLHYLACVLLTLINGCVKAKVFAHK,36,6.06,0.7565,0.5073,0.4203,0.6239,0.5,0.6185,1869
GEN_7994,VHTKMARIKLALRTLRGANATNFANWCYKVKVFAYV,36,6.81,0.6816,0.6475,0.4636,0.9421,0.7,0.6185,1870
GEN_7844,TRYRKKPHNHACLKNNACLLLVPVNGCVKGKVFAAR,36,7.54,0.6854,0.4049,0.4091,0.541,0.6,0.6185,1871
GEN_0416,FHCAKKPLAKHCLHYLACVLLTFLNGCVKAKVFAVK,36,5.98,0.7631,0.511,0.4491,0.6438,0.5,0.6185,1872
GEN_2223,FHCAKKIAAKHSLHYLAFVLLTYTQSCLKAVVFQAF,36,4.0,0.7461,0.4859,0.4491,0.5079,0.7,0.6185,1873
GEN_0439,THCAKKLVAKHCLHYLACVLLTYFNSLSKAYVFAIF,36,3.62,0.7629,0.5213,0.4167,0.5621,0.6,0.6185,1874
GEN_8598,ILLCDPSRFTHPCIKLLKNRFKASAYNDIFEALKKNFS,38,3.83,0.6571,0.5952,0.3553,0.8697,0.6,0.6184,1875
GEN_3414,TRCAKKPKAHACFSTLACLLLIILNGQGKTFTKLAL,36,5.45,0.7367,0.5054,0.3843,0.5635,0.6,0.6184,1876
GEN_1625,TRYRKKPHNHLCLSNLACLLLTYFNACLHLKAFAPR,36,5.62,0.7508,0.4408,0.3519,0.3903,0.6,0.6184,1877
GEN_4997,LRNAKKPNKHVCFSGLACLLLVALNGQGKNFTKLEL,36,4.83,0.7213,0.599,0.3519,0.6566,0.7,0.6184,1878
GEN_0920,THCAKKLVAKHCLHLLACVLLTYFNWCLKTFTSAFP,36,3.62,0.7578,0.4996,0.4167,0.6036,0.5,0.6184,1879
GEN_0749,LHQAKKIAAKTSLHYLACVLLTYFIACLKTYTSLIP,36,3.91,0.7595,0.5069,0.4167,0.4785,0.7,0.6184,1880
GEN_8554,GYVKKSWARRRPLLVFNHCLQAGRTNRK,28,7.83,0.6598,0.4732,0.1969,0.2355,1.0,0.6184,1881
GEN_8534,KRSAVTAATASTFDACTYKILHSNGSIRYVLVAK,34,3.83,0.6608,0.3811,0.2837,0.2997,0.8,0.6184,1882
GEN_8525,THCAKEPLAKHDLHYLASVLLTYLSGCVKAKVFAVP,36,1.64,0.6614,0.4622,0.442,0.6578,0.7,0.6183,1883
GEN_1430,THCAKKIAAKHCLHYLACVLVTYFNLCLKSHAFAIP,36,3.7,0.7528,0.4694,0.4167,0.5642,0.5,0.6183,1884
GEN_0588,THCAKKIAAKHSLHYLACVLLYYFIACLKTYTTNIP,36,3.62,0.7611,0.4223,0.3519,0.3353,0.6,0.6183,1885
GEN_3779,FRCWYRPKAHASLSTLACLQCIILNGKGKTFTKLPK,36,6.81,0.7338,0.477,0.3668,0.5046,0.6,0.6183,1886
GEN_0154,FHCARKIAAKHSLHYLACVLLTYFIACLKTYTTLIP,36,3.99,0.7676,0.4788,0.4167,0.4785,0.6,0.6182,1887
GEN_1699,THRAKKLVANHCLHLLACVLVTYFNSCLKAKVFAIF,36,4.63,0.7503,0.5221,0.4491,0.6231,0.6,0.6182,1888
GEN_1852,LHCAKKIAAKHSLHYLAKVLLTYFLACLKTFTSTAA,36,4.99,0.7491,0.5372,0.4167,0.552,0.7,0.6182,1889
GEN_3285,TKCAKKPKAHACLCTLALLLLIILNETLKTDTFLPK,36,3.45,0.7378,0.4539,0.4167,0.5066,0.6,0.6182,1890
GEN_4002,THCAAKPHAHACLSYLACVLLTYLNWDVKAKVFALP,36,1.63,0.7319,0.4458,0.5077,0.5969,0.6,0.6181,1891
GEN_1449,LHCAKKIAAKHSLHYLACVLVTYCIGCLKTFTNPAP,36,3.98,0.7527,0.455,0.3843,0.5067,0.5,0.6181,1892
GEN_0802,THCAKKIAAKHCVHYLACVLLTYFIGCLKTFTSAAP,36,3.61,0.7589,0.4644,0.3843,0.5081,0.5,0.6181,1893
GEN_0531,THCAKKAAGKNSLHYLACVLLTYFINCLKNFVSLAP,36,3.54,0.7618,0.5559,0.3843,0.5869,0.6,0.6181,1894
GEN_3535,THCAKKLVAKHCLRYLACVLLTYWNLCLKNFTKLIP,36,5.53,0.7358,0.5606,0.3843,0.7214,0.5,0.618,1895
GEN_1252,THCAKKAAARNCLHYLAAVLLTYFNTCLNRKVFAIF,36,4.54,0.7544,0.5451,0.4167,0.6183,0.6,0.618,1896
GEN_3140,TRCAARPHAHACLSYLACVLLTYLNGAVKAHVQAIG,36,2.63,0.739,0.5225,0.4167,0.6164,0.6,0.618,1897
GEN_8349,TRHAARPKAHGCLSYRVCIQLLLNNGCIKTFPKLPK,36,6.54,0.6696,0.5368,0.3508,0.7366,0.6,0.618,1898
GEN_3330,TRCAKKPLLKHCDHYLACSLLTWFNAPLKTFTKLAH,36,4.63,0.7375,0.5451,0.3519,0.593,0.6,0.618,1899
GEN_3885,TVQAKHIAAKKSLNYLAAVLLTYTIACLKFYTTNFP,36,3.47,0.733,0.4962,0.4167,0.5192,0.7,0.6179,1900
GEN_5016,THCAKKIAAHHCLHYLACVLLTYYINTLKTFTSLIQ,36,2.71,0.7211,0.5251,0.3194,0.5649,0.6,0.6179,1901
GEN_7324,KPLCVPSALKALRTLRGANASNFASWCGKAKVFAAV,36,5.74,0.6953,0.6107,0.4815,0.8629,0.7,0.6179,1902
GEN_2233,TRYHKKAHNHGCLSFLACLLLTYLNGCVKAKVFAVP,36,4.62,0.746,0.5182,0.3519,0.5275,0.6,0.6179,1903
GEN_8368,KHTKFDCCKVALRHLRGANAFNFWSDFYKAKVWTAI,36,4.91,0.6689,0.6121,0.3519,0.7965,0.7,0.6178,1904
GEN_7410,LYGSMSCVLARLALCLGLAHCCGGQNRVYASC,32,1.8,0.6937,0.418,0.2316,0.3619,0.6,0.6178,1905
GEN_3579,THAPKKAAAKNCLHYLAYVLLTYFNTCLNRKVFAIF,36,4.55,0.7355,0.5451,0.4167,0.5942,0.7,0.6178,1906
GEN_1064,THCAKKILAKHHLHWLACVLLTYFNACLKNFTSLIV,36,3.71,0.7564,0.522,0.4167,0.5735,0.6,0.6178,1907
GEN_8073,KHTHFECMKLLLRTLRGANWSNFASWYGKEKFFAAK,36,4.92,0.6791,0.634,0.3194,0.7767,0.7,0.6178,1908
GEN_3280,TRYHKKAHNWGCLSFIACLLTTYLNGCVKAKVFAVP,36,4.54,0.7378,0.5287,0.3519,0.5635,0.6,0.6178,1909
GEN_5903,WRHWKKPKAHACLSTLAVLQAIILNGKPKTYTKYPKSFGIGTKFE,45,7.92,0.7126,0.5119,0.4381,0.6799,0.6,0.6177,1910
GEN_7808,THCAKKILAKHCLHYLPCVLLTYFNDNLKSFTSLIP,36,2.63,0.6864,0.5068,0.3519,0.6466,0.6,0.6177,1911
GEN_4629,TRCPKKPKAHAFLSTLACLLLIILNGCNKAKVFLAH,36,5.54,0.7251,0.4807,0.4491,0.6099,0.6,0.6177,1912
GEN_0559,THCAKKKAAKHCLHYLYCVALTYFIWCVKTFTLLAP,36,4.61,0.7614,0.5316,0.3843,0.6117,0.5,0.6177,1913
GEN_2001,LHCAKKIAAKHSLHYLAKVLLTYFIACLKTFTSAAG,36,4.99,0.7478,0.5372,0.4167,0.552,0.7,0.6177,1914
GEN_5404,NHCAKKAAAKHSLHYIACVLLTYFNTCLNRKVYAIY,36,4.98,0.7174,0.5034,0.3194,0.5356,0.6,0.6177,1915
GEN_1910,THCAKKKAAKHSLHYLACVLLTYFNLCLKAWVFQAF,36,4.62,0.7485,0.5223,0.4167,0.5916,0.6,0.6176,1916
GEN_3739,TRYHKKPHYHACLSTPASLLYTIANGCVKAKVFAAP,36,4.63,0.7342,0.4691,0.3519,0.4045,0.7,0.6176,1917
GEN_4388,TRYRKKPHNHACLSTLAKLLLIILNGCVKAFTKLPR,36,7.55,0.7279,0.6,0.4421,0.7276,0.7,0.6176,1918
GEN_4578,LHCAKKIGAKHSEHYLACVLLTYFIACLKTWSTLIP,36,2.99,0.7257,0.4489,0.3843,0.49,0.6,0.6176,1919
GEN_6310,THCAKKPKAHACLSYLACLKLTCLNGCVKAKVFAAP,36,5.52,0.7087,0.3744,0.3843,0.5383,0.4,0.6176,1920
GEN_3794,DRCWKKPKAHACLSTLASVLLTYFNACVHAKVFALK,36,4.9,0.7337,0.502,0.4167,0.5912,0.6,0.6175,1921
GEN_6383,TRYHHKPHFHACVWFLACLWSIVLNETLKAKVFGAV,36,2.73,0.7079,0.4504,0.4491,0.5316,0.7,0.6175,1922
GEN_0244,THCAKKIAAKHCLHYLACVLLTYFIGCLKNFTDLIP,36,2.62,0.7658,0.5237,0.3843,0.5869,0.5,0.6175,1923
GEN_5093,TRCAAKPHAHLALSYMACIVYISNNGCIKTFTKLPK,36,4.54,0.7204,0.5536,0.3519,0.6432,0.6,0.6175,1924
GEN_2034,THCTKKIAAKHCLHYLACVIVTYFIADLKDFTSLAP,36,1.63,0.7476,0.4859,0.4104,0.5261,0.6,0.6175,1925
GEN_7837,KRAFVTAGTASRIDACTYKILHSRGSIYYVLVLK,34,4.83,0.6855,0.4651,0.2837,0.3757,0.8,0.6174,1926
GEN_7417,IICAAKPHAHACLEYLCCNLLTYLNGCVKAKVFAIQ,36,1.88,0.6936,0.5061,0.4249,0.8325,0.4,0.6174,1927
GEN_3415,THCAKKPKAHACLSYLACLLLIINQGCLKAKVFAAR,36,5.53,0.7367,0.4199,0.4167,0.5135,0.5,0.6174,1928
GEN_2457,CRCAKKPNKHASFSNLACLLLIILRGQGKTYTKLHL,36,6.9,0.7442,0.5533,0.3524,0.5872,0.6,0.6174,1929
GEN_1083,FHCAKKTVAKHSLHWLACVLLTYFINCLKNFVTLAP,36,3.99,0.7562,0.5836,0.4491,0.7066,0.6,0.6174,1930
GEN_0947,LHCAKKISAKHSLHYLACVLLTYFIACLKFYTTNFP,36,3.98,0.7576,0.4362,0.3843,0.3928,0.6,0.6174,1931
GEN_5812,THCAKKIRAKHCLHYLGCVLLTYFLACLKTYTTLVP,36,4.61,0.7134,0.4298,0.3194,0.4873,0.5,0.6174,1932
GEN_0976,THCAQKLAAKHSLHYLACVLLTYFIACLKFYTTNFP,36,2.62,0.7573,0.4362,0.3843,0.3928,0.6,0.6173,1933
GEN_1820,LHWAKKIATKHSLHYLACVLLTYFINCLKTFTSLAP,36,4.0,0.7493,0.5424,0.4167,0.5541,0.7,0.6173,1934
GEN_8194,WRPWYKPKAHACLSTLACLHAIIQNGKGGTFTKLPKSFGLGNGNR,45,6.91,0.6756,0.4821,0.353,0.6286,0.6,0.6173,1935
GEN_1844,TVCADKIAAKHCAHYLACVLLTYFINCLKHFTSLIP,36,1.62,0.7491,0.5552,0.4435,0.736,0.5,0.6173,1936
GEN_3383,THCAKKAAGKNFLHYLACVQLTYFINCLKNFVSLAP,36,3.54,0.7372,0.5559,0.3843,0.6391,0.6,0.6173,1937
GEN_5049,THCAKKGKAHACLSYVACLLLIIDNGVLKAKVFYAR,36,4.54,0.7207,0.416,0.3843,0.4437,0.6,0.6172,1938
GEN_6269,RKALWFKLRGGDPKKIMHILTFTLYSIYA,29,4.84,0.709,0.4783,0.2166,0.141,1.0,0.6172,1939
GEN_1345,TYCAKKAAAKHHLHYLACVLLTSLINCLHAKAFAIP,36,3.71,0.7536,0.4885,0.4491,0.5526,0.6,0.6172,1940
GEN_1260,THCAKKAAAKNCLHYLACVLLTKFGNCLHVKAFAIG,36,4.61,0.7544,0.4721,0.3843,0.5252,0.5,0.6172,1941
GEN_2541,NHCAKKAAAKGSLHYLACVLLTYFGNCLKNFVSIAP,36,3.9,0.7437,0.5516,0.3843,0.6164,0.6,0.6172,1942
GEN_1658,TRCAKKPKAHACLSYLACLLLTCNNGCVKAKVFAPR,36,6.43,0.7506,0.4594,0.3769,0.5724,0.4,0.6172,1943
GEN_5767,THCAKKAAAKHCLHHNACVLLTYFLNCLKNCNSADY,36,2.69,0.7139,0.48,0.3,0.6151,0.4,0.6171,1944
GEN_5092,TRCVKKPNAHACLSSLKCLLTIINNPCYKPYTRLPR,36,6.44,0.7204,0.5634,0.3257,0.6977,0.5,0.6171,1945
GEN_0936,THCAKKAAAKHCLHYLACVLLTYFHAALKTTVFALF,36,3.71,0.7577,0.5002,0.4491,0.5621,0.6,0.6171,1946
GEN_3464,THGAHKPKAHACLSYLACLLLTPNNPCVKAKIFPAV,36,3.63,0.7364,0.4193,0.4491,0.4761,0.6,0.617,1947
GEN_7355,KHCCKKPKAHASLSTLACLQCIILNGKGKWFQKLPK,36,7.89,0.6948,0.4571,0.4101,0.664,0.5,0.617,1948
GEN_6511,THCAKKPLAKHCLHYLCCFLLTYFNNCLHAKAFAAD,36,2.7,0.7064,0.4645,0.3519,0.6578,0.4,0.617,1949
GEN_2616,DRYHRKSKYHACLSNLACLLLTPLNGCVKAIVFAAV,36,3.9,0.743,0.4962,0.3843,0.5241,0.6,0.617,1950
GEN_0205,FHCAKKTAAKHSLHFLACVLATYFESCLKATVFALF,36,2.99,0.7666,0.5181,0.4491,0.5706,0.6,0.617,1951
GEN_0501,LHCARKIAARHSLHYTACVLLTYFIAALKTFTSLAP,36,4.0,0.7621,0.5163,0.4491,0.5114,0.7,0.617,1952
GEN_1761,TRCAKKPKAHACLSYLACLLLTCNNGCVKAKIFAPR,36,6.43,0.7498,0.4594,0.3769,0.5724,0.4,0.6169,1953
GEN_1092,THCAKKIAAKHCYHFLACVLLTYFNACLKTFTSDVP,36,2.62,0.7561,0.4647,0.3519,0.475,0.5,0.6169,1954
GEN_5132,THCAKKIAAKHCLHRLAEVLLTFFIGGLKTFTSAAP,36,3.64,0.72,0.5755,0.4167,0.6751,0.7,0.6169,1955
GEN_2810,TRYRKKPHNHACLSNLACLLLVPVNGCVKAKVFAAR,36,6.54,0.7415,0.4327,0.4156,0.4525,0.6,0.6169,1956
GEN_0058,THCAKKIAAKHSLHYLACVLLTYFHACLKTCTTGLF,36,3.7,0.7704,0.4325,0.3194,0.3553,0.5,0.6169,1957
GEN_5596,THCAKKPDAHACESYLACLLLTCLNGCLKGKIFAAH,36,1.61,0.7154,0.4383,0.3468,0.5873,0.4,0.6169,1958
GEN_5748,THCAKKCKAHACLSYLACLLLIINNGCLHAKIKAAR,36,5.6,0.714,0.3892,0.3519,0.5133,0.4,0.6168,1959
GEN_1490,THCAKKILAKHTLHYLAAVLLTYFNACLKTFTSLHK,36,4.72,0.7522,0.4944,0.3519,0.3997,0.7,0.6168,1960
GEN_8257,AYGARSVALRRYTLEMPVCTAKRKGAT,27,4.78,0.6737,0.4347,0.0686,0.0,1.0,0.6168,1961
GEN_0972,GHTAKCIAAKHCLHYLACVLLTYGIWCVKTFTLLLP,36,2.98,0.7573,0.4694,0.4167,0.5442,0.5,0.6168,1962
GEN_6796,THCAKKPHARACLSYLAMQLLNCLYGCLHQKVFAMV,36,3.62,0.7027,0.4741,0.3843,0.6466,0.5,0.6168,1963
GEN_5634,FRCWYKPKAHAELSTLACLLLIINNAKGITYTRLPRPWGMGTICV,45,4.82,0.715,0.5401,0.4037,0.747,0.5,0.6167,1964
GEN_6525,NHCAKKPLAKTSLSYLAPVLLTYNNACLHAKAFAIP,36,3.91,0.7062,0.4694,0.4491,0.5615,0.7,0.6167,1965
GEN_6014,FHCAKKPLAEHCTHYLDCVLVTYFNACAKAKVFAIN,36,1.98,0.7116,0.4565,0.3857,0.5976,0.5,0.6167,1966
GEN_7048,THCAKKIAAKHCLHYLNCVLLTYFINCLKNFNGLLP,36,3.61,0.6993,0.542,0.3519,0.7348,0.5,0.6167,1967
GEN_8005,NHSAKCLAAKHCLHYLACLLLTYFNADLHTYTKLIT,36,2.07,0.6813,0.4277,0.3194,0.4873,0.6,0.6167,1968
GEN_8634,TRCVKYIAASHSLHYLAYVLVTYFIACLKTYTTLIP,36,2.55,0.6546,0.4838,0.3843,0.6411,0.7,0.6167,1969
GEN_7234,TRYHKKPKAHACLLYLACSDLIICNPCVKAHGPLPK,36,4.61,0.6966,0.4183,0.3519,0.5342,0.5,0.6166,1970
GEN_2160,LHSAKKIAAKHSLHYLACVLLTYFNSWLKAKVFAIF,36,5.0,0.7466,0.5571,0.4815,0.6451,0.7,0.6166,1971
GEN_2778,LHCAKKCAAKHSLHYLAEFLLTYVIGCLSRKVFAIF,36,3.99,0.7417,0.535,0.4167,0.6216,0.6,0.6166,1972
GEN_3884,THCAAKPHAHVALSYMACILLILNNGCIKTGTHLPK,36,2.71,0.733,0.4849,0.3843,0.5261,0.6,0.6166,1973
GEN_4602,TRCWKKPKAHACFSTLACRLLIILNGQGKTFTKLAL,36,6.45,0.7255,0.4915,0.3781,0.5482,0.6,0.6166,1974
GEN_4242,THLALKYKAHACLSFLACLLLIYNNLCLKAKIFAAH,36,3.62,0.7294,0.418,0.4815,0.5201,0.6,0.6166,1975
GEN_2006,THCAAKPKAHAALSYMACILLILNNGCIKTGIDAAM,36,1.54,0.7478,0.4877,0.4813,0.593,0.6,0.6166,1976
GEN_6128,FRCWFGPKAHASLSTLACLQCIILNGKGKTFTKLPK,36,5.81,0.7103,0.4644,0.3519,0.5128,0.6,0.6166,1977
GEN_2137,DRYHRKTKYHACLSNLACLLLTPLNGCVKAIVFAAV,36,3.9,0.7467,0.5029,0.3843,0.5241,0.6,0.6166,1978
GEN_0382,THCAKKIALNHSLHYLACVLLTYFNSILKAYVFAIF,36,2.63,0.7636,0.5681,0.4491,0.5916,0.7,0.6166,1979
GEN_0234,LHCAKKIAAKHSLHYLACVLLTYFIGCLKTFTSLRP,36,4.99,0.7659,0.4644,0.3843,0.415,0.6,0.6166,1980
GEN_2828,THCAKKLVAKHCLHGLACVLLTYFNACVHAKAFAIP,36,3.7,0.7413,0.4827,0.4491,0.6343,0.5,0.6166,1981
GEN_2579,THCAKKPKAHAVLSYLACLLLTPVNGCVKAKVFPAV,36,4.54,0.7433,0.5049,0.4815,0.6319,0.6,0.6165,1982
GEN_3197,THCAKKAAAKINAHYLACVLLTYFINCTKNFTSLAP,36,3.54,0.7385,0.5016,0.3843,0.5406,0.6,0.6165,1983
GEN_1889,TRYRKKPHNHACLSNLACLLLTPVNGCVKAKVFAAP,36,5.54,0.7487,0.4632,0.3843,0.4525,0.6,0.6165,1984
GEN_4404,THCTWKAAAKHCLHMLACVALTYFINSLKNFVSLFG,36,2.63,0.7277,0.5662,0.4167,0.7059,0.6,0.6165,1985
GEN_4843,THNAHKPKAHTALSYMAIYLLILNNGCIKTFTKLPK,36,4.64,0.7228,0.5536,0.3519,0.5645,0.7,0.6165,1986
GEN_2416,THCAKKPLAKHCLHYLACVLLTYFNGCVKAKVFAVP,36,4.61,0.7446,0.4923,0.4167,0.6098,0.5,0.6165,1987
GEN_3137,EHCAKKILAKHCLHYRACVALTYFNLCLKNFTKLIP,36,5.05,0.739,0.538,0.3519,0.6344,0.5,0.6165,1988
GEN_8088,THCAKKAAAKHRLHYLACVFDTYKNSCLNRKVFAGF,36,5.62,0.6787,0.4197,0.3,0.4583,0.6,0.6164,1989
GEN_0038,THCAKKAAAKNCLHYLALVLLTYFNSCLKATTSLAP,36,3.54,0.7712,0.4943,0.3843,0.4516,0.6,0.6164,1990
GEN_1077,THCAAKPKAHAALSFMACILLILNNGCIKTATKLIK,36,4.54,0.7562,0.6111,0.4491,0.7456,0.6,0.6164,1991
GEN_1528,TMCRKKAALKHCLHYLACVLLTYFINSLHAKAFALF,36,4.62,0.7518,0.4952,0.4491,0.5621,0.6,0.6163,1992
GEN_0158,FHCAKKTAAKHSLHYLACVLLSYFYTCLKATVFALF,36,3.98,0.7675,0.4864,0.4167,0.4784,0.6,0.6163,1993
GEN_2231,TRYHKKPHYHTCLSTPACLLLTIANGCLKAKVFAAH,36,4.71,0.746,0.4419,0.3194,0.3571,0.6,0.6163,1994
GEN_4662,THCAKLWLAQTSLSYAACVLLTYFNAPLHAKAFAAK,36,2.55,0.7248,0.4452,0.4815,0.5074,0.7,0.6163,1995
GEN_4645,THCAKKIAAKHCLHYLACTLLTYFINCGKTPTSWID,36,2.62,0.725,0.4472,0.3,0.4622,0.5,0.6163,1996
GEN_4407,TRYHKKPHYHACLSTPRCLLLTILNGCVKAKIFAAH,36,5.71,0.7276,0.4603,0.3194,0.4307,0.6,0.6163,1997
GEN_1749,TRCAKKILAKHCLHYLACGLLTYFSMCLKNFTKLTD,36,4.53,0.7499,0.5127,0.3,0.5133,0.5,0.6163,1998
GEN_4915,TYCAAKPKIHAALCWLAALLLVIGNDQIKTFRKLEL,36,2.46,0.7221,0.6239,0.4815,0.8118,0.7,0.6163,1999
GEN_4744,THCAKKAAAKNCCHELACVLLTYFNSCRNRKVFAIF,36,4.52,0.7239,0.4299,0.3194,0.5223,0.4,0.6163,2000
GEN_2342,THCAAKPKAHAALSYMACILLIYFNGCVKAKVFAVP,36,3.54,0.7452,0.4518,0.5139,0.5702,0.6,0.6163,2001
GEN_0555,THCAKKAQAKHSLHYLALVLLTYFNACLKTFTILIP,36,3.63,0.7614,0.4925,0.4167,0.4362,0.7,0.6163,2002
GEN_6249,THAARKVKAHACLSYEACILLIINNGCGKTFTMLQK,36,3.54,0.7092,0.4527,0.3194,0.4603,0.6,0.6162,2003
GEN_4736,THCAAKPHAHACLSYLACVLLTYLNGCVNHKVRQIP,36,2.7,0.724,0.4717,0.3519,0.557,0.5,0.6162,2004
GEN_4598,THCAAKPHAHSCLSYLACVLLTYLNGCVKTFIKLPK,36,3.61,0.7256,0.539,0.3519,0.6653,0.5,0.6162,2005
GEN_2925,THFAKKIKLKHCLHKLACVIVTYFNACLKAKVFAIF,36,6.62,0.7407,0.5317,0.4854,0.6849,0.6,0.6162,2006
GEN_7117,SAFARVCTGWLLKTFARSKCQRVFIHAKFIAL,32,5.52,0.6984,0.5448,0.3631,0.4829,0.9,0.6162,2007
GEN_1710,THCAKRAAAKNCLHYLACVGLTYFDTCLYRKVFAIP,36,3.53,0.7502,0.4741,0.3519,0.4996,0.5,0.6162,2008
GEN_1210,IHCAAKPHAHACLSYLACVLLTYLNGCVKAKVFAIP,36,2.98,0.7548,0.5068,0.4815,0.6733,0.5,0.6162,2009
GEN_0889,SHCAKKAAAKHCLHYLAVYLMTYFINCLNRKVFAIF,36,4.68,0.7581,0.5873,0.4167,0.6678,0.6,0.6162,2010
GEN_4569,GHCARKPLAKHCLHYLACVLLTWSNAMLHAKAFAAD,36,3.08,0.7258,0.5061,0.4491,0.6405,0.6,0.6162,2011
GEN_7188,THQLKKFAMKDCLHYLASVLLTYFGSCLNRKVDAIF,36,2.55,0.6972,0.5346,0.3519,0.5901,0.7,0.6161,2012
GEN_8659,SAFMRVCTGWLLKTFARSKCQRLFIHAKYHAL,32,5.61,0.6525,0.5136,0.2902,0.4641,0.9,0.6161,2013
GEN_1521,THCAAKPKAHAALSYMACILLILNNGCIKTGTKLPK,36,4.54,0.7519,0.5313,0.3843,0.5556,0.6,0.6161,2014
GEN_0590,THCAKKLLAHHCLHYLACVLLTYFNALLKAKVFAIF,36,3.71,0.761,0.5423,0.4815,0.6506,0.6,0.6161,2015
GEN_3559,THSAKKPKAHACLSYLASLLITPVNGAVKARVFPAV,36,4.56,0.7356,0.5201,0.4815,0.6057,0.7,0.6161,2016
GEN_7937,GVAYVIKKGGWRLCLYTWRKGYSRLTSLKQEKLIHKIA,38,7.83,0.683,0.4977,0.4068,0.6837,0.6,0.6161,2017
GEN_8532,ACVGRKALLLPFLIPKFM,18,2.78,0.6609,0.5156,0.35,0.4406,1.0,0.616,2018
GEN_3341,FRCWYKPKAHAKLSTLMCLLLIILNGCTKTFTKLAV,36,5.81,0.7374,0.5623,0.4167,0.6733,0.6,0.616,2019
GEN_0679,THCAKKAAALHSLHYLACVLLTYFNTCLNRKVFAIF,36,3.63,0.7602,0.5451,0.4167,0.5916,0.6,0.616,2020
GEN_1163,THPLKKAAAKHSLHWLACVLLDYFITCLKATVFALW,36,2.64,0.7552,0.5486,0.5139,0.6391,0.7,0.616,2021
GEN_3101,TRCATKPNKHAAFSTLACLLLIILNVKGKTFTRIPK,36,6.46,0.7393,0.548,0.4111,0.5722,0.7,0.6159,2022
GEN_2007,LHCCKKIAAKHSLHYLACVLLTYFINCLKHFTSLIP,36,4.06,0.7478,0.5414,0.3843,0.6476,0.5,0.6159,2023
GEN_3098,THCAKKFVKKHCLHYLAIVLLTYFNNCHKTFTSLIA,36,4.71,0.7394,0.5019,0.3194,0.4702,0.6,0.6159,2024
GEN_4792,HRCWKKPKAHAELSTLACLLLIINNGKGKTFTKLPDPFGILTYSR,45,5.91,0.7234,0.5616,0.3259,0.6133,0.6,0.6159,2025
GEN_3646,TRCAKKAAAKHWLHYHACVLVTYFNAALHHHAFAIG,36,3.9,0.7348,0.5275,0.4167,0.5533,0.7,0.6158,2026
GEN_0539,FHCAKKPLAKHCLHYLACVLLTYFNLCLKNFTKLAD,36,3.98,0.7616,0.5519,0.3843,0.6326,0.5,0.6158,2027
GEN_7552,NHCAAKPHAHVCLSYLACILITYLNGCVKARVFVIV,36,2.98,0.6911,0.4944,0.4491,0.7657,0.5,0.6158,2028
GEN_4920,TKYHKKPKYHSCLSNLACELLTPVGFCLKAKVNAAR,36,5.54,0.7221,0.4229,0.3,0.3588,0.6,0.6158,2029
GEN_7299,DRLVHKPKAHASKFTVNCLLLIILNGCVKAFTRAAV,36,4.91,0.6957,0.6269,0.4491,0.8427,0.7,0.6158,2030
GEN_0055,FHCAKKTAAHTSLHYLACVLLTYFNSCLKATVFALF,36,2.99,0.7705,0.5082,0.4167,0.5046,0.6,0.6158,2031
GEN_3361,THCAKKIAAKHCLHYLACVQLTYFIGCLKTFTSAIP,36,3.61,0.7373,0.453,0.3519,0.4919,0.5,0.6158,2032
GEN_3064,FHTAKRTAAKHSLHYLACVLLTWFNSRIKATVFALC,36,5.0,0.7397,0.5187,0.4167,0.5273,0.7,0.6158,2033
GEN_6051,HRCWKKPKAHAELSTLACLLLGINNGKGETFTKLPRSFGIGTISR,45,5.92,0.7112,0.5786,0.3,0.6428,0.6,0.6157,2034
GEN_4984,NHCAAKPHAHACLSYLACVLLTYLSGCVKAKVFAIP,36,2.98,0.7214,0.4761,0.4491,0.664,0.5,0.6157,2035
GEN_0309,LHCAKKIAAKTSLHYLACVLLTYFIACLKTYTSLIP,36,3.9,0.7646,0.4848,0.4167,0.4785,0.6,0.6157,2036
GEN_2107,THCAKKILAKHCLHYLACVQLTYFSAMLKAKAFAIP,36,4.62,0.7469,0.4743,0.4491,0.5347,0.6,0.6157,2037
GEN_3865,TRCAKKPKAHASLATLACLLLIILNETYKTFTFLPK,36,4.46,0.7332,0.4909,0.4167,0.4952,0.7,0.6157,2038
GEN_6591,THCAKKPLAKHCLHYLVCHLLTFLNGCVKAKVFAVK,36,5.7,0.7055,0.4889,0.3843,0.657,0.5,0.6156,2039
GEN_2701,TRYRKKPHNHACLSTLACLLLTILNGCVKAKVFAPR,36,6.54,0.7423,0.4742,0.3832,0.4787,0.6,0.6156,2040
GEN_7177,KRTADTAATASRFAACTYKILHSRGTIYYVLVAK,34,4.83,0.6974,0.5037,0.2837,0.3997,0.8,0.6156,2041
GEN_6458,TRCAKKPKAHACLTNGACLLLIINNGCTKAKIFAAR,36,6.44,0.7071,0.4594,0.3776,0.5976,0.5,0.6156,2042
GEN_3426,THPAGKFKAHACLTYLACLLLINNNGCLKAKVFACR,36,4.53,0.7366,0.3697,0.3843,0.3856,0.5,0.6156,2043
GEN_4393,TGCAKKLKAHACLCTLASLLLIFLNETYKTFTKLAK,36,4.45,0.7278,0.5758,0.3519,0.6504,0.6,0.6156,2044
GEN_3217,LHCAKKIAAKHSLNYLARVLLTYFIACLKFYTTNFP,36,4.91,0.7383,0.6043,0.4167,0.6718,0.7,0.6156,2045
GEN_1360,THCAARPKAHANLSYLACVLLHYWNACVHAKVFAAK,36,3.71,0.7534,0.4379,0.4491,0.4584,0.6,0.6156,2046
GEN_1013,THCAKKIAAKHHLHYLACVLLTYFNACLKNFTSLIP,36,3.71,0.757,0.5081,0.3843,0.5012,0.6,0.6155,2047
GEN_4767,THCAAKPHAHAALSYMACILLSIWNGCGKTWTKLPK,36,3.63,0.7237,0.5355,0.3843,0.6251,0.6,0.6155,2048
GEN_0693,THCAKKIAAKHCLHYLACVLLTYFIGCLKTFTSAIP,36,3.61,0.7601,0.4669,0.3843,0.4919,0.5,0.6155,2049
GEN_2625,THCARKPKAHACLSYQACILLIINNGAGKTFTKLPK,36,5.54,0.743,0.5424,0.3194,0.5261,0.6,0.6155,2050
GEN_1623,LHSAKKIAAKHELHYLACVLVTYFNSCLKAKVFAIF,36,4.0,0.7509,0.5221,0.4491,0.5374,0.7,0.6155,2051
GEN_2482,TVCAKKLAAKHCLVYLACVLLTYFNSQLNRKIFAIF,36,4.45,0.7441,0.5724,0.4491,0.7035,0.6,0.6155,2052
GEN_7342,FHCAKKPLAKHCLHYLACTLSTYFNASLKTYTKLIP,36,4.98,0.6951,0.4707,0.3194,0.5179,0.6,0.6154,2053
GEN_6874,THCAKKPCAKKCQHYLACVLVTYENACIKTETKLPK,36,4.52,0.7019,0.4047,0.3,0.5064,0.4,0.6154,2054
GEN_6208,THCAKKPKAHACLSYHACLLLIINNGCLHAKIFAAR,36,4.7,0.7097,0.3819,0.3843,0.4672,0.5,0.6154,2055
GEN_6814,THCAKKIAAKHCLHFRGCVLVFYFIACLKNFTSLIF,36,4.62,0.7025,0.4809,0.4167,0.6818,0.5,0.6154,2056
GEN_7323,FHCAKKTAAKKSLHYLACVLLVYFNTCYKATVFALF,36,4.9,0.6953,0.4951,0.4167,0.6552,0.6,0.6154,2057
GEN_6727,THCAKKPKAHACLSYLGCLLLTPVNGCVLGKVFDVV,36,2.53,0.7037,0.4982,0.3843,0.6754,0.5,0.6154,2058
GEN_0099,SHCAKKTAAKHSLHYLACVLLTYFNSCLKATVFALF,36,3.69,0.769,0.4943,0.3843,0.4489,0.6,0.6153,2059
GEN_2155,TRCAKKGAAKNCLHYLACVLLTYFINCLKNFTSNAP,36,4.44,0.7467,0.5281,0.3194,0.5595,0.5,0.6153,2060
GEN_4403,THMAKKIAAKHCLHYIAKVLLKYFAGCLKTYTSLRP,36,6.63,0.7277,0.5422,0.3887,0.563,0.7,0.6153,2061
GEN_4550,TRCWKKPHAHANLSYLACHLEIILNGCLKAKVTAFR,36,4.63,0.726,0.4996,0.3519,0.5261,0.6,0.6153,2062
GEN_2458,TRYHKKPKYHACLSNLACLLLTPVNGCVKAKVFAGR,36,6.54,0.7442,0.4355,0.3507,0.375,0.6,0.6153,2063
GEN_3482,CRCAKKPNKHASFSNLACLLLIILRGQGKTYTKLGL,36,6.81,0.7362,0.5533,0.3473,0.5872,0.6,0.6153,2064
GEN_1735,THCAKKPLAKHCLHYLACALLTFLNGCIKAKVFAHK,36,5.7,0.75,0.487,0.3843,0.5482,0.5,0.6153,2065
GEN_3181,THPAKKAAVKHCLEYLAAVLLTYFINCLKNFVSLAP,36,2.55,0.7386,0.5975,0.4815,0.7226,0.7,0.6153,2066
GEN_1908,THCAQKLVAKHCLHYLACVLLTYFNSCLKAKVTNFP,36,3.61,0.7486,0.4804,0.3519,0.508,0.5,0.6153,2067
GEN_5319,TCYHKKPKYHAALQNVACLLSTPVNGCLKAKVTAAG,36,4.54,0.7181,0.439,0.3194,0.411,0.6,0.6153,2068
GEN_3693,WRCYYKPKAHDCLSTSACLWLIILNETLKAKVFAAV,36,2.82,0.7345,0.4405,0.4167,0.472,0.6,0.6153,2069
GEN_6914,THCAKKPLAHACLSYLACVHLTTLNGCVIAKVHVVP,36,2.7,0.7014,0.4482,0.4167,0.6293,0.5,0.6153,2070
GEN_2111,TRCAKKPHAHARLSTLACASLKILNYCVKAFPRALV,36,6.54,0.7469,0.617,0.448,0.7691,0.6,0.6153,2071
GEN_4225,TRCAKKPKYHDWLCTLAFLLLIILNETYKTFTKLPK,36,4.46,0.7296,0.5643,0.3519,0.5586,0.7,0.6153,2072
GEN_8015,KYSAVTAAWASRFVACTYKILHSNGSIYYVLVAK,34,3.83,0.6808,0.5503,0.3524,0.5832,0.8,0.6153,2073
GEN_2714,TRYRKKPHNHACLSNLACLLLVPVNGCLKAKVFAAH,36,5.63,0.7421,0.4327,0.3843,0.4084,0.6,0.6152,2074
GEN_2955,LHCDMKAAAKHSVHYLLCVLLTYFNWVLKTFTFAAP,36,2.0,0.7405,0.5435,0.4816,0.6276,0.7,0.6152,2075
GEN_4046,THCAKKILLKHCLHYLACVLLTYFNLGLKNFTKLIP,36,4.62,0.7313,0.5598,0.3843,0.6459,0.6,0.6152,2076
GEN_0088,THCAKKIAAKHCLHYLACVLLTYFINCLHAKAFAIS,36,3.7,0.7693,0.4694,0.4167,0.5052,0.5,0.6152,2077
GEN_0413,LHCAKKAAAKNCLHYFACVLLTYLINCLKNFTSNAE,36,2.9,0.7632,0.5371,0.3519,0.5674,0.5,0.6152,2078
GEN_4794,THCAKKPKAHASLSYLACLLLTPVNGCVKAKVFPPD,36,3.54,0.7234,0.4771,0.4167,0.6581,0.45,0.6151,2079
GEN_6095,THCAKKPKAHACLPNLASLLLTCLNGCVKAKVFAPR,36,5.53,0.7107,0.4795,0.4167,0.6581,0.5,0.6151,2080
GEN_8118,FHCAKKPLAKHCFHYLACVLLTYFNASLKTFTSVKP,36,4.98,0.6776,0.4869,0.3843,0.6485,0.6,0.6151,2081
GEN_4682,TRCAKKPKAHACLSTLGCLLLIILKGCVHAFTHAAV,36,4.62,0.7246,0.5037,0.4167,0.6661,0.5,0.6151,2082
GEN_4257,TRCATKGNKHACFSTLACLLLIILNGKGKTFTKLAV,36,5.45,0.7291,0.5347,0.3194,0.5436,0.6,0.6151,2083
GEN_1286,SHCAKKLVAKHCLHYLACVLLTYFNWCLKAKVFAIP,36,4.68,0.7541,0.4862,0.4491,0.6002,0.5,0.6151,2084
GEN_0357,THCAKKPLAKHCLHYLACVLLTYFNANLKTFTILIP,36,3.62,0.764,0.4923,0.4167,0.4886,0.6,0.6151,2085
GEN_6474,FFCWYKPKAAADLFTLACLQLIILNVKGKTWTKIPR,36,4.74,0.7069,0.5358,0.4815,0.6914,0.7,0.615,2086
GEN_2947,TRCAAKAKAHAALSYMVCILLILNNGCIKTFTKLPH,36,4.54,0.7405,0.5407,0.4167,0.6231,0.6,0.615,2087
GEN_7958,AYGAMSCAKQAARTLRGANASRFASWCGKAKV,32,5.77,0.6825,0.6251,0.2537,0.5361,0.9,0.615,2088
GEN_0824,THCAKKAAAKHCAHYLACVLLTYFINCLHAKAFAIP,36,3.7,0.7587,0.482,0.4491,0.5821,0.5,0.615,2089
GEN_0669,LHCAKKIAAKHSLHYLACTLLTYFINCLKNFTSAGP,36,3.99,0.7603,0.542,0.3519,0.5144,0.6,0.615,2090
GEN_6285,TRCWKKPKAHGCLSTLAHLLLIILNACVKAKVFAAK,36,6.54,0.7089,0.5021,0.4804,0.6967,0.6,0.615,2091
GEN_3867,TRYTKKPHTHLCLSNLACVLLYAVNSCVRAKVFAAP,36,4.54,0.7332,0.5277,0.3843,0.5866,0.6,0.615,2092
GEN_2852,NHCAKKIAAKKSLHYLACVLLTYFIWCQKTFTLLAP,36,4.9,0.7412,0.4951,0.4167,0.5455,0.6,0.615,2093
GEN_0940,EHCAKKIAAKHCLHYLACTLLTYFIGCAKTFTSAIP,36,3.05,0.7576,0.4396,0.3519,0.4161,0.5,0.6149,2094
GEN_2782,TRYHKKPKYHACLYNLACLLLTPVNGCVKAKVFLKL,36,6.53,0.7417,0.4493,0.383,0.434,0.6,0.6149,2095
GEN_0220,THCAKKIAAKHCLHYLACVLVTYFIAALKTFTSLAP,36,3.62,0.7662,0.4906,0.4491,0.5114,0.6,0.6149,2096
GEN_0946,TRCVKKIAASHSLHYLACVLLTYWIACLKTYTTLIP,36,3.54,0.7576,0.5408,0.3843,0.5507,0.6,0.6149,2097
GEN_3892,TRYHVKPKYHACLSNLACLLLTPVNGCLKAKVNAAH,36,4.62,0.733,0.4493,0.3519,0.4231,0.6,0.6149,2098
GEN_5919,KHTKFECCKLALRTLRGANASNFASWCYKAKVFMAV,36,5.81,0.7124,0.6141,0.3519,0.7456,0.6,0.6149,2099
GEN_1227,FHCAKKPLAQTCLHYLACVLLTYFNATLKDFTKAIP,36,2.9,0.7546,0.5617,0.4167,0.6245,0.6,0.6149,2100
GEN_5658,THCAKKCLAKHCLHYLACVLLTYFNGCVKAKVFAAH,36,4.69,0.7148,0.4578,0.3519,0.6131,0.4,0.6149,2101
GEN_6363,GHAAKKEAAKHSLHYLGCVLLTYFMACLKTFTSLIP,36,3.0,0.7082,0.4737,0.3843,0.4864,0.7,0.6148,2102
GEN_3758,THCAKKPKAHACLSTLACLLLIILNETLKAKVFRAR,36,5.54,0.734,0.4506,0.4167,0.4873,0.6,0.6148,2103
GEN_1659,THCAMKIYAKHCLHYLACVLLTWFNASLKAKVFALI,36,3.62,0.7506,0.4972,0.4815,0.591,0.6,0.6148,2104
GEN_2610,THAAKKPKAHACLSYLACLLLTILNGCVKVKVFAAH,36,4.62,0.7431,0.521,0.4491,0.6152,0.6,0.6147,2105
GEN_3733,NHCKKKPKAHACLSYLACLLLTPVNGCVKAKYWPAS,36,5.89,0.7342,0.4493,0.3519,0.4859,0.5,0.6147,2106
GEN_6344,THAAKKPLKHACKSYLACVLLTYANGCVKAKVFAHP,36,5.62,0.7084,0.5808,0.3843,0.7303,0.6,0.6147,2107
GEN_1399,THCAKKLVAKHCLHYLACALLTYFINCYKTFTSLIP,36,3.61,0.7531,0.4921,0.3519,0.5131,0.5,0.6147,2108
GEN_0540,THCAKKILAKHCLHYLACVLLTYFNLCLKNFTKLAD,36,3.62,0.7616,0.538,0.3519,0.569,0.5,0.6146,2109
GEN_7657,THCAKKPLAKHELHALACVLETYFNACLHWKAFATW,36,1.72,0.6894,0.4575,0.4364,0.621,0.6,0.6146,2110
GEN_1123,NHCAKKAAKKHCLHYLACVLLTYLCNDLKNFTILAA,36,3.98,0.7557,0.5167,0.3519,0.5474,0.5,0.6146,2111
GEN_3403,THCAAKPKAHAALSYMACILLTYLNGCVKAKVFAVM,36,3.54,0.7368,0.5068,0.4815,0.6371,0.6,0.6145,2112
GEN_0859,THCAKKPLAKTSLSYLACVLLTYFNACLHAKAFAVP,36,3.54,0.7583,0.4694,0.4491,0.4919,0.6,0.6145,2113
GEN_4104,TRYRDKPHAHACLSTLACVLMIILNACLKAKVFSAR,36,4.54,0.7307,0.4401,0.4167,0.4753,0.6,0.6145,2114
GEN_5069,THCAKKTAAKHCLHGLACVLLTYFRACLHAKAFQAD,36,3.71,0.7206,0.4583,0.3519,0.5312,0.5,0.6145,2115
GEN_2461,THCAKKPNAHACLSHLACLLLTCLNGCLKGKIDAAM,36,2.61,0.7442,0.4522,0.3519,0.5316,0.4,0.6144,2116
GEN_1225,THCAKKIAAKHSFHYLACVLLTYFNACLTAKAFAAD,36,2.63,0.7547,0.4526,0.4167,0.439,0.6,0.6144,2117
GEN_4175,SRCIKKPKAHACFSTLACLLLIILNGKGKTFTKLAV,36,6.51,0.73,0.5069,0.4141,0.5851,0.6,0.6144,2118
GEN_8209,LQYTKKPKYHWCHSNLACLLLIPVNGCVKAKVFAAV,36,4.9,0.6752,0.4034,0.4167,0.5426,0.6,0.6144,2119
GEN_6792,THCAKKAAAKHCLHYLKCVLLTYFNSCAKNFTDLIP,36,3.61,0.7027,0.5326,0.3194,0.6637,0.5,0.6144,2120
GEN_2565,TRCAKKPNKHACFSTLACLLLIILNGQGKTGTKLAL,36,5.45,0.7434,0.5639,0.3194,0.5536,0.6,0.6144,2121
GEN_4370,TRYHKKPNKHACFNTLACLLLIFLNGQGKTFTKLAV,36,5.55,0.7281,0.5197,0.3194,0.4493,0.7,0.6144,2122
GEN_4760,THCGWKQAAKHCLHKLAVVLGTWFINCLHAKAFAIP,36,3.71,0.7238,0.5277,0.4491,0.6687,0.6,0.6144,2123
GEN_3025,THCAKKPLAKHKLHYLACVLLTYFNAPLKTFTKLAH,36,5.72,0.74,0.559,0.3843,0.5517,0.7,0.6144,2124
GEN_0233,THCAKKIAAKHCLHYLACVLLTYFIGCAKTFTSAAP,36,3.61,0.7659,0.4555,0.3843,0.4524,0.5,0.6144,2125
GEN_6071,TMAAKKPLAHWCLSYLACVLLTYFNGCVKAKVFAVP,36,3.45,0.711,0.5253,0.5139,0.759,0.6,0.6143,2126
GEN_8132,LRKRKCKWARTLQWAKAPKVACLAG,25,7.74,0.6772,0.5171,0.1946,0.2381,1.0,0.6143,2127
GEN_1969,THCAKKPLGKVCLHYLAFVLLTYFNACYKTFTKLIP,36,4.53,0.748,0.5524,0.3843,0.5882,0.6,0.6143,2128
GEN_2845,LHCPRKIAAKHSLHYLADVLLGYFFACLKTFTSLIP,36,3.0,0.7412,0.5216,0.4491,0.5508,0.7,0.6143,2129
GEN_5740,VHTKMGCCKLALRTLRGANATNFAKWCTKVKVFAAV,36,6.79,0.714,0.608,0.4301,0.8063,0.6,0.6143,2130
GEN_2143,TRYHKKPKYHACLSNLACLLLTPVNGCLKAKVTAAG,36,5.54,0.7467,0.4355,0.3194,0.3309,0.6,0.6142,2131
GEN_6557,THLAMKPKAHACLSYLACVLHTYLNGCVKAKVFAVP,36,3.62,0.7059,0.5011,0.4491,0.6655,0.6,0.6142,2132
GEN_0994,LHCAKKIALKHSQHYLACVALNYFNSCLKATVFANF,36,3.99,0.7571,0.5086,0.3843,0.4932,0.6,0.6142,2133
GEN_1807,THCAARPKAHANLSYLACVLLHYWNACVHAKVFAAR,36,3.71,0.7494,0.4379,0.4491,0.4584,0.6,0.6142,2134
GEN_4193,TRCVKKPNKHASFSTLACPLLIALNGNLKAKVFAAV,36,5.46,0.73,0.6438,0.4491,0.7798,0.7,0.6142,2135
GEN_1415,THCAKKKAAKHCLHYLYCVALTWFIWCVKTFTLLAP,36,4.61,0.7529,0.5455,0.4167,0.6639,0.5,0.6142,2136
GEN_7754,AYGAMSCTCWLLKGAARSKCQRSFIKAKF,29,5.76,0.6875,0.4606,0.1361,0.1269,0.9,0.6141,2137
GEN_0408,THCAKKIAAKHSLHYLACVLLTYFIACLKTFKSAIF,36,4.62,0.7632,0.4712,0.4167,0.4484,0.6,0.6141,2138
GEN_3902,FRCWYKPKAHAPLSTLACLLLIIANGCVKAKVFAAK,36,5.81,0.7329,0.5112,0.5139,0.6834,0.6,0.6141,2139
GEN_2941,THSAKKLVAKHCVHQLACVWLTWFNACLHAKAFAIP,36,3.71,0.7406,0.4962,0.4815,0.6076,0.6,0.6141,2140
GEN_4633,TKCGKKPKAHACLSYLACLLLGINNPCVKAFTHLHR,36,5.61,0.7251,0.5428,0.3194,0.6266,0.5,0.6141,2141
GEN_1328,LHCAKKIAAKHSLHYLACVLLTYFNWCLKTFTSAFP,36,3.99,0.7537,0.4996,0.4167,0.5179,0.6,0.6141,2142
GEN_6712,TRCAKKPKAHACGSTLACLTLTILNGCVKAYTKLPK,36,6.44,0.7039,0.479,0.3256,0.5757,0.5,0.6141,2143
GEN_2554,TRYHKKPKYHACLSNLACLLITPVNGCLKVKVNAMR,36,6.54,0.7435,0.4348,0.3507,0.3671,0.6,0.614,2144
GEN_0064,THCVKKIAAKHCLHYLACVLLTYFINCLHAKALAIP,36,3.7,0.77,0.4833,0.4491,0.5514,0.5,0.614,2145
GEN_8058,WHCAKKILAHHCLHYLYCVLLTYFNLCGKDFTKLAG,36,3.06,0.6796,0.5118,0.3194,0.6802,0.5,0.614,2146
GEN_0229,TICAKKVAAKHCLHYLACVLLTYFIWCVKTYTLAAP,36,3.53,0.766,0.4833,0.4491,0.5609,0.5,0.614,2147
GEN_6365,KKTKFECCKLALRTLRGANASNFASWCGKAKVFAAV,36,6.73,0.7082,0.6141,0.3943,0.7917,0.6,0.614,2148
GEN_5973,RLLCDPSRYIHHCIKLLKVRFKASALADIFKVFAAV,36,4.91,0.712,0.6974,0.4815,0.9424,0.7,0.614,2149
GEN_3587,THCRKKIGAKHCLHYLACVVLTYKIWPVKTFTLLAP,36,5.62,0.7354,0.4555,0.3843,0.4545,0.6,0.614,2150
GEN_7454,LHEAKKIQAKHSLHYLACSLITDCIGCLKAFTNPAP,36,1.99,0.6928,0.4386,0.3525,0.4939,0.6,0.614,2151
GEN_7778,KHVKFECCKLALRTLRGANAFKVSALADIFDALKKN,36,4.83,0.6869,0.628,0.3843,0.7884,0.7,0.614,2152
GEN_4982,TRYSKKPKYCACRSYLACLLLIALDGQGKTFTKLAL,36,5.36,0.7214,0.4674,0.3,0.4224,0.6,0.614,2153
GEN_1166,FHCARKPLAKHVLHYLACVLLTYFNLCLKNFTKLIP,36,4.99,0.7551,0.5797,0.4491,0.68,0.6,0.614,2154
GEN_6246,HRCWKKPSKLALRTLRGANASNFASWCGKVKVFAAV,36,7.82,0.7092,0.6392,0.4906,0.8609,0.7,0.614,2155
GEN_3981,AHCFKKIAAKHELHYLACALLTYFNSILKAYVQAIF,36,3.03,0.7322,0.5681,0.4491,0.6471,0.7,0.6139,2156
GEN_0166,LHCAKKIAAKHSLHYLACVLLTYFIACLKTYTTNIP,36,3.98,0.7673,0.455,0.3843,0.3781,0.6,0.6139,2157
GEN_4247,THCAKKPLAKHSLHSLACVLLTYFNACLKTFTSLIP,36,3.63,0.7293,0.5083,0.3843,0.5555,0.6,0.6139,2158
GEN_4884,HRCWKKPKAHAELSTLACILLIINNGKGKTFTVLPRPFGIGTITR,45,6.91,0.7224,0.553,0.4051,0.6668,0.6,0.6139,2159
GEN_3340,TRCAKKPKAHACISTLACHLLIILNGNLKAKVFAAV,36,5.54,0.7374,0.501,0.4491,0.5895,0.6,0.6139,2160
GEN_4013,THCAKKLVAKHCLHHLACVLLTYFNSCLKAKVEAIF,36,3.7,0.7317,0.4943,0.3843,0.5936,0.5,0.6139,2161
GEN_5574,LHCAKKIAAKWSLHYLGCVLLTYFIQCLKFFTSLAP,36,3.9,0.7156,0.539,0.4491,0.7035,0.6,0.6139,2162
GEN_4477,THCAKKPKPHAALSNLACVLLTYFNACHKAKVFAAH,36,4.71,0.7269,0.4614,0.4167,0.5154,0.6,0.6139,2163
GEN_7060,THCAKKPLAKHCLSYLACVLLTYFNACVHAKVQAVK,36,4.61,0.6992,0.4678,0.3843,0.6245,0.5,0.6138,2164
GEN_2551,THCAKKPLAHNLLSFLACVLLTYLNGLVKAVVFAVP,36,2.55,0.7435,0.5704,0.5463,0.7208,0.7,0.6138,2165
GEN_0911,THCAKKAAAKHCLHYLATVLLTYFINCLNRKVFGVF,36,4.62,0.7579,0.5941,0.3843,0.6316,0.6,0.6138,2166
GEN_6186,THCAKKHLHKHCSHDLACVLVTYFNACLKAKVFAIF,36,3.79,0.7099,0.451,0.3519,0.5389,0.5,0.6138,2167
GEN_7088,THCAKKPLAKHCLHYLACTLLTYFNASLDTFTSVKP,36,2.63,0.6988,0.4506,0.3194,0.465,0.6,0.6138,2168
GEN_5051,TRRAKKGKAHACLSTLLEASLIILNGSLKAHIFAAR,36,5.56,0.7207,0.4674,0.3843,0.4403,0.7,0.6138,2169
GEN_2696,FHCAKKPAAKHCAHYIAAVLVTYFNACLKAKVFANF,36,4.98,0.7424,0.5173,0.4815,0.6359,0.6,0.6137,2170
GEN_0434,THCAKKLVAKHCLHYLACVLLTYFNGCLKTFTSAAP,36,3.61,0.763,0.4825,0.3519,0.4672,0.5,0.6137,2171
GEN_8358,VFKCAKKLMIKDVGGFICHRPSKCKAAAWQCKEWAIGG,38,5.78,0.6693,0.521,0.3553,0.8201,0.4,0.6137,2172
GEN_0451,FHCAKKTAAKHSLHYLACVILTYFNTCLKATVFALF,36,3.99,0.7627,0.5178,0.4167,0.5247,0.6,0.6137,2173
GEN_0795,FHCAKKPLAKHCLHYLACVLLTFLNGCIKAKAFAAD,36,3.98,0.759,0.5148,0.4491,0.6271,0.5,0.6137,2174
GEN_1509,THCAKKPLAKTSLSYLACVLLTYFNACLQAKAFAAK,36,4.45,0.752,0.4555,0.4167,0.4456,0.6,0.6137,2175
GEN_8148,SAAAGNDKDAVPAGGCCNKIKCILKFPPSY,30,1.43,0.6769,0.51,0.229,0.4245,0.75,0.6137,2176
GEN_4590,TRCWKKPKARMCLSTLGCLLLIFLNDCVKATVFLAV,36,4.36,0.7256,0.527,0.4491,0.7249,0.5,0.6136,2177
GEN_0378,THCARKPLAKHCLHYLACVLLTYFNLCLKNFTKLIP,36,4.61,0.7637,0.5519,0.3843,0.6131,0.5,0.6136,2178
GEN_1191,THCAKKIAAKHCLHYLACVLLTYFNLCLKNFTDLIP,36,2.62,0.755,0.5242,0.3843,0.5869,0.5,0.6136,2179
GEN_2517,FHMAKSPLAKHELHTLACVLLTYFNLCLKNFTKLIP,36,3.0,0.7439,0.5797,0.4491,0.6371,0.7,0.6136,2180
GEN_0599,THCAQKLVAKHCLHYLACVLLTYFNSMLKATVFALF,36,2.63,0.7609,0.5362,0.4491,0.5916,0.6,0.6136,2181
GEN_6898,FHCAHKTEAKNCEGYLACVLLTYFGNCLKNWASLAP,36,0.9,0.7016,0.5069,0.3968,0.6953,0.5,0.6136,2182
GEN_1537,THCTKKIAAKHCKHYLACVLVTYFIAALKTFNSLAP,36,4.62,0.7517,0.4865,0.3843,0.465,0.6,0.6136,2183
GEN_7392,FRCEYKPKAAFCLSSIAHIQAIILNGKGQTFTKIPKSFGSWDAWR,45,4.83,0.6941,0.5821,0.3519,0.726,0.6,0.6135,2184
GEN_8578,VHTKMGCCKLALRTLRGANATNFANSWGMVKCDAAV,36,3.79,0.6581,0.5941,0.3519,0.8297,0.6,0.6135,2185
GEN_1917,THCAQKLVAKHRLHYLACVLLTYFINCLKNFTSLAP,36,3.63,0.7484,0.5559,0.3843,0.5869,0.6,0.6134,2186
GEN_2897,LHCAKKIAAKHSLHYLAEVLLTYFIACLKTFTSLIP,36,3.0,0.7409,0.5137,0.4491,0.5326,0.7,0.6134,2187
GEN_2414,THCAKKILAKHCLHYLACVQLTYFSAMLKAKAFAIM,36,4.62,0.7447,0.4743,0.4491,0.5247,0.6,0.6134,2188
GEN_1371,FHCARKPLAKHALHYLACVLLTYFNLCLKNFTKLIP,36,4.99,0.7533,0.5797,0.4491,0.68,0.6,0.6134,2189
GEN_5001,HRCWKKPKAHAELSTLACLLLIINNGKGKTFTVLPRPFGIGTITR,45,6.91,0.7212,0.553,0.4051,0.6668,0.6,0.6134,2190
GEN_3486,THCAKKPKARACLSYLACLLLTLVNGCVKAKVFAAD,36,4.44,0.7362,0.4948,0.4167,0.6131,0.5,0.6134,2191
GEN_1027,THCAKKPLKHACLSYLACVLLTYLNGCVKAKVFAVP,36,4.53,0.7568,0.5401,0.4167,0.6393,0.5,0.6133,2192
GEN_3525,NHCAHKPKAHACLNYLACLLLIINNGCLKAKVFAAR,36,4.98,0.7359,0.4191,0.4167,0.4868,0.5,0.6133,2193
GEN_5616,THCAKKPKAHACLSYLGCLLLTPVNGCVKAKVWPAV,36,4.53,0.7152,0.4771,0.4167,0.6319,0.5,0.6133,2194
GEN_5744,THLAWNYKAHVCLSFLACLILIYNNLCLKAKIFAAH,36,2.63,0.714,0.4176,0.4815,0.5335,0.6,0.6133,2195
GEN_4164,THCAKKPKAHAVLSYLACLLLTIANGCVKMKVFAVP,36,4.54,0.7301,0.5115,0.4815,0.6525,0.6,0.6133,2196
GEN_6112,RLLFDPKRYIHHCIKLLKVRFKASALADIFKVFAAL,36,5.92,0.7104,0.7058,0.5139,0.987,0.7,0.6132,2197
GEN_0334,TVCAKKIAAKHCLHYLACVLLTYFINCVKNFTSLIP,36,3.53,0.7645,0.5697,0.4167,0.6705,0.5,0.6132,2198
GEN_3169,TRCWKKPHAHASLSYLACHLLIILNGCLKAKVSAPR,36,5.63,0.7388,0.5047,0.3843,0.5228,0.6,0.6132,2199
GEN_2361,TRYHKKPKYHACLSNLACLLLTPVNGCAKAKVFAAH,36,5.62,0.745,0.4401,0.3519,0.3683,0.6,0.6132,2200
GEN_2343,THCAKKPLAKHCLHYYACVLLTTFNACLKTNTKLGK,36,5.61,0.7452,0.4153,0.3,0.3416,0.5,0.6132,2201
GEN_3168,FHCAKKPLAKHCLHYTACGLVTYFNLCLKAKVFAIF,36,4.98,0.7388,0.4816,0.4167,0.5837,0.5,0.6132,2202
GEN_1519,TDCAKKIAVKHALHYLAFVLLTYFNACLHAKAFAIF,36,2.64,0.7519,0.4993,0.5139,0.5459,0.7,0.6132,2203
GEN_0506,THCAKKILVKHCLHYLACVLLTYFNLALKNFTKLIP,36,4.62,0.762,0.5796,0.4167,0.6264,0.6,0.6132,2204
GEN_7540,FRCWYRPWAHADLSTLACLDCIILNGIGKTFTKLKK,36,3.81,0.6913,0.594,0.3519,0.7502,0.6,0.6132,2205
GEN_4345,TRCAKKPKWHNCLSTLACLLLIILNETLKAKVWRAH,36,5.54,0.7283,0.4674,0.3843,0.4855,0.6,0.6132,2206
GEN_7935,THCAKKAEAKHCLHYCALVLDTYFNASLKTFTDEIP,36,-0.37,0.6831,0.4487,0.4658,0.641,0.6,0.6132,2207
GEN_0065,FHCAKKIAAKHSLHYLACVLLSYFYTCLKATVFALF,36,3.98,0.77,0.5003,0.4491,0.5079,0.6,0.6132,2208
GEN_0029,THCAKKAAAKHCLHYLACVLLTYFINCLHVKAFAIG,36,3.7,0.7719,0.4694,0.4167,0.4858,0.5,0.6132,2209
GEN_7928,ILLCDPSRYTHPCIKLLKVRFKLSAPADIFEALIKNNS,38,2.83,0.6834,0.5924,0.4167,0.8301,0.6,0.6131,2210
GEN_3743,CRCAKVPNKHASISNLACLLLIILRGQGATYTKAHL,36,4.9,0.7341,0.5183,0.3519,0.5236,0.6,0.6131,2211
GEN_2103,TRYHKKPKYHACLSNLACLLLTPVNGCAKAKVNAAR,36,6.54,0.7469,0.4262,0.3507,0.3388,0.6,0.6131,2212
GEN_4054,FRCKYKPHAHAELSCLACLLLIIAQGCLKFKVFTAV,36,3.89,0.7312,0.449,0.4491,0.5789,0.5,0.6131,2213
GEN_2033,THCAKKLVAKHCLHYLAELLLTYFNSCLKAKVCAIF,36,3.62,0.7476,0.5041,0.3843,0.5674,0.5,0.6131,2214
GEN_7074,THCTKKIAAKHCLHYLPCVKVTYFIAALKTFHSLAP,36,4.71,0.699,0.4653,0.3843,0.5495,0.6,0.6131,2215
GEN_3167,NHCAAKAKAHACLSFLACVLLTYLNGCVKAKVFVIP,36,3.89,0.7388,0.5068,0.4815,0.69,0.5,0.6131,2216
GEN_5425,TRYHKKPKYHACLSNLACLLLTYVNGCIKAKVNVPR,36,6.53,0.7172,0.43,0.3312,0.3945,0.6,0.613,2217
GEN_2357,THCAKKIAVKHCFHYLACVLLTYFHACLHGKAFAAD,36,2.79,0.745,0.4692,0.3843,0.5145,0.5,0.613,2218
GEN_3054,THCAKKLVAKRCLEYTACVLLTYFNAALKTFTSVAP,36,3.45,0.7398,0.5236,0.3843,0.5507,0.6,0.613,2219
GEN_0943,YHSAKKTAAHHSLHYLACVLLTYFNSCLARTVFALF,36,3.08,0.7576,0.5016,0.3843,0.4061,0.7,0.613,2220
GEN_3887,FRVWYKPKAHAPLSTLACLLLIILNPCVKAKVFAAH,36,4.91,0.733,0.5344,0.5787,0.7123,0.7,0.613,2221
GEN_3128,TRCADKPNKHACFSTLACLLLIFLNGQGKTFSKLAV,36,3.45,0.7391,0.5584,0.3519,0.5777,0.6,0.613,2222
GEN_4196,FRCWYKPKAAASLSYLACHLLIILNGCLKAKVSAAR,36,5.81,0.7299,0.4611,0.4491,0.5341,0.6,0.6129,2223
GEN_6764,AWIKTALLCCAIKRPNWRKALQKIRHKA,28,7.86,0.7031,0.6262,0.3151,0.4707,1.0,0.6129,2224
GEN_6287,THCAKKPLAKHCVNYLACVLLTYFNACPHAKAFADK,36,3.61,0.7089,0.4968,0.3843,0.644,0.5,0.6129,2225
GEN_7164,KHTKFECCKLALRTLRGANASNFASWCGKTFTKLWK,36,6.81,0.6976,0.5724,0.3475,0.6928,0.6,0.6129,2226
GEN_6129,TRCARKPKAHACLSTLMCLLKIEINGPLKAHYKEGR,36,5.54,0.7103,0.4703,0.3,0.4459,0.6,0.6129,2227
GEN_4377,THCAAKPKAHAALSFIACILLILNNGCIKTATKLIK,36,4.54,0.728,0.6111,0.4491,0.7884,0.6,0.6129,2228
GEN_0737,FHCAKKPLAKHCLHYLACVLLTFLNGCVKAKAFAVK,36,5.98,0.7596,0.511,0.4491,0.6143,0.5,0.6129,2229
GEN_5890,LHCAKKIAAKHSLHYLPCVLLAYFIACLKPHTNLIP,36,4.07,0.7127,0.4966,0.4815,0.6655,0.6,0.6129,2230
GEN_2045,FHCAKKPLAKHGLHYLACVLLTYFNVCLHAKAFAED,36,2.08,0.7475,0.502,0.4167,0.528,0.6,0.6128,2231
GEN_6004,THCAKKPLAKHCASYLACVLLTYTPACVHAKVFAVK,36,4.61,0.7117,0.4874,0.4167,0.654,0.5,0.6128,2232
GEN_4851,FRCWYKPKAAGCLHTLACLQAIILNGKGKTFTKIPK,36,6.81,0.7227,0.473,0.3991,0.5195,0.6,0.6128,2233
GEN_2056,THCAKKIAAKHCLHYLACALLTYFINCYKTFTSLIP,36,3.61,0.7474,0.4921,0.3519,0.5131,0.5,0.6128,2234
GEN_1920,TVCAKKIAAKHCLHYLACVLLTYFINCLKTYTSLIP,36,3.53,0.7484,0.5108,0.3843,0.5742,0.5,0.6127,2235
GEN_3711,TRYRKKPHYHACLSTLACLLLTIVNGCVKAKVFAAV,36,5.54,0.7343,0.4881,0.3843,0.5026,0.6,0.6127,2236
GEN_3720,TRCAKKPNKHACFSCLATLLLIILNGQGKGFTKLAS,36,5.45,0.7343,0.5639,0.3194,0.5635,0.6,0.6127,2237
GEN_6775,TRCAKKPNKHACFSTLACLLLIFLNGQGKTGTKLAK,36,6.45,0.7029,0.55,0.3262,0.6205,0.6,0.6127,2238
GEN_0467,THCAKKPVAKHCLHYLACVLLTYLNGCVKAKVFAVP,36,4.61,0.7625,0.4923,0.4167,0.5429,0.5,0.6127,2239
GEN_1139,GHCAKKIAAKHCLHYLACVLLTYFIWCVKTFTTNIP,36,3.98,0.7555,0.4555,0.3843,0.4651,0.5,0.6127,2240
GEN_0470,LHCAKKAAAKHSLHYLACVLLTYFNWCLKTFTSAFP,36,3.99,0.7625,0.4996,0.4167,0.4884,0.6,0.6127,2241
GEN_6176,ILLCWPSRYTHAIIKALKVRFKVSALADIFEALKKNNS,38,4.84,0.71,0.6433,0.4474,0.8801,0.6,0.6126,2242
GEN_3766,TRCAKKPKAHACLSTLSCLLLIILNGTVKAKIFAAV,36,5.45,0.734,0.501,0.4491,0.5889,0.6,0.6126,2243
GEN_2738,TRYHKKPKYHACLSNLACLLLTPVNGCLKAKVFEAH,36,4.63,0.742,0.4355,0.3194,0.3309,0.6,0.6126,2244
GEN_3036,TRYRKKPHTHLCLSNLACLVNYPVNSCVRAKVFAAP,36,5.54,0.7399,0.5115,0.3519,0.4953,0.6,0.6126,2245
GEN_6411,KHLKHECCKLALRTLRGANASNYVSWCLKVKVFAAV,36,5.9,0.7075,0.6141,0.3519,0.7416,0.6,0.6126,2246
GEN_1851,THCAKKPLAKHCLHYLACVLLEYLNGCVKAKVFAVP,36,3.62,0.7491,0.5141,0.4167,0.6098,0.5,0.6126,2247
GEN_1667,THTAKKIAAKHCLHYLACDLLTYFIWCVKTFTLLAA,36,2.63,0.7505,0.4833,0.4167,0.4886,0.6,0.6126,2248
GEN_0494,TVCAKKIAAKHCLHYLACVLLTYFINCLKNFTSAAD,36,2.53,0.7622,0.5559,0.3843,0.6164,0.5,0.6126,2249
GEN_1114,TRCAKKILAKHCLHYLACVLLTYFNLCLKNFTKLAD,36,4.53,0.7558,0.538,0.3519,0.569,0.5,0.6126,2250
GEN_4936,FRCWYKPKAAACLSTLAYLLLIILNGQGKTFTKLAV,36,4.73,0.7218,0.5331,0.4491,0.6044,0.7,0.6126,2251
GEN_1128,THCAKKILAHHCLHYLACVLLTYFNLCLKNFTKLAG,36,3.7,0.7556,0.538,0.3519,0.569,0.5,0.6125,2252
GEN_1527,TVCAKKIAAKHCVHLLACVLLNYFIQCLKTFTSLIP,36,3.53,0.7518,0.5912,0.4491,0.7637,0.5,0.6125,2253
GEN_0217,LHCAKKAAAKHSLHYLACVLLTYFNNCLKTFTSLIP,36,3.99,0.7662,0.5555,0.3843,0.5393,0.6,0.6125,2254
GEN_7447,FHCAKKIIVKHSTHFLACVLQTYKKACLKTYSKLIY,36,6.98,0.693,0.4959,0.3573,0.5834,0.6,0.6125,2255
GEN_2473,TRYHKKPKYHACLSNLACLLLTPVNGCIKAKVNAAR,36,6.54,0.7441,0.4424,0.3507,0.3683,0.6,0.6125,2256
GEN_0349,TKPARKAAAKHCLHYLACVLLTYFINCFHTKAFAIP,36,4.62,0.7642,0.5132,0.4491,0.5381,0.6,0.6125,2257
GEN_3272,TRLLMKPKAHACVSFLACLLWIYNNGCLKAKVFAAH,36,4.54,0.7379,0.482,0.4815,0.5798,0.6,0.6125,2258
GEN_2572,TRCARKPKAHACLSYLACLLLTSNNGVVKAKVFAPR,36,6.45,0.7434,0.512,0.4105,0.5462,0.6,0.6125,2259
GEN_1410,AHCARKAAAKTSLHYAMCVLLTYFNSCLKAKVFAIF,36,4.93,0.753,0.5221,0.4491,0.5782,0.6,0.6124,2260
GEN_4272,THCAKKPLAKKCQYYLGCVILTYFNACLKTFTKLAR,36,6.44,0.7289,0.5775,0.3255,0.6701,0.5,0.6124,2261
GEN_2949,THCAKKAEAKHCLFYLAAVLYTYYNACLKTFTILIP,36,2.54,0.7405,0.4338,0.3843,0.3953,0.6,0.6124,2262
GEN_1680,LHCARKAAAKTSLHYAMCNLLTYFIACLKTVTSLIP,36,3.9,0.7504,0.4874,0.4167,0.4932,0.6,0.6123,2263
GEN_7607,KHMHFECCKLALRTLRGANASNFASWYGKEKVFAAK,36,4.91,0.6901,0.6002,0.3194,0.6583,0.7,0.6123,2264
GEN_5037,RHCWKKPKAHASLSTLACLQCIILNGKGKTFTKLPK,36,7.9,0.7208,0.4367,0.4107,0.4721,0.6,0.6123,2265
GEN_7710,THCAKPILLKHCLHMLACALLTWFNAKLKWFTSLIP,36,3.63,0.6884,0.5076,0.5139,0.769,0.6,0.6123,2266
GEN_6594,ILLCWPSRYTHPIIKLLKVRFKVSALADIFEALKKNNS,38,4.84,0.7054,0.6605,0.4474,0.9175,0.6,0.6123,2267
GEN_0355,FHCAKKAAAKHCLHYLACVLETYFINLLHAKAFAIP,36,3.08,0.7641,0.4972,0.4815,0.5426,0.6,0.6123,2268
GEN_1120,TRCAKKILAKHCLHYLACVLLTYFNTCLKNFTKIAD,36,4.53,0.7557,0.5761,0.3194,0.5985,0.5,0.6123,2269
GEN_4216,TRCANKPKAHAKLSTLACLLLIILNGCLKAKVFAAR,36,6.45,0.7297,0.5109,0.4754,0.6393,0.6,0.6123,2270
GEN_5628,TCCAKKPLAKHCLWYLNAVLVTYFNACKKAKVFAAF,36,5.44,0.7151,0.4796,0.4491,0.6619,0.5,0.6123,2271
GEN_8522,IILCWPSRYTHPCIKLLKVRFKVSALADIFQALKCNYS,38,4.81,0.6616,0.5924,0.4167,0.9423,0.5,0.6123,2272
GEN_0735,THCAKKAAAKNNLHYLACVLLTYFNSCVNRKAFLIP,36,4.54,0.7597,0.5378,0.3843,0.5225,0.6,0.6122,2273
GEN_1272,THCAKKPLAKHCLHYLACVLLTYLNGCVKTFTKLAR,36,5.61,0.7541,0.5957,0.3194,0.6338,0.5,0.6122,2274
GEN_2819,TKCAKKPLKHACLSYLACVLLTYLNGCVKAKVFAGP,36,5.44,0.7414,0.5823,0.3843,0.7061,0.5,0.6122,2275
GEN_6214,NHCAAKPHAHACLSYLACVLLTYLNGCVFAKVFAVP,36,1.98,0.7096,0.4325,0.483,0.6293,0.5,0.6122,2276
GEN_1322,FHCAGKAAAKNCLHYLACVLLTYFIKTVKTKSSAIF,36,4.9,0.7538,0.5428,0.3843,0.5447,0.6,0.6122,2277
GEN_2851,THCAKKIAVKGCLHYLACVLLTYFNLCLKNFTKLIP,36,4.53,0.7412,0.5519,0.3843,0.6559,0.5,0.6122,2278
GEN_5765,THCAKKPAAKHCIHYLGPVLLTLINGCVKAAVFAHK,36,4.71,0.7139,0.5073,0.4167,0.6111,0.6,0.6122,2279
GEN_6824,THLAMKPKAHACVSFLACLLLIFNNGCLKAKVFAAH,36,3.63,0.7024,0.4637,0.5139,0.662,0.6,0.6122,2280
GEN_4655,RHCAKKIAAKHCLHYLAQVLLTYFIGCDKTFTSAAP,36,3.99,0.7249,0.4954,0.3519,0.5007,0.6,0.6122,2281
GEN_6067,KRTAVTAATASRFDACTYKILHSRGSIYYVLVAK,34,4.83,0.711,0.4572,0.2837,0.2679,0.8,0.6122,2282
GEN_3316,FHCAKKPLAQHSAHYLACVLLTYFNLLLKNTTSLPP,36,3.0,0.7376,0.5022,0.4167,0.5804,0.55,0.6122,2283
GEN_1105,THCAKKPLAKTTLNYLACVLLTYFLACLKTFTKLIP,36,4.45,0.7559,0.5505,0.4167,0.5849,0.6,0.6122,2284
GEN_2389,THCAWKAAAKHCLHMLACVQLTYFINCLKNFVSLAG,36,2.62,0.7448,0.5697,0.4167,0.71,0.5,0.6122,2285
GEN_4322,TRCWKKPKAHMCLSTLGCLLLIFLNDCLKATVFAAV,36,3.44,0.7285,0.51,0.4491,0.6808,0.5,0.6122,2286
GEN_1471,THCAKKPLAKHCLHYLATVLLTYVNADLHAKAFACP,36,2.71,0.7524,0.4923,0.4167,0.4952,0.6,0.6121,2287
GEN_1877,LHCAKKIAAKHSLHYLACVLATYFIACLKEFTSGYP,36,2.99,0.7489,0.4648,0.3843,0.4257,0.6,0.6121,2288
GEN_2317,TRYHKKPHYHACLSTPASLLLTIANGCVKAKVFAAP,36,4.63,0.7453,0.4696,0.3843,0.375,0.7,0.6121,2289
GEN_2475,TRCAKKPKAHACLCTLALLLLIILNETLKTDTFLPK,36,3.45,0.7441,0.4872,0.4167,0.5066,0.6,0.6121,2290
GEN_2755,NHCAAKPHAHLALSYMACILLILNNGCIKTKVFAVP,36,2.99,0.7419,0.4392,0.4815,0.4967,0.6,0.6121,2291
GEN_3125,THCVKKIAAKDCLHYLADVLLTYFINCLHAKALAIA,36,1.63,0.7391,0.5596,0.4752,0.6973,0.6,0.6121,2292
GEN_5012,FRCWYKPKAHAELSTLACLLLIILNGQGKTFTKLPKSFGIGTGSR,45,5.82,0.7211,0.5934,0.3259,0.6459,0.6,0.612,2293
GEN_0576,THCAKKPLAKHSLHFLACVLLTYFNACLKTFTKLIP,36,4.62,0.7612,0.5802,0.4167,0.6209,0.6,0.612,2294
GEN_4963,LHCAKKIAAKHSLHYLLCVLLTYFIACAKTKAFAIP,36,4.98,0.7215,0.4966,0.4815,0.639,0.6,0.612,2295
GEN_8234,TQCAKKAAAKHCNHYLACVLLTYFINCWKNFTSNGC,36,3.52,0.6744,0.4865,0.3,0.684,0.4,0.612,2296
GEN_1900,THCADKINAKHCLHYLACVLLTYRNACLKAKIFAIF,36,3.62,0.7486,0.4555,0.3843,0.4765,0.5,0.612,2297
GEN_1728,THGAKKAAAKNQLHYHACVLLTYFGSCLEKFTLLAP,36,2.64,0.7501,0.512,0.3519,0.4014,0.7,0.612,2298
GEN_5578,TRDHKNPVYHACLSTVAALLLTHLNGCKKAFTRRAH,36,4.72,0.7156,0.4853,0.3,0.386,0.7,0.612,2299
GEN_2533,TRCAKKPKAHACLCTLALLLLIILNETLKSDTFLPK,36,3.45,0.7437,0.4872,0.4167,0.5066,0.6,0.612,2300
GEN_3969,THEAKKPLGKKCLKYLACVLLTYFNACLKTFTKLIP,36,5.45,0.7323,0.5524,0.3519,0.577,0.6,0.612,2301
GEN_1020,THCAAKPLAHACLSYLACVLLTYLNGCVKAKVFAVP,36,2.53,0.7569,0.5068,0.4815,0.6393,0.5,0.6119,2302
GEN_0913,THCAKKIAANHCLHYLACVLLTYFNGCLKTFTSAAP,36,2.62,0.7579,0.4825,0.3519,0.4672,0.5,0.6119,2303
GEN_6748,HRCWKKPSKLALRTLRGANAYNFASWCGKVKVFAAV,36,7.82,0.7034,0.6392,0.4905,0.8609,0.7,0.6119,2304
GEN_2783,THCAKKPKAHACLYNLACLLLTCLNGCVKAKVFAAH,36,4.6,0.7417,0.4656,0.3843,0.5757,0.4,0.6119,2305
GEN_5194,THCAKKQLAKHTLHYLAAVLLTYMNATPRTFTSLHK,36,4.73,0.7194,0.4989,0.3194,0.4185,0.7,0.6119,2306
GEN_5566,ILLCWPSRYTHAIIKALKVRFKVSALADIFEALKKV,36,4.84,0.7157,0.6718,0.5139,0.9098,0.7,0.6119,2307
GEN_3301,EGCAKKAAAKHCLHYLACVLIMWFIAARKTFTSDAN,36,2.98,0.7377,0.4694,0.4167,0.4898,0.6,0.6118,2308
GEN_4857,FHCAKKPLAKHCLHYIADVLVTYFNRCLKLKVFALF,36,4.99,0.7227,0.6122,0.4491,0.7952,0.6,0.6118,2309
GEN_6244,WRVWKKPKAHGCLSTLACLDAIILNGKGKTFTKLPKSFGIGTGSR,45,7.82,0.7092,0.5823,0.4063,0.7341,0.6,0.6118,2310
GEN_0181,AHCAKKIAAKHSLHYLACVLLTYFHACLKTCTTGLF,36,4.1,0.7671,0.4464,0.3519,0.3848,0.5,0.6118,2311
GEN_6433,TKSWKKPKAYACLSTLVCLLLIILNGCVKAKVFAAK,36,6.36,0.7073,0.4535,0.4701,0.5871,0.6,0.6117,2312
GEN_0387,FHCAKKIAAKHCLHYLAINLVTYFIACLKTFLSLAD,36,2.99,0.7635,0.5013,0.4491,0.5147,0.6,0.6117,2313
GEN_0550,TVCAKKIAAKHCLHYLACVLYTYFIGCLKTFTSAAP,36,3.53,0.7615,0.4555,0.3843,0.4445,0.5,0.6117,2314
GEN_3058,THCAKKALAKHCLMYLACVLLTYFNANLKTFDHLPK,36,3.62,0.7397,0.4863,0.3843,0.4799,0.6,0.6117,2315
GEN_6105,RHCWKKPKAHASLSTMACLQCIILNGKGKTFTKIPK,36,7.9,0.7106,0.4452,0.4107,0.5061,0.6,0.6117,2316
GEN_3959,TRYHFKPHYHACLSTLACLLLTILNGSVKAKVFAAH,36,3.72,0.7323,0.4657,0.3843,0.3961,0.7,0.6117,2317
GEN_1878,THCAAKPKAHAALSYMVCILLILNNGCIKTFTKLPK,36,4.54,0.7488,0.5814,0.4167,0.6492,0.6,0.6116,2318
GEN_1766,THLAIKYKAHACLSFLACLILIYNNLCLKAKIFAAH,36,3.62,0.7498,0.4262,0.4815,0.4532,0.6,0.6116,2319
GEN_6012,THCAGRPKVHANLSYLACVLLHYWNACVHAKPFGAK,36,3.71,0.7116,0.4101,0.3843,0.4177,0.6,0.6116,2320
GEN_1052,FHCAKKIAAKHSLHYLACVLLTYFINCLKAKAFAIP,36,4.98,0.7565,0.5306,0.4815,0.6116,0.6,0.6116,2321
GEN_3038,THCAKKILAKHCLHYLACGLLTYFNHCLHAKAFAAD,36,2.79,0.7399,0.4375,0.3519,0.4317,0.5,0.6116,2322
GEN_0721,THCAKKAAAKNCLHYLACVLLTYFNSCRNRKVFAIF,36,5.53,0.7598,0.4557,0.3519,0.4161,0.5,0.6116,2323
GEN_0695,HHCAKKPLAKHSLHFLACVLLTYFNACLKTFTKLIP,36,5.07,0.76,0.5802,0.4167,0.6209,0.6,0.6116,2324
GEN_3323,GHTAKCIAAKHCLHYLACVLLTYGIWCVKTFVFAIF,36,2.98,0.7376,0.4833,0.4491,0.6111,0.5,0.6116,2325
GEN_1581,LHCAKKIAAKHSLHYLACVLVTYFIICLKTFHSLAP,36,4.07,0.7512,0.4828,0.4491,0.5114,0.6,0.6116,2326
GEN_6676,THCAKKPKAHACLSYLACLDLIINNPCVKAHTFLPK,36,3.62,0.7044,0.4173,0.3843,0.5135,0.5,0.6116,2327
GEN_5383,LHCAKKIAAKGTLHYLACVLLTYDIACLKTYTNLDP,36,1.9,0.7176,0.4817,0.3589,0.4974,0.6,0.6115,2328
GEN_0732,LHCAKKIAAKHSIHYLACVLLTYFIACLKTYTSLIP,36,3.98,0.7597,0.4689,0.4167,0.4357,0.6,0.6115,2329
GEN_7421,TRYRKKPHYHACLSTPLCLLLTIANGCVKAKVFAVP,36,5.54,0.6936,0.4696,0.3843,0.5588,0.6,0.6115,2330
GEN_2002,THCAKKVVAKHCLHYLACVLLTYFINCLKNFTSLIS,36,3.61,0.7478,0.542,0.3519,0.5869,0.5,0.6115,2331
GEN_6987,TRCWYKDYAHACLSTLACLQAIKWNGKAATFTKLPKNYGIGTGNW,45,4.45,0.7003,0.4337,0.3,0.4653,0.5,0.6115,2332
GEN_3246,TRYHKKPKAHACLSTLACVLLTYFNACVHAKVFAAK,36,5.62,0.7381,0.4322,0.3843,0.3925,0.6,0.6115,2333
GEN_0084,LHCAKKIAAKHSLHYLACVLLTYFNSCLKATVFASF,36,3.99,0.7693,0.5082,0.4167,0.4784,0.6,0.6115,2334
GEN_3641,TRCAAKPKAHACLSTLACLLLIELNGCIKVKVFAGH,36,3.53,0.7348,0.429,0.4167,0.4933,0.5,0.6114,2335
GEN_1434,THCAKKILAKHHLHYLACVLLTYFNACLKTWTKLAK,36,5.71,0.7527,0.5405,0.3519,0.506,0.6,0.6114,2336
GEN_1125,THCAKRAAAKNCLHYLACVGLTYFDTCLYRKVFAIF,36,3.53,0.7557,0.4949,0.3519,0.4896,0.5,0.6114,2337
GEN_6935,FHCAKKTAAKHSLHFTACVLLTYFNSCLKATVFALF,36,3.99,0.701,0.5082,0.4167,0.6375,0.6,0.6114,2338
GEN_0752,NHCAKKPLAKHCLHYIASVLVTYFNACLKAKVYAIF,36,4.98,0.7595,0.5067,0.4167,0.4982,0.6,0.6114,2339
GEN_7478,THCAKKPLAKKCQHYLACVLLTENNGCVKAKVFAVP,36,4.53,0.6923,0.4946,0.3519,0.636,0.5,0.6113,2340
GEN_1639,THCAKKLVAKHALHYLAAVLLTYFNACLKTFTSLIP,36,3.63,0.7507,0.5361,0.4491,0.5326,0.7,0.6113,2341
GEN_2447,THCAKKQLKHACLSYLACVLLTYLNGAVKAKVFAVP,36,4.54,0.7444,0.5077,0.4167,0.5343,0.6,0.6113,2342
GEN_1330,THCAKKILAKHCLHYLACVLLTYFNGCLKAKVFAIF,36,4.61,0.7536,0.4836,0.4167,0.5395,0.5,0.6113,2343
GEN_7368,THCAKKPLAKHCLHYLACVLLTYENGCVKAKVFAVP,36,3.62,0.6946,0.4784,0.3843,0.636,0.5,0.6113,2344
GEN_7184,THCAKKAAAKNCLHTLACVLLTYFISSVHAKAFAIP,36,3.63,0.6973,0.5001,0.4491,0.6645,0.6,0.6113,2345
GEN_3723,THLAMKPKAHACLSFLACLMLTYLNGCVKAKAFAAK,36,4.54,0.7343,0.484,0.4815,0.5836,0.6,0.6113,2346
GEN_6074,WWCWKKPKAHASLSTLACLQAIILNGKGKTFTKLPK,36,6.82,0.7109,0.4783,0.4321,0.5128,0.7,0.6113,2347
GEN_1757,SHCAKKILKKHCLHYLACVLLAYFNAAAKTSTKWIP,36,5.68,0.7499,0.5349,0.3843,0.5347,0.6,0.6113,2348
GEN_7601,THCAIKAADKHCLHCLACVLLTYFINCNKNFTSLIP,36,1.61,0.6902,0.4719,0.3793,0.6967,0.4,0.6112,2349
GEN_1324,TVVAKKIAAKHCLHYLACILLTYFNSKLNRKSFAIF,36,5.55,0.7537,0.5394,0.4167,0.4985,0.7,0.6112,2350
GEN_4631,THSYKTPKAHDCLSTLACALRIILNGCVKAFTRAAV,36,3.54,0.7251,0.5853,0.3519,0.6431,0.6,0.6112,2351
GEN_3589,THCAKKIAAKHQLHFLACVLLTYFNSFAKRFTCEAP,36,3.63,0.7354,0.5766,0.3843,0.6375,0.6,0.6112,2352
GEN_5268,LHCAKKIAAKHSLHYDACVLLTYMRATLHAKTFAAD,36,3.09,0.7186,0.455,0.3843,0.407,0.7,0.6112,2353
GEN_0212,TVCAKKIAAKHCLHFLACVLLTYFINCLKNFTSAAP,36,3.53,0.7663,0.5836,0.4491,0.7086,0.5,0.6112,2354
GEN_2157,TVCAKKFLAHACLSYLAAVILTYLNGCVKAKVFAVP,36,3.45,0.7466,0.5357,0.5139,0.6726,0.6,0.6112,2355
GEN_1154,THCAKKAAAKHCLKYLACVLLTYFINCLKTFTSLAP,36,4.53,0.7553,0.5285,0.3843,0.5776,0.5,0.6112,2356
GEN_7097,FRCWYKPRAAHFLSTLACIQAIIVDASKKVIIACNTI,37,3.81,0.6986,0.5267,0.464,0.753,0.55,0.6112,2357
GEN_2793,LHCAKKIAAKHSLHYLAKVALTYFIACLKDFTTLAP,36,4.0,0.7416,0.5366,0.4491,0.5542,0.7,0.6112,2358
GEN_3456,THCAKKPDARACLSYLACLLLTCLNGCLKGKIDAAM,36,2.43,0.7364,0.4522,0.3519,0.5283,0.4,0.6112,2359
GEN_2624,TRYHKKPKYHACLSNLACLLLTPVNGCVKAKVFLHL,36,5.62,0.743,0.4493,0.3519,0.375,0.6,0.6112,2360
GEN_0751,THCAKKIAAKHCLHYLACVLLSYFNAFLYAKANAIP,36,3.62,0.7595,0.4833,0.4491,0.4899,0.6,0.6111,2361
GEN_3775,TVCAKKIAAKHCLHYIACVLLTYFIGDAKTFTSAAV,36,2.54,0.7339,0.4847,0.4167,0.5193,0.6,0.6111,2362
GEN_1857,THCAKRILAKHSLHYLASVLLTYFIACLKTYTSLIP,36,3.63,0.749,0.4907,0.3843,0.3953,0.7,0.6111,2363
GEN_0585,THCAKKIANKHSLHYLACVLLTYFHACLKTCNTALF,36,3.7,0.7611,0.4613,0.3194,0.3863,0.5,0.6111,2364
GEN_7367,THCAAKPKARAALSTMVCILLILNNGCIKTFTKLPK,36,5.45,0.6946,0.5814,0.4167,0.7723,0.6,0.6111,2365
GEN_7949,FCNKFTCCELALRTLRGVNASNFVSWCGKAKVFWAV,36,3.72,0.6827,0.594,0.3843,0.8553,0.5,0.6111,2366
GEN_1687,THCAKKIAVKHCLHYLACVLLTYFNLSLHAKARASP,36,4.71,0.7504,0.4674,0.3843,0.4195,0.6,0.6111,2367
GEN_2901,TRYHKHPKYHACLSNIACLLLTGVNGCVKAKVFAAH,36,4.71,0.7408,0.4409,0.3194,0.3321,0.6,0.611,2368
GEN_2590,THCAAKPKAHAALSYMACILLILFNGCVKAKVFAVR,36,4.54,0.7432,0.4703,0.5139,0.5702,0.6,0.611,2369
GEN_7850,KRTALTAATASRFDACTYKILHSVSWSGKAKVFA,34,4.83,0.6853,0.4751,0.318,0.3841,0.8,0.611,2370
GEN_0138,THCAKKIAAKHSLHYLACVLLTYFNSCLKATVFAIF,36,3.62,0.768,0.5082,0.4167,0.4784,0.6,0.611,2371
GEN_1793,FHCAKKPLAKHCLHYLACVLLTYFGLCWKNFTKLAD,36,3.98,0.7495,0.5273,0.3843,0.5877,0.5,0.611,2372
GEN_0243,THCAKKIAAKHCLHYLACVLLTYFINCLKNFTSLIP,36,3.61,0.7658,0.5559,0.3843,0.5969,0.5,0.611,2373
GEN_1599,THCAKKPLAKHCLHYLACVRLTYFNANLKTFTFAVP,36,4.62,0.7511,0.4784,0.3843,0.4357,0.6,0.611,2374
GEN_0960,THCAKKIAAKHCAHYLACVLLTYFINCLKNFTSLVP,36,3.61,0.7574,0.5559,0.3843,0.6164,0.5,0.6109,2375
GEN_6120,RHCWKKPKAHASLSTLACLQAIILNGCGKVKVFVAV,36,5.9,0.7103,0.4627,0.4167,0.5361,0.6,0.6109,2376
GEN_3500,TRCAKKPKAHACLSTLACLLLIILNETLKAKVFRAH,36,5.54,0.7361,0.4872,0.4167,0.5168,0.6,0.6109,2377
GEN_3530,FRCWYKPHAHAELSTLACLLLIIANGCLKAKVFTAV,36,2.9,0.7358,0.5438,0.4815,0.6767,0.6,0.6109,2378
GEN_4379,TVCAKKIDAKHSLHYLACVMLTYFNSCLKATVFQAF,36,2.54,0.728,0.4723,0.3843,0.4784,0.6,0.6109,2379
GEN_5542,THCGKKGWAKNCLHYLACVLLTYFGNCLKYFISLAP,36,3.53,0.7159,0.4947,0.3194,0.5461,0.5,0.6109,2380
GEN_0785,THCAKKIAAKHCLHYLACVLLTYFNACLKTYTSLIP,36,3.61,0.7591,0.4551,0.3519,0.4116,0.5,0.6109,2381
GEN_4765,TRCFKKFEAHAKLSTLACLLLIILNGCVKAFTKLPR,36,5.45,0.7237,0.6277,0.4167,0.7805,0.6,0.6109,2382
GEN_7661,GWCWKKPKAHACLYTWASLLAAKTNWKGKTFTKFPITFPIGTGSR,45,7.82,0.6893,0.4804,0.458,0.6896,0.55,0.6109,2383
GEN_3103,THCAKKPLAKHCLHYLATVVLTYWNADLKAKAFACP,36,3.62,0.7393,0.4923,0.4167,0.5179,0.6,0.6109,2384
GEN_5232,THCAKKPKAHACVCTLACLLLIILNETYKTRTKLPK,36,5.53,0.719,0.3943,0.3194,0.3708,0.5,0.6108,2385
GEN_1647,THCAAKPKAHAALSYMACILLILNNGCVKAKVFAVP,36,3.54,0.7506,0.4413,0.5139,0.5034,0.6,0.6108,2386
GEN_2417,TVCAKKIAAKHCLHYLACVLLTYKINCLKNFTSLIP,36,4.53,0.7446,0.5444,0.3843,0.6264,0.5,0.6108,2387
GEN_2125,THCTKKIAAKHCLHYLACVLIMWFIAARKTFTSDAN,36,3.63,0.7468,0.4555,0.3843,0.4061,0.6,0.6108,2388
GEN_4260,THCAQKLVAKHCLHYLACVLVTYFIAGLKTFTSLAP,36,2.63,0.7291,0.4742,0.4167,0.5114,0.6,0.6108,2389
GEN_7235,TRCAAKPPAHAAHSYMGCRLLILNHGCLKTGTKLPK,36,5.63,0.6966,0.4989,0.3194,0.6306,0.45,0.6108,2390
GEN_1556,THCAKKPLAHACLSYLACVLLTLNNGCIKTFIKLPK,36,4.53,0.7515,0.55,0.3843,0.6192,0.5,0.6108,2391
GEN_6839,THCAKKALAKHCLNYLTCVLLTYFNSCLNRKQFAIF,36,4.53,0.7023,0.51,0.3194,0.6018,0.5,0.6107,2392
GEN_3190,TVCAKKIAAKHCVHLLACVLLNWEIQCLKTFTSLIP,36,2.53,0.7385,0.5614,0.4491,0.7328,0.5,0.6107,2393
GEN_6058,THCGKKAAAKHSLHYLACVLLTYWNSCINHAVFAIF,36,2.71,0.7112,0.4678,0.3843,0.509,0.6,0.6107,2394
GEN_3927,WHCAKKPNKHACFNTLACLLLISLNGQGKTFTKLAV,36,4.9,0.7327,0.4915,0.3519,0.466,0.6,0.6107,2395
GEN_7756,TRYHKKPHEHACLSNLGCLLLTPVNGCVLAKVFAAR,36,3.63,0.6874,0.5004,0.3519,0.5866,0.6,0.6107,2396
GEN_2505,THCARKPLAKHCLHYLACVLLTDFNLCLKNFTKLIP,36,3.62,0.744,0.5519,0.3843,0.6393,0.5,0.6107,2397
GEN_2380,THCAKKIWAKHCLHYLACVLLTYFNAWLKAKVFAIF,36,4.62,0.7449,0.5293,0.4815,0.6304,0.6,0.6107,2398
GEN_3660,TVCALKIAAKHALAYLACVLLSYFNAFLYAKANAVP,36,2.46,0.7347,0.5159,0.5787,0.6619,0.7,0.6107,2399
GEN_6830,HHCAKKGLAKHCSHYLYCVLLTYFNACLHAKAFAIP,36,4.15,0.7023,0.473,0.3519,0.5721,0.5,0.6106,2400
GEN_4702,TRYHKKAHNHGCESTLWCLLLICNNACLKGKIFAAH,36,3.71,0.7243,0.4765,0.3,0.4748,0.5,0.6106,2401
GEN_4361,FRCYFKPKAAACLSTLACLLLIILNGEKKAKVFAAN,36,4.73,0.7281,0.4634,0.4815,0.5589,0.6,0.6106,2402
GEN_5073,THCAKKPLKHALLSYLACVLLTYLNGCVKAKVFACP,36,4.53,0.7205,0.5401,0.4167,0.7061,0.5,0.6106,2403
GEN_3503,THCAYKYLAKHCLHYLACVLLTYFNACLKTNTKLAR,36,4.61,0.7361,0.4803,0.3,0.4538,0.5,0.6106,2404
GEN_1685,THCAHKPLAKHCLHYLACVLLTYLNGCVKAKVFAVP,36,3.7,0.7504,0.4923,0.4167,0.557,0.5,0.6106,2405
GEN_2316,TVCAKKFLAHACLSYLAAVLLTYLNGCVRAKVFAVP,36,3.45,0.7453,0.5707,0.5139,0.7295,0.6,0.6105,2406
GEN_6323,THCFKKPKAHACLSYLACGLLICNNGCLKAPVFAAH,36,3.61,0.7086,0.3943,0.3843,0.5248,0.4,0.6105,2407
GEN_6372,THCAAKPHAHACLSYLACVLLTYCNGCVKAKVFAVP,36,2.61,0.7081,0.4429,0.4167,0.6393,0.4,0.6105,2408
GEN_7638,SAFFRVCTGWLLKTFARSHCQRIFIHAKFHAL,32,4.7,0.6897,0.5774,0.3267,0.4829,0.9,0.6105,2409
GEN_1778,THCARKAAAKNCLHYLACVVLTYFNTCLNRKVFTIF,36,4.53,0.7497,0.5173,0.3519,0.5347,0.5,0.6105,2410
GEN_2923,FHCAKKAHAKRFLHYLACTLLTYFNNSLKTFTSVKP,36,5.99,0.7407,0.523,0.3194,0.3992,0.7,0.6105,2411
GEN_7099,THCAKKFAVKHCLVYLACVLLTYCYNCLKTFTNLEP,36,2.52,0.6986,0.4863,0.3194,0.6365,0.4,0.6105,2412
GEN_0964,GHCADKLVAKHCLHFLACVLLTYFNSCLKAKVFLAP,36,2.98,0.7574,0.5221,0.4491,0.6217,0.5,0.6105,2413
GEN_0912,THCAKKIAAKHCLHYLACVLLTYFNACLKTYTSVIP,36,3.61,0.7579,0.4551,0.3519,0.4116,0.5,0.6105,2414
GEN_8563,TICAYKIAVKHCQHVLACVLLTYFINCLKNFTSLTP,36,2.53,0.659,0.5559,0.3843,0.8425,0.5,0.6104,2415
GEN_3174,THCAKKPLAKKCQHFLACVLLTYLNACVKAKVNAVP,36,5.53,0.7387,0.5548,0.4167,0.6867,0.5,0.6104,2416
GEN_3377,TRCWKKPHAHANLSYLACHLLIILNGCLKAKVSAPR,36,5.63,0.7372,0.5135,0.3843,0.5228,0.6,0.6104,2417
GEN_2607,THCAKKIYAKHCLKYLACVLLNYFIGCLKTFTSAAP,36,4.52,0.7431,0.4964,0.3519,0.5148,0.5,0.6104,2418
GEN_3205,THCAKAALARHSLSYLACVALTEFNLCLHAKAFANK,36,2.63,0.7384,0.4638,0.4167,0.4692,0.6,0.6104,2419
GEN_0659,NHCAKKLAAKHCLHYLACLLLTYFNASLRTYTKLIP,36,4.98,0.7604,0.5345,0.3519,0.4711,0.6,0.6104,2420
GEN_6713,THCAKKPLAKHCIHYVGCVLLTYFNACLHAKIFAAD,36,2.71,0.7039,0.4763,0.3843,0.6044,0.5,0.6103,2421
GEN_7112,FRCWYQQKAAAALSTLACLQGIILNGKGITFTKLPK,36,4.74,0.6984,0.4378,0.3843,0.4197,0.7,0.6103,2422
GEN_3966,THCVKKPKAHACLSNLACVLLTYFNACVHMKVFAAK,36,4.61,0.7323,0.4505,0.4167,0.5276,0.5,0.6103,2423
GEN_2327,THCAKKIAAKHCSHYLACVLVTYFIACLKNFTSLIF,36,3.61,0.7453,0.4843,0.3843,0.5207,0.5,0.6103,2424
GEN_2304,NHCAKKPKAHACLSYLACLLLTPVNGCVKAKYWPAS,36,4.89,0.7454,0.4632,0.3843,0.4859,0.5,0.6103,2425
GEN_5134,TRFWYKPKAHAALSTLACLQAIILNGKGKTFTKLPKSFGIGTGQR,45,7.47,0.72,0.5934,0.4116,0.7217,0.6,0.6102,2426
GEN_3157,THCAKKPKAHAALSWLACLLLTPVNGCVKAKVFPLA,36,4.54,0.7389,0.5188,0.5139,0.6559,0.6,0.6102,2427
GEN_3948,THCAKKPLAKKCQHYLACVFLWYFNAALKTWTKLAR,36,6.53,0.7324,0.6152,0.4155,0.733,0.6,0.6102,2428
GEN_3093,THCAKKPLAKHCLHYLACVLLTYFNARLEAKAFAIP,36,3.63,0.7394,0.5061,0.4491,0.5688,0.6,0.6102,2429
GEN_5447,TRYDKKPHYHACLSTPWCLLLTIANGCVKFKVFLVP,36,3.54,0.7169,0.4782,0.3843,0.5095,0.6,0.6102,2430
GEN_5646,FHCAKKAAAKNCVIYLACVLLTYFNTCLNRKVFAIF,36,4.8,0.7149,0.5589,0.4491,0.7803,0.5,0.6102,2431
GEN_7997,IGLWKCLATASRFDACTYKILHSRGSI,27,2.83,0.6815,0.5207,0.0686,0.0805,1.0,0.6101,2432
GEN_2739,TRYHKKPKYHACLSNLACLLLTPVNGCLKAKETAAG,36,4.54,0.742,0.4216,0.3,0.2719,0.6,0.6101,2433
GEN_4791,THCAKKPLAKHCLHYLACVLVTYFNLCWKNFTKLAD,36,3.62,0.7235,0.5318,0.3519,0.6172,0.5,0.6101,2434
GEN_2883,THCAAKPKAHACLSFLACLLLIYNNLCLKAKIFAAH,36,3.62,0.741,0.418,0.4815,0.5168,0.5,0.6101,2435
GEN_3166,THCAKKILARHCLHYLACVGLTYFDANLKTFTSLIP,36,2.63,0.7388,0.4699,0.3519,0.4116,0.6,0.6101,2436
GEN_5488,TRAAFKPLEWACLSYLACVLLTYLNVCVKAKVFAHP,36,2.45,0.7165,0.5865,0.5139,0.8205,0.6,0.6101,2437
GEN_4380,THCAWLAKAHGTLSMSACLLLTIANGCVKAKKFAAP,36,3.54,0.728,0.4974,0.4491,0.5801,0.6,0.6101,2438
GEN_5593,FKCWYRPKAAHCLTTLACLQHTINNGKAKTFTKMKTFFPLGKPDY,45,6.9,0.7154,0.4439,0.3523,0.4903,0.5,0.6101,2439
GEN_0730,THCAKKIAAKNCLHYLACVVLTYFNTCLNRKVFAIF,36,4.53,0.7597,0.5312,0.3843,0.5642,0.5,0.6101,2440
GEN_1012,SHCAKKIAAKHCLHYLACVLLTYFNACLKTYTSLIP,36,3.68,0.757,0.4551,0.3519,0.4116,0.5,0.6101,2441
GEN_3182,TRCAKKPKAHACLSTLACVLLTYFNETLKAIVFAAV,36,3.45,0.7386,0.5531,0.4491,0.6473,0.6,0.61,2442
GEN_3228,TRHAAKPLAHACLSYLACVLLTQLNGCVKAKVFAVK,36,4.54,0.7382,0.5695,0.4491,0.6755,0.6,0.61,2443
GEN_1869,THCAKKAMAKNCLHVLACVLLTYFNTCLNRKVFAIF,36,4.53,0.7489,0.5451,0.4167,0.6444,0.5,0.61,2444
GEN_3397,TRYHKKPKYHACLSNLACLLLTLVNGCVKAKVFAAR,36,6.54,0.7369,0.467,0.3831,0.4419,0.6,0.61,2445
GEN_1794,TRCAKKPLAKHCLHYSGCVLLTYFNACLKTFTKLID,36,4.53,0.7495,0.5345,0.3,0.5081,0.5,0.6099,2446
GEN_6162,LHCAKKIAAKHCLHYLYCVLLTYFIGCLKTFTSAAP,36,3.98,0.7101,0.4644,0.3843,0.5676,0.5,0.6099,2447
GEN_3401,RHCAKKPLAKHCLKYLACVLLSYLNGCVKAKVFAVP,36,6.89,0.7369,0.5459,0.4684,0.725,0.5,0.6099,2448
GEN_8474,TRYRKKPHYHACLSTPLCGCLTILNGCVKEKVFALP,36,4.53,0.6641,0.4053,0.3,0.4919,0.5,0.6099,2449
GEN_1050,THCAKKILAKHCLHYLACVLLTYFNLALKNFTKLIP,36,4.62,0.7565,0.5796,0.4167,0.6164,0.6,0.6098,2450
GEN_0155,LHCAKKIAAKHCLHYLACVLLTYFIGCLKNFTDLIP,36,2.98,0.7676,0.5376,0.4167,0.5869,0.5,0.6098,2451
GEN_5686,THCAAKPKAHACLSYMACILLITNNGCGKTFTKKPK,36,5.53,0.7145,0.4314,0.3,0.417,0.5,0.6098,2452
GEN_5982,THLAMKPKAHACLSFLACLQLTYLNGCVKAKAFCAK,36,4.53,0.7119,0.3895,0.4167,0.4704,0.5,0.6098,2453
GEN_0653,SHCAKKTAAKHSLHYLACVLLTYFNSCLNRKVFAIF,36,4.69,0.7605,0.5239,0.3519,0.4489,0.6,0.6098,2454
GEN_0992,THCAKKIVAKHCLHYLACVLLTFLNGCVKAKVFAVP,36,4.61,0.7571,0.511,0.4491,0.5997,0.5,0.6098,2455
GEN_1539,NHCAKKWAAKHALHYLACVLLTYFIFCVKTFTILAA,36,3.99,0.7517,0.5113,0.4815,0.5782,0.6,0.6098,2456
GEN_1716,THCAKKTAAKNELHYLACVLLTYFGSCGQRFTLVAP,36,2.54,0.7502,0.5112,0.3194,0.4194,0.6,0.6098,2457
GEN_3000,DHCAKKKAAKRSLNYLACVLIKHFNSHLKANVFAIF,36,6.0,0.7402,0.5955,0.3843,0.5813,0.7,0.6097,2458
GEN_6514,FHCAKKIAAKHSLHYLKCVLVTYFNICLKATVFALF,36,4.98,0.7064,0.511,0.4491,0.6506,0.6,0.6097,2459
GEN_1652,GHCAKKWVAKYCLHYLACVLLTYFNWCLKAKVFAIP,36,4.89,0.7506,0.5025,0.4491,0.6002,0.5,0.6097,2460
GEN_3136,THCALKPKAHAALSYMACILLILNNGCIKTWTKAPK,36,4.54,0.739,0.5463,0.4167,0.601,0.6,0.6097,2461
GEN_4321,TRHMKKPHNHASLSTLACLLLICMNGCLKGKIFAAH,36,4.71,0.7285,0.5433,0.3519,0.5556,0.6,0.6097,2462
GEN_4385,TVCAKKIAAKHCLHWLACVLYTYFIGCLKTFTSAAP,36,3.53,0.7279,0.469,0.4167,0.5642,0.5,0.6097,2463
GEN_8290,KSTAVTAATASRFDACTGKIIHSRGSIEYVLVAK,34,2.84,0.6722,0.4678,0.2837,0.3594,0.8,0.6097,2464
GEN_0891,TVCAKKIAAKHCLHWLACVLLTYFINCLKNFTSLIP,36,3.53,0.7581,0.5836,0.4491,0.7166,0.5,0.6096,2465
GEN_4933,THCAKKIAAETSLHSHACNLLTYFIACLKTVTSEIP,36,0.63,0.7219,0.4458,0.4152,0.4711,0.6,0.6096,2466
GEN_0046,THCAKKAAAKNCLHYLACVLLTYFNTCLNRKVFAIF,36,4.53,0.7708,0.5312,0.3843,0.5347,0.5,0.6096,2467
GEN_3648,TRCWKKPHAHASLSYLACHLLIILNGCLKAKVFAAR,36,5.63,0.7348,0.5185,0.4167,0.5635,0.6,0.6096,2468
GEN_6138,THCAAKPKAHAALSYRACILLYPVNSCVYAKVFAAI,36,3.54,0.7102,0.4372,0.4815,0.5501,0.6,0.6096,2469
GEN_4173,THCAKKPHARACLSYLAMLLLNCLNGCVKQKVFAAV,36,4.53,0.7301,0.532,0.4167,0.6641,0.5,0.6096,2470
GEN_0488,LHCAKKIAAKHSLHYLACVLVTWCIACLKNFTSLIP,36,3.98,0.7622,0.5091,0.4491,0.5829,0.5,0.6096,2471
GEN_1723,THCAAKPKAHAALSYMACILLILNNGCIKAKVFAVP,36,3.54,0.7501,0.4413,0.5139,0.4967,0.6,0.6096,2472
GEN_6659,THCAFKIAAKHSLHYLLCVLVGYFIACLKTFTSLAP,36,2.63,0.7045,0.4742,0.4491,0.593,0.6,0.6096,2473
GEN_0051,FHCAKKIAAKHSLHYLACALLSYFYTCLKATVFALF,36,3.98,0.7706,0.5003,0.4491,0.4817,0.6,0.6095,2474
GEN_4482,TRYHRKIKYHACLSNLACLLLNPINGCAKAKVYAAH,36,5.62,0.7268,0.5304,0.3194,0.5041,0.6,0.6095,2475
GEN_0605,THCAKKPLAKHCLHYLACVLLTYFNAPLKTFTKLAH,36,4.71,0.7608,0.559,0.3843,0.5375,0.6,0.6095,2476
GEN_2302,THCAKKPKAHACLSNLACVLLTYFNACVHAKVFAAK,36,4.61,0.7454,0.4505,0.4167,0.4914,0.5,0.6095,2477
GEN_2997,THCAKKIAAKHCLHGLACVLLTYFNSCLKATVFALL,36,3.62,0.7402,0.5082,0.4167,0.6001,0.5,0.6095,2478
GEN_0175,LHCAKKAAAKNCLHYLACVLLTYFINCLHVKAFAGS,36,3.98,0.7672,0.4835,0.4167,0.4958,0.5,0.6095,2479
GEN_0942,TRCAKKAAAAHCLHYLACVLLSYFNAFLTAKINARP,36,4.54,0.7576,0.5079,0.4491,0.5247,0.6,0.6095,2480
GEN_3444,TRCAKKPKAHACLCTLVLLLLIILNETLKTDTFLPK,36,3.45,0.7365,0.4872,0.4167,0.5066,0.6,0.6095,2481
GEN_3586,FHCAKKPLAKHCLHYLACVLVTYFINELKTFTSLIP,36,2.99,0.7354,0.5331,0.4167,0.5849,0.6,0.6094,2482
GEN_4850,LHCAKKLVAKNSLHYVACALVTYFIACLKAYTTNFP,36,3.9,0.7228,0.4697,0.4167,0.5093,0.6,0.6094,2483
GEN_5643,LHCAKKIAAKHSLHYLACVLVTYFIIVLKTIHSLAP,36,4.08,0.715,0.5192,0.4815,0.6077,0.7,0.6094,2484
GEN_7517,FHCAKKTAAKHSNHYLCCVLLTYFNSCLKATVFALF,36,3.98,0.6917,0.4804,0.3519,0.6015,0.5,0.6094,2485
GEN_3708,WHCVKKPLAWRALHYLACVLLTQLNTCVKAKVFAVK,36,5.9,0.7344,0.5682,0.4815,0.711,0.6,0.6094,2486
GEN_2085,THCAKKIAAKGCLHYLACVLLSYFNACLKTYTSVIP,36,3.53,0.7471,0.4617,0.3519,0.4411,0.5,0.6094,2487
GEN_2245,THSAKKPLFKHHLHYLACVLLTYFNACLKTFTKLAK,36,5.72,0.7459,0.5602,0.3519,0.4745,0.7,0.6094,2488
GEN_6885,RKALWFKKRGGDPKKIMHILTFTLYSIYA,29,5.84,0.7018,0.4673,0.1763,0.0469,1.0,0.6094,2489
GEN_0707,THCAKKINAKHCLHYLACVLLTYFIWCVKTFTLLAP,36,3.61,0.7599,0.4694,0.4167,0.4886,0.5,0.6094,2490
GEN_0389,TVCAKKIAAKHSLHYLACVLLTYFNSCLKATVFQAF,36,3.54,0.7635,0.5082,0.4167,0.4784,0.6,0.6094,2491
GEN_4956,THCAKKILAKHCLHYLACVLLTYFNGCVKAKVFAPH,36,4.7,0.7216,0.4698,0.3843,0.5462,0.5,0.6094,2492
GEN_4270,TRYHKKPKYHGCLSNLACLLLTPVNGCEKAAVFAPV,36,3.54,0.7289,0.4301,0.3519,0.3642,0.6,0.6094,2493
GEN_0108,FHCAKKIAAKHSLHYLACVLLTYFNSCLKTTVVALF,36,3.99,0.7689,0.516,0.4167,0.4784,0.6,0.6094,2494
GEN_3480,WRLWYKPKAHACFSTLACLLLIFLNGQGKTFTKLAV,36,4.82,0.7362,0.5331,0.4491,0.5482,0.7,0.6093,2495
GEN_2650,TRCAKKPKAHACLSYLACLLLIINNGCLKAKVCAAH,36,5.52,0.7427,0.4733,0.3843,0.569,0.4,0.6093,2496
GEN_8639,ILLCDPSRYTHPCIKPLKVRFKASALADIVQALGKPES,38,2.83,0.6543,0.5837,0.4167,0.858,0.6,0.6093,2497
GEN_0017,FHCAKKIAAKHSLHYLACVLLTYFHACLKTCTTGLF,36,4.06,0.7724,0.4464,0.3519,0.3553,0.5,0.6093,2498
GEN_0431,FHCAKKIAAKHSLHYLACVLLTYFNSCLKATVFQIF,36,3.99,0.763,0.5082,0.4167,0.4784,0.6,0.6093,2499
GEN_4446,FRCWYKPKAAASLSYLACHLLIIANGCLVAKVSAAR,36,4.81,0.7272,0.4749,0.4815,0.5715,0.6,0.6093,2500
GEN_1292,VHCAKKIAAKHSLHYAACVLLTYFIACAKTYTTLIP,36,3.96,0.7541,0.4689,0.4167,0.4337,0.6,0.6093,2501
GEN_5278,TRCWKKPHAHACLSTLACIQAIILNGKGKTFTKIPSL,37,5.54,0.7185,0.4824,0.3378,0.494,0.55,0.6093,2502
GEN_2398,TRYHKKPKPQACLSNLACLLLTPVNGCLKYKVTAAK,36,6.45,0.7447,0.4378,0.3456,0.3331,0.6,0.6093,2503
GEN_0788,THCAKKIAAKNCLHYLACVLLTYFNCCLQRKITGIF,36,4.52,0.7591,0.4883,0.3194,0.4905,0.4,0.6093,2504
GEN_6247,HRCWKKPKAHAELTTLACLQAIIHNGKGKTFTKLPNSFGLGDANR,45,6.0,0.7092,0.5388,0.3,0.5387,0.6,0.6093,2505
GEN_1902,THCAKKIAAKHCLHYLACILLTYFNSKLNRKAFAIP,36,5.62,0.7486,0.5255,0.3843,0.5085,0.6,0.6093,2506
GEN_1972,THCAKKLAAKHCFHYLAKVLLTYFNACLHAKAFAAD,36,3.71,0.748,0.5574,0.4167,0.5949,0.6,0.6092,2507
GEN_5822,LHCAPKIAAKHSLHYLASVLLTYFIACLKTYTSLIP,36,3.0,0.7133,0.495,0.4491,0.538,0.7,0.6092,2508
GEN_0231,LHCAKKIALKNCLHYLAMVLATYFNSCLKATVFALF,36,3.9,0.766,0.5332,0.4815,0.5774,0.6,0.6092,2509
GEN_2889,SHCAAKPHAHNCLSYLACVLLRYLNGCVKAKVFVIP,36,3.68,0.7409,0.6038,0.4167,0.7558,0.5,0.6092,2510
GEN_6395,TWSAKKIAAKHCLHYLACVLLTYFIASLHTFTSVAP,36,2.63,0.7078,0.4833,0.4491,0.5308,0.7,0.6092,2511
GEN_5845,THCAKKPLAHACLSYLACVLETYFNACVHAKVFAGK,36,2.62,0.7131,0.4436,0.3843,0.5209,0.5,0.6092,2512
GEN_2644,THCAKKILAKHCLHYLACVLLTFLNGCVKAKVFAHK,36,5.7,0.7428,0.4832,0.3843,0.5175,0.5,0.6092,2513
GEN_0709,NHCAKKIAAKHALHYLACVLLTYFIFCVKTFTILAA,36,3.99,0.7599,0.5113,0.4815,0.5555,0.6,0.6092,2514
GEN_4906,IICAAKPRAHACLSYLACVLLTYLNGCVIAKVFAWP,36,2.8,0.7222,0.4799,0.5463,0.7223,0.5,0.6092,2515
GEN_6638,THCAKKAAAKNCLHPLALVLLTYFNSCLKATTSFAP,36,3.54,0.7048,0.5082,0.4167,0.6141,0.6,0.6092,2516
GEN_1044,TRCVKKIAASHSLHYLACVLLTYFIACLKTYTTLIP,36,3.54,0.7566,0.5408,0.3843,0.5147,0.6,0.6092,2517
GEN_2455,THLAMKPKAHACLSFLACLLLTYLNGCVKAKAFAAK,36,4.54,0.7443,0.5068,0.4815,0.5836,0.6,0.6091,2518
GEN_4500,TREAKKPKAHACLSMLACLLLIILNETLKAKVFRAR,36,5.47,0.7265,0.4837,0.4491,0.4873,0.7,0.6091,2519
GEN_0130,LHCAKKIAAKHSLHYLACVLVTYCIACLKTFTNHAP,36,4.06,0.7681,0.455,0.3843,0.411,0.5,0.6091,2520
GEN_0458,TLCASKIAAKHCLHYLACVLLTYFNTCLNRKVWAIW,36,3.53,0.7626,0.5451,0.4167,0.6064,0.5,0.6091,2521
GEN_5764,THCAAKAKAHACWSNLACVLLVYLNGCVKAKVFAVP,36,3.53,0.7139,0.4486,0.4815,0.6239,0.5,0.6091,2522
GEN_0512,THCAKKALAKHCLHYLACVLLTYFNLCLKNFTKLIP,36,4.61,0.7619,0.5519,0.3843,0.5869,0.5,0.6091,2523
GEN_3421,WRTWYKPKAHACLSTLACLLLTPVNGCVKAKVFAAV,36,4.81,0.7366,0.5049,0.4815,0.5984,0.6,0.6091,2524
GEN_0702,LHCAKKIAAKHSLHYLACVLLTYFINCLKNFTSLAP,36,3.99,0.76,0.5697,0.4167,0.5869,0.6,0.6091,2525
GEN_1047,THCAKKPLAKHCLHYLACVLLTYFNAPLHAKAFAAD,36,2.72,0.7565,0.5061,0.4491,0.5214,0.6,0.6091,2526
GEN_1874,TLCAKKAEAKHCLHYIALVLLTYFNACLKTHTELIP,36,1.63,0.7489,0.469,0.4102,0.4384,0.6,0.6091,2527
GEN_3114,THCAAKPHAHACLCTLALLLLIILNQTLKSDTFLPK,36,1.63,0.7392,0.4736,0.4751,0.5327,0.6,0.609,2528
GEN_2935,TKCARKAAAKHCLHYLANVRLTYFINCLHLKMFAIP,36,5.62,0.7406,0.508,0.4167,0.5284,0.6,0.609,2529
GEN_0660,LHCCKKIAAKHSLHYLACVLLTYYINCLKNFTKLAP,36,4.97,0.7604,0.5618,0.3519,0.5735,0.5,0.609,2530
GEN_8207,THCAKKIAAKHCVHYLFCVLLTYFIACLKFFTSDAS,36,2.62,0.6753,0.4496,0.3843,0.6178,0.5,0.609,2531
GEN_5769,WRCVYKPKAHACFSTLACLQAIALFFHGKGFFKLGKSFGIGTAYR,45,6.9,0.7138,0.6061,0.4301,0.8351,0.5,0.609,2532
GEN_5502,WHCAKKPTKHACFNTLACLLLIFLNGQGKTFTKLAV,36,4.9,0.7163,0.5054,0.3843,0.5482,0.6,0.609,2533
GEN_0095,THCAQKAAAKNCLHYLACVVLTYFNTCLNRKVFAIF,36,3.53,0.7691,0.5312,0.3843,0.5347,0.5,0.609,2534
GEN_1365,LHCAKKIAAKHSLHYLACVALTYFIACLKTYTTNIP,36,3.98,0.7534,0.455,0.3843,0.3781,0.6,0.609,2535
GEN_5381,FRCWYKPKAAACLSTLALLEAIILNGCGKVRVFVAV,36,3.73,0.7176,0.4888,0.5139,0.6473,0.6,0.609,2536
GEN_1403,THCAKKIAANHCLHYLVCTLLTYFQACLKTWTSALP,36,2.62,0.753,0.4607,0.3519,0.4228,0.5,0.609,2537
GEN_4845,TRCWKKPKAHACLSTLAELLLIILNVCVKAKVKLPR,36,6.45,0.7228,0.509,0.4755,0.63,0.6,0.6089,2538
GEN_7693,THAAKKILVKHCLHLLACVLDWWFNANLKTFTSFIP,36,2.64,0.6887,0.5125,0.4815,0.6544,0.7,0.6089,2539
GEN_1414,THDANKLVAKHCLHYLACVLLTYFNSLSKAYVFAVF,36,1.64,0.7529,0.5213,0.4422,0.4799,0.7,0.6089,2540
GEN_4244,THCAKKDLAKHVYHYHAAVLLNWFNACLKNFTKNSP,36,3.72,0.7294,0.5212,0.3194,0.412,0.7,0.6089,2541
GEN_7745,KRTALTAATASRFDACTYKALHSRGSQYYVLVAK,34,4.83,0.6876,0.425,0.27,0.2332,0.8,0.6089,2542
GEN_2683,THCDKKASAKHFLHYLACVLLTYFNSCLNRKVKAIF,36,4.62,0.7425,0.527,0.3194,0.4575,0.6,0.6088,2543
GEN_8074,LRKRKCKYASTLQWKKAPKVACLAG,25,7.73,0.679,0.4546,0.1011,0.0,1.0,0.6088,2544
GEN_4026,THCYIKAAGKNSLRYLACVALTYYNSCLQRKVFAIF,36,4.45,0.7315,0.5156,0.3194,0.4637,0.6,0.6088,2545
GEN_1263,TCCAKKPLAKHCLHYLAAVLVTYFNACKKAKVFAAF,36,5.52,0.7543,0.5061,0.4491,0.5916,0.5,0.6088,2546
GEN_0119,THCARKAAAKNCLHYLACVVLTYFNTCLNRKVFAIF,36,4.53,0.7685,0.5312,0.3843,0.5347,0.5,0.6088,2547
GEN_0162,THCAKKIAAKHCLHYLACVLLTYFIACLKTYTTLIP,36,3.61,0.7674,0.4555,0.3843,0.4116,0.5,0.6088,2548
GEN_1774,TRYRKKPHTHLCLSNLACLLLYPVNSCVRAKVFAAP,36,5.54,0.7497,0.5209,0.3843,0.4953,0.6,0.6088,2549
GEN_8341,RKILWFCTGWLLKTFARSKCQRLFIHAKF,29,6.82,0.6701,0.5206,0.2646,0.2938,1.0,0.6088,2550
GEN_2587,LLHAKKIAAKHSTHYLACVLLTYFIACLKTITWLRY,36,4.99,0.7433,0.4799,0.4167,0.4077,0.7,0.6088,2551
GEN_3470,TRYHKKPKYHACLSNLACLLLTPVNGCVKAKVFEAV,36,4.54,0.7363,0.4493,0.3519,0.375,0.6,0.6088,2552
GEN_8160,KRSAVTAATASRFDACTDKISNFASWCGKAKVFA,34,3.74,0.6764,0.4879,0.318,0.411,0.8,0.6087,2553
GEN_8605,FHWDKKPLAKHCLHYLACTLLTYFNASLKYFTNVKP,36,3.99,0.6567,0.4996,0.3519,0.5768,0.7,0.6087,2554
GEN_3173,TRCAKKPKAHACLSYIACLLLTCNNGWVKAKVFAPR,36,6.44,0.7387,0.4733,0.4099,0.5328,0.5,0.6087,2555
GEN_6197,NHCAKKPLAHACLSYLACVLETYLNGCVKAKVFAVP,36,2.89,0.7098,0.4924,0.4167,0.6393,0.5,0.6087,2556
GEN_2821,FHCAKKIAAKHSLHYLAFVLLHYTQAFLYAKANAVP,36,4.09,0.7414,0.4998,0.4815,0.5094,0.7,0.6087,2557
GEN_0063,LHCAKKIAAKHSLHYLACVLLTYFIACLKFYTTNFP,36,3.98,0.7701,0.4689,0.4167,0.3928,0.6,0.6087,2558
GEN_2091,THCAAKPKAHAALSYMACILLILSNGCAKARVFAWP,36,3.54,0.7471,0.4455,0.5139,0.5046,0.6,0.6087,2559
GEN_1084,THCAKKAAAKNCLKYLACVLLTYFNSCLNRKVFAVF,36,5.44,0.7562,0.5378,0.3843,0.5741,0.5,0.6087,2560
GEN_4678,FRCWYKPKAAASLSTLACLQAIILNGCGKVKVFVAV,36,4.73,0.7246,0.4749,0.4815,0.5735,0.6,0.6087,2561
GEN_5426,THCAAKPHAHKCLNYLACVLLTFLNGCVKAKQFAAA,36,3.62,0.7172,0.5082,0.4167,0.6483,0.5,0.6087,2562
GEN_4079,THCAKKDLKHACLSYLACILVTYLNGIVKAKVFAVP,36,3.54,0.731,0.5282,0.4167,0.5823,0.6,0.6086,2563
GEN_5834,KHLKHECCKLALRTLRGANASNYVSWCLKAKVFAAV,36,5.9,0.7132,0.6141,0.3519,0.7022,0.6,0.6086,2564
GEN_7957,VAKVCKSGIAILQWAKAPKVACLQG,25,3.71,0.6825,0.5578,0.1867,0.2479,1.0,0.6086,2565
GEN_3511,TRYAKKPHNHAPLSTLACLLLTPVNGCVKAKVFKAV,36,5.55,0.736,0.5759,0.4167,0.5832,0.7,0.6086,2566
GEN_0412,THCAKKAAAKHCAHYLACVLLTYFINCLKNFTSLVP,36,3.61,0.7632,0.5559,0.3843,0.5869,0.5,0.6086,2567
GEN_6060,THCAKKPKAHACLSNLACVRLKYFNACVHAKVFAAK,36,6.61,0.7111,0.4216,0.42,0.5209,0.5,0.6086,2568
GEN_0856,THCAKKPLAKHCLHYLACLLLTYFNAPLHAKAFGAD,36,2.72,0.7584,0.4923,0.4167,0.4578,0.6,0.6086,2569
GEN_3840,THCAKKPLAKHCLMYLACVGLTYFNACLKVKAFALD,36,3.53,0.7334,0.4474,0.4167,0.5082,0.5,0.6086,2570
GEN_2715,THCAKKPKAHACLSYLACLLLTCLNGKVRAKVFAAP,36,5.53,0.7421,0.4562,0.4167,0.5021,0.5,0.6085,2571
GEN_1425,TRCAKKAGAAHCLHYLACVLLSYFNAFLTAAINARP,36,3.54,0.7528,0.5054,0.4491,0.5247,0.6,0.6085,2572
GEN_1143,THCAKKAAGKNSLHYLACVLLSYFESCLQTKGFALF,36,2.54,0.7555,0.4509,0.3194,0.2983,0.6,0.6085,2573
GEN_1313,SHCAKKIAAKHCLHYLACSWLTYFIGCLKTFTSLIP,36,3.68,0.7539,0.4642,0.3519,0.4228,0.5,0.6085,2574
GEN_0435,TVCAKKIAAKHCLHYLACVLLTYFINCLKNFTSLLG,36,3.53,0.763,0.5559,0.3843,0.5869,0.5,0.6085,2575
GEN_5192,TPLALKPKAHACLSFLACLLLTYLNGCVHAKAFAAK,36,3.54,0.7194,0.4665,0.5139,0.6031,0.6,0.6085,2576
GEN_0042,THCAKKAAAKHCLHYLACVLLTYFINCLKNFTSLIP,36,3.61,0.771,0.5559,0.3843,0.5674,0.5,0.6084,2577
GEN_8674,TVCAAKPHAHLALSYMDCILNTYLNGCVKAKVFAVP,36,1.54,0.6516,0.507,0.4813,0.7951,0.6,0.6084,2578
GEN_2031,THSAKKPLAKHCLHYLACVLLTYFNACVKAKVFAVK,36,5.62,0.7476,0.4923,0.4167,0.4819,0.6,0.6084,2579
GEN_6501,HRCWKKPKAHAELSTLACLQAIIHNGKGKTFTKLPNSFGLGDAQR,45,6.0,0.7066,0.5388,0.3,0.5387,0.6,0.6084,2580
GEN_6439,VAYVCKCCKLALRRLRGANASNFVPPSGK,29,5.7,0.7072,0.6076,0.1763,0.4285,0.75,0.6084,2581
GEN_2838,TVSARKAAAKHCLHYLANVLLTYFINCLKNFHSLIE,36,2.64,0.7413,0.5724,0.3843,0.5312,0.7,0.6084,2582
GEN_6627,KHTKFECIKLACLSTWACLLAAILNGKGKTFTKLPK,36,5.81,0.705,0.4644,0.3519,0.47,0.6,0.6084,2583
GEN_8332,TRHAARPRAHACLSYTACVLLTYFNAYLHAKAFAAH,36,3.72,0.6706,0.4435,0.4167,0.5135,0.7,0.6084,2584
GEN_2130,THCFAKPKAHQCLSNLACVLLLYFNLCLRAKAFAAK,36,4.53,0.7468,0.5223,0.4491,0.6333,0.5,0.6084,2585
GEN_6393,WRLWYKPKGHACFSTLACLLLIFLNGQGKTFTLLAV,36,3.82,0.7078,0.4791,0.4491,0.5187,0.7,0.6084,2586
GEN_8510,ILNNALCSLACNK,13,0.74,0.6624,0.4272,0.16,0.0492,1.0,0.6084,2587
GEN_2353,THCAKKPLAKTTLDYLACVLLTYFLACLKTFTKLIP,36,3.45,0.7451,0.5505,0.4167,0.5849,0.6,0.6084,2588
GEN_4338,TRCAKKPKAHACLSTLACLQLIYLNGCVKAKVFAAH,36,5.53,0.7283,0.4733,0.3843,0.5294,0.5,0.6084,2589
GEN_0085,THCAKKIAAKHCLHYLACVLLTYFINCLHAKALAIP,36,3.7,0.7693,0.4833,0.4491,0.5152,0.5,0.6084,2590
GEN_6080,THCAKKIAAKHCLHYLACVLLTYFIVCLKTFTSLAH,36,3.7,0.7109,0.4555,0.3843,0.5408,0.5,0.6084,2591
GEN_0551,SHCAKKIAGKHSLHYLACVLLTYFIACLKTFTSLAP,36,3.69,0.7615,0.4573,0.3843,0.3588,0.6,0.6084,2592
GEN_4619,TRYHKKPHYHACLSTLACLLLTILNGKGKYFTKIPK,36,6.63,0.7253,0.4304,0.3368,0.2847,0.7,0.6084,2593
GEN_8680,TRYRKKPHNHACLSNQACLLLTPVNGCVKAKVFAAR,36,6.54,0.6513,0.4355,0.3508,0.5456,0.6,0.6083,2594
GEN_4224,PRCAKKPKAHACLSTLACVLLTYFNETEKAIVFAAV,36,3.02,0.7296,0.505,0.4491,0.5771,0.6,0.6083,2595
GEN_7595,IILCWMSRYTHPCIKLLKVRFKVSALADIFQALKKNYS,38,5.82,0.6903,0.593,0.4167,0.7832,0.6,0.6083,2596
GEN_0410,TRCAKKAAAKHCLHYLACVLLSYFNAFLTAKINARP,36,5.54,0.7632,0.5223,0.4167,0.4952,0.6,0.6083,2597
GEN_4708,THYRKKAHNHACLNTLACLLLIILRGQGKTYTKLHL,36,5.72,0.7243,0.4648,0.3,0.3066,0.7,0.6083,2598
GEN_5603,THCPYKPKEHAYLSYFACLLLKHVNSCVRAKVFDAH,36,2.71,0.7153,0.5782,0.3194,0.6031,0.6,0.6083,2599
GEN_1967,LHCAKKIAAKHSLHYLGCVLLTYFISCLNKGVFAIF,36,3.99,0.748,0.5333,0.4167,0.5488,0.6,0.6083,2600
GEN_2648,TRCAAKPHAHLALSYMAIILLILNNGCIKTFFKLPK,36,4.55,0.7427,0.5931,0.4815,0.6586,0.7,0.6082,2601
GEN_2119,THCAKKPKAHACLSYLACLLLIINNGCVKAKVFPAV,36,4.53,0.7468,0.4309,0.4491,0.4793,0.5,0.6082,2602
GEN_1007,NHCAKKIAAKHALHYLACVLLTYFIFCVKTFTLLAP,36,3.99,0.757,0.5113,0.4815,0.5555,0.6,0.6082,2603
GEN_2938,THCAAKPMAHLALYYMACILLIKNNGCIKAKVFAPR,36,4.54,0.7406,0.4909,0.4815,0.5597,0.6,0.6082,2604
GEN_5185,CRCWYKPKAHLCLYTLACLNVIILNPKGKKFDKLPKSYGIGFGDY,45,5.8,0.7195,0.55,0.3,0.6593,0.4,0.6082,2605
GEN_0591,FHCAKKPLAKHCLHYLACVLLTYFNLCLKNFTKLID,36,3.98,0.761,0.5637,0.3843,0.6031,0.5,0.6082,2606
GEN_3726,THCAKKAAAKINAHYCACVLLTGFYNCTKNFTSLAP,36,3.53,0.7343,0.4778,0.3194,0.4569,0.5,0.6082,2607
GEN_7220,FHCDKKPLLKHTLHQIACVLVTYFNICLKAKISLAP,36,3.99,0.6967,0.4919,0.4167,0.5986,0.6,0.6082,2608
GEN_0922,TICAKKIAVKHCLHYLACVLLTYFINCLKNFTSLTP,36,3.53,0.7578,0.5559,0.3843,0.5969,0.5,0.6082,2609
GEN_4693,FRCWYKPHAHAPLNTLACLLKIILNGCVKAKVFAAK,36,5.9,0.7244,0.5553,0.4815,0.705,0.6,0.6082,2610
GEN_1488,FHWAKKIAATHSLHYLACVLLTYFNSCLKATVFALF,36,3.0,0.7523,0.536,0.4815,0.5406,0.7,0.6082,2611
GEN_3654,THCAKKELKTACLSYLACVLLTYENALLQAKAFAAK,36,2.45,0.7348,0.4905,0.3843,0.4751,0.6,0.6082,2612
GEN_6028,THCAKKPLAKHCLSYLACVLLTYFNACSHAKAFAAK,36,4.61,0.7114,0.4678,0.3843,0.5588,0.5,0.6082,2613
GEN_2576,TRCAKKIAAKHCLHYLACVLLTYFIGQLKTFTYAAQ,36,4.54,0.7434,0.5172,0.3519,0.4665,0.6,0.6081,2614
GEN_0617,DHCAKKILAKHCLHYLACVLLTYFNLCLKNFTKLIN,36,3.98,0.7607,0.5452,0.3519,0.5395,0.5,0.6081,2615
GEN_0371,THCAKKAAAKNCLHYLACVLLNYFNTMLKATVFALF,36,3.54,0.7639,0.5686,0.4491,0.6016,0.6,0.6081,2616
GEN_5214,TRCAAKPDAHAVLCTLAKWLLIILNETYKPFTFLPK,36,2.46,0.7192,0.5177,0.4815,0.587,0.7,0.6081,2617
GEN_2440,THCAAKPLAKHCLHYLACVLLTYLNGCVKAKVFAVP,36,3.61,0.7444,0.5061,0.4491,0.6098,0.5,0.6081,2618
GEN_3822,TRCWKKPHAHANLSYLACHLLLILNGCLKAKVSRAR,36,6.62,0.7335,0.4996,0.3883,0.4967,0.6,0.6081,2619
GEN_2536,THCAKKIRVKQCLHYLANVLLTYFNDCLFAKAFAIP,36,3.54,0.7437,0.5501,0.4167,0.5857,0.6,0.6081,2620
GEN_5541,LHCAKKAAAKHSLHYLACVLLTYFIGVLKTFTSLIP,36,4.0,0.7159,0.5387,0.4491,0.5961,0.7,0.608,2621
GEN_0022,FHCAKKTAAKHSLHYLACVLLTYFNSCLKATVFALF,36,3.99,0.772,0.5082,0.4167,0.4489,0.6,0.608,2622
GEN_7696,FHCAKKPLGKHCLHFLALVLLTYFNACLHAKEFAAD,36,2.08,0.6887,0.5306,0.4491,0.7133,0.6,0.608,2623
GEN_4784,TRCWYKDYAHACLSTLACLQAIKLNGKAKTFTKLPKSYGIGTGNW,45,5.45,0.7235,0.5147,0.3,0.5232,0.5,0.608,2624
GEN_7378,QRYHKKWKYRACLSNLLCLLLTPVTGCVKAKTFAAV,36,6.81,0.6944,0.4629,0.3991,0.5374,0.6,0.608,2625
GEN_7322,TKCAKAPNWAACFSTLVCLELIILLGQGKTFTKLAV,36,2.37,0.6953,0.4896,0.4491,0.6296,0.6,0.608,2626
GEN_0337,THCAKKILAKHHLHYLACVLLTYFNACLKNFTSLIP,36,3.71,0.7644,0.5081,0.3843,0.4343,0.6,0.608,2627
GEN_0436,LMCAKKIAAKHSLHYLACVLLTYWIACLKFYTTNFP,36,3.9,0.763,0.464,0.4491,0.4288,0.6,0.608,2628
GEN_4227,THCWYKPNKHACFSHLACLLLIILNGQGKTFTKVAH,36,3.71,0.7296,0.4776,0.3194,0.3991,0.6,0.6079,2629
GEN_4825,TRYLRKEHYHACLSTPARLLLTILNGCIKAKVFAGI,36,4.55,0.723,0.5232,0.3519,0.456,0.7,0.6079,2630
GEN_0222,THCAKKALAKNCLHYLACVLLTYFNTCLNRKVFAIF,36,4.53,0.7662,0.5312,0.3843,0.5347,0.5,0.6079,2631
GEN_2072,TVCAKKIAAKHCLHYLACVLLTYFIGCAKTFTSHAP,36,3.61,0.7472,0.4555,0.3843,0.4524,0.5,0.6079,2632
GEN_6982,FHCAKKPLLKHCLHYIAVVLWTYFNASLKAKVCALF,36,4.98,0.7004,0.5461,0.4815,0.7436,0.6,0.6079,2633
GEN_2545,LHSRKKIAVKHSLDYLACVLLTYFVACLKTCTTALF,36,3.9,0.7436,0.472,0.3843,0.4215,0.6,0.6079,2634
GEN_8558,ILLCWPSRYTHPCIKLLKVRFKVSALADIFEAWKKNSS,38,4.83,0.6595,0.5924,0.4167,0.851,0.6,0.6079,2635
GEN_1202,THCAKKAAAKNETHYLACVLLTYFNSCLNRKVFAIF,36,3.54,0.7549,0.5239,0.3519,0.4489,0.6,0.6078,2636
GEN_2993,THCAAKPHAHACLSYLACLLLIVLNEALKTDTFRPK,36,1.63,0.7402,0.4776,0.4426,0.4967,0.6,0.6078,2637
GEN_2920,THCTKKIAAKHCLHWLACVLITWFIAAQKTFTSLAP,36,3.63,0.7407,0.4828,0.4491,0.5111,0.6,0.6078,2638
GEN_7411,TPCWKKAKAHAELFTDADLLLLICNSPGKTFTKLPR,36,2.47,0.6937,0.6119,0.3843,0.7042,0.7,0.6078,2639
GEN_2950,THAFKKILAGHCLHCLACVRLTYYNRCLHAKAFALP,36,4.7,0.7405,0.4488,0.3843,0.4565,0.5,0.6078,2640
GEN_2050,TVCAKKIAAKHCLDYLACVLLTYFINCLKNFAFAAD,36,1.45,0.7474,0.5836,0.4879,0.769,0.5,0.6078,2641
GEN_7156,THCAKKLVAKHCLHFLLCVLLKYFNSCLKAKVEAIF,36,4.62,0.6977,0.5824,0.4167,0.8116,0.5,0.6078,2642
GEN_0409,TTCARKIAAKHCLHYLACVLLTYFIWAVKTFTLLAP,36,3.54,0.7632,0.4972,0.4815,0.5146,0.6,0.6078,2643
GEN_5411,TNCAKKPLKHACLSYLACVLLTYLNGCVKAKFHAVP,36,4.53,0.7173,0.5456,0.3843,0.672,0.5,0.6078,2644
GEN_6535,THCAKKIIAKHCLHYPGCVLLNWFNSCLGATVWAAF,36,2.62,0.7061,0.4728,0.4167,0.6094,0.5,0.6078,2645
GEN_0406,FHSAKKPLAKHCLHYLACVLLTYFNNCLKNFTSAAP,36,3.99,0.7632,0.557,0.3843,0.5167,0.6,0.6077,2646
GEN_1570,TRCARKPKAHACLSYLACLLLTCNNGCVKAKVFAPR,36,6.43,0.7513,0.4981,0.377,0.5724,0.4,0.6077,2647
GEN_4040,TRCAKKPKAHACLSTLACLLLIILNGKGKTFTKLPK,36,7.45,0.7314,0.4644,0.4364,0.4887,0.6,0.6077,2648
GEN_3665,TRCAKKPNKHACSSTLACLLLIILNGQGKTGTKLAL,36,5.45,0.7347,0.55,0.3,0.4868,0.6,0.6077,2649
GEN_2191,THCAKKIAAKHCLHYLAGVLLTYFIACLKTFTNLIP,36,3.62,0.7464,0.5154,0.4167,0.5179,0.6,0.6076,2650
GEN_8393,TAKLSTSPLGAAPVLMLWSAF,21,0.4,0.668,0.461,0.4233,0.3502,1.0,0.6076,2651
GEN_6858,FHCTKKPLAKHCLHYLACVLLTFLNGCVKAKVDALK,36,4.98,0.7021,0.4832,0.3843,0.6023,0.5,0.6076,2652
GEN_3759,SRCWKKPHAHASLSYLACHLLIILNGCLKAKVSAAR,36,5.69,0.734,0.5047,0.3843,0.4967,0.6,0.6076,2653
GEN_8398,GVAYVIKKGGHRLCLYTWKKPYSRATSLKQEKLIHKYY,38,7.92,0.6677,0.472,0.4117,0.6247,0.6,0.6076,2654
GEN_3108,FHCARKPLAKVCLHWLACVLTDYFILALKNFTKLIP,36,3.9,0.7392,0.5937,0.5139,0.7623,0.6,0.6076,2655
GEN_1845,FDCAKKPLAKHCLRYLACVLLTYFNYCLKTTTSLIP,36,3.8,0.7491,0.5675,0.3519,0.6005,0.5,0.6076,2656
GEN_0102,THCAKKIAAKHCLHYLACVLLTYFIGCLKTFTSAAP,36,3.61,0.7689,0.4644,0.3843,0.415,0.5,0.6076,2657
GEN_3770,TRCWKKPHAHASLSYLACHLLIILNGCLKHKVSAPR,36,5.71,0.7339,0.4908,0.3519,0.4406,0.6,0.6075,2658
GEN_2513,LHCAKGLAAKHSLHYLACVLVTYWIACLKKYTTTFP,36,3.98,0.7439,0.4755,0.3843,0.4243,0.6,0.6075,2659
GEN_2525,THAAKKPWAKHCLHYIACVLLTFVNCGVKAKVFAVL,36,4.62,0.7438,0.5391,0.4815,0.6276,0.6,0.6075,2660
GEN_8167,THAAAKPHAHACDSYLRCVLLTYLNGCVRAKVFAIP,36,2.63,0.6761,0.5414,0.4167,0.725,0.6,0.6075,2661
GEN_0039,LHCAKKIAAKHCLHYLACVLLTYFINCLHAKAFAIS,36,4.06,0.7712,0.4833,0.4491,0.5052,0.5,0.6075,2662
GEN_7966,KRYAVTAATASRFDACTYKILHSNGSIYYVLVAK,34,3.83,0.6824,0.4572,0.2837,0.3034,0.8,0.6075,2663
GEN_2946,CQCAAKPHAHACLSYLACVLITYLNGCVKAKQFAVP,36,2.88,0.7405,0.4805,0.4167,0.6062,0.4,0.6075,2664
GEN_8013,NLCAKKAEAKPCLHYIARVDLTYFNACAKTGAELHP,36,1.91,0.6809,0.5567,0.3585,0.68,0.6,0.6074,2665
GEN_7737,THCAKKIAAKHCLHMGKCRLLTYFIQCVKTFTLLAP,36,5.61,0.6878,0.6163,0.3519,0.8232,0.5,0.6074,2666
GEN_8691,LVATRSYDCGGRR,13,1.75,0.6504,0.4706,0.0175,0.0,1.0,0.6074,2667
GEN_1437,THCARKPLAKHCLHYAACVLLTFLNGCIKAKAFAAD,36,3.62,0.7527,0.5009,0.4167,0.5449,0.5,0.6074,2668
GEN_5859,WRCWVKPKAHACLSTLAYVQLIILNGCNYAKVFAAV,36,3.81,0.713,0.4823,0.4815,0.6045,0.6,0.6074,2669
GEN_3914,TVCARKIGAKHKLHYLACVLITYFIWCVKTFELLAP,36,3.54,0.7328,0.4861,0.4491,0.5322,0.6,0.6074,2670
GEN_0364,THCAKKAAAHRCLHYLACVLITYFNTCLNRKVFAIF,36,4.62,0.764,0.5419,0.3843,0.5542,0.5,0.6074,2671
GEN_3900,TRYHKKPHYHACLSTLACLLLTHLNGCVKAKVFAAH,36,4.8,0.7329,0.4361,0.3194,0.3188,0.6,0.6074,2672
GEN_5701,GRIWYKPKWHAPISTLACLLLIILNPCQKAHVFAAH,36,4.0,0.7143,0.4964,0.5139,0.5906,0.7,0.6074,2673
GEN_3418,THCAKKPLAKHCLHYLACVLNTYWQACLKTFTSVKP,36,4.61,0.7367,0.4669,0.3194,0.4277,0.5,0.6074,2674
GEN_7489,TRYHKKPHYHMCLSTLACNLLIILNGCVKAKVFAAH,36,4.71,0.6922,0.451,0.3519,0.4714,0.6,0.6074,2675
GEN_2940,THCAKKLVARHALHYLAAVLLTYFNAWLKTFTALIP,36,3.64,0.7406,0.5647,0.5139,0.6423,0.7,0.6073,2676
GEN_3710,TRCWKKPKAHACLSTLACLLLCKLNGKAHTFTKLPK,36,7.53,0.7343,0.4535,0.4085,0.4996,0.5,0.6073,2677
GEN_1694,THCADRIAAKHSLHYLACVLVTYFIACLKSFKPAIF,36,2.63,0.7503,0.4956,0.4491,0.5062,0.6,0.6073,2678
GEN_3175,TRCAKKPNWHACFSTLACLTLIILLGQGKTFTKLAV,36,4.45,0.7387,0.4757,0.3843,0.4357,0.6,0.6073,2679
GEN_3390,TRCAKKPHFHACLSTLACLLLTILNGCVKAKVFAAH,36,4.62,0.737,0.502,0.4167,0.5822,0.5,0.6073,2680
GEN_6901,FHCAKKAAAKHCLHFLACVLLTYFINSLHAKAFAIP,36,4.07,0.7015,0.5231,0.5139,0.7312,0.6,0.6073,2681
GEN_2494,THTAKKPLAKHCLHYLACVLLTYENACLHAKAFATD,36,1.72,0.7441,0.4645,0.3716,0.3917,0.6,0.6073,2682
GEN_6897,LSCAYKIAAKHSLHYRACVLLSYFIFCLKTYTTLVP,36,3.9,0.7016,0.4627,0.3843,0.4997,0.6,0.6072,2683
GEN_8528,VLAPSLFCVPVKKPLL,16,1.72,0.6612,0.528,0.3695,0.4212,1.0,0.6072,2684
GEN_4097,EHCAKKAAAKHCLHCLASVLITYFINCLKNFVSLAP,36,3.05,0.7308,0.5816,0.4167,0.7288,0.5,0.6072,2685
GEN_8502,THCAKVIDAKHQLNYLACVLLSYFIGCLKTFTSAAP,36,1.54,0.6628,0.47,0.4165,0.6344,0.6,0.6072,2686
GEN_0018,THCAKKAAAKNCLHYLACVLLTYFINCLKNFTSNAP,36,3.53,0.7724,0.542,0.3519,0.5006,0.5,0.6072,2687
GEN_4184,TRCAKKWEKHYCFSTVACLLLIILNGQGKTMTKLAL,36,4.45,0.73,0.5778,0.3194,0.5607,0.6,0.6072,2688
GEN_3040,THCAKKWAAKHCLHYLAEVLLTYFIACLKTFTSLAY,36,2.63,0.7399,0.5041,0.3843,0.4784,0.6,0.6071,2689
GEN_4368,TRYRKTPHNHACLSTLACLLLIILNGQGKRFTKIPK,36,6.55,0.7281,0.5018,0.332,0.3833,0.7,0.6071,2690
GEN_1776,THCAKKIAAKHCLHYLACVLLTNFINCLKTFTSLIP,36,3.62,0.7497,0.5544,0.3843,0.6062,0.5,0.6071,2691
GEN_7905,KRSAVTAATASRFDACTYKISNFASWCGKAKVFA,34,4.74,0.6839,0.486,0.318,0.3798,0.8,0.6071,2692
GEN_1258,THCAKKIAVKHCLHYLACVLLTYFNACLNRKVWAHF,36,4.7,0.7544,0.4972,0.3843,0.4998,0.5,0.6071,2693
GEN_2216,LHCAKKAAAKHSLHYLACVMLTYFNWCVKTFTFAAP,36,3.99,0.7462,0.4984,0.4491,0.5191,0.6,0.6071,2694
GEN_8455,THCIKGPKAHACLWYLLCLLLIINNGCVKAEVFAPR,36,2.53,0.6651,0.421,0.4491,0.646,0.5,0.6071,2695
GEN_0257,THCAKKAAAKHCLHYLACVLVTYFINCLHAKAFAIP,36,3.7,0.7657,0.4833,0.4491,0.5152,0.5,0.6071,2696
GEN_1173,PHCAKKIAAKHCLHYLACALLTYFINCYKTFTSLIP,36,4.17,0.7551,0.506,0.3843,0.5131,0.5,0.6071,2697
GEN_4337,TRCAKKPKAHACLSTLACLLLIILNGERKAKVFAAR,36,6.45,0.7283,0.4872,0.4431,0.5362,0.6,0.6071,2698
GEN_1592,THCAKKIMVKHCLHYAACVLLTYFNLALKNFTKLIP,36,4.62,0.7511,0.5796,0.4167,0.611,0.6,0.6071,2699
GEN_3436,THAAAKPHAMACLSYLACVLATYLNGCVKAKVFAIP,36,2.54,0.7365,0.5206,0.5139,0.6438,0.6,0.6071,2700
GEN_6853,IWTLPVPLCWLLKGAARSKVLTVIWVFFKHH,31,3.92,0.7021,0.6249,0.466,0.616,0.95,0.607,2701
GEN_0906,THCAKKAAAKNCLHYLACVLLTYFGNCLKATVFALF,36,3.53,0.758,0.5099,0.4167,0.5447,0.5,0.607,2702
GEN_6882,SAFNRVCTCWLLKGASRSKCQRSFVKAKFHAP,32,6.51,0.7018,0.4807,0.2473,0.2573,0.8,0.607,2703
GEN_1057,TVCAKKIAAKHSLHYLACVLLTYFNSCLKATVEAIF,36,2.54,0.7565,0.5082,0.4167,0.4784,0.6,0.607,2704
GEN_4873,THCAKKPKAHACLSNLACVLTTYFNACVHAKVFAAK,36,4.61,0.7226,0.4478,0.3843,0.4914,0.5,0.607,2705
GEN_8111,EHCEKKIAAKHCPHYLACTLLTYFLGCGKTFTSAIP,36,2.06,0.6779,0.4083,0.3,0.4456,0.5,0.607,2706
GEN_5234,TVCAAKFLAHACLSYLAAVLLTYLNGCVKAKVFAVP,36,2.45,0.719,0.5346,0.5463,0.7395,0.6,0.607,2707
GEN_8213,FHTKFRCCELALRTLRGVNASNFVSWCGKAKVFAPK,36,5.82,0.6751,0.6527,0.3519,0.8447,0.6,0.607,2708
GEN_1579,THCAIKLVAKHCLHYLACVLATYFNSSLKAKVFYLF,36,3.62,0.7512,0.4958,0.4167,0.4705,0.6,0.607,2709
GEN_0261,FHCAKKIAAKHSLHYLACVLATYHHACLKTTVFALF,36,4.16,0.7656,0.472,0.4167,0.3962,0.6,0.6069,2710
GEN_4317,THCAKKPLAKACYTDLGCVLLTWFNACLKNFTKLIR,36,4.44,0.7286,0.6323,0.3519,0.7516,0.5,0.6069,2711
GEN_3053,FHCARKPLAKHCLRYLACVLLTYFNLLLKYFTKLIM,36,5.9,0.7398,0.6163,0.4491,0.7297,0.6,0.6069,2712
GEN_5166,LHCAKKIAAKHCFHWLKCVLLTTFNACLHAKIFAAD,36,4.07,0.7197,0.5469,0.4491,0.7274,0.5,0.6069,2713
GEN_4429,NHCAAKPKAHAALSYMACRLLILNNGCIKTATKLPK,36,5.9,0.7275,0.5383,0.3843,0.5635,0.6,0.6069,2714
GEN_1758,NHCAKKWAAKHALHYLACVLLTYFIFAVKTFTILAA,36,4.0,0.7499,0.5252,0.5139,0.552,0.7,0.6069,2715
GEN_0935,LHCAKRIAAKTSLHYLACVLLTYFIVALKTYTSLAP,36,3.91,0.7577,0.5486,0.4491,0.5079,0.7,0.6069,2716
GEN_0427,LHCAKKIAAKHSLHYLACVLLTYFIGCLKTFTSCRP,36,4.98,0.763,0.4505,0.3519,0.3687,0.5,0.6069,2717
GEN_1911,THPFKKAAAKHCLHYLACVLLTYLINCLKNFTTWAP,36,3.62,0.7485,0.5649,0.4167,0.5902,0.6,0.6068,2718
GEN_4186,TKCAKKPRAHACLSYLACLILTPVNGSVKAKVFSAV,36,5.45,0.73,0.4725,0.4167,0.4793,0.6,0.6068,2719
GEN_6540,THCNAKPKAHACLSFLACVLLTYPNGCVKAKVFAVP,36,3.53,0.706,0.4495,0.4491,0.5964,0.5,0.6068,2720
GEN_2928,LHCAKKAAAKNCLHPLACVLLTYFIAALKEFTSLAP,36,2.9,0.7407,0.5421,0.5139,0.6678,0.6,0.6068,2721
GEN_1784,TRCAHKAARKHSLHFLACVLLTYFNSCLKRFTSADY,36,4.63,0.7496,0.5827,0.3,0.501,0.6,0.6068,2722
GEN_0747,LHCAKKIAAKHSLHYLACVLLTYFNSILKAYVFAIF,36,3.99,0.7595,0.582,0.4815,0.5916,0.7,0.6068,2723
GEN_2052,LHCAKKAAAKNCLHYLAMVLLTYFNSCLNRKVDAIF,36,3.9,0.7474,0.5517,0.4167,0.5706,0.6,0.6068,2724
GEN_3636,TRCWKKPHAHANLSYLACHLLIILNGCVKAFTRYPH,36,4.71,0.7349,0.5853,0.3519,0.591,0.6,0.6068,2725
GEN_0146,THCTKKIAAKHCLHYLACVLVTYFIAALKTFTSLAP,36,3.62,0.7678,0.4767,0.4167,0.3982,0.6,0.6068,2726
GEN_0815,GHCAKKIAAKHCLHYLACVVLTYFITCLKTFTSLIP,36,3.98,0.7587,0.4995,0.3843,0.4919,0.5,0.6068,2727
GEN_3496,LRCWKKPHLHASLSYLACHLIIILNGCLKIKVNAAR,36,5.99,0.7361,0.5091,0.4167,0.5261,0.6,0.6068,2728
GEN_0026,LHCAKKIAAKHSLHYLACVLLTYFHACLKTTVFALF,36,4.07,0.7719,0.488,0.4491,0.439,0.6,0.6067,2729
GEN_0609,THCVKKIAAKHCLHYLACVLLTYFINCLKTFTSLIP,36,3.61,0.7608,0.5306,0.3843,0.5381,0.5,0.6067,2730
GEN_1948,TKCAKKIAAKHCLHYLACVLLTYWINCLRTYTSSIP,36,4.53,0.7482,0.497,0.3194,0.447,0.5,0.6067,2731
GEN_3510,LRCWKKPHLHASLSYLACHLIIILNGCLKIKVSAAR,36,5.99,0.736,0.5091,0.4167,0.5261,0.6,0.6067,2732
GEN_2546,TRYHKKPKYHACLSNLACLLLTPVNGCVKAKVFAAR,36,6.54,0.7436,0.4493,0.3831,0.375,0.6,0.6067,2733
GEN_2144,TRYHKKPKAHACLSTLACLLLTPVNGCVKAKVFAAV,36,5.54,0.7467,0.4771,0.4167,0.4473,0.6,0.6067,2734
GEN_0869,THCAAKPHAHACLSYLACVLLTYLNPCVKAKVFAVP,36,2.62,0.7583,0.5199,0.4815,0.6233,0.5,0.6067,2735
GEN_2367,TRYHKKPKYHACLSNLACLLLTPVNGCIKAKVNAPR,36,6.54,0.7449,0.4424,0.3507,0.3276,0.6,0.6067,2736
GEN_5750,THCAKKIAAKHCLHGLACVLLTYFIGCLKTFCSAAP,36,3.61,0.714,0.4644,0.3843,0.6036,0.4,0.6067,2737
GEN_0069,LHCARKIAAKHSLHYLACVLLTYFIACLKFYTTNFP,36,3.99,0.7699,0.4766,0.4167,0.3928,0.6,0.6067,2738
GEN_1196,LHCAKKIAAKHSLHYLACVLLTIFIYCLKTFTSLAP,36,3.99,0.7549,0.4901,0.4491,0.4819,0.6,0.6066,2739
GEN_3707,TRCWKKPHAHASLSYLACHLLIILNGCVKAFTRYPH,36,4.71,0.7344,0.5853,0.3519,0.591,0.6,0.6066,2740
GEN_0281,FHCAKKTVAKHSLHYLACVLLTYFINCLKNFVSLAP,36,3.99,0.7652,0.5697,0.4167,0.5574,0.6,0.6065,2741
GEN_8535,NRYHKKPKYHDCLSHLACILLTPVSGCAKAKVNAAR,36,5.99,0.6607,0.4226,0.3,0.4392,0.6,0.6065,2742
GEN_1343,THAAKKIAAKHCQMYLACVLLTYFIACLKNFTSLLP,36,3.54,0.7536,0.512,0.4491,0.5209,0.6,0.6065,2743
GEN_1405,THCAKKIAAKKCLHYLACVLLTYFINCLKNFTSLIP,36,4.53,0.753,0.5559,0.3843,0.5969,0.5,0.6065,2744
GEN_3028,TRYRKKPHYHACLSNLACLLLTPVNGCVKAKVFAAV,36,5.54,0.7399,0.4632,0.3843,0.4062,0.6,0.6065,2745
GEN_3264,FHSAKKPLAKLCLHYLACVLLTYFNNCLKNFTSAIP,36,3.9,0.738,0.5709,0.4167,0.6231,0.6,0.6065,2746
GEN_7670,RLTPFGCCKLALRTHRGANARNFGNWCHKVKVFAAV,36,6.9,0.6891,0.6049,0.4045,0.7815,0.6,0.6065,2747
GEN_2242,TKCAKKPLAKHSLHYLVCVLLTYFNACLKTFTKLEP,36,4.54,0.746,0.5524,0.3519,0.5081,0.6,0.6064,2748
GEN_7872,TRYRKTPHNHACLSTLACLCLSIFIGCVKAKVFAAH,36,4.62,0.6848,0.4042,0.3519,0.4705,0.5,0.6064,2749
GEN_1429,TVCAKKIAAKHCLHYLACVLLTYWINCLKNFTSLIP,36,3.53,0.7528,0.5583,0.4167,0.6329,0.5,0.6064,2750
GEN_8108,GRNIGCGLWGKGWRCHCAGGKMINKCLA,28,4.8,0.678,0.4436,0.09,0.0896,0.8,0.6063,2751
GEN_2204,THCAKKLLAKVCLHYEACLLLTYFNAALKNFTKLIP,36,3.54,0.7463,0.5972,0.4167,0.6459,0.6,0.6063,2752
GEN_0686,TVCAKKIAAKHCLHYLACVLSTYVIACLKTYTTLIP,36,3.53,0.7601,0.4555,0.3843,0.4116,0.5,0.6063,2753
GEN_0001,THCAKKAAAKHCLHYLACVLLTYFINCLHAKAFAIP,36,3.7,0.7762,0.4833,0.4491,0.4858,0.5,0.6063,2754
GEN_8283,LHCARKIAAAHSLHYSACVLLTGFIFHLFTFTSAIP,36,2.09,0.6725,0.5007,0.4815,0.6551,0.7,0.6062,2755
GEN_8097,KHTKFDCCKLALRTLRGANATNFASPFGEVKVFAAV,36,3.83,0.6782,0.6343,0.3843,0.7671,0.7,0.6062,2756
GEN_1912,THCAGKILKKHCLHYLAMLLWAYFNACLKTSTSLIP,36,3.62,0.7485,0.5148,0.3843,0.4706,0.6,0.6062,2757
GEN_8089,THSAKVTAAKHCLHYLVCVLLTYFINCLKNFTSLAP,36,2.63,0.6786,0.5559,0.3843,0.7021,0.6,0.6062,2758
GEN_6319,THCAKNPLKHACLSWLACVLLTYLNGCVKAYVFAHP,36,2.62,0.7086,0.5116,0.4167,0.6571,0.5,0.6062,2759
GEN_1411,THCAWKAAAHHSLAYLACMLLTYFINCLKIFTSLIP,36,1.63,0.753,0.5578,0.5077,0.6543,0.6,0.6061,2760
GEN_3020,TECVKKIAAKHCLKYLACVYLTYFVNCLKTFTSLIP,36,3.44,0.74,0.5167,0.3519,0.5268,0.5,0.6061,2761
GEN_0748,DHCAKKILAKHCLHYLACVLLTYFNLCLKTKAFAIP,36,3.98,0.7595,0.4694,0.4167,0.4678,0.5,0.6061,2762
GEN_2186,TRCARKPKAHACLSYLACILLTVNNGCVRAKVFAPR,36,6.44,0.7464,0.512,0.41,0.5624,0.5,0.6061,2763
GEN_7936,THCAKKAAAKHCLWYIVAVLITYFNACLHFKAMAAD,36,2.63,0.6831,0.4518,0.4815,0.6142,0.6,0.6061,2764
GEN_1847,GHCAKKWVAKYCLHYLACVLLTYFNWCLKAKVSLAP,36,4.89,0.7491,0.4887,0.4167,0.5233,0.5,0.606,2765
GEN_1732,TVCAKKIAAKHCLRYLACVLLTYFIWCVKTWSLLYP,36,4.44,0.75,0.5883,0.4491,0.7195,0.5,0.606,2766
GEN_2813,THCAKKVAAKHHLHYLACVLVSYFNACLKDFTSLIP,36,2.71,0.7415,0.5086,0.3843,0.4752,0.6,0.606,2767
GEN_7834,TRYRKKPHNHACLSTCACLCLTILNGCVKAKVFAAH,36,5.61,0.6856,0.405,0.3,0.482,0.4,0.606,2768
GEN_7987,THLAMKPKAHACLSFLACVLLIYNDGCLHAKVFAAH,36,1.71,0.6818,0.418,0.5015,0.5804,0.6,0.606,2769
GEN_0414,THCAKKAAAKHCLQYLACVLLTYFINCLHAKAFAIP,36,3.61,0.7632,0.5056,0.4491,0.5513,0.5,0.606,2770
GEN_1767,FHCAKKPLAKHCLHYLACTLLTFLNGCIKAKVFGVE,36,3.98,0.7498,0.4879,0.3843,0.4877,0.5,0.606,2771
GEN_4231,TRCAKKPKAHAKLSTLACLWLIILNETLKAKVFAAV,36,5.46,0.7295,0.5557,0.4815,0.6112,0.7,0.6059,2772
GEN_2954,AHCAKKIAAKHCLHYLACALLTWFINCYKTFTSLIP,36,4.01,0.7405,0.5199,0.4167,0.5948,0.5,0.6059,2773
GEN_0852,FHCAKKIAAKHSLHYLACVLLTYFNSCLKATTSLAP,36,3.99,0.7584,0.4943,0.3843,0.4115,0.6,0.6059,2774
GEN_1734,LHCAKKIAAKSSLHYLACVLLTYFHACLKTMTTALG,36,3.99,0.75,0.465,0.3843,0.3822,0.6,0.6059,2775
GEN_2177,THCAAKPKAHAALSYMACILLIINNGCVKAKVFPAV,36,3.54,0.7465,0.4552,0.5139,0.5034,0.6,0.6059,2776
GEN_1955,TVCAKKIAAKHCLHYLACVLLTYYNLCLKNFTDLIP,36,2.53,0.7481,0.5196,0.3843,0.5441,0.5,0.6059,2777
GEN_6891,THCAARPKAHANLSYKACVVLHYWNACVHAKVFAAK,36,4.71,0.7017,0.424,0.4167,0.4584,0.6,0.6059,2778
GEN_1951,THCGKKQAAKHCLHYLACVLGTWFINCLHAKAFAIP,36,3.7,0.7482,0.5022,0.3843,0.5148,0.5,0.6059,2779
GEN_2512,LRYHRKTKYHACLSNLACVLLTPVNGSVKAAVFAAV,36,4.91,0.7439,0.4888,0.4167,0.4016,0.7,0.6059,2780
GEN_6768,HYCAKKPKAHACASYLAVLLLIIPNGCGKTFTKLPK,36,5.9,0.703,0.5544,0.3843,0.6404,0.6,0.6059,2781
GEN_3145,TRYHDKPKAHACLSTLACLVLIILNPCNKTYTKCAV,36,3.53,0.739,0.4747,0.3194,0.4246,0.5,0.6058,2782
GEN_5403,DHCPKKILAKHCLTYLACVLLTYFNLCLKNFTKLIN,36,3.89,0.7174,0.5452,0.3519,0.6252,0.5,0.6058,2783
GEN_1126,THCAKKPLAKHCLHYLACVLLTYFNAPLKAFTKLAH,36,4.71,0.7556,0.5728,0.4167,0.5804,0.6,0.6058,2784
GEN_4142,THCAKKPKAHACISTLACHLLWILNGNLKAMVFLPR,36,4.63,0.7304,0.4323,0.4491,0.4372,0.6,0.6058,2785
GEN_2932,THCAAKPKAHAALSYMACILLTYLNGCVKAKVFAVP,36,3.54,0.7406,0.5068,0.4815,0.5702,0.6,0.6058,2786
GEN_6388,GHCAKKIQAIHCLSYLACVLLTYFIACYKSFTSLIP,36,2.89,0.7078,0.4548,0.3843,0.5293,0.5,0.6058,2787
GEN_6145,RLLCDPKRYSHHCIKLLDVRWKASALADIFKVFAAV,36,3.91,0.7101,0.5988,0.4491,0.6958,0.7,0.6058,2788
GEN_4908,THCGKKIAAKHLIHYLACVLLTYFINCLKTFTSVIP,36,3.62,0.7222,0.5306,0.3843,0.5554,0.6,0.6058,2789
GEN_7295,ILLCDPSRWTHPCIKLCKVRFKASALAEGFEALKKNNS,38,3.82,0.6958,0.5466,0.3553,0.6813,0.5,0.6058,2790
GEN_3245,THCAKKPLAHACLSYLACVLLTYFNACVHAKTKLPK,36,4.61,0.7381,0.4343,0.3843,0.4245,0.5,0.6058,2791
GEN_0291,FHCARKPLAKHCLHYLACVLLTYFNLCLKNFTKLIP,36,4.98,0.765,0.5658,0.4167,0.6131,0.5,0.6058,2792
GEN_2210,TRYHKKPKYHACLSNLACLLLTPVNGCLKAKVFAAH,36,5.62,0.7462,0.4493,0.3519,0.3309,0.6,0.6057,2793
GEN_0977,THCAKRILAKHCLHYLACVLLTYFNAYLKTFTNLAD,36,2.63,0.7573,0.5189,0.3519,0.4209,0.6,0.6057,2794
GEN_7630,TRCAKKCKAHACFSTLLCLLLIILNGQMKTFTKLAL,36,5.44,0.6899,0.5087,0.3843,0.6605,0.5,0.6057,2795
GEN_0874,DHCAKKILAKHCLHYLACVLLTYFNLCLKSKAFAIP,36,3.98,0.7582,0.4694,0.4167,0.4678,0.5,0.6057,2796
GEN_1069,TVCAKKIAAKHCLHYLACVLLTYFNLCLKNFTDLIP,36,2.53,0.7563,0.5381,0.4167,0.5869,0.5,0.6057,2797
GEN_5462,HHCAAKPKAHAALHDMVCILLILLNGCIKPFTKLPH,36,3.16,0.7167,0.6139,0.4815,0.804,0.6,0.6057,2798
GEN_6942,THCAKKPLAHACQNYLACVLLTYFDACVHAKVWAYK,36,2.61,0.7009,0.484,0.3843,0.5938,0.5,0.6057,2799
GEN_2875,THCAAKPHAHACLSYLACVLLTFLGGCVKAKAFAAK,36,3.62,0.741,0.4683,0.4491,0.5388,0.5,0.6057,2800
GEN_5942,LRYHRKTKYHACVSNLACLLLTPFNGCVKAHTFLPK,36,5.99,0.7123,0.4471,0.3194,0.3737,0.6,0.6057,2801
GEN_4874,THCAKKPLAKHCLRYLATVLLTFLNGCVKACVKAVK,36,6.53,0.7226,0.5814,0.4149,0.7362,0.5,0.6057,2802
GEN_1530,THCAKKPLGKVCLHYLAFVLLTYNNACLHAKAFAIP,36,3.62,0.7518,0.5215,0.4491,0.5347,0.6,0.6056,2803
GEN_2833,THCGEKIKAKHCLKYLACVLITYFNACLKAHYFAVF,36,3.61,0.7413,0.4964,0.3519,0.4868,0.5,0.6056,2804
GEN_3262,THCARKPKAHACLSYQACILLIINNGAGKTFTKLPR,36,5.54,0.738,0.5906,0.3194,0.5523,0.6,0.6056,2805
GEN_1650,THCAKKILAAHCLHNLACVLLTYFNVCLKAKVFALF,36,3.62,0.7506,0.492,0.4815,0.5872,0.5,0.6056,2806
GEN_0235,THCAKKAAAKHCLHYLACVLLTYFINCTKNFTSLAP,36,3.61,0.7659,0.4877,0.3519,0.4148,0.5,0.6056,2807
GEN_1560,TKCNKKVAAKHCIHYLACVLLTYFINCLKNFTSVIP,36,4.53,0.7515,0.542,0.3519,0.5387,0.5,0.6056,2808
GEN_4219,THDVKKLAAKHCLHYLACVLLMDFINSLKNFTSLAP,36,1.64,0.7297,0.582,0.4421,0.6131,0.7,0.6056,2809
GEN_0817,EHCAKKAAAKHCLHYLACVLLTYFSNCLKNFTSLAP,36,3.05,0.7587,0.5389,0.3519,0.5167,0.5,0.6056,2810
GEN_2535,THCAKKVLAKHCLHYLACVILTYWNLCCKNFTKVIP,36,4.6,0.7437,0.5156,0.3519,0.5801,0.4,0.6056,2811
GEN_7450,TRCSKKPKAKMCLSTLGCLALIFLNDCLHATVFAAV,36,3.44,0.6929,0.4522,0.4167,0.5908,0.5,0.6056,2812
GEN_1377,THCAKKIAAKHCLHFLACVLLTYFNSCLKRFTSADY,36,3.62,0.7532,0.5501,0.3194,0.5164,0.5,0.6056,2813
GEN_0538,LHCAKKLVAKHCLHYLACVLLTYFNNLSKAYVFAIF,36,3.98,0.7617,0.5524,0.4491,0.5621,0.6,0.6055,2814
GEN_4293,SKCAVKPLLHASLSYLACVLLSYFNACLHAKAFAVG,36,2.6,0.7287,0.5084,0.4815,0.5983,0.6,0.6055,2815
GEN_5142,THCAAKPKAHACLSFLLCLLLIYNNLCLKAKIFAAP,36,3.53,0.7199,0.4212,0.5139,0.573,0.5,0.6055,2816
GEN_6597,KRTALTAATASRFDACTYKILHSRGSIYYVLVAK,34,4.83,0.7054,0.4572,0.2837,0.2367,0.8,0.6055,2817
GEN_2726,VHCAKKIAAKHCLHYGACVLVTYFIWCLKTFTSLAP,36,3.95,0.742,0.4689,0.4167,0.5034,0.5,0.6055,2818
GEN_2855,TSAAKKELAHACLSYLACVLLTYLQGCVKAKVFAVA,36,2.45,0.7411,0.4951,0.4491,0.5146,0.6,0.6054,2819
GEN_5558,TRYHKKPHYHACLSTNAALFLIILAGSVKAKVFAAH,36,4.73,0.7158,0.4778,0.4167,0.4452,0.7,0.6054,2820
GEN_0032,THCAKKAAAKHCLHYLACVLLTYFINCLKNFTSNAP,36,3.61,0.7716,0.542,0.3519,0.4906,0.5,0.6054,2821
GEN_1616,TNCAKKILAKHSLHYLACVLLTYFNACAKTFTSLIP,36,3.54,0.7509,0.5026,0.3843,0.4389,0.6,0.6054,2822
GEN_1099,THCAKKPLAKHCLHYIACALLTYFNQCLHAKAFAIP,36,3.7,0.756,0.5043,0.4167,0.5281,0.5,0.6053,2823
GEN_0438,THCAQKAAAKDCLHYLACVVLTYFNTCLNRKVFALF,36,2.53,0.763,0.5312,0.3843,0.5247,0.5,0.6053,2824
GEN_0566,TRCAKKINAKHSLHYLACVLVTYCIACLKTFTNLAP,36,4.53,0.7614,0.4802,0.3519,0.411,0.5,0.6053,2825
GEN_2965,THAAKKPLAKHCLHYLACVLLTYFNSRVRAKVFDAP,36,4.64,0.7404,0.4923,0.4167,0.4117,0.7,0.6053,2826
GEN_6479,THCAKCPKAHACLCFISTLLLIIINGCLKAKVFAAR,36,4.52,0.7068,0.4584,0.4491,0.6659,0.4,0.6053,2827
GEN_8333,SHCAKKIAWKHCLHYSDCVLVTYFIACLKNFTSLFF,36,2.68,0.6706,0.4704,0.3519,0.6064,0.5,0.6053,2828
GEN_5141,NRYRKKRHNHACLTALAWLLLTPVNGCVKAKVFIAR,36,7.91,0.7199,0.4632,0.4957,0.4898,0.7,0.6053,2829
GEN_6921,NHCAKKPKAAASLSYLACLLLTPVPGCVKAKVFARV,36,5.81,0.7013,0.4821,0.4815,0.6171,0.6,0.6053,2830
GEN_0578,LHCAKKIAAKHSLHYLACVLLYYFIACLKTYTTNIP,36,3.98,0.7612,0.455,0.3843,0.3353,0.6,0.6053,2831
GEN_1823,THLAMKPKAHACLSYLACVLLTYLNGCVRAKVFAAP,36,3.54,0.7493,0.5568,0.4815,0.6293,0.6,0.6052,2832
GEN_0366,FHCAKKTAAKTSLHYLACVLLTYFNSCLKATVFALF,36,3.9,0.764,0.5082,0.4167,0.4489,0.6,0.6052,2833
GEN_3694,THCAKKPKAHACISTLACHLLWILNGNLKAMVFAAV,36,3.63,0.7345,0.4455,0.4815,0.4778,0.6,0.6052,2834
GEN_0448,TVCAKKIAAKHCLHYLACVLLTYFIWGVKTFTLLAP,36,3.54,0.7627,0.4972,0.4815,0.4984,0.6,0.6052,2835
GEN_5215,TVCAKKVAKKHCLVYLACVLLTYFINCLKTFTSLIP,36,4.44,0.7192,0.5444,0.4167,0.6806,0.5,0.6052,2836
GEN_0716,THCAKKIAAKHCLHYFACVLLTYYINCLKTFTSLIA,36,3.61,0.7598,0.5013,0.3519,0.449,0.5,0.6052,2837
GEN_2082,TRYHKKPKYHACLSNLACLLLTPVNGCLKAKVNAAR,36,6.54,0.7471,0.4355,0.3507,0.3014,0.6,0.6052,2838
GEN_3348,RHCAKKAAAKNSLHYLVCVGLTNFINCLPNFYSLAP,36,3.9,0.7374,0.5619,0.3843,0.5674,0.6,0.6051,2839
GEN_1619,THCAAKPHAHLALSYMACILLILNNGCIKTFFVIPK,36,2.63,0.7509,0.4828,0.4815,0.5012,0.6,0.6051,2840
GEN_4155,GHCAKKPLAHACLSYLACVLLTFKNMCVHARAFAAK,36,4.98,0.7302,0.5067,0.4491,0.6238,0.5,0.6051,2841
GEN_2096,TVCAAKPHAHLALSYMACILLTYLNGCVKTAWKLIK,36,3.54,0.747,0.5957,0.4491,0.6666,0.6,0.6051,2842
GEN_2903,THCAKKPLKHACLSYLALVLLTYWNACVHAKVFAAR,36,4.62,0.7408,0.5539,0.4491,0.6109,0.6,0.6051,2843
GEN_3062,NHAAKKILAKHCLHYAACVLLTYRNLALKNFTKLIP,36,5.99,0.7397,0.5752,0.4167,0.55,0.7,0.6051,2844
GEN_0808,THCAKKPLAKHSLHYLACVLLTQWNACLKAKVFVIF,36,4.62,0.7588,0.4821,0.4491,0.4485,0.6,0.605,2845
GEN_0507,LHCAKKIAAKHSLHYLACVLLTYFNSCLKAKVFAIF,36,4.98,0.762,0.5221,0.4491,0.5079,0.6,0.605,2846
GEN_1460,THCAKKPLAKHCLSYLACVLLTYFNACLKTFTKDAR,36,4.53,0.7525,0.5292,0.3194,0.4786,0.5,0.605,2847
GEN_8243,THCAKKPKAHACASSLASIICTPVNGNLKAMVFAAW,36,3.54,0.6739,0.4815,0.4491,0.6458,0.6,0.605,2848
GEN_5708,THCAKKPLKHACLSYLACVLLTYLFGCVKAKVFAVG,36,4.53,0.7143,0.5401,0.4167,0.6834,0.5,0.605,2849
GEN_4163,THCAKKPKAHACLSYLACLKLIINNPCVKAFTSLGR,36,5.53,0.7301,0.5671,0.3519,0.6266,0.5,0.605,2850
GEN_0443,FHCAKKPLAKHCLHYLACVLLTYFNLCLKNFTKLIP,36,4.98,0.7628,0.5658,0.4167,0.6131,0.5,0.605,2851
GEN_4491,WRCWYKPKAHACLSTLASLLLIILNGCNKAKVFAAV,36,4.81,0.7267,0.4875,0.4815,0.565,0.6,0.605,2852
GEN_0226,DHCAKKILAKHCLHYLACVLLTYFNLCLKNFTKLIP,36,3.98,0.766,0.5519,0.3843,0.5495,0.5,0.6049,2853
GEN_4900,THCAKKRDAHACVSHLACLLLTCLNGCLKGKIFAAH,36,3.69,0.7223,0.4687,0.3194,0.5148,0.4,0.6049,2854
GEN_1216,LQCAKKIAAKHSLHYLACILLTYFIGCLKTWTSLRP,36,4.9,0.7547,0.4756,0.3843,0.3822,0.6,0.6049,2855
GEN_0517,WHCAKKAAAKHCLHYLAAVLLTYFNTCLNRKVFAIF,36,4.99,0.7619,0.5589,0.4491,0.5689,0.6,0.6049,2856
GEN_7448,LHCAKPIADKHSLHYLACVLLTCFIGCLKSFTSARP,36,2.98,0.693,0.4684,0.3843,0.5804,0.5,0.6049,2857
GEN_0925,THCAKKAAWKNTLHYLACVLLTYFNSCLNRKVFAIF,36,4.54,0.7578,0.5378,0.3843,0.4784,0.6,0.6049,2858
GEN_6658,WRCWKHPKPHAGLSTLACLQAIILNGKVKTFTKLPGSFGIGTGSR,45,6.91,0.7045,0.522,0.379,0.5713,0.6,0.6049,2859
GEN_1987,THCAKKIAAKHCLHYEACVLLTYFIACLKTYTSLRP,36,3.62,0.7479,0.4123,0.3194,0.2941,0.5,0.6049,2860
GEN_3781,TECAIKLKAHACLSYLACLLLTCNNGCVKAKVFAPR,36,3.43,0.7338,0.3864,0.3843,0.4152,0.4,0.6049,2861
GEN_7817,HRCWKKPKAHAYLSTGACHLLGICNGKGETMTKLPRSFGIGQISR,45,6.99,0.6859,0.5289,0.3577,0.6716,0.5,0.6049,2862
GEN_0335,THCAKKAAAKNCLHYLAAVLLTYFNSCLNRKVFAIF,36,4.54,0.7645,0.5517,0.4167,0.5184,0.6,0.6049,2863
GEN_3731,TRCVKKGKASACISTLACHLLIILNGNLKAMVFAAV,36,4.45,0.7342,0.5389,0.4491,0.5995,0.6,0.6048,2864
GEN_0629,THCAKKLVAKHCLHYLACVLLTYFNWCLKTFTSAFP,36,3.61,0.7607,0.4857,0.3843,0.451,0.5,0.6048,2865
GEN_0393,LHCAKKIAAKHSLHYLACVLLTYFIACLKTYITCIP,36,3.98,0.7634,0.4689,0.4167,0.449,0.5,0.6048,2866
GEN_1279,THCAKKPLAHACLSYLACVLLTYFNACVHAKVFAAK,36,3.61,0.7541,0.4621,0.4491,0.4914,0.5,0.6048,2867
GEN_8416,FHCARKPLARHVLHYLVCVLLTYFNPCFKNFTKLIP,36,4.99,0.6671,0.6201,0.4491,0.8914,0.6,0.6048,2868
GEN_6427,HRCWKKPKAHAELSTLACLQAIILNGTGKTFTKIPKSFGSWDAWR,45,5.91,0.7073,0.604,0.3259,0.6467,0.6,0.6047,2869
GEN_2063,THCAKKLVAKHCLHGLACVLLTYFNACLHAKAFAIP,36,3.7,0.7473,0.4827,0.4491,0.5413,0.5,0.6047,2870
GEN_2270,GHCAKKAAAKNCLHYLACVLLTYFIGCLKTFTSLIP,36,3.89,0.7457,0.478,0.3843,0.4724,0.5,0.6047,2871
GEN_3395,LHCAKKIAKKHCLHYGACVLLTYFINCLHAKLFAIS,36,5.06,0.737,0.5386,0.3843,0.5937,0.5,0.6047,2872
GEN_0932,THCAKKILAKHCLHYLACVLLTYLNPCMKAKPKLIP,36,5.61,0.7577,0.4825,0.4167,0.4839,0.5,0.6047,2873
GEN_7205,TRCARKPKAHACLSYRACLLLTSNNGVVKAKVFAPR,36,7.45,0.697,0.4981,0.4365,0.6049,0.6,0.6047,2874
GEN_6353,THCAKHPLAKHCLHYLACVLLTYLNGCVKAKVFAVP,36,3.7,0.7083,0.4791,0.4167,0.5936,0.5,0.6047,2875
GEN_3126,THCAKKAAAKNCLHYLAAVLLTYFNSCLKVTSSLAP,36,3.54,0.7391,0.4915,0.3843,0.4436,0.6,0.6047,2876
GEN_5726,TVCAKKFLAKACLSYLAAVLLTYLNGCVKARVFAVP,36,4.36,0.7141,0.5207,0.5139,0.6805,0.6,0.6047,2877
GEN_2904,TCCAKKIAAKHTLHYLAEVLLQYFIACLKTTTSLAP,36,2.54,0.7408,0.4909,0.3843,0.4377,0.6,0.6046,2878
GEN_1863,THCAKKAQAKHKLHYLALVLLTYFNACLKTFTSSPK,36,5.63,0.7489,0.4508,0.3194,0.2209,0.7,0.6046,2879
GEN_7562,AVAYVIKKGGWRLCLYTWRKPYSRLTSLKQEKLIHKIA,38,7.87,0.6908,0.5201,0.4335,0.6526,0.6,0.6046,2880
GEN_4399,THCAKKPLAKHCLHNLACFLLTYFNAPLKTFTKLAH,36,4.71,0.7278,0.559,0.3843,0.5817,0.6,0.6046,2881
GEN_6606,THCAKKAAAKNCLHFAACHLLTYFNTCLYRKIFAIF,36,4.61,0.7054,0.524,0.3843,0.6426,0.5,0.6046,2882
GEN_0319,THCAKKAAAKHCLHYLACVLLTYFGSCLNRKVDALY,36,3.61,0.7646,0.5207,0.3194,0.4342,0.5,0.6046,2883
GEN_0646,THCAKKPLAKHSLHYLACVLYTYFNACLKTFTKLIP,36,4.62,0.7605,0.5524,0.3519,0.4618,0.6,0.6046,2884
GEN_2974,LRYHRKTKYHAILSNLACLLLTPVNGCVKAHCWLPR,36,5.99,0.7404,0.4576,0.3519,0.351,0.6,0.6046,2885
GEN_1909,THCAAKPHAHFALSYMACIILILNNGCIKTFFVAPK,36,2.63,0.7485,0.4568,0.4815,0.4603,0.6,0.6046,2886
GEN_4060,VHCAKKIFAKHCLHFLACSNLTDFIACAKTFTTLIP,36,2.95,0.7312,0.4945,0.4167,0.5653,0.5,0.6046,2887
GEN_7512,RKALWFKLRGGPPKKIKHILDFALYSIYA,29,5.84,0.6917,0.5923,0.2568,0.4272,0.85,0.6046,2888
GEN_3985,TRYHKKPKYHACLSYLACLLLICQIICLKGKIDAAM,36,4.53,0.7321,0.4367,0.3519,0.4013,0.5,0.6045,2889
GEN_3922,THCARKAAAKTSLHYAACNLLRFFIAQLKTVGSLIR,36,5.55,0.7328,0.5471,0.3843,0.4832,0.7,0.6045,2890
GEN_6746,THCAAKPHAHACVSYLACALLTYFNACVHAKVFAVK,36,2.7,0.7034,0.4382,0.4491,0.5683,0.5,0.6045,2891
GEN_5171,THCAKKAAAKKCLHYLACVLLTYFNTCLYRKVFAIF,36,5.52,0.7196,0.5087,0.3843,0.5834,0.5,0.6045,2892
GEN_3713,THCAKKPKAHACLSNLACVLLTYFNACVKAKVFAAH,36,4.61,0.7343,0.4787,0.4167,0.5309,0.5,0.6045,2893
GEN_0057,TKCARKAAAKHCLHYLACVLLTYFINCLHLKAFAIP,36,4.61,0.7704,0.5002,0.4491,0.5152,0.5,0.6045,2894
GEN_1396,THCAKKPLAKHCLSYLACVLLTYFNACLHAKAFAAK,36,4.61,0.7531,0.4817,0.4167,0.4919,0.5,0.6045,2895
GEN_0036,THCAKKIAAKHSLHYLACVLLTYFHACLKTCTTALF,36,3.7,0.7713,0.4464,0.3519,0.3258,0.5,0.6045,2896
GEN_3252,THCFKKPKAHAQLSYLACLLLICNNPCVKAFTRLPR,36,5.53,0.7381,0.664,0.3843,0.7985,0.5,0.6045,2897
GEN_0013,THCAKKAAAKNCLHYLACVLLTYFGNCLKNFVSLAP,36,3.53,0.7729,0.5516,0.3843,0.53,0.5,0.6045,2898
GEN_1197,YHCAKKIAAKHSLHYLACVLLTYFNSCLKAKVFAIF,36,4.98,0.7549,0.5082,0.4167,0.465,0.6,0.6044,2899
GEN_1973,THCAKKAAAKWCLHYLACVLLTNFNSELNKGVYAIF,36,2.54,0.748,0.5159,0.3843,0.4614,0.6,0.6044,2900
GEN_0579,TVCAKKIAAKHCLHYLACVLLTYFIGCAKTFTSAAP,36,3.53,0.7612,0.4694,0.4167,0.4524,0.5,0.6044,2901
GEN_3477,THCAKKIAAKHCLHYLACVLLTYFINNDQRFTLLAP,36,2.63,0.7363,0.5196,0.3843,0.4952,0.6,0.6044,2902
GEN_1730,FHCARKPLAKHCLHYLACVLLTDFNLCLKNFTKLIP,36,3.98,0.75,0.5658,0.4167,0.6393,0.5,0.6044,2903
GEN_4065,TRCAKKILAKHCLHYLACSLERYFNGCLHAKAFAAD,36,3.62,0.7311,0.5203,0.3194,0.51,0.5,0.6044,2904
GEN_3746,TKCAKDAAAKNCLHNLACVLLTVFNTCLNRKVFAIH,36,3.53,0.7341,0.5169,0.3843,0.5622,0.5,0.6044,2905
GEN_6054,SRCAKKPKAHAFLSTLACLQHIINNGKAKTFTKNKN,36,7.61,0.7112,0.4252,0.3938,0.3386,0.7,0.6044,2906
GEN_0145,LHCAKKIAAKHSLHYLACFLLTYFIACLKTFTSAAD,36,2.99,0.7678,0.4871,0.4167,0.3995,0.6,0.6044,2907
GEN_4563,THCAKKIAAKHCLHYLACVLLTYFINCLHAHAFAIS,36,2.79,0.7259,0.4694,0.4167,0.5347,0.5,0.6044,2908
GEN_0092,THCAKKIAAKHCLHYLACVLLTYFIWCVKTFTLLAP,36,3.61,0.7691,0.4833,0.4491,0.4886,0.5,0.6043,2909
GEN_1940,LRYHRKTKYHACLSNLACLLLTPVNGCVKAHTFLPK,36,5.99,0.7482,0.4471,0.3194,0.2806,0.6,0.6043,2910
GEN_0125,THCAKKIAAKHCFHYLACVLLTYFNACLHAKAFAAD,36,2.71,0.7682,0.4716,0.4167,0.439,0.5,0.6043,2911
GEN_1470,THCAKKPLAKHSLHYLACVLFSYFSACLKTFTKGMF,36,4.62,0.7524,0.5186,0.3519,0.4224,0.6,0.6043,2912
GEN_2690,THCAKKIAAKHRLHYLACVLLTYFIACLKTFTNWIP,36,4.62,0.7424,0.5087,0.4167,0.4944,0.6,0.6043,2913
GEN_2067,TRFHKKPKYHACLSNLACLLLTPVNGCLKAKVTAAG,36,5.54,0.7473,0.4665,0.3519,0.3476,0.6,0.6043,2914
GEN_3815,TKCAKKPKAHACLSYLACLLLGINNPCVKAFTHLHR,36,5.61,0.7335,0.5567,0.3519,0.5971,0.5,0.6043,2915
GEN_4882,THCAKKIAAKHCDKYLACVLLTYFNACLHMKAFGIP,36,3.61,0.7224,0.502,0.3843,0.5642,0.5,0.6043,2916
GEN_0486,FHCAKKPLAKHCLHYLACVLLTYFQLCLKNFTKLIP,36,4.98,0.7622,0.5678,0.4167,0.6131,0.5,0.6043,2917
GEN_3833,THCAKKAAAKHCLHYLACVLLTYFINCLKNHTSLIP,36,3.7,0.7334,0.5233,0.3519,0.5414,0.5,0.6043,2918
GEN_1032,TVCAKKIAAKHCIHYLACVLLNYFIASLKTFTSLRP,36,4.54,0.7567,0.4955,0.4167,0.439,0.6,0.6043,2919
GEN_5941,FRCAYKPKAHAPLGTLACLLLIILVGCVKAKVFAAK,36,5.81,0.7123,0.5154,0.5463,0.7056,0.6,0.6043,2920
GEN_6689,THIAHFWLKHACLSYLACVLLTYLNGCVKAKVFAHP,36,2.71,0.7043,0.493,0.4491,0.5895,0.6,0.6043,2921
GEN_3223,WHCAKKPNKHACFNTLACLLLIFLNGQGKTFTKLAV,36,4.9,0.7382,0.5054,0.3843,0.466,0.6,0.6043,2922
GEN_5615,TRCAKKAKAHVCLSTLACLYLIILNETLKRKVFRGH,36,6.54,0.7152,0.5313,0.3509,0.53,0.6,0.6043,2923
GEN_3113,TRFHKGPKYHACLSNLACLVLTPVNGCLKAKVTAAG,36,4.54,0.7392,0.4576,0.3519,0.3509,0.6,0.6042,2924
GEN_5105,THCAKKALAKNCLFWTACVLLTYFQTCLSRKVFAIF,36,4.44,0.7203,0.5274,0.4167,0.6431,0.5,0.6042,2925
GEN_0478,THCAKKLAAKHCLHYLACVLLTYFWNSLHAKAFALW,36,3.71,0.7624,0.4833,0.4491,0.437,0.6,0.6042,2926
GEN_1334,FRCAKKAAAKNCLHYLACVLLTYFINTLHAKAFKMG,36,5.9,0.7536,0.5347,0.4167,0.5111,0.6,0.6042,2927
GEN_0351,THCAKKILAKHCLHYLACVLLTYFNLCLKNFTKLIP,36,4.61,0.7641,0.5519,0.3843,0.5495,0.5,0.6042,2928
GEN_1055,TVCAKKIFAKHCLHYLACVLLTYYINCLKNFTSLIP,36,3.53,0.7565,0.5444,0.3843,0.5541,0.5,0.6042,2929
GEN_1992,FHCAKKPLAKHELHYIACVLVTYFNACLKAKVWAIF,36,3.99,0.7478,0.5094,0.4815,0.5469,0.6,0.6042,2930
GEN_6785,THCAKKIAAKHCLHYIANQLVTYFNACLKAKVFALF,36,4.62,0.7028,0.5072,0.4167,0.5837,0.6,0.6042,2931
GEN_5536,SRCAKHPKAHAFASILACLLLIILNGCVKAKVFAAH,36,4.69,0.7159,0.5041,0.5139,0.6452,0.6,0.6042,2932
GEN_7053,FRCKKKPNKHACFSTLACLLLIVLNGQGKTFTKLAL,36,6.81,0.6993,0.4915,0.3992,0.5482,0.6,0.6042,2933
GEN_4752,TRCWKKPKAHACVSTLAHLLAIILNACVKAKVFTAK,36,6.54,0.7238,0.509,0.4804,0.6012,0.6,0.6042,2934
GEN_4672,TRYRKKPHNHACLSTLACLLLTPVNGCVNAKVFPAV,36,4.54,0.7247,0.4327,0.3843,0.3757,0.6,0.6042,2935
GEN_5800,THCFKKPLAKHCIHYLAQVLVTYFNACLKTFTKLIP,36,4.62,0.7136,0.5663,0.3843,0.6237,0.6,0.6041,2936
GEN_1812,THCAKKPKAHACLSYLACLLLTCLNGCVKAKVFAPR,36,5.52,0.7494,0.4656,0.3843,0.5055,0.4,0.6041,2937
GEN_2543,THCAKKIPAKHCLHYLAAELLTYFRACLHAKAFAVD,36,2.72,0.7436,0.4934,0.4167,0.4644,0.6,0.6041,2938
GEN_1805,THCAAKPKAHAALSYMACILLIINNGCGKTFTKLPK,36,4.54,0.7494,0.5544,0.3843,0.5207,0.6,0.6041,2939
GEN_0135,THCAKKAAAKHSLHYLACVLLTYFNSCLNRKVFAIF,36,4.62,0.768,0.5378,0.3843,0.4489,0.6,0.6041,2940
GEN_6043,KRCAHKRNSHMCFSTLACNLLIILNVKGLTFTKIPK,36,6.9,0.7113,0.4201,0.3719,0.3732,0.6,0.6041,2941
GEN_4454,TRYGKKPNKHACDSTLACLLLIILNGQGKTFTKLAL,36,4.46,0.7271,0.5433,0.3,0.4032,0.7,0.6041,2942
GEN_6264,TGCAAKIAAKHCIHYLACVLWTYFIASLKTFTSLAW,36,2.54,0.7091,0.4901,0.4491,0.5722,0.6,0.6041,2943
GEN_6378,THAAKKDLKHACLSYLACVLLTYLAGCVKAKHFVVP,36,3.62,0.708,0.5053,0.4167,0.5674,0.6,0.6041,2944
GEN_1373,THCAKKEAAHHCLHYLACVLLSYFNAFLYAKANAVP,36,1.71,0.7533,0.4644,0.4367,0.413,0.6,0.604,2945
GEN_8219,THCAKKIAAKHCFHYLACVQLTYFIGCLKTFTSAIP,36,3.61,0.6749,0.453,0.3519,0.5588,0.5,0.604,2946
GEN_1982,THCAKKPKAHACLSYLACLLLTCLNGCVKAKVTPAV,36,4.52,0.7479,0.4656,0.3843,0.5088,0.4,0.604,2947
GEN_8128,GRNIGWALWGKGWRCHCAGGKMINKCLA,28,4.81,0.6773,0.4793,0.09,0.1016,0.85,0.604,2948
GEN_0034,FHCAKKIAAKHSLHYLACVLLTYFNSCLKATVFALF,36,3.99,0.7715,0.5221,0.4491,0.4784,0.6,0.6039,2949
GEN_4740,HRCSMKPKAHGCLSTLACLLLIILKGCVKAFTHKAV,36,5.98,0.7239,0.5454,0.3843,0.6299,0.5,0.6039,2950
GEN_5455,THCAKKAAAKHCLHYLACVLLTYFINCNHAKAFAIP,36,3.7,0.7168,0.4694,0.4167,0.5526,0.5,0.6039,2951
GEN_0604,THCAKKAAKKHCLHYLAVVLLTYFINCLKNFTILAP,36,4.62,0.7609,0.5697,0.4167,0.5501,0.6,0.6039,2952
GEN_4036,THCAKKILAKHCIKTLAMVLLTYFNACLHAKASAAP,36,4.62,0.7314,0.5293,0.4491,0.5842,0.6,0.6039,2953
GEN_7271,FHCAKKIAAHHSLHYLACVLLTYFIACLKTYTTLIP,36,3.07,0.6961,0.4539,0.4167,0.508,0.6,0.6039,2954
GEN_0834,FHCAKKPLAKHCLHYLACILLTYFNSKLNRKAFAIP,36,5.98,0.7586,0.5394,0.4167,0.5052,0.6,0.6039,2955
GEN_3077,THCAAKPHAHLALSYMACLLLTIANGCVKAKVWAVP,36,2.63,0.7396,0.5252,0.5139,0.6224,0.6,0.6038,2956
GEN_0746,FHCAKKPLAKHCLHYLACVLLTYFNACLKAKTSVKD,36,4.98,0.7595,0.4645,0.3519,0.3789,0.5,0.6038,2957
GEN_3465,TRCAKKPKAHACLSTLACLTLTILNGCVKAYSKLPK,36,6.44,0.7364,0.4964,0.345,0.4793,0.5,0.6038,2958
GEN_1400,LHCAKKIAAKHSLHYFACVLVTYCIACLKTFTNHAP,36,4.06,0.7531,0.455,0.3843,0.411,0.5,0.6038,2959
GEN_1317,LHKASKIAAKHSLHYLACVLLTYFIAWLKFESTNFP,36,3.01,0.7538,0.5531,0.4491,0.504,0.7,0.6038,2960
GEN_2078,TVCAKKFLAHACLSYLAAVLLHYHNGCVKAKVFAVP,36,3.62,0.7472,0.4589,0.4815,0.4618,0.6,0.6038,2961
GEN_3308,AHCAKKIANKHGLHYLACYLLAYFNACLKTSTSLAA,36,4.02,0.7377,0.4843,0.3519,0.3961,0.6,0.6038,2962
GEN_4890,THCAKKAALCNCLHYLACVLLTYFGNCLHVKAFAIG,36,2.61,0.7224,0.4408,0.3843,0.5252,0.4,0.6038,2963
GEN_2636,THCAKKPKAHACLSFLACVLLIIENGCLKAKVFAAR,36,4.53,0.7428,0.4435,0.4491,0.48,0.5,0.6038,2964
GEN_8018,SHCAKKILAKHHLHYLVSVQLTYFNACLHAKAFAIP,36,3.87,0.6808,0.4552,0.4167,0.4791,0.7,0.6038,2965
GEN_4435,TVCAKKIAKKVELHYLACVLYTYFIGCLHTFTSAAP,36,2.54,0.7274,0.5353,0.3843,0.5375,0.6,0.6038,2966
GEN_2827,GHCAKKPVAKHCLHYLACVLLTWFNACLKTWTSVKP,36,4.98,0.7413,0.489,0.3843,0.4947,0.5,0.6038,2967
GEN_4428,TRYHHKPHFHACLSFLACLWAIILNETLKAKVFGAV,36,2.73,0.7275,0.4509,0.4491,0.3944,0.7,0.6037,2968
GEN_4199,THCSKKPLAHACLSYLACVLLQYLNGCVKYKVFAVP,36,3.53,0.7299,0.5079,0.3843,0.5523,0.5,0.6037,2969
GEN_6736,WRCWKEVKAHACLSTLANLQAIILAGKGKTFTKLPKSHGIGTGKR,45,7.91,0.7036,0.5013,0.4114,0.5631,0.6,0.6037,2970
GEN_2990,THCMKKIAAKHCLHYLACVLLTYKIWCAKTYTLLAP,36,4.61,0.7403,0.4555,0.3843,0.441,0.5,0.6037,2971
GEN_0459,THCAKKIAAKHCLHYLACVLLTYFIGCLKTFTSLRP,36,4.61,0.7626,0.4505,0.3519,0.3481,0.5,0.6037,2972
GEN_4754,TRAWKKHNKHGCFHTLACLLLIILNGQGKRFTKIAK,36,7.63,0.7238,0.5341,0.3953,0.4878,0.7,0.6037,2973
GEN_6412,TRCFKKPKQAWCLFTVAMLQLTILNVKGKTFTKLAV,36,6.37,0.7075,0.6026,0.4384,0.6834,0.7,0.6037,2974
GEN_0926,FHCAKKTEAKNCLHYLACVLLTYFGNCLKNWVSLAP,36,2.89,0.7578,0.5208,0.3519,0.4765,0.5,0.6037,2975
GEN_7166,ARCFWLAKAHASLSMSAFLTLIILNGCLHAWIFAAR,36,2.95,0.6976,0.4732,0.5787,0.631,0.7,0.6037,2976
GEN_3206,THNAKKSAVKHCLHYLACVGLTYFNMCLTAKAFAIP,36,3.62,0.7384,0.4883,0.3843,0.433,0.6,0.6037,2977
GEN_5784,THCAKKILAKHHLNYPACVCLTYFNACLKTWTKNAK,36,5.61,0.7137,0.4761,0.3,0.4525,0.5,0.6036,2978
GEN_2685,TRYHKKAHNHACLSTLACLLLICNNGCLKGKIFAAH,36,4.7,0.7425,0.4974,0.3,0.4207,0.5,0.6036,2979
GEN_3508,THCAWKAAAKHCLPYLAEVLLTYFITCLNRKVFATF,36,2.54,0.7361,0.5855,0.4491,0.6645,0.6,0.6036,2980
GEN_1627,THCAKKPVAFHCLHYLACVLLTYLNGCVKAKVFAVP,36,3.61,0.7508,0.493,0.4491,0.5429,0.5,0.6036,2981
GEN_4646,WRCWYKGKAHACLSTLACLLLIILNGKGKTFTKLPK,36,6.81,0.7249,0.4644,0.3991,0.4393,0.6,0.6036,2982
GEN_2981,THCAKKPLAKHCLHYLACVLLTYFNSRVRAKVFDAP,36,4.63,0.7403,0.4784,0.3843,0.4117,0.6,0.6036,2983
GEN_4355,FHCAKKPLAKHCLHYLACVLLTYFNAPLHAKAFGAD,36,3.08,0.7282,0.5061,0.4491,0.5509,0.6,0.6036,2984
GEN_4522,IHCAKKVAAKHCLHYLASALLYWVNSMLNRKLFNIF,36,5.0,0.7264,0.5663,0.4491,0.5881,0.7,0.6035,2985
GEN_4161,THCAKKILAKHCYHMLACVMLWYFNAAVHVKVFAIP,36,3.71,0.7302,0.5233,0.5139,0.6391,0.6,0.6035,2986
GEN_2074,THCAKKPVIKHCLHYLACVVLTYLNGCLKYKVFAVP,36,4.61,0.7472,0.5008,0.3843,0.4988,0.5,0.6035,2987
GEN_3123,THCAKKILAKHHLHYLACVLLTYFNACLHAKTSLIP,36,3.8,0.7391,0.4424,0.3843,0.3527,0.6,0.6034,2988
GEN_8371,LGAAGNDKDAVPVPGCHNKIKCILKFPDSY,30,0.83,0.6687,0.5448,0.2711,0.3082,1.0,0.6034,2989
GEN_3606,THAAMKPLAHACLSYLACILLTVNNGCVRAKVFAPR,36,3.54,0.7353,0.5043,0.4815,0.5624,0.6,0.6034,2990
GEN_6609,TRYHKKPHYHACLSTLASLLLTILNVKGKTFTKIEK,36,5.64,0.7052,0.41,0.3,0.227,0.7,0.6034,2991
GEN_2415,TRYHKKPKYHACLSNLACLLLTPVNGCVKAKVFAAV,36,5.54,0.7446,0.4632,0.3843,0.375,0.6,0.6034,2992
GEN_7964,LHCAKKIAAHHSLHYLLCKLTTYCIACLKTFTNMAP,36,4.06,0.6825,0.4452,0.3519,0.524,0.5,0.6034,2993
GEN_2832,KHCTLKALAKHSIHYAACVLLTYLNGCVKAKVFAVP,36,4.98,0.7413,0.4791,0.4167,0.4417,0.6,0.6034,2994
GEN_1640,THRAQKLVAKHCLHYLACVLLTYFNSCLKAKTTLIP,36,4.62,0.7507,0.5194,0.3519,0.4215,0.6,0.6034,2995
GEN_2172,THCAAKPHAHLALSYMACILLSLNNGCIKTFFKLPK,36,3.63,0.7465,0.5653,0.4167,0.5729,0.6,0.6034,2996
GEN_0571,THCAKKIAAKHCLHYFACVLLTYYINCLKTFTSLIP,36,3.61,0.7613,0.5167,0.3519,0.459,0.5,0.6034,2997
GEN_0076,NHCAKKAAAKNCLHYLACVLLTYFGNCLKNFVSIAP,36,3.89,0.7697,0.5516,0.3843,0.53,0.5,0.6034,2998
GEN_7546,TGCAKFIAAWHSLHYLTCVLLTYFIACLKTYTTLIP,36,1.54,0.6912,0.4539,0.449,0.5489,0.6,0.6034,2999
GEN_3789,TRCAKKPKAHACLSNLACLLLTPVNGCVGAKVFAAV,36,4.44,0.7337,0.501,0.4491,0.5952,0.5,0.6034,3000
GEN_1333,THCAKKAAAKNSLHYLAWVLLTWFGNCLQRFTLLAP,36,3.55,0.7536,0.6123,0.4491,0.6001,0.7,0.6033,3001
GEN_1768,THSAKKIAAKHCLHYLVNVLLTYFLACLKAKVFAIF,36,4.63,0.7498,0.5443,0.4815,0.528,0.7,0.6033,3002
GEN_5657,THCAAKPKAHNCLNNRACVLLTYFLACLHAKGFRAK,36,5.62,0.7148,0.4636,0.3519,0.4787,0.5,0.6033,3003
GEN_4255,THCAKKSFAHACLSYLACLLILINNGCVKAKVFAPR,36,4.53,0.7292,0.4453,0.4167,0.4793,0.5,0.6033,3004
GEN_2481,LHCEKKIAGKNSLHILACLLLTYFIACLKSYTSLIP,36,2.9,0.7441,0.4469,0.3843,0.3481,0.6,0.6033,3005
GEN_1564,THCAKKAAAKHNKHWLACVLLTYFINCLKNFTSLLP,36,4.62,0.7514,0.5559,0.3843,0.5127,0.6,0.6033,3006
GEN_1071,TRCVKKINAKHSLHYLACVLVTYCIACLKTFTNLAP,36,4.53,0.7563,0.5026,0.3519,0.4472,0.5,0.6033,3007
GEN_8566,KHSHFECCKLALRTLRGANASMFPSWFGKEKVFGAK,36,4.92,0.6587,0.6002,0.3194,0.6713,0.7,0.6033,3008
GEN_0193,THCAKKIAAKHCLHYLACVLLTYFINCLKTFTSLIP,36,3.61,0.7667,0.5306,0.3843,0.5019,0.5,0.6033,3009
GEN_3938,THCAAKPHAHACLSYLACVLLTYFNACVHAKVFAAK,36,2.7,0.7326,0.4382,0.4491,0.4914,0.5,0.6032,3010
GEN_4284,THLAKKILAKHCSKYLACVLLTQFNACLKAKVWLIV,36,5.54,0.7288,0.5341,0.4491,0.5932,0.6,0.6032,3011
GEN_4438,FTNAKKPLAKHCLHYLACVKLAYFNACLHGKAFAKP,36,5.98,0.7273,0.509,0.4167,0.5227,0.6,0.6032,3012
GEN_0775,FHCAKKTAAKHSLHYLACQLLTYFNSCLKATVFALF,36,3.99,0.7593,0.5291,0.3843,0.4489,0.6,0.6032,3013
GEN_2397,TVCAKKIAAKHCLSYLACVLLNYFIWCVATFTLLAP,36,2.44,0.7448,0.5002,0.5139,0.6311,0.5,0.6032,3014
GEN_0375,THCAKKAADKHCLHYLACVLLTYFINCLKNFVSLAP,36,2.62,0.7638,0.5559,0.3843,0.5495,0.5,0.6032,3015
GEN_1494,THCAKRVLAKHCLAYLACVLLTYFNACLKTSTSLAD,36,2.53,0.7522,0.4762,0.3519,0.4115,0.5,0.6032,3016
GEN_3643,THYRKKPHNHACLSNLACLLLTPVNGCVKADVFAAR,36,3.63,0.7348,0.4493,0.3519,0.3407,0.6,0.6032,3017
GEN_4490,THCAKKPDAHLALSYMACLLLAIANGCVKAKVFAVP,36,2.54,0.7267,0.4942,0.5139,0.5964,0.6,0.6032,3018
GEN_1382,FHCAKKAMAKNCLHVLACVLLTYFNTCLNRKVFAIF,36,4.89,0.7532,0.5589,0.4491,0.6444,0.5,0.6032,3019
GEN_4138,FRCWYKPKAHAPLSTLACLLLIILNGCVKAKVFAAK,36,5.81,0.7304,0.5112,0.5139,0.6166,0.6,0.6032,3020
GEN_1901,THCAKKILAKVCLHYLACVLLTYFNLALKNFTKLIP,36,4.54,0.7486,0.5935,0.4491,0.6459,0.6,0.6031,3021
GEN_3659,FHCAKKGLAKHCLAYLACVLVTYFNACLKAKVNAIF,36,4.89,0.7347,0.497,0.4491,0.5837,0.5,0.6031,3022
GEN_3910,TKCFHKPKAHACLSYLACLLLICNWGCLKAKVFAAH,36,4.6,0.7328,0.4273,0.4167,0.5066,0.4,0.6031,3023
GEN_0712,THCAKKLVAKHCLHYLACVLLTYFNNCLKTFTSLIP,36,3.61,0.7599,0.5416,0.3519,0.5019,0.5,0.6031,3024
GEN_4006,SRCAKKPKAHACLSTLACLLLIILNETYKAKVFRAH,36,5.6,0.7318,0.474,0.3843,0.4205,0.6,0.6031,3025
GEN_4647,TRFMKKPKYDACLSNLACLLLTPVNGALKAKVTAAG,36,4.37,0.7249,0.5244,0.4167,0.4868,0.7,0.6031,3026
GEN_2182,THAAKKAAAKNCLHYLACVLLNYFNTCLNRKVEAIF,36,3.54,0.7465,0.563,0.3843,0.5347,0.6,0.6031,3027
GEN_0287,THCAKKAAAKHCLHYLALVLLTYFIACLKTFTSLAW,36,3.62,0.7651,0.4851,0.4491,0.4262,0.6,0.6031,3028
GEN_0639,THCAKKIAAKHCLHYLACVLVTYFIWCLKTFTSLAP,36,3.61,0.7606,0.4694,0.4167,0.4445,0.5,0.603,3029
GEN_7511,EHCAKKNAAKHSLKLLACELMTYFHACLKYCTTGLF,36,3.05,0.6918,0.5048,0.3,0.5474,0.5,0.603,3030
GEN_0097,LHCAKKIAAKHSLHYLACVLLTYFNSCLKATVFALF,36,3.99,0.769,0.5221,0.4491,0.4784,0.6,0.603,3031
GEN_8218,FHCAKKPLAKHCLHTLACTILTYFNASHKTFTSVKP,36,5.07,0.6749,0.4465,0.3194,0.4424,0.6,0.603,3032
GEN_1147,THCAKKLVAKHCLHYLACVLLTYFNWCLKTFTSAAP,36,3.61,0.7554,0.4857,0.3843,0.451,0.5,0.603,3033
GEN_1167,WHCAKKIAAKHSLHYLASVLLTYFMACLKTFTSLIP,36,4.0,0.7551,0.5004,0.4491,0.4075,0.7,0.603,3034
GEN_7014,TRYRKKPHTHLCLSNLACLLLYPFSACLHAKAFAAK,36,5.62,0.6999,0.4175,0.3843,0.4002,0.6,0.603,3035
GEN_2394,THAAAKYKAHACLSFLACLVLIYNNACLKAKIFTAH,36,3.62,0.7448,0.4041,0.4491,0.3381,0.6,0.603,3036
GEN_1232,THCAKKIAAKHCLHYLACVLGTMFNSCIKAKLFALF,36,4.61,0.7546,0.5168,0.4167,0.5374,0.5,0.603,3037
GEN_2386,FHCARKPLAKVCLHYLACVLLTYFNLALKNFTKLIP,36,4.9,0.7448,0.6074,0.4815,0.7094,0.6,0.603,3038
GEN_0206,TVCAKKIAAKHCLHYLACVLLTYFINCLKNFTSLIP,36,3.53,0.7665,0.5697,0.4167,0.5969,0.5,0.6029,3039
GEN_4955,TRYHKHPKYHACLSNLACLLLTPTNGCVKQKVFPAA,36,4.62,0.7216,0.4042,0.3194,0.262,0.6,0.6029,3040
GEN_1803,TVVAKKIAAKHCLHYLACILLTYFNSKLNRKAFAIP,36,5.55,0.7495,0.5533,0.4491,0.5085,0.7,0.6029,3041
GEN_5169,THCAKKIAAKHCFHYCACVLLTYFYALLHAKVFAAD,36,2.7,0.7196,0.4413,0.4167,0.4925,0.5,0.6029,3042
GEN_5773,THCAAKPHARACLSYLACVLLTYLNPCVKAKVWARP,36,4.53,0.7138,0.506,0.4491,0.646,0.5,0.6029,3043
GEN_7839,DNCAKKWLAKHCLHYLACNLLGYFNLCLMNFTKLIN,36,2.89,0.6855,0.4476,0.3519,0.5179,0.5,0.6029,3044
GEN_1168,LHCAKKIALKHSQHYIACVLVTYFNACLKAKVFALF,36,4.98,0.7551,0.4926,0.4491,0.4606,0.6,0.6029,3045
GEN_4977,THCAKKIAAKYSLHYLACKGVTYFIACLKTFTSNAP,36,4.53,0.7214,0.4637,0.3194,0.3621,0.6,0.6029,3046
GEN_4786,THAAKKPLAHACLSYLHGVLLTYFNACLKAKVFAVP,36,3.63,0.7235,0.5065,0.4815,0.5233,0.7,0.6029,3047
GEN_1574,THCVKKAAAKHYVHYLACVMLTYFINCLKCFTSLIG,36,3.61,0.7513,0.5027,0.3519,0.4557,0.5,0.6029,3048
GEN_0933,THCAKKIAVKHCLWYLACVLLTYFNACYKAKAFAIP,36,4.52,0.7577,0.4797,0.4491,0.4999,0.5,0.6029,3049
GEN_5983,TWCGKKALAKHCLSILACVLLTYFNACVDAKVFAVK,36,3.44,0.7119,0.5148,0.4491,0.6653,0.5,0.6029,3050
GEN_6823,WRCWAKPKAHAELSTLACLVIEWNNGKGKTFTKIPKNFGSWTPSR,45,5.83,0.7024,0.6133,0.3259,0.6944,0.55,0.6028,3051
GEN_4386,SRCAHKPKIHACLSTLACLLLIIVNETLKAKVFRAR,36,5.6,0.7279,0.4506,0.4167,0.4212,0.6,0.6028,3052
GEN_0726,THCAKKIAAKHCLHYLACVLLTYYINCLKTFTSLIP,36,3.61,0.7598,0.5167,0.3519,0.459,0.5,0.6028,3053
GEN_3409,THCAKKKAAKHCLHYHYCVALTYFIWCVKTFTELAP,36,3.7,0.7368,0.4384,0.3194,0.3494,0.5,0.6028,3054
GEN_2132,THCAKKLVAKHALHYLAAVLLGYFNACLKTFTSLAP,36,3.63,0.7468,0.5361,0.4491,0.4852,0.7,0.6028,3055
GEN_0930,THTAKKPLAKHCLHYLACVLLTYFNACLHAKAFATD,36,2.72,0.7577,0.4784,0.3843,0.3656,0.6,0.6028,3056
GEN_3563,THSAKKAAAKKCLHYLACVLLTYFINCLKNFTSTVP,36,4.54,0.7356,0.542,0.3519,0.4906,0.6,0.6028,3057
GEN_2129,THCAKKPLAKTCLSYLACVLLTYFNACLHAKAFAAK,36,4.53,0.7468,0.4794,0.4167,0.4919,0.5,0.6028,3058
GEN_0569,THCAKKILAKHCLHYLACVLLTYFQLCLKNFTKLIP,36,4.61,0.7613,0.5539,0.3843,0.5495,0.5,0.6028,3059
GEN_5468,THCAKKAAAKNCLHYLNCVLLTYFNSCLKATVFALF,36,3.53,0.7167,0.4943,0.3843,0.5546,0.5,0.6028,3060
GEN_1480,THCAKKIAAKTSLHYAACNLLTYFIACLKTVTSLIP,36,3.54,0.7523,0.4735,0.3843,0.3701,0.6,0.6028,3061
GEN_6728,THCAKKAAARHCLHYTACVLLTYFHAALKVTVFALF,36,3.71,0.7037,0.4946,0.4491,0.5837,0.6,0.6028,3062
GEN_2623,QRYHKKPKYHACLSNLACLLLTPVNGCVKAKVFAAV,36,5.9,0.743,0.4636,0.3843,0.375,0.6,0.6028,3063
GEN_3949,THCAKKAAAYHCLHYLACVLLTYQINCLKNFTSDIP,36,1.62,0.7324,0.5209,0.3464,0.5246,0.5,0.6028,3064
GEN_6056,FHCANKPLAKHCVHYLACVLVTYFNWCLKAKVFGIF,36,3.98,0.7112,0.5091,0.4491,0.6567,0.5,0.6028,3065
GEN_0800,THCAKKILAKHCLHYLACVLLTYFNNLSKAYVFAIF,36,3.62,0.7589,0.5385,0.4167,0.4952,0.6,0.6028,3066
GEN_2723,THCSKKPLAKHVLHYLACVLLTYFNACYKTFTKLIP,36,4.62,0.7421,0.5385,0.3519,0.4698,0.6,0.6028,3067
GEN_1440,THCAKKILAKHCLHYLACVLLTYFNWLSKAYVFAIP,36,3.62,0.7527,0.5125,0.4491,0.4984,0.6,0.6027,3068
GEN_2349,THCAHKPLVKHCLRYIACVLLTYLNGCISAKAFAAK,36,4.61,0.7451,0.6099,0.3843,0.6801,0.5,0.6027,3069
GEN_1208,THSAKKSAAKHCLHYLACILLSYFNAFLKAHKFALF,36,4.72,0.7548,0.5256,0.4167,0.4163,0.7,0.6027,3070
GEN_7564,TRYHKKPKYHAALSNLACLLLPPVNGCLHGKVNAAH,36,4.72,0.6908,0.4367,0.3519,0.4526,0.55,0.6027,3071
GEN_0714,TVCARKAAAKHCLHYLACVLLTYFINTLKTFVSAIP,36,3.54,0.7598,0.5588,0.4491,0.5587,0.6,0.6027,3072
GEN_1356,TTCARKIAAKQCLHYLACVLLTYFIWAVKGFTLLAP,36,3.45,0.7535,0.5139,0.4815,0.531,0.6,0.6027,3073
GEN_6628,TVCAKKIAAWHSLHYLDCVLVTWCIACLKAKANAVL,36,2.53,0.705,0.4418,0.4815,0.591,0.5,0.6027,3074
GEN_1137,THCAKKARAKHCLHYLACVLLTYFINCLKNTVFALF,36,4.61,0.7555,0.5372,0.3843,0.5347,0.5,0.6027,3075
GEN_2905,IHCAKKAAAKHCLHYLHCVLLTYFINCLKNFTSLAP,36,4.06,0.7408,0.5559,0.3843,0.6003,0.5,0.6027,3076
GEN_1582,THCAKKIAAKHSLHYLACVLLTYFNACLKAKVFAMF,36,4.62,0.7512,0.4926,0.4491,0.4685,0.6,0.6027,3077
GEN_2751,TRCAKKPKAHACISTLACHLLIILNGNLKAMVFAAV,36,4.54,0.7419,0.5149,0.4815,0.5601,0.6,0.6027,3078
GEN_1439,TVCAKKILAKHCQHYLACVLLTYFINCLKTFTNLIP,36,3.53,0.7527,0.5607,0.3843,0.5802,0.5,0.6027,3079
GEN_5247,FRCWYKPKAAACLSTLACIQAIILNGKGKTFTKLAV,36,5.72,0.7188,0.4922,0.4167,0.5108,0.6,0.6026,3080
GEN_7247,THCAKNIHAKHCLHYKACVLLTYFNASLKAKVFLIQ,36,4.71,0.6964,0.4311,0.3519,0.3962,0.6,0.6026,3081
GEN_2818,THQAAKPHIHACLSYLACVLLTYLNGCVKAKVFAIP,36,2.63,0.7414,0.493,0.4491,0.4912,0.6,0.6026,3082
GEN_5450,THCAKKFVKKHCLHYLAIVLLTYFNNCHKAKVFAIF,36,5.71,0.7169,0.5283,0.3843,0.5426,0.6,0.6026,3083
GEN_0688,LHCAKKIAAKHSLHYLACVLLTYFIACLKNFTSKAP,36,4.98,0.7601,0.4982,0.4167,0.4243,0.6,0.6026,3084
GEN_0329,THCAKKAAAKHCLHYLACVLLTYFGSCINRKVDAIF,36,3.62,0.7645,0.5495,0.3519,0.5011,0.5,0.6026,3085
GEN_2209,THCAKKISAKRCLHYLACALLTYFNSTLKAKVFALF,36,5.54,0.7463,0.5328,0.3843,0.4817,0.6,0.6026,3086
GEN_1543,NLMAKKIAAKHSLHYLACVLLTYFIWCVKTFTLWAP,36,3.91,0.7516,0.5032,0.5139,0.4826,0.7,0.6026,3087
GEN_8230,WWCWKKPRAHASLWTIWCLQAIILNGKGKTFTKLPK,36,6.82,0.6745,0.4922,0.4646,0.6615,0.6,0.6026,3088
GEN_0471,TVCAKKIAATHCLHYLACVLLTYFMNCLKNFTSLIP,36,2.53,0.7625,0.5657,0.4167,0.5969,0.5,0.6025,3089
GEN_0665,THCAKKAAAYHCLHYLACVLLTYFINCLKNFTSDIP,36,1.62,0.7604,0.542,0.3788,0.5246,0.5,0.6025,3090
GEN_2780,FDCARKIAAKHCLHHLACVLLTNFNSCLNKGVFAIT,36,2.98,0.7417,0.524,0.3843,0.5434,0.5,0.6025,3091
GEN_5213,WRCWYKPKAHSCLSTLDCLQLIILNGCNKAKVFAAV,36,3.8,0.7192,0.4207,0.3843,0.4243,0.5,0.6025,3092
GEN_6381,KKTKFECCKLALRTLRGANASNFANWCNKAKVFAAF,36,6.73,0.7079,0.6141,0.3943,0.716,0.6,0.6025,3093
GEN_1080,LHCAKKIAAKHSLHYLACVLLTYWIACVKTFTSLAP,36,3.99,0.7562,0.4828,0.4491,0.4389,0.6,0.6025,3094
GEN_1298,TKCAKKIAAKHCIHYLACVLLTYFINCLKTFTSLIP,36,4.53,0.754,0.5306,0.3843,0.5259,0.5,0.6025,3095
GEN_1760,THCAAKPHAHLALYYMACILLIKNNGCIKTFFKLPK,36,4.62,0.7498,0.5653,0.4167,0.5595,0.6,0.6025,3096
GEN_1750,THCAKKPLAKHCLHYLACVLNTYFQACLKTFTSVKP,36,4.61,0.7499,0.483,0.3194,0.3917,0.5,0.6025,3097
GEN_4058,FRCWYKPKAHAELSTLACLLLIILNGCLKAKVFAAV,36,3.82,0.7312,0.5112,0.5139,0.6099,0.6,0.6025,3098
GEN_3997,THCVKKPLAKHCLHVLACVLLTYFNWNLRTFTILIP,36,3.63,0.732,0.53,0.4491,0.5741,0.6,0.6025,3099
GEN_4237,FDCAKKTEAKNCLHYGACVLLTYFGNCLKNWVSLAP,36,1.81,0.7294,0.5069,0.3331,0.4926,0.5,0.6025,3100
GEN_4420,THCAKKPKAHACLSYLACLLQIINNGCLKGKVFAAR,36,5.53,0.7275,0.4889,0.3519,0.4853,0.5,0.6024,3101
GEN_0179,FHCAKKIAAKHSLHYLACVLLTYFNSCLKATVFAIF,36,3.99,0.7671,0.5221,0.4491,0.4784,0.6,0.6024,3102
GEN_0374,THCAKKIAAKHCLHYLACVLLTYFIWCVKTFTLAAP,36,3.61,0.7638,0.4833,0.4491,0.4886,0.5,0.6024,3103
GEN_1285,THCAKPIAAKHCLHYLACILLTYFNSKLNRKAFAIP,36,4.62,0.7541,0.5394,0.4167,0.5052,0.6,0.6024,3104
GEN_5079,LRCWYKPKIAAALSTLACLQLILNNWSKHHFTKIPK,36,5.91,0.7205,0.5276,0.4167,0.497,0.7,0.6023,3105
GEN_6878,TTCAAKPHAHACTSYLACVLLTYLNGCVKAKVFAVP,36,2.53,0.7019,0.4791,0.4167,0.593,0.5,0.6023,3106
GEN_0547,THCAKKIAAKHCLHYLACVLITYFIGCLKTFTSAAP,36,3.61,0.7615,0.4752,0.3843,0.415,0.5,0.6023,3107
GEN_2930,TRCAKKPKAHACISTLACHLLIILNGNLKAMVFAAW,36,4.54,0.7406,0.5149,0.4815,0.5601,0.6,0.6023,3108
GEN_0188,LHCAKKIAAKHSLHYLACVLLTYFNSCLKATVFAIF,36,3.99,0.7669,0.5221,0.4491,0.4784,0.6,0.6023,3109
GEN_2011,THCAKKIAAKHCLHYLACVLLTYFNWCLKTFTSRAP,36,4.61,0.7477,0.4568,0.3519,0.3841,0.5,0.6023,3110
GEN_1195,THCAKKIAAKHCLHYLACVLLTYFINCLKAKVFALI,36,4.61,0.7549,0.5167,0.4491,0.5642,0.5,0.6023,3111
GEN_0060,LHCAKKAAAKNCLHYLACVLLTYFINCLHVKAFAIS,36,3.98,0.7703,0.4974,0.4491,0.4958,0.5,0.6023,3112
GEN_6849,DRYHRKTKYPGCLSNLACLLLTCLSGCVKAIVFAAL,36,3.8,0.7022,0.4976,0.3519,0.5576,0.5,0.6022,3113
GEN_4747,TRYHKKPKYHACLSNLAELLLTPVNACLKAKVNAAR,36,5.55,0.7239,0.4633,0.3519,0.3161,0.7,0.6022,3114
GEN_2556,DRCFWLAKAHHCLSLSACLTLIILFETLKAKVFYAV,36,1.9,0.7435,0.4203,0.4882,0.4016,0.6,0.6022,3115
GEN_1340,THAAKKIAAKHCLHYLAAVLLTYFNACLKTFTSLIP,36,3.63,0.7536,0.5361,0.4491,0.4657,0.7,0.6022,3116
GEN_0008,FHCAKKAAAKNCLHYLACVLLTYFNTCLNRKVFAIF,36,4.89,0.7736,0.5451,0.4167,0.5347,0.5,0.6022,3117
GEN_5851,THYHKKPQYHDCLSNLACLLLTGVNGCVKAKVFAAP,36,2.63,0.7131,0.4409,0.3194,0.3376,0.6,0.6021,3118
GEN_0005,FHCAKKAAAKNCLHYLACVLLTYFINCLHAKAFAIG,36,3.98,0.7742,0.4974,0.4491,0.4858,0.5,0.6021,3119
GEN_6510,TRCAKKPKAKGCLSTLLCLLLIILNPSVKAKMDIAL,36,5.36,0.7064,0.4953,0.4491,0.5734,0.6,0.6021,3120
GEN_5728,THCAKKAAAKKCLHYLACVLLTYFHTCLYRKVFAIF,36,5.61,0.7141,0.5087,0.3843,0.5801,0.5,0.6021,3121
GEN_7019,FRCQYRPKAAACLTTLACLQTNFAYWCEKVKVFLPK,36,4.72,0.6998,0.4484,0.3843,0.5131,0.5,0.6021,3122
GEN_6227,TRCAKKIAVAHCLHYLKCVLWTYFNACLHAKAFKIP,36,5.61,0.7095,0.5045,0.4167,0.6158,0.5,0.6021,3123
GEN_0812,LHCAKKIAAKTSLHYLACVLLTYFIACLKTYTSLAP,36,3.9,0.7588,0.4848,0.4167,0.4016,0.6,0.6021,3124
GEN_0952,THSAKKAAAKHCLHYLACVLLTYFINCLKNFTSLAP,36,3.62,0.7575,0.5559,0.3843,0.4906,0.6,0.6021,3125
GEN_4358,THCAAKPKAHAALSYMACVLGTYFNACLHAKAFAAD,36,1.63,0.7282,0.4373,0.475,0.4518,0.6,0.6021,3126
GEN_7067,THCAKKIAAKHCFHYVACVLGTYFIWCVKTFTLLAP,36,3.61,0.6992,0.4716,0.4167,0.5849,0.5,0.6021,3127
GEN_0178,LHSAKKIAAKHSLHYLACVLVTYFIACLKTFHSLAP,36,4.08,0.7671,0.4913,0.4491,0.3588,0.7,0.6021,3128
GEN_8026,LHCAKKWAAKHSLHYLACVLVTYCFACQKTFTNHAP,36,4.06,0.6805,0.4316,0.3519,0.4973,0.5,0.6021,3129
GEN_0963,FHCAKKIAAKHSLHYLACVLLTYFNICLNRKVFAIF,36,4.99,0.7574,0.4859,0.4491,0.439,0.6,0.6021,3130
GEN_2566,THCAKKPKAHACLSNLACLLLTPVNGCVKAKVFAAV,36,4.53,0.7434,0.491,0.4491,0.5462,0.5,0.602,3131
GEN_0425,THCAKKILAKHCLHYLACVLLTYFNVCLKAKVFALF,36,4.61,0.7631,0.4833,0.4491,0.4873,0.5,0.602,3132
GEN_2617,TVCAKKFLAHACLSYLAAVLLIILNETYKTFTFVPK,36,2.46,0.743,0.5048,0.4815,0.4691,0.7,0.602,3133
GEN_1535,THCLKKIAAKHCLHYLASVLITYFIACLKTFTSLIP,36,3.62,0.7517,0.4913,0.4167,0.4283,0.6,0.602,3134
GEN_4567,TRYHKKPHYHACLSTLACLLLTILNGKGKTFTKIPK,36,6.63,0.7258,0.4313,0.3369,0.2418,0.7,0.602,3135
GEN_2736,TRYHKKPKYHACLSNLACLLITPVNGCVKAKVFAAV,36,5.54,0.742,0.4651,0.3843,0.375,0.6,0.602,3136
GEN_3768,SRHAKSSKAHFCLSTLACLDIIILNETLKAIVFAAV,36,1.62,0.7339,0.4833,0.476,0.4491,0.7,0.602,3137
GEN_6261,THCAKKPKAHACLSYLKCLLPTCLNGCVKAKFFAPK,36,6.52,0.7091,0.4545,0.3819,0.565,0.4,0.602,3138
GEN_4274,THCAKKAASKHCLHYLACVLLTYFINCLKNFSHLIP,36,3.7,0.7289,0.542,0.3519,0.5674,0.5,0.602,3139
GEN_0177,THCAKKIAAKHSLHYLACVLVTYFIACLKTFTSLAP,36,3.62,0.7671,0.4712,0.4167,0.3588,0.6,0.602,3140
GEN_4701,TRYHKKPHYHACLSTMAAALLTILNGCVKAKGFAPH,36,4.72,0.7243,0.4742,0.3519,0.3322,0.7,0.602,3141
GEN_4406,TRCAKSSKAHACLSFLAQLLLIILNETYKTFTKLPK,36,4.46,0.7276,0.5643,0.3519,0.4745,0.7,0.602,3142
GEN_2847,THCAKKIAAKHSLRYLACLLLTYFIGCLKTFTSAAP,36,4.54,0.7412,0.54,0.3843,0.5007,0.6,0.6019,3143
GEN_6209,THAAHKPLKHACLKYLACLLLIYLNGCVKAKVFAHP,36,4.71,0.7097,0.534,0.4491,0.6293,0.6,0.6019,3144
GEN_1860,TVSAKKIAAKHCLNYLACVLLTYFIACLKTQLSLAP,36,3.45,0.749,0.5022,0.4491,0.484,0.6,0.6019,3145
GEN_8585,KHTAVTAAPAERFDACTYKILHSGGSIYWVLVAK,34,1.92,0.6576,0.4907,0.3577,0.4536,0.8,0.6019,3146
GEN_1140,THCAKKAAAKHSLHYLACQLLTYFNSCLKATVFALF,36,3.62,0.7555,0.5291,0.3843,0.4489,0.6,0.6019,3147
GEN_3582,THCAKKPHYHTYLSTPACILLTIANGCLRAKVFAAH,36,3.71,0.7354,0.5068,0.3519,0.4265,0.6,0.6019,3148
GEN_1489,FHCAKKIAAKHSLHYLACVLLTYFNSCLQKYTDLAF,36,2.99,0.7523,0.4937,0.3519,0.3652,0.6,0.6019,3149
GEN_2238,THCAKKAAAKHFLHYLAFVLLTYFCSCLNRKVYAIF,36,4.62,0.746,0.5599,0.4167,0.5553,0.6,0.6019,3150
GEN_7374,SHCAKKIAEKHSLHVLLCVKLHYFIACLKTFTSLAP,36,3.78,0.6946,0.4872,0.3843,0.5214,0.6,0.6019,3151
GEN_1977,THCAKKPLAKHSLHYLSCVLLTYFNACLKKFTKLIK,36,6.62,0.7479,0.5866,0.3557,0.5341,0.6,0.6019,3152
GEN_3939,FRCFSRPKAHASLSTLACLWCIILNGTGKTFTKLPK,36,5.81,0.7325,0.5264,0.3519,0.466,0.6,0.6019,3153
GEN_6455,DHCAFKILAKHCLHYLACVLLTYFNLCLKNSTKLIP,36,2.98,0.7071,0.4816,0.3843,0.5495,0.5,0.6019,3154
GEN_0521,THCAKKILAKHCLHYLACVLLTYFNACLKTYTSLIP,36,3.61,0.7618,0.4551,0.3519,0.3448,0.5,0.6018,3155
GEN_6493,THCAKKPVIKHCLTYLACVVLTFLNGCLKYKVFAVP,36,4.53,0.7067,0.4972,0.4167,0.6085,0.5,0.6018,3156
GEN_2131,THCAKKPLAKTTLNYLACVLLTYFNACLHAKAFAVP,36,3.54,0.7468,0.5041,0.4491,0.4919,0.6,0.6018,3157
GEN_1264,LHCAKKIAAKHSLHYLACVLLTYFNACLHAKAFAAD,36,3.08,0.7543,0.4828,0.4491,0.439,0.6,0.6018,3158
GEN_1511,THCAKKPLAKKCLHYLACVLLHYLNYCVKAKVFAVQ,36,5.61,0.752,0.4981,0.3843,0.4719,0.5,0.6018,3159
GEN_2493,DHCAKKIAAKHCLHYLACVLLTYFIWAVKTFTDLAP,36,1.99,0.7441,0.5134,0.4499,0.5146,0.6,0.6018,3160
GEN_6001,TRCAKKIAAKHSLHHLACVLLTYFIACLKTYTSLAP,36,4.62,0.7118,0.5312,0.3843,0.5542,0.6,0.6018,3161
GEN_1331,THCARKIAAKHCLHYLACVLLTYFINCLKAKVFALI,36,4.61,0.7536,0.5167,0.4491,0.5642,0.5,0.6018,3162
GEN_4860,THAAKKPLAHACLSYLHGVLLWYFNKCVKAKVFAVP,36,4.63,0.7227,0.5468,0.4815,0.585,0.7,0.6018,3163
GEN_1792,LRYHRKTKYHACLSNLACVLLTPVNGCVKAAVFAAV,36,4.9,0.7495,0.4888,0.4167,0.4277,0.6,0.6018,3164
GEN_4548,TRYRKKPRYMPCLSNLACLLLTILSGCVKAKVFAAH,36,6.45,0.726,0.5064,0.4105,0.5049,0.6,0.6017,3165
GEN_1233,THCARKIAAKHCLHYLACVLLTYFINCPKTFTSLIP,36,3.62,0.7546,0.5023,0.3843,0.4724,0.5,0.6017,3166
GEN_3224,TRYRKKPHNHACLSTLACLLLIILNGAVKAHTRLPR,36,6.64,0.7382,0.5781,0.3889,0.5082,0.7,0.6017,3167
GEN_2422,NHCAKKPKAHACLSYLACLLLTPVNGCVKAKYWPAV,36,4.89,0.7446,0.4771,0.4167,0.4859,0.5,0.6017,3168
GEN_5156,THCAKKILAKHCLHYLLCVLVTYFNACLKAKVFAIK,36,5.61,0.7198,0.4787,0.4167,0.5463,0.5,0.6017,3169
GEN_2484,THCALKIAAKHCLHYLANVLLTYFIACLKTFTNLIP,36,2.63,0.7441,0.5338,0.4491,0.5474,0.6,0.6017,3170
GEN_3757,TRCAKKPKAHACLSTLACLLLIILNETLKAKVFRAR,36,6.45,0.734,0.4872,0.4431,0.4873,0.6,0.6017,3171
GEN_6690,THCAKKILAKHCLHYLCCVLLTYLNACNKFKPKLIP,36,5.6,0.7043,0.4467,0.3519,0.5309,0.4,0.6017,3172
GEN_4382,TRYHKKPHYHMCLSTLACLLLIILNGCVKAKVFAAH,36,4.71,0.7279,0.4649,0.3843,0.4045,0.6,0.6016,3173
GEN_4934,THCAKDAAAKHCAHYLACVLLTYFINCLKNFTSLIP,36,1.62,0.7219,0.5559,0.4111,0.6638,0.5,0.6016,3174
GEN_1094,THDAKKAAAKHCLHYLACVLLTYFINCLKNFTSLAP,36,2.63,0.7561,0.5559,0.3843,0.4906,0.6,0.6016,3175
GEN_5200,LHCAKKIAAKHSLHYAAAVLLTYFIAVLSTFTSLAP,36,3.01,0.7194,0.5105,0.5139,0.5634,0.7,0.6016,3176
GEN_0033,LHCAKKAAAKNCLHYLAMVLLTYFNSCLKATVFALF,36,3.9,0.7716,0.536,0.4815,0.5184,0.6,0.6016,3177
GEN_4952,SHCARKVAAKNCCHYLACVLLTYFINCLKNFTSNAQ,36,3.58,0.7216,0.5142,0.3,0.5506,0.4,0.6016,3178
GEN_3584,THLAIKYKAKACLSFLACLVLIYNNLCLKAKIFAAH,36,4.54,0.7354,0.4688,0.4815,0.4906,0.6,0.6016,3179
GEN_2171,TQCAKKIAAKHCLHWLACVLLTVFIACLKNFNSLIF,36,3.53,0.7466,0.508,0.4815,0.5964,0.5,0.6016,3180
GEN_0403,FHCAKKTAAKHSLHYLACGLLTYFHACLKTCTTALF,36,4.06,0.7633,0.4325,0.3194,0.2702,0.5,0.6016,3181
GEN_0524,THCAKKIAAKHCLHYIACVLLTYFINCLKTFTSLIP,36,3.61,0.7618,0.5306,0.3843,0.5019,0.5,0.6016,3182
GEN_0826,THCAKKIAVKHCLHYLACVLLTYFNMCLHAKAFAIP,36,3.7,0.7586,0.4952,0.4491,0.5152,0.5,0.6016,3183
GEN_5024,THVLKKIGAKHCLHYLACVLVTYFNACEQAKVFAIF,36,2.63,0.721,0.4694,0.4167,0.4606,0.6,0.6016,3184
GEN_7812,IIICWPSRGTHECIKLLKVRFKVSALAEIFQALKKKYS,38,5.83,0.6862,0.6059,0.386,0.7387,0.6,0.6016,3185
GEN_2729,THCAKKAGMKHSLHYLACVLLTYFNSCLHRTVFALF,36,3.71,0.742,0.5128,0.3519,0.4194,0.6,0.6016,3186
GEN_0766,THCAKKILAKHCLHYLACVLLTYFNACLKAKTSVKP,36,5.61,0.7594,0.451,0.3519,0.3415,0.5,0.6015,3187
GEN_1995,THCAKKPLAHACLSYLACVLLTYWNACVHAKVFAAK,36,3.61,0.7478,0.4621,0.4491,0.4845,0.5,0.6015,3188
GEN_2101,THCAKPILAKHCLHYLACALLAWFNAKLDTFTSLIP,36,1.63,0.747,0.4839,0.5076,0.5146,0.6,0.6015,3189
GEN_2753,LRYHRKTKYHACLSNLACLLATPVNGCVKAIVFLAD,36,3.9,0.7419,0.4781,0.3843,0.3936,0.6,0.6015,3190
GEN_8023,KCTAVTAATASRFDACTYKILHSRGSIYYVLVAK,34,3.82,0.6806,0.4572,0.2837,0.2679,0.8,0.6015,3191
GEN_0263,THCAKKIAVKHCLHYLACVLLTFFNLCLKNFTKLIP,36,4.61,0.7655,0.5658,0.4167,0.5835,0.5,0.6015,3192
GEN_3283,YRLWYKPKAHACLSTLACLLLIIANGCQKTFTKLAV,36,4.81,0.7378,0.5388,0.4167,0.5367,0.6,0.6015,3193
GEN_2972,FYCWYKPKAAACAYTLACHLLIILNGNLKAKNFAAV,36,3.81,0.7404,0.4317,0.4815,0.4168,0.6,0.6015,3194
GEN_5161,LHCAKKAAAKHCLHYLLCVLLTYFINCLHAKAFAIP,36,4.06,0.7198,0.4959,0.4815,0.6383,0.5,0.6015,3195
GEN_4347,FHCAKKIAAKHSLHRLACVLLSYFYTCLKATVLLAP,36,4.99,0.7283,0.5403,0.4491,0.5936,0.6,0.6015,3196
GEN_1392,THCAKKILAKHHLRYLACVLLTYFNACLHAKAFATD,36,3.72,0.7531,0.5305,0.3843,0.4545,0.6,0.6015,3197
GEN_1921,FHCAKKIAAKHCLHYLACVLLNYFIWCVKTKANAVP,36,4.98,0.7484,0.4916,0.4491,0.5314,0.5,0.6014,3198
GEN_8168,THAAKKTAAKTSIHYLACVLLTYFNSSDKRTVFALF,36,3.56,0.6761,0.4533,0.3519,0.4061,0.7,0.6014,3199
GEN_5382,THCCARPKAHANLSYLACVLLHYWNACVHAKVFAAK,36,3.7,0.7176,0.424,0.4167,0.4584,0.5,0.6014,3200
GEN_0699,THCAKKIAAKHCLHYLACVLVTYFIACVKTFLSLAD,36,2.62,0.76,0.4857,0.4167,0.4618,0.5,0.6014,3201
GEN_6485,THCAKKLVAKHCLHYLACVLLSYFNCCDKNFTSLLP,36,2.61,0.7068,0.4642,0.3194,0.52,0.4,0.6014,3202
GEN_4654,THAAKKIAIKHCLHWLAAVLLTYFNACLKFFTSLIP,36,3.63,0.7249,0.5757,0.5139,0.6577,0.7,0.6014,3203
GEN_6838,SHCAKKPLAHHSLHYLACVLLTYFNACLFTFTKLLK,36,3.77,0.7023,0.458,0.3843,0.4518,0.6,0.6014,3204
GEN_5258,THLAKKAAAAHCLHYLACVLLTYFINCLHLKKFAIP,36,3.71,0.7187,0.4785,0.4815,0.5447,0.6,0.6014,3205
GEN_6498,THCAKKPLAHACLNYLACVLLTYDNGCVKARVFLVP,36,2.53,0.7066,0.45,0.4167,0.5276,0.5,0.6014,3206
GEN_5148,SRCAHKPKIHACLSTMAAALLTILTGCVKAKGFAPH,36,4.69,0.7199,0.475,0.4167,0.4708,0.6,0.6013,3207
GEN_7173,TRYHKKPHYHAALSTLACALLTISNGDVRAKVFVPV,36,3.65,0.6974,0.4639,0.3843,0.4057,0.7,0.6013,3208
GEN_6045,THCAIKPLALHCLHYCAFLLITYFNCHLKAKTFAIF,36,2.7,0.7113,0.4802,0.4491,0.5981,0.5,0.6013,3209
GEN_5617,FMCAKKTAAKHSLIYLACCLLTYFNTCLKATVFALF,36,3.8,0.7152,0.5171,0.4491,0.6511,0.5,0.6013,3210
GEN_1913,THCAKKDLAKHCYHYLAAVLLTWFNACLKNFTKLSP,36,3.62,0.7485,0.5561,0.3519,0.4744,0.6,0.6013,3211
GEN_0572,LHCAKKAAAKHSLHYLACVLLTYFNWCLKTFTFAAP,36,3.99,0.7613,0.4984,0.4491,0.4456,0.6,0.6013,3212
GEN_4205,THCLKHKLAKHCLHYLACVLLTYFNLIAKNFTKLAD,36,3.71,0.7298,0.5776,0.3519,0.5536,0.6,0.6013,3213
GEN_1169,THCAKKAAAKHCLHYLACVLLTYFINCLKNFVSLGP,36,3.61,0.7551,0.5559,0.3843,0.5574,0.5,0.6013,3214
GEN_2601,THRAQKYAARHCLHDLACVLLTYFIPCLKTFKSAIF,36,3.63,0.7432,0.5713,0.3843,0.5442,0.6,0.6013,3215
GEN_3129,THYHKKPKYHDCLSNLACLLLTAVNGCVKAKVFAAP,36,3.62,0.7391,0.4676,0.3519,0.3488,0.6,0.6013,3216
GEN_1165,THCAKKPLAKHSLHYLACVLFSYFSACLKTFTKLIG,36,4.62,0.7551,0.5347,0.3519,0.4224,0.6,0.6012,3217
GEN_7297,THCAKKAAAKHCLHYLTCVLLSYFNAFLYAKANAVP,36,3.62,0.6958,0.4809,0.4167,0.5361,0.6,0.6012,3218
GEN_2289,THCAKKIAALHCLHYLACVLLTYFIACLKAKTSVKP,36,4.61,0.7455,0.4339,0.4167,0.4083,0.5,0.6012,3219
GEN_0755,THCAKKIAAKHPLHYLACVLLTYFNSCLKANVFALF,36,3.62,0.7595,0.5221,0.4491,0.4884,0.6,0.6012,3220
GEN_8289,THDAKKILAKHCFHYLACVLITYFNGCLKNFTDLIP,36,1.63,0.6723,0.533,0.378,0.6391,0.6,0.6012,3221
GEN_6443,TPCAKKILAKHCEHYLACVLLTYLNPCMKAKPKLIP,36,4.53,0.7072,0.4972,0.4167,0.6031,0.5,0.6012,3222
GEN_3233,TRCAKKPKAHACLSYLACLLLIINNGCLKAKVFAAR,36,6.44,0.7382,0.4872,0.4423,0.5395,0.5,0.6012,3223
GEN_2519,LHCAKKIAAKHSLHYLACALDTYFIACLKTFTSLIP,36,2.99,0.7439,0.4865,0.4167,0.4322,0.6,0.6011,3224
GEN_0496,FHCAKKPLAKHCLHYLACVLLTYFNVCLHAKAFAAD,36,3.07,0.7622,0.5061,0.4491,0.5214,0.5,0.6011,3225
GEN_5439,THCDKKIAAKTCLHYLGCVLLGYFIACLKTFTSLAP,36,2.53,0.717,0.4325,0.3519,0.4071,0.5,0.6011,3226
GEN_2973,TRCAKKPKAHAKLSTLACASLVILNYCVKAFPRALV,36,6.45,0.7404,0.6308,0.4753,0.7397,0.6,0.6011,3227
GEN_1319,THCAAKPHAHLALSYMACIILILNNGCIKTFFVAPK,36,2.63,0.7538,0.4568,0.4815,0.4243,0.6,0.6011,3228
GEN_0236,LHMAKKIAAKHSLHYLACVLATYFHACLKTTVFALF,36,4.08,0.7659,0.4966,0.4815,0.3962,0.7,0.6011,3229
GEN_5533,HRCWKKPKAHAELSTLVCLLQIINNGKGKTFTKLPKPFGILTYSR,45,7.91,0.7159,0.5781,0.4114,0.6448,0.6,0.6011,3230
GEN_0464,THSAKKAAAKHCLHYLACILLSYFNAFLKAKVFAIF,36,4.63,0.7626,0.5533,0.4815,0.4985,0.7,0.6011,3231
GEN_6361,THCALVALAKHSILALACVLLTYLNGAVHAKVFDVP,36,0.64,0.7082,0.494,0.6416,0.6866,0.7,0.6011,3232
GEN_0990,THCAKKILAKHCLHYTACVLLTYFNRALKNFTKLIP,36,5.62,0.7571,0.6722,0.3519,0.6459,0.6,0.601,3233
GEN_4861,THCAKKPLHKHAYHYLACVLLTYFNANQKTFTILWP,36,3.72,0.7227,0.4775,0.3519,0.3349,0.7,0.601,3234
GEN_8254,TRYHKKPHYHTCKSTPACLLLTIANGCWKAKVFAAH,36,5.71,0.6737,0.4267,0.3,0.3791,0.6,0.601,3235
GEN_0421,FHCAKKPLAKHCLHYIACVLLTYFNTCLNRKVFAIF,36,4.98,0.7631,0.5451,0.4167,0.5509,0.5,0.601,3236
GEN_0622,LHCAKKIAAKHSLHYLACVLLTYLIACLKFYQTNFP,36,3.98,0.7607,0.4689,0.4167,0.3633,0.6,0.601,3237
GEN_6061,THCAKHPLAKHCLSYLGCVLLHYFNACLHAKAFAAK,36,3.79,0.7111,0.4466,0.3843,0.4758,0.5,0.601,3238
GEN_2254,THCAKKAAAQNCLHYLACVYLTAFNSCLNRKVTAIF,36,3.53,0.7459,0.4977,0.3519,0.4477,0.5,0.601,3239
GEN_1369,THCAKKPVAKHCLHYLACVLLTYFWTCLHATAIAAD,36,1.71,0.7533,0.4923,0.4372,0.5067,0.5,0.601,3240
GEN_4349,TRCAKKPKAHACLSTLNCLWLIILNETLKAKVFAAV,36,4.45,0.7282,0.501,0.4491,0.5248,0.6,0.601,3241
GEN_2945,THCAAKPKAHAALSYMACILLAINNGCGKTFTKLPK,36,4.54,0.7405,0.5544,0.3843,0.5207,0.6,0.601,3242
GEN_2763,THCAKKIAAHHCLHYLACVLLTYFIQCLKTFTWLIY,36,2.7,0.7418,0.5321,0.3843,0.5469,0.5,0.601,3243
GEN_3827,TRCLHKPKAHACISTLACHLLIHLNGNLKAYIFAAW,36,3.71,0.7335,0.4737,0.4167,0.435,0.6,0.601,3244
GEN_2514,TRCAKKPNKHACFSTLACLLLIFANGQGKTFTKLAV,36,5.45,0.7439,0.5778,0.3519,0.5187,0.6,0.601,3245
GEN_8066,WHTKFDKKSRGSKRCVLVVALNCGGKIGDCRKKAPK,36,8.81,0.6793,0.4952,0.464,0.6439,0.6,0.6009,3246
GEN_2586,LHCAKKIDAKHSLHYLACVLVTYWIACLKTFHSLAP,36,3.07,0.7433,0.4641,0.4167,0.3948,0.6,0.6009,3247
GEN_3229,LHCAKKIAAKHSLHILACVLLTNFHACLKTCTWAQF,36,4.07,0.7382,0.4762,0.4167,0.4939,0.5,0.6009,3248
GEN_6210,NHCFKKPKAHACLSYLACLLLICNIGCLKGKIFAAH,36,4.97,0.7096,0.4045,0.3843,0.4754,0.4,0.6009,3249
GEN_4048,TRYHKKPKYKACLSNLACLLLTPVNGCVKAKVFAAR,36,7.45,0.7313,0.4493,0.4363,0.4178,0.6,0.6009,3250
GEN_4479,LHCAKKIFLKHSQHFLARWLLTYFIRCLKNFTSLIP,36,6.0,0.7269,0.6577,0.4167,0.6896,0.7,0.6009,3251
GEN_1201,THCAKKIAAKHSLHYLACILLTYFIWCVKTFTLMAP,36,3.62,0.7549,0.4755,0.4491,0.4195,0.6,0.6009,3252
GEN_0975,LHCAKKIAAKHSLHYLACVLVTYFNACLKAKVFALF,36,4.98,0.7573,0.5065,0.4815,0.498,0.6,0.6009,3253
GEN_2453,LHCAKKIAAKHSLHYSACVLLTYFIACLKTSTQLIE,36,2.99,0.7443,0.4548,0.3519,0.3126,0.6,0.6009,3254
GEN_2265,TRYHKHPKYHACLSNLACLLITPVNGCVKAKVFAAV,36,4.62,0.7457,0.4651,0.3843,0.3588,0.6,0.6009,3255
GEN_4279,TVCGKKIAAHHCLHYLACVLLTYYINCLKTFTSLIP,36,2.61,0.7289,0.5167,0.3519,0.518,0.5,0.6009,3256
GEN_3404,THKATKPLKHACLSYLMCMLLTYLNGCVKAKTFAVP,36,4.54,0.7368,0.5359,0.3843,0.4979,0.6,0.6009,3257
GEN_2762,THCAKKHAAKHCLRYLACVLLTYFINCLKTFTSWIP,36,4.61,0.7418,0.5743,0.3519,0.5843,0.5,0.6009,3258
GEN_0306,THCAKKIAAKHCLHYLACVLVTYFIACLKTYTSAAP,36,3.61,0.7647,0.4555,0.3843,0.3642,0.5,0.6008,3259
GEN_1270,TVCAKKIAAKHALHYLACVLLTYFINCLKTFTSIIP,36,3.54,0.7542,0.5643,0.4491,0.5687,0.6,0.6008,3260
GEN_2553,TRCAKKPNKHACFSTLACLLLIFLNGQGKTFTKLAV,36,5.45,0.7435,0.5778,0.3519,0.5187,0.6,0.6008,3261
GEN_2966,THCAKKILAKHCLHYLACALLTYWNHCLKAKTSDVP,36,3.7,0.7404,0.4564,0.3194,0.358,0.5,0.6008,3262
GEN_2508,THCAKKAAAKHPLHYLACVLKTYFNSCWNKKVFAIR,36,6.62,0.744,0.4544,0.3881,0.348,0.6,0.6008,3263
GEN_1593,THCAKKAAKKHCLHYLACVLLTYFINCLKAKAFAIP,36,5.61,0.7511,0.5074,0.4167,0.5152,0.5,0.6008,3264
GEN_0327,THCAKKAAAKNCLYYLACVLLTYFNSCLNRKVFAIF,36,4.44,0.7645,0.5378,0.3843,0.5018,0.5,0.6008,3265
GEN_0974,THCAKKAAAKNCLHNLACVLLTYFNSCLNRKVFTIF,36,4.53,0.7573,0.5239,0.3519,0.4624,0.5,0.6007,3266
GEN_2308,TRSAKKPKAHACLSYLACLLLTCNNGAVKADIFAPC,36,3.44,0.7454,0.464,0.3843,0.4231,0.5,0.6007,3267
GEN_8426,TRYHKKPKYHACHSNLACVLLTPVNGCVKAKVFAGR,36,6.62,0.6666,0.4216,0.3363,0.4217,0.6,0.6007,3268
GEN_0996,THCAKKPLAKHCLHWLACVLLTYFNSCLKAKVFAIF,36,4.61,0.7571,0.5221,0.4491,0.5574,0.5,0.6007,3269
GEN_3736,TRYHFKPHYHACLSTLACLLLTILNGCVKAKVFAAH,36,3.71,0.7342,0.4881,0.3843,0.4223,0.6,0.6007,3270
GEN_2758,THCAKKIAAKHCLMYLACVLLTYFSNCLKNFTSELP,36,2.53,0.7419,0.5389,0.3519,0.5235,0.5,0.6007,3271
GEN_1518,THCAKKIAAKHRLHYLACVLLTYFIACLKTFTNLIP,36,4.62,0.7519,0.5154,0.4167,0.4584,0.6,0.6006,3272
GEN_6831,THCAHHAAVKNCLHYLACVLLTYFGNCLHVKAFAIG,36,1.79,0.7023,0.4805,0.3989,0.5647,0.5,0.6006,3273
GEN_5763,FRCWKKPKAHAKLSTLALLLLIILNGCNKAKMFAAN,36,6.82,0.7139,0.5621,0.5294,0.6713,0.7,0.6006,3274
GEN_3333,THCAKKIAALHCLRYLAMVLWTYFNAILKPFTSLAL,36,3.55,0.7375,0.6173,0.5139,0.6923,0.7,0.6006,3275
GEN_5997,THCAKKPLAKHCLHYLYCVLVTYFNACLKAKVFAIF,36,4.61,0.7118,0.4923,0.4167,0.5804,0.5,0.6006,3276
GEN_7962,TPCAKKIAAKHCLHYLACVNLTYFINCSKTFTSLIP,36,3.53,0.6825,0.4811,0.3519,0.5655,0.5,0.6006,3277
GEN_3402,THCAKKALAKHCLHYLAMALGTYFRACLHAKAFAAD,36,3.72,0.7369,0.4927,0.4167,0.4557,0.6,0.6006,3278
GEN_3317,FECAKKPYAKHCLHYLASVLLTYFQLCLHVKLFAAD,36,1.99,0.7376,0.4913,0.4172,0.4525,0.6,0.6006,3279
GEN_4552,THCAKKAAAKHCLHYLACVLLTYFNSCLNGKVFAIF,36,3.61,0.726,0.4616,0.3843,0.4637,0.5,0.6006,3280
GEN_8336,QHCARKIAARHSLHYTACVLLTYFIAALMTFTSLIP,36,3.0,0.6704,0.488,0.4491,0.5687,0.7,0.6006,3281
GEN_2215,FHCAKKIAAKHCLHYLACVLLNYFIWCVKTKTLLAP,36,4.98,0.7462,0.4916,0.4491,0.5314,0.5,0.6006,3282
GEN_6665,TRYHHKTHYHACLSTLACTLLTIANGCVHAKVFAAH,36,2.89,0.7045,0.3855,0.3,0.2363,0.6,0.6006,3283
GEN_5588,THCAKKIAAKHCLHYLVCVLLTYFNACLHAKAFAAD,36,2.71,0.7155,0.4642,0.4167,0.5247,0.5,0.6006,3284
GEN_3086,THCNKPIAAKHCLHYLACILLTYFNSKLNHKVFAIP,36,3.71,0.7395,0.4647,0.3843,0.3703,0.6,0.6005,3285
GEN_4124,TRCAKSSKQHACLSTLACYWIIIINETLKAKIFAAV,36,3.45,0.7305,0.5017,0.3843,0.4525,0.6,0.6005,3286
GEN_2268,TVCAKKIAAKHCLHYLACVLLTYWNLCLHAKAFAAD,36,2.62,0.7457,0.4833,0.4491,0.5179,0.5,0.6005,3287
GEN_3294,TRYRKKRHNHACLSNLACLLLTVVNGCVKAKVFAAR,36,7.54,0.7377,0.4531,0.4091,0.38,0.6,0.6005,3288
GEN_1609,LHCAKKIAAKHSLHYLAKVLLTYFLACLKTFTSLAP,36,4.99,0.751,0.5511,0.4491,0.4852,0.7,0.6005,3289
GEN_2899,TRCAKKPKAHACLSYLACLLLIINNGCLKAKVCAAR,36,6.43,0.7408,0.4733,0.4093,0.5395,0.4,0.6005,3290
GEN_3534,THCAKKILAKHCLHYLACVTLTYWDACLKAKTSDVP,36,2.62,0.7358,0.4187,0.3194,0.3039,0.5,0.6005,3291
GEN_1562,HHCAKKLLAKHCLHYLACVLLTNFQACLKAKVFALF,36,5.06,0.7515,0.4842,0.4491,0.506,0.5,0.6005,3292
GEN_0277,THCAKKAAAKHCLHYLACVLLTYFINCLKTFTNLEP,36,2.62,0.7652,0.5266,0.3519,0.4477,0.5,0.6005,3293
GEN_0701,EHCADRIAAKHCLHYLACVLLTYFNSCLKAKVFAIF,36,2.05,0.76,0.5082,0.4167,0.4934,0.5,0.6004,3294
GEN_0784,FHCAKKPLAKHELHYIACVLVTYFNACLKAKVFAIF,36,3.99,0.7592,0.5094,0.4815,0.4947,0.6,0.6004,3295
GEN_7996,THCAKPIYGEHCLHYLACVLLTYLNPCVKAKVFAVP,36,1.62,0.6816,0.4921,0.4435,0.6756,0.5,0.6004,3296
GEN_1385,DHCAKKILAKYCLHYLACVLLTYFNLCLKNFTKLIP,36,3.89,0.7531,0.5519,0.3843,0.5495,0.5,0.6004,3297
GEN_3899,FRCWKKPKAHACLSTLACLLLIKLNGKAHTFTKLPK,36,7.9,0.7329,0.4851,0.495,0.5291,0.6,0.6004,3298
GEN_7953,THCAKKPLAKHCLHVLVCVLLTYFNACLKTFTSVNP,36,3.62,0.6827,0.5083,0.3843,0.6411,0.5,0.6004,3299
GEN_1463,THCAKKILAHHCLHYLACVLLTYFNACLGTYDKLPK,36,2.7,0.7525,0.4068,0.3194,0.2446,0.5,0.6004,3300
GEN_6848,IILMWPSRYTAPCIKLLCVRFKNSALADIFQALWKNYS,38,3.74,0.7022,0.6043,0.4781,0.7825,0.6,0.6004,3301
GEN_1942,THCAKKPLAKHCLHYLAQVLLTYFNACLKTFTKLIP,36,4.62,0.7482,0.5663,0.3843,0.5181,0.6,0.6004,3302
GEN_3278,TRCAKKPKAHACLSTLACASLIILNTHLKAMVFAAW,36,4.54,0.7378,0.5149,0.4815,0.5542,0.6,0.6004,3303
GEN_2942,DHCAKKAARKNCLMYLACVLLTYFRNCLHPKAFAIG,36,4.89,0.7406,0.5191,0.3843,0.5233,0.5,0.6003,3304
GEN_1362,THCAKKPLAKHCLHYLACVLLTYFNAVLHAMAFAAD,36,1.72,0.7534,0.52,0.5013,0.5455,0.6,0.6003,3305
GEN_2703,FHCAKKPLAKHFLHYGACVLVTYFNACLKAKVFAMF,36,4.98,0.7423,0.5429,0.4815,0.5897,0.6,0.6003,3306
GEN_6989,TRCAKKPKATACLSTLACVCLTILNGCVKVKVFAAH,36,5.43,0.7003,0.4756,0.3843,0.6119,0.4,0.6003,3307
GEN_6981,THCAKKIAAKHCVHYLACVLVTYDNAILHVKAFAIP,36,2.71,0.7004,0.4833,0.4491,0.5556,0.6,0.6003,3308
GEN_4354,LRYHRKTKYKACLSNLACLLLTPSNGCVKAIVFAAV,36,5.81,0.7282,0.472,0.3843,0.407,0.6,0.6003,3309
GEN_1663,THCAAKPLAHACLSYLACVLLTWLNGCVKAKVFAVP,36,2.53,0.7505,0.5303,0.5139,0.6486,0.5,0.6003,3310
GEN_2432,THCAKKAAAKHRHHYLAAVLLTYFNSCLKRTVFAIG,36,5.72,0.7445,0.5471,0.3519,0.3952,0.7,0.6003,3311
GEN_2712,THCLKKIAAKHCLHYLACSLVTYCIGCLKAFTNPAP,36,3.6,0.7422,0.4381,0.3519,0.4191,0.4,0.6003,3312
GEN_5358,THCAKKPLAKTSLSYLACVLLTYFNACLKTFTHLAR,36,4.54,0.7178,0.5601,0.3519,0.5455,0.6,0.6003,3313
GEN_0652,THCAKKAAARHNLHFLACVLLTYLNSCLNRKVFAIF,36,4.63,0.7605,0.5467,0.4167,0.4884,0.6,0.6003,3314
GEN_3455,THCAAKPIAHAALSYMACILLILNSGCIKTGTKLAK,36,3.54,0.7364,0.5618,0.4167,0.5703,0.6,0.6003,3315
GEN_2366,THCAKKPKAHACLSYLACLILTPVNGNLKAMVFAAW,36,3.54,0.7449,0.4769,0.4815,0.4726,0.6,0.6002,3316
GEN_1540,THCAKNPLAKRCLHYLGCVTLTYFWACLKTFTKLIP,36,4.53,0.7517,0.5228,0.3519,0.4703,0.5,0.6002,3317
GEN_2359,TVPAKKICAKHCLKYLACVLLTYFINCLKNQTSLLP,36,4.44,0.745,0.5372,0.3843,0.5423,0.5,0.6002,3318
GEN_7956,TVCAKKICAKHCLHYLASVLETYFINCHKNFTSLLP,36,2.62,0.6826,0.456,0.3194,0.4884,0.5,0.6002,3319
GEN_5668,THLWEKYKAHACLSFLGALLLIYNILCLKAKIFAAH,36,2.64,0.7147,0.4541,0.4815,0.4379,0.7,0.6001,3320
GEN_6359,WKCWYKPKAHACLSTLACQQAIMLNGKGRTFTNLPKSFGIGNGNR,45,6.81,0.7082,0.5919,0.3473,0.6818,0.5,0.6001,3321
GEN_2402,TRCAKKPKAHACLSTLACVLLTYFNACVHAKVFAAK,36,5.53,0.7447,0.4872,0.4167,0.4914,0.5,0.6001,3322
GEN_1715,THCWKKAAAKHCLHSLACVLLTYFINCLKNFTSLAP,36,3.62,0.7502,0.5559,0.3843,0.5609,0.5,0.6001,3323
GEN_1736,THCAKKIAAKHCLHYIACVLLTYFINCPKTFTSLIP,36,3.61,0.75,0.5023,0.3843,0.4724,0.5,0.6001,3324
GEN_5702,TRYRKKPHYHSCLSTPACLLLTIANGCVKAKVFAVP,36,5.54,0.7143,0.4558,0.3519,0.3787,0.6,0.6001,3325
GEN_6302,LHCARKLVAKLCLHYRACVLLTYFNGCLKTFTSGAP,36,4.89,0.7087,0.5316,0.3519,0.5849,0.5,0.6001,3326
GEN_1762,THCAKKIAAKHSLHYLACVLLTYFNKCLKAKVFAIF,36,5.62,0.7498,0.5626,0.4167,0.5389,0.6,0.6001,3327
GEN_7087,NHCAKKPKAHACTSYVACLLLTPLNGCVKAKVFAPR,36,5.89,0.6988,0.4632,0.3843,0.5261,0.5,0.6,3328
GEN_4217,TRCARKPKAHACLYTLWCLLLIDVNGRLKALVIEVR,36,4.46,0.7297,0.5259,0.4167,0.5242,0.6,0.6,3329
GEN_0165,FHCAKKAAAKNCLHYLACVLLTYFNTCLNRKVFAIW,36,4.89,0.7674,0.5451,0.4167,0.5347,0.5,0.6,3330
GEN_5935,AHCATKPKAHACLSYLACLADTCLNGCKKAKVFGWP,36,3.92,0.7123,0.4933,0.3519,0.5783,0.4,0.6,3331
GEN_3225,LRYHRKTKYKACLSNLACLLLTPVNGCLKYKLTAAK,36,7.81,0.7382,0.4303,0.4055,0.3334,0.6,0.6,3332
GEN_1293,TRCAKKAAAAHCLHYLACVLLNYFNAFLLAKINARP,36,4.54,0.7541,0.5218,0.4815,0.5247,0.6,0.6,3333
GEN_2207,THCAKKILMKHCYHMLACVLLTYFNAGLRTFTKLVK,36,5.62,0.7463,0.6347,0.3519,0.6016,0.6,0.6,3334
GEN_0285,THCAKKIAAKHSLHYLACVLLTYFNSCLKATVFLAP,36,3.62,0.7651,0.5082,0.4167,0.4115,0.6,0.6,3335
GEN_1171,THCAKKILAKHCLHYLACVLLTYLNPCVKAKVFAVP,36,4.61,0.7551,0.506,0.4491,0.5302,0.5,0.6,3336
GEN_5088,TRCWFKPKAHACLSTLAHLLLIILNACVKAKVFAAK,36,5.54,0.7204,0.4764,0.5139,0.5603,0.6,0.6,3337
GEN_3446,THCAKKAAAKHYLHYLAHVLLSYFNAFLYAKANAVP,36,3.73,0.7365,0.5144,0.4491,0.4537,0.7,0.5999,3338
GEN_1132,KHCAKKIAAKHCFHYLACVLLTYFNACLHAKAFAAD,36,4.07,0.7556,0.4716,0.4167,0.439,0.5,0.5999,3339
GEN_0062,FHCAKKAAAKNSLHYLACVLLTYFINCLKNFVSLAP,36,3.9,0.7702,0.5836,0.4491,0.5574,0.6,0.5999,3340
GEN_3716,THAAKKPLKHACMSYLACVLLTYLDGCVKAKVNAHA,36,3.62,0.7343,0.5287,0.3843,0.4845,0.6,0.5999,3341
GEN_5687,TCCAKKILAKHCLHYLACVLLTGVNGSVKAAVFAAV,36,3.53,0.7145,0.4833,0.4491,0.5869,0.5,0.5999,3342
GEN_4154,TRCLKKPKAHACISTLACHLLIHLNGNLKAMIFAAW,36,4.63,0.7302,0.5215,0.4491,0.5467,0.6,0.5999,3343
GEN_2392,THCAAKPKAHACLSYMACILLILNNGCIKTKVFAAK,36,4.53,0.7448,0.3997,0.4167,0.3441,0.5,0.5999,3344
GEN_4017,THRAKKIAAKHCLGDLACVLSTFFIACLKTFTNLIP,36,3.54,0.7317,0.5154,0.4167,0.5012,0.6,0.5999,3345
GEN_0867,FHCAKKTAAKTSLHYLACELLTYFNSCLKATVFALF,36,2.9,0.7583,0.5253,0.3843,0.4227,0.6,0.5999,3346
GEN_8247,QVKGKKACDAPNLGKLWCLKIRRRLV,26,6.74,0.6738,0.4963,0.0999,0.0212,1.0,0.5999,3347
GEN_8364,FHCIKKAAAKNCLHYLDCVLLTYFSTCLNRKSFAIF,36,3.89,0.6692,0.5207,0.3519,0.6578,0.5,0.5999,3348
GEN_1931,FHCAKQPLAKHGLHYLACVLLTYFNAPLKTFTKLSH,36,4.08,0.7483,0.559,0.3843,0.4358,0.7,0.5999,3349
GEN_5853,THCAKKPLAKHCLHYLGCVLLTYFSACLKTPTKLAR,36,5.61,0.7131,0.5381,0.3194,0.5509,0.5,0.5998,3350
GEN_3738,TRCAAKPKAHAALCWLACLLLVAMNDQIKTSRKLEV,36,3.46,0.7342,0.5484,0.4491,0.5817,0.6,0.5998,3351
GEN_0971,THCGKKIAAKHCLHYLACVLLTYFITCLKNFTKRIP,36,5.61,0.7573,0.5712,0.3194,0.5032,0.5,0.5998,3352
GEN_0030,FHCAKKAAAKNCLHYLACVLLTYFIDCLHAKAFAIG,36,2.98,0.7719,0.4974,0.4491,0.4758,0.5,0.5998,3353
GEN_3102,THCVKKPKAHACLNYLACLLLTPANGCVKAKVEPAI,36,3.53,0.7393,0.4551,0.4167,0.4486,0.5,0.5998,3354
GEN_3434,TRYHKKPKYHACLSNLACLLLTLVNGCVKAKVFLPK,36,6.53,0.7365,0.467,0.3831,0.375,0.6,0.5998,3355
GEN_2090,TVCAAKPHAHLALSYMACILLTYLNGCVKAKVFAVP,36,2.54,0.7471,0.5207,0.5139,0.5702,0.6,0.5998,3356
GEN_1249,TLCAKKIAAKHSLHYLACVLLTYFNACLKTKAFAIP,36,4.54,0.7544,0.4968,0.4491,0.449,0.6,0.5998,3357
GEN_3701,TRCAKSSKAHACLFTLAFLWIIILNETLKAIVNGAV,36,2.47,0.7344,0.5879,0.4815,0.6132,0.7,0.5998,3358
GEN_4106,THCAKKIAEKHSLHYLACVLLTYFIACYKTFTSLLP,36,2.63,0.7307,0.4733,0.3519,0.3667,0.6,0.5997,3359
GEN_2200,THCAKKPKAHACLSYLACLLLTPLNETYKTFTFLPK,36,3.54,0.7463,0.4804,0.3519,0.3427,0.6,0.5997,3360
GEN_2290,FHCAKKIGAKHSLHYLACVLLEYWNSCLWATVFALF,36,1.99,0.7455,0.4798,0.4498,0.4415,0.6,0.5997,3361
GEN_3239,TRCTRKPKAHACLSFLACLVLTSNNGVVKAKVFAPR,36,6.45,0.7382,0.4879,0.4106,0.433,0.6,0.5997,3362
GEN_4798,WRCVYKPKAHACFSTLACLQAIALFGKGKGFTKLPKSFGIGTGNR,45,7.81,0.7234,0.5958,0.4315,0.7348,0.5,0.5997,3363
GEN_5308,THLAMKAKAHACLSFLACLLLIYNNCCLKAKVFAAH,36,3.62,0.7182,0.418,0.4815,0.5006,0.5,0.5997,3364
GEN_0998,THCAKKAAAKHCLWYIACVLLTYFNACLHAKAFAAD,36,2.62,0.7571,0.4395,0.4491,0.413,0.5,0.5997,3365
GEN_3635,ERCAKKPKYHACLSYLACLLLIINNGCLKAKVFAAH,36,4.96,0.7349,0.4975,0.3843,0.4967,0.5,0.5997,3366
GEN_6467,LLCAKKIAAKHSLHYFLCVLCTYFIACLKTYTTLIP,36,3.89,0.707,0.4518,0.4167,0.5179,0.5,0.5997,3367
GEN_0804,THCAKKPLGKVCLHYLAFVLLTYFNACLHAKAFAIP,36,3.62,0.7589,0.5354,0.4815,0.5347,0.6,0.5997,3368
GEN_6392,TRYRKKPINHACLSTLACLCLTILNGCVKAIVFAAH,36,4.53,0.7078,0.5005,0.3843,0.5642,0.5,0.5996,3369
GEN_2418,THCAKKIAAKHCLHYLAHVLLTYFIACLKAKVFAIF,36,4.71,0.7446,0.5295,0.4815,0.5575,0.6,0.5996,3370
GEN_4516,NRCWKKDKAHACLSTLACLLLIILNGQGKTFTKLPK,36,5.81,0.7264,0.4776,0.3194,0.3509,0.6,0.5996,3371
GEN_7289,KRTALTAATASRFDACTWKILHSRGSIFYVDVAK,34,3.84,0.6958,0.4685,0.318,0.2727,0.8,0.5996,3372
GEN_5398,TAYLRKHHYHACLSTPAIHLLTDLNGCIKAKVFAAA,36,2.72,0.7174,0.4946,0.3843,0.3982,0.7,0.5995,3373
GEN_0310,TVCAKKIAAKHCLHYLACVLLTYVIACLKTYTTLIP,36,3.53,0.7646,0.4694,0.4167,0.4116,0.5,0.5995,3374
GEN_0441,THCAKKIKAKHCLHYLACVLLTYFNACLKAHVFAVF,36,4.7,0.7629,0.4787,0.4167,0.4311,0.5,0.5995,3375
GEN_3903,SRCAKKPKAHACLSTLACLLLIILNETLKAKVFRAH,36,5.6,0.7329,0.4879,0.4167,0.4499,0.6,0.5995,3376
GEN_4972,THANKKIWAKHCLHYLACVLITWFIAALKTFTSLAP,36,3.63,0.7214,0.5055,0.4815,0.504,0.7,0.5995,3377
GEN_6466,FHSAAKPLAKHCLHYLGCVLLTYFNRCLHAKVFAIH,36,4.16,0.707,0.5604,0.4167,0.6311,0.6,0.5995,3378
GEN_0696,FHCAKKPLAKHCLHYLACVLLTYFNACLKAKTSVKP,36,5.97,0.76,0.4784,0.3843,0.405,0.5,0.5995,3379
GEN_4182,THCAAKPHAHLALSYMACGLLALNDGSIKTFFPLPK,36,1.64,0.73,0.483,0.4745,0.439,0.7,0.5994,3380
GEN_7790,QVCAKKIKAKHCLHYLSCSLLVYFILCLKNFTILIP,36,4.89,0.6867,0.4429,0.4167,0.5482,0.5,0.5994,3381
GEN_1853,THCAKKIAAKHCLHYLACVLVTKFIACLKTYTTLIP,36,4.61,0.7491,0.4853,0.3843,0.4411,0.5,0.5994,3382
GEN_2288,THCAKKPLAKKCQHYLACVLLTYQNACLHAKAFALD,36,3.62,0.7455,0.4946,0.3519,0.4324,0.5,0.5994,3383
GEN_1097,THCAKKPLAKHSLHYLACVLLTYFNACLKAKQFAIF,36,4.62,0.756,0.4787,0.4167,0.3798,0.6,0.5994,3384
GEN_4109,THCAKLPKAHACLSYLACLQLIINDGALKAKVFLAR,36,3.54,0.7307,0.44,0.4491,0.4069,0.6,0.5994,3385
GEN_6573,KQCWKKPKAHASLSSLACLQCIILNGKGKTFTKLPK,36,7.81,0.7057,0.4367,0.4056,0.4162,0.6,0.5994,3386
GEN_3849,FRCWYKPKAHAPLSTVACLLLIILNVSKKHFTKIPK,36,6.91,0.7333,0.5525,0.502,0.5742,0.7,0.5994,3387
GEN_5294,WRCWYKHKAHAFLSTLACLLLIILNGCNKAKVFLAH,36,4.99,0.7183,0.4704,0.4491,0.4861,0.6,0.5994,3388
GEN_3845,FHCAKKPLYKDCLHYLACVLLTYFNWCLGEFTKNIP,36,1.89,0.7333,0.4603,0.3594,0.4116,0.5,0.5994,3389
GEN_8552,FHCWYRPKAHASLSTLACLQCGILNGHDKTFTKLPK,36,3.99,0.6598,0.471,0.3,0.4751,0.6,0.5994,3390
GEN_6696,THCAKKILAKHFLHYLPCVLLTYSNACVKAKVFVIF,36,4.62,0.7042,0.5333,0.4491,0.6231,0.6,0.5993,3391
GEN_1358,FHCARKIAAKHSLHYLAWVLLTYFIACLKTFTLLAP,36,4.0,0.7534,0.5205,0.5139,0.4852,0.7,0.5993,3392
GEN_6631,GHATKKPNAKHCLMYLECVLVTYFNACLKAKVFAIF,36,3.9,0.7049,0.4787,0.4167,0.4982,0.6,0.5993,3393
GEN_5700,HRCAKKPKAHCELSTLGCLLLIINNGKGRTFTKLPRSFGIGTISR,45,7.9,0.7143,0.6278,0.411,0.7861,0.5,0.5993,3394
GEN_4637,FRCWYKPKAHAPLSTLACLLKIILNGCVKAKVFAAK,36,6.81,0.725,0.5459,0.5288,0.6755,0.6,0.5993,3395
GEN_7734,TRFHKKPHYHLCLSNLAVLLLTPVNETLKNDTFLPK,36,2.65,0.6879,0.514,0.3519,0.4652,0.7,0.5993,3396
GEN_0939,THCAKKPLGKVCLHYLAFVLITYFNACLHAKAFAIP,36,3.62,0.7576,0.5354,0.4815,0.5347,0.6,0.5993,3397
GEN_0515,THCAKKLVAKHCLHYLACYLLTYFNSCLKAKVFLIP,36,4.61,0.7619,0.4943,0.3843,0.4248,0.5,0.5992,3398
GEN_0331,FHCAKKPLAKHCLHYLACVLLTFLNGCVKAKVFAVP,36,4.98,0.7645,0.5249,0.4815,0.5669,0.5,0.5992,3399
GEN_3923,FRCWYKPKAHAPLSTVACLLLIILNPCVKAKVKLAV,36,5.81,0.7327,0.5251,0.5463,0.64,0.6,0.5992,3400
GEN_5516,DHCAKKILAKYCLHYLACVLLTYFNLCLKNFTNLIP,36,2.89,0.7162,0.5187,0.3843,0.5722,0.5,0.5992,3401
GEN_7738,LHCARKIAARHELHYSACSWLTYFIGCLKSFTSLIP,36,2.99,0.6878,0.4746,0.3519,0.4657,0.6,0.5992,3402
GEN_4983,TRHAARPKAHACLSYTACILTTYLNGCVKAKVFAVP,36,4.54,0.7214,0.4719,0.3843,0.4158,0.6,0.5992,3403
GEN_5471,LHCAKKIAAKHSLHYLWCVLLTYFNACLHAKAFAAD,36,3.08,0.7166,0.4828,0.4491,0.5094,0.6,0.5992,3404
GEN_2224,FECAKKPYAKHCLHYLASVLLTYFNLCLHVKAFAAD,36,1.99,0.7461,0.4913,0.4172,0.423,0.6,0.5992,3405
GEN_8076,THCAKKPSWKHCLHYLASVLLTYFIACLKTYTSLIP,36,3.62,0.679,0.4636,0.3519,0.4678,0.6,0.5992,3406
GEN_0218,THRAQKIAARHCLHYLACVLLTYFIPCLKTFKSAIF,36,4.63,0.7662,0.568,0.4167,0.5034,0.6,0.5992,3407
GEN_2575,AVCAKKKAAKHSLHYLACVLLTYFNLCLKAWVFQAF,36,4.93,0.7434,0.55,0.4815,0.5916,0.6,0.5992,3408
GEN_3439,THCAKKILAKHCLHYLACVLLTFLNGCNKAKVFAVK,36,5.61,0.7365,0.4808,0.3843,0.4618,0.5,0.5992,3409
GEN_4551,THCAHRPKAHANLSYLACKLLTYLNACAKRKVFAVP,36,5.62,0.726,0.4958,0.3843,0.4443,0.6,0.5992,3410
GEN_6044,THCAKKPLAKHCLSYLACVLLTFFNPCLKTFTKDAR,36,4.53,0.7113,0.5629,0.3519,0.6245,0.5,0.5991,3411
GEN_0302,FHCAKKIAAKHSLHYLACVLLTYFNSCLNRKVFAIF,36,4.99,0.7649,0.5517,0.4167,0.4784,0.6,0.5991,3412
GEN_2744,THCAQKLVAKHCLTYLACVLLTYFNSCLKAKVFLAP,36,3.53,0.742,0.5082,0.4167,0.5267,0.5,0.5991,3413
GEN_7139,THCAKKPLAHALVSYLACVLLTYFSACVHAAVFAAQ,36,1.63,0.6979,0.5056,0.5401,0.6814,0.6,0.5991,3414
GEN_0325,THAPKKAAAKNCLHYLACVLLTYFNTCLNRKVFAIF,36,4.54,0.7645,0.5451,0.4167,0.4678,0.6,0.599,3415
GEN_4183,TRCATKSNKHACFSTLACLLLIILNGKGKTFTRLPR,36,6.45,0.73,0.519,0.3263,0.4144,0.6,0.599,3416
GEN_0663,THCTKKIAAKHCLHYLACVLITWFIAALKTFTSLAP,36,3.63,0.7604,0.4916,0.4491,0.4209,0.6,0.599,3417
GEN_6143,TVPAKKICAKHCLKSLACVLLTYFINCVKNQTSLLP,36,4.44,0.7102,0.5372,0.3843,0.6159,0.5,0.599,3418
GEN_3638,SKCAKKPKAHACLSYLACLLLWINNGCLKAKIFAAR,36,6.5,0.7349,0.4395,0.4459,0.4573,0.5,0.599,3419
GEN_0279,THCAKKIAAKHSLHYLACVLLTYFIACLKTCTTLIA,36,3.61,0.7652,0.44,0.3843,0.3258,0.5,0.599,3420
GEN_1990,THCAKKLVAKHCLHYLAQVLLTFFNACLKTKTSAAP,36,4.62,0.7478,0.5093,0.3843,0.415,0.6,0.599,3421
GEN_4772,THCAKKPLAKHVLHYLACVLLTYFNAELKTWMILID,36,1.64,0.7237,0.5476,0.4742,0.5583,0.7,0.599,3422
GEN_3795,LRYHRKTKYHACLSNLAMILITPVNYCVKAAVFAAV,36,4.91,0.7337,0.5027,0.4491,0.4351,0.7,0.599,3423
GEN_3828,YVCAKKFLAHACLSYLAAVLLHYHNGCVKAKVFAVP,36,3.98,0.7335,0.4589,0.4815,0.4618,0.6,0.599,3424
GEN_0509,THCAKKAAAKNNLHYLACVLLTYFNSCLNRKAFLIP,36,4.54,0.762,0.5378,0.3843,0.4294,0.6,0.599,3425
GEN_3153,FRVWYKPKAHAPLSTLACLLLIILNPCQKAHIFAAH,36,4.0,0.7389,0.5205,0.5463,0.5497,0.7,0.599,3426
GEN_5227,TRCAKKKNKHACLSYLACLLLIINNGCVKVKVFAAH,36,6.53,0.719,0.5081,0.3825,0.5442,0.5,0.5989,3427
GEN_2969,THCAKKAAAKHCMGYLACVLLTYFIACTKNFTFLIP,36,3.53,0.7404,0.4443,0.4167,0.4219,0.5,0.5989,3428
GEN_5950,THCAKKPVFKHCLHYLACVLLTYLNGCVKAKVFAVP,36,4.61,0.7122,0.5085,0.4167,0.5951,0.5,0.5989,3429
GEN_6729,FRCWYKPHAHAELSTLACLLLIIAAGCVKAKVFAAH,36,2.99,0.7037,0.5577,0.5139,0.7276,0.6,0.5989,3430
GEN_8202,ILLCWPSCYTHPCIKLLKVRFKVSALNDIFEFLKKNNS,38,3.82,0.6753,0.6257,0.386,0.8457,0.5,0.5989,3431
GEN_2248,THCAKKPKAHACLSYLACLLLTCLNGCVKAKVFAPK,36,5.52,0.7459,0.4656,0.3843,0.4793,0.4,0.5989,3432
GEN_5583,FRKWYKPKAHAELSTLACLLLIINNGKGKTFTRHPRPFGIGTITR,45,7.92,0.7155,0.6276,0.438,0.7406,0.6,0.5989,3433
GEN_5286,THCARKPKAHACLCTLAYALGIILNQTVKAKVFALP,36,4.54,0.7184,0.4696,0.4491,0.4807,0.6,0.5988,3434
GEN_4071,THCAKKPKAHACLSYLACNLLTPVNGCVKAKVWPAV,36,4.53,0.731,0.506,0.4167,0.5462,0.5,0.5988,3435
GEN_0768,QHCAKKLVAKHCLHYLACVLLTYFNAFLKTFTSAAP,36,3.99,0.7594,0.547,0.4167,0.4819,0.6,0.5988,3436
GEN_0284,THCAKKIAAKHCLHYLACVLVTYFIACLKNFTSLIF,36,3.61,0.7651,0.4982,0.4167,0.4538,0.5,0.5988,3437
GEN_0567,FHCAKKSAAKHSLHYLACVLLTYANSCLKATVFAFF,36,3.99,0.7613,0.4807,0.4167,0.3667,0.6,0.5988,3438
GEN_1976,THCLAKPKAHAALSYMACILLILNNGCIKAKVFAVP,36,3.54,0.7479,0.4413,0.5139,0.4298,0.6,0.5988,3439
GEN_1748,THCAKKILAKHCLHYLACVLLTYFNACIKTQDKLPK,36,4.61,0.7499,0.457,0.3194,0.3235,0.5,0.5988,3440
GEN_5487,THCAKKPLASHHLHFLACRLLTGFNACLKTFTKLAR,36,5.71,0.7165,0.6053,0.3519,0.6142,0.6,0.5988,3441
GEN_0597,THCAKKILAKHCLHYLACYLLAYFNACLKTSTSLIP,36,3.61,0.7609,0.4326,0.3519,0.2891,0.5,0.5988,3442
GEN_6546,THCAKKPLVYHCLSYLACVLLTYFNACLHAKAFLAQ,36,2.61,0.706,0.4282,0.4167,0.4753,0.5,0.5988,3443
GEN_6672,FRCWYKSKAAACLSTLACLQAIIDNGKGKTFTKIPKI,37,5.72,0.7044,0.4623,0.3378,0.4234,0.55,0.5988,3444
GEN_5951,THCAKKLLAKHCLHYLVCVLLTYFNSCLKAKVFAIF,36,4.61,0.7122,0.5082,0.4167,0.5936,0.5,0.5988,3445
GEN_7242,THAAKKPKVHASLSYLACLLLTPVNGAVKAKVFPAV,36,4.56,0.6965,0.5328,0.5139,0.6352,0.7,0.5988,3446
GEN_8458,WCIGPRWYSPGTYLRILLAC,20,1.74,0.665,0.4551,0.135,0.0,1.0,0.5987,3447
GEN_8119,FHCAKYPLAKHCLHYIVCVTVTYFNSCLKAKVFATF,36,3.98,0.6776,0.4635,0.3843,0.5668,0.5,0.5987,3448
GEN_4419,THCAKKAAAKHCLHALACVLLSYFNAFLYAKANAVP,36,3.62,0.7276,0.4965,0.4815,0.5361,0.6,0.5987,3449
GEN_2464,THCAKKPEAKHCLHYLAIVLLTYFNACLKTFTKLHP,36,3.71,0.7442,0.5524,0.3519,0.461,0.6,0.5987,3450
GEN_3946,FRCWKKPKAHACLSTLACLLLIKLNGKAHSFLKLPK,36,7.9,0.7324,0.4995,0.5274,0.5752,0.6,0.5987,3451
GEN_1393,THCAIKLVARHCLHYLACVLATYWNTSLKAKVFYLF,36,3.62,0.7531,0.5453,0.4167,0.4931,0.6,0.5987,3452
GEN_4320,WSCWYKPKAHAFLSTLACLLLIELNGCNKTHTKLAV,36,2.9,0.7285,0.4698,0.3843,0.3923,0.6,0.5987,3453
GEN_0857,THCAKKILAKHCLHYLACVLLTWFNACLKTYTSLIP,36,3.61,0.7584,0.4749,0.3843,0.3969,0.5,0.5986,3454
GEN_4297,TRYTKKPHNHACLSTLLCLLLDWLNGIVKAFTRLPR,36,4.55,0.7287,0.6722,0.3519,0.6294,0.7,0.5986,3455
GEN_1000,LKCAKKIAAKHSLNYLACVLLTYFIACLKFYTHNFP,36,4.9,0.7571,0.5199,0.4167,0.4404,0.6,0.5986,3456
GEN_0083,THCAKKAAAKHCLHYLACVLLSYFNAFLYAKANAVP,36,3.62,0.7693,0.4833,0.4491,0.3835,0.6,0.5986,3457
GEN_1316,LHSAKKNALKHSLHYLACVLVTYFIACLKTFHSLAP,36,4.08,0.7538,0.5063,0.4167,0.3588,0.7,0.5986,3458
GEN_3266,THCAKKIAAKHSLHYLACVLVTWCIACLHAKANAVL,36,3.7,0.738,0.464,0.4491,0.4912,0.5,0.5986,3459
GEN_6747,THCAACPHAHVCLSYLACVLLTYLNGCVKAKVFAHP,36,1.69,0.7034,0.4791,0.4381,0.6526,0.4,0.5986,3460
GEN_4310,TRCAPKPKAHACLSYLACLLLIINNGCLKAKVCAAH,36,4.52,0.7286,0.4375,0.4167,0.5021,0.4,0.5985,3461
GEN_0587,THCAKKIAAKHCFHYLACVLLTYFNACLKNFTDLIP,36,2.62,0.7611,0.5416,0.3843,0.5012,0.5,0.5985,3462
GEN_6107,GHCAKKIASKHSSHYLACVLLTKFIACLVTYTTLIP,36,3.99,0.7105,0.4767,0.3519,0.4116,0.6,0.5985,3463
GEN_8030,KHTKFECCKLLLRTLRKHILGFTLYSIYA,29,4.91,0.6804,0.6177,0.12,0.2185,1.0,0.5985,3464
GEN_8143,THCAKHAAAKHCLHYLACVLLTYFINSLHVKAFAIQ,36,2.8,0.677,0.4694,0.4167,0.5426,0.6,0.5985,3465
GEN_4188,THCAAKPLAHACLSYLACFLLTYLNGCVKAKVFAVP,36,2.53,0.73,0.5068,0.4815,0.6131,0.5,0.5985,3466
GEN_1186,LHCAKKIAAHHSLHYLACVLLTYFIACLKTETTLFP,36,2.08,0.755,0.4539,0.4167,0.3348,0.6,0.5985,3467
GEN_0333,FHCAKKPLAKHCLHYLACVLLTYFINCLKNATSLIP,36,3.98,0.7645,0.5511,0.4167,0.5414,0.5,0.5985,3468
GEN_6188,TRCAKKPRVHACLSVLQCLLLIILNGCLKAKVFAAD,36,4.45,0.7099,0.4694,0.4491,0.5644,0.5,0.5984,3469
GEN_4632,TRCWKKGKAHACLSTLADLLLIILNACVKAKTKLPM,36,5.45,0.7251,0.5118,0.4167,0.5002,0.6,0.5984,3470
GEN_2237,TVCAKKIAADHCLDYLACVLVTYFNACLKAKVFALF,36,1.44,0.746,0.5065,0.5205,0.6132,0.5,0.5984,3471
GEN_1451,IHTAKKAAAKHCLHYLAAVLLTYFNSCLNRKLFAIF,36,5.0,0.7526,0.5656,0.4491,0.4918,0.7,0.5984,3472
GEN_3543,TRYHKKPHYHACLSTLACLLLTIVNGCVKAKVFAAH,36,4.71,0.7357,0.4742,0.3519,0.3483,0.6,0.5984,3473
GEN_7317,THCARKFLAHACLSYLPAVLLTYLNGQVKAKVFALP,36,3.55,0.6954,0.5349,0.4815,0.6057,0.7,0.5983,3474
GEN_0437,THCAKKAAAKHCLHYLACVLLSYFNAFLYHKANAVP,36,3.71,0.763,0.4694,0.4167,0.3407,0.6,0.5983,3475
GEN_2834,TDYHKKPKYHACLSNLACLLLTPVNGCVKAKVFAAL,36,3.54,0.7413,0.4632,0.3843,0.3488,0.6,0.5983,3476
GEN_2863,TKYHKKPKYHACLSNLACLLLTPVNGCVKAKVFAAV,36,5.53,0.7411,0.4632,0.3843,0.3488,0.6,0.5983,3477
GEN_8419,SHLAMKPKAHACLSFFACLLLIYNNGCLKAKVFDVH,36,2.69,0.6669,0.4089,0.4491,0.4967,0.6,0.5983,3478
GEN_2314,THCAKKPLAKHCLHWLACVLLTYFNAPLKTFNKLAH,36,4.71,0.7454,0.5856,0.4167,0.575,0.6,0.5983,3479
GEN_2486,THCAKKPKAHACLSYLACLLLTILNGCVKAKVFAPR,36,5.53,0.7441,0.502,0.4167,0.5055,0.5,0.5983,3480
GEN_6311,THCAKKPKAKASLSYLACLLLTPVNGCVKAKVFPAP,36,5.45,0.7087,0.491,0.4491,0.5356,0.6,0.5983,3481
GEN_0618,FHCAKKPLAKHCLHYLALMLLTYFNACLHAKAFAAD,36,3.08,0.7607,0.52,0.4815,0.4952,0.6,0.5983,3482
GEN_3269,THCAKKILAKTHLHYLACVLLTYRNACLKNFESLIP,36,3.63,0.7379,0.4988,0.3519,0.3833,0.6,0.5983,3483
GEN_1088,THCAKKIAAKHCLMYLACVLLTYFINCLKNFTSLLP,36,3.53,0.7561,0.5697,0.4167,0.5904,0.5,0.5983,3484
GEN_0957,THCAKKNLAKHCLHYLACVLLTYFNACLKTSTSLIP,36,3.61,0.7574,0.4876,0.3194,0.3527,0.5,0.5982,3485
GEN_3818,TVCAKKIAQKKCLHYLACVLLTYFINCLKNFTSLIM,36,4.44,0.7335,0.5559,0.3843,0.5869,0.5,0.5982,3486
GEN_5835,HRCWKKPKAHAELSTLATLLLIINNGKGKTFTKLPRPFGIGTQSR,45,7.92,0.7132,0.625,0.4121,0.7113,0.6,0.5982,3487
GEN_1164,THSAKKPLAKHCIHYLACVLLTYFNACLHAKAFAAD,36,2.72,0.7551,0.4902,0.4167,0.3929,0.6,0.5982,3488
GEN_6376,TRYRKRPHNHACLNTLACLLLIKVNGCPIAFTRYPR,36,6.54,0.7081,0.4352,0.3509,0.3455,0.6,0.5982,3489
GEN_3150,FHMAKSPLAKHELHTLACVLLTYFNACLKTWTKLIP,36,3.0,0.7389,0.5743,0.4491,0.5367,0.7,0.5982,3490
GEN_6106,THCAKKPKAHACLSYLACLLLICNNGCLKGKTRLPR,36,6.52,0.7105,0.4807,0.3302,0.5283,0.4,0.5982,3491
GEN_2876,TVCARKIGAKHCLHYAACVLLTYWNLCLKNFTKLIP,36,4.53,0.741,0.5483,0.3843,0.5568,0.5,0.5982,3492
GEN_3875,YRCWYKPKAHACLSTLACLLLIIANGCQKTFTKLAV,36,4.8,0.7331,0.5249,0.3843,0.5367,0.5,0.5982,3493
GEN_4102,THCTKKNAAKHCLHYLACVLVMWFIAARKTFTSDAN,36,3.63,0.7308,0.4852,0.3519,0.3766,0.6,0.5982,3494
GEN_0370,LHCAKKIAAKHSLHYLACVLLTYFIACLKTFTSLAW,36,3.99,0.7639,0.4851,0.4491,0.3962,0.6,0.5982,3495
GEN_2961,LHCAKKIAAKHSLEYAACVLLTYFIACLKTFTSLIP,36,2.9,0.7405,0.5004,0.4491,0.4765,0.6,0.5982,3496
GEN_4007,DRLVHKPNKHACYSTLACLLLIFANGQGKTFTKLAV,36,3.91,0.7318,0.5785,0.3519,0.4627,0.7,0.5981,3497
GEN_5823,TVCAKKCAAKHCLHFLACVLLTYFINCLKNFTSLIP,36,3.52,0.7133,0.5697,0.4167,0.756,0.4,0.5981,3498
GEN_8081,THHAKKLVAKHCKHYLACVLNSYFNACLKNFTSNLP,36,4.71,0.6789,0.4729,0.3,0.4243,0.6,0.5981,3499
GEN_0809,THCAKKPLAKHCLHYLACVLITYFSACLHAKGFAAD,36,2.71,0.7588,0.4784,0.3843,0.3983,0.5,0.5981,3500
GEN_2713,THCAKNIAAKHFLHYLASVLLTYFNSCLNRKVYAIF,36,3.63,0.7422,0.5378,0.3843,0.4027,0.7,0.5981,3501
GEN_3147,TRCAKKPNAHAELCTLACGLLTYFNACLHAKLFAAK,36,3.53,0.739,0.4986,0.3843,0.4784,0.5,0.5981,3502
GEN_7001,WHCAKKPAAKHCLHYLAKYLITYFINCLKNFTSLAY,36,4.98,0.7002,0.5538,0.3519,0.5609,0.6,0.598,3503
GEN_6910,THSAAKPHAHACLSFLACVLLTYLAGCVKATVFAIP,36,1.63,0.7014,0.4867,0.54,0.6345,0.6,0.598,3504
GEN_7244,FHCAKKIAAKHSLHYLLCVLLTYFNSCLNRKVFAIF,36,4.99,0.6965,0.5517,0.4167,0.631,0.6,0.598,3505
GEN_2088,THCAKKPRAHACLSYLACLLLTPVNGSVKAKVFPAV,36,4.54,0.7471,0.4718,0.4491,0.4125,0.6,0.598,3506
GEN_3227,TRHAWRPKAHACLSYLACVLLTYLNGCVKAKVFAVP,36,4.54,0.7382,0.4998,0.4491,0.4793,0.6,0.598,3507
GEN_0955,YHRAKKAAAKHCLHYLACVLLSNFNSCLLKGVFAIF,36,4.99,0.7575,0.5112,0.4167,0.4209,0.6,0.598,3508
GEN_2470,TRCAKKPKAHARLSTLACASLVILNYCVKAFPRALV,36,6.45,0.7442,0.6308,0.4754,0.7102,0.6,0.598,3509
GEN_2086,GHCAKKIAAKHCLHYLACVLMTYFINCLKTFTSLIP,36,3.98,0.7471,0.5306,0.3843,0.5119,0.5,0.598,3510
GEN_5270,TRCEYKPRAHACLSTLACLQAIILNGKGKTFTKLPKSFGIGTGMR,45,6.45,0.7186,0.5712,0.3264,0.5881,0.5,0.598,3511
GEN_2671,THCAKKNLAKHVLHYLACVLLTYFNACYKTFTKLIP,36,4.62,0.7426,0.5427,0.3519,0.4436,0.6,0.598,3512
GEN_2459,WRLWYKPKAHACLSTLACLLLICNNGCLKAKVFAAH,36,4.89,0.7442,0.4726,0.4491,0.4868,0.5,0.598,3513
GEN_7270,TRCAKKPLKHSCLSYLACVELTYLNGCVKAKVFAVP,36,4.44,0.6961,0.5787,0.3519,0.6786,0.5,0.598,3514
GEN_3495,TRYRKKPKNHACLSTLACLLLIILNGCNKWFTKLAV,36,6.45,0.7361,0.5418,0.3781,0.4832,0.6,0.598,3515
GEN_6508,TVCGKKIAAKHCPHYLACVLLTYFIWCGKTFTLLAP,36,3.53,0.7064,0.4537,0.4167,0.5114,0.5,0.598,3516
GEN_6944,FHCAKKPLAKHCLCYLACVLHTGFNNCLKSFTKLIP,36,4.97,0.7009,0.6057,0.3519,0.7791,0.4,0.598,3517
GEN_7055,TRYHKKPHYHACLSTPKCLLLTILNGCVKAKVVALD,36,4.63,0.6993,0.4603,0.3194,0.375,0.6,0.598,3518
GEN_1134,LHCAKKIAAKHSLHYLACVLYTYFIACLKTCTTLIP,36,3.98,0.7556,0.455,0.3843,0.3653,0.5,0.5979,3519
GEN_8353,THCAKKLVAKHCIHYLVCVLLTYFNNCLKTFTSLIP,36,3.61,0.6695,0.5416,0.3519,0.6785,0.5,0.5979,3520
GEN_6560,TNCAKKPKAHACLSYRRCLLLIILNGCLKAKVFAAR,36,7.44,0.7058,0.4441,0.4682,0.5472,0.5,0.5979,3521
GEN_8340,YKALWFILRGGDPKKIHHILTFTLYSIWA,29,2.93,0.6701,0.5829,0.2568,0.3172,1.0,0.5979,3522
GEN_7977,KRWGSRCAGPISLARILSTTFHVAGPLIA,29,3.84,0.6821,0.5997,0.2568,0.3174,1.0,0.5979,3523
GEN_6669,THCAKKIAVKHCLHYLACVLLTYFNMCLHAKTTALF,36,3.7,0.7045,0.4674,0.3843,0.5052,0.5,0.5979,3524
GEN_3295,THCFKKPKAHACLSYLACLLLIANNACLKAKVFAAH,36,4.61,0.7377,0.4221,0.4491,0.4164,0.5,0.5978,3525
GEN_6036,THCARKILAKWCLKYLDCVLLTYFNACLHAKAFAAD,36,2.53,0.7113,0.5384,0.4167,0.6399,0.5,0.5978,3526
GEN_1516,FHCAKKPLAKHRFHYIACVLVTYFNACLKAKLFALF,36,5.98,0.7519,0.5094,0.4815,0.4947,0.6,0.5978,3527
GEN_2407,THCAAKPHAHLALSYMACLLLTIANGCVKAKVFAVP,36,2.63,0.7447,0.5252,0.5139,0.5702,0.6,0.5978,3528
GEN_5366,TRCWFKPKAAACLSTLAAIQAIILNGRGKTFTKIPKSFGSWDAWR,45,6.37,0.7178,0.6374,0.4255,0.7319,0.6,0.5978,3529
GEN_6601,TRCAKKPLAKHCLHYSGCVLLTYFNACCKTFTKLID,36,4.52,0.7054,0.5035,0.3,0.5455,0.4,0.5978,3530
GEN_1865,GHCAKKKAAKHCLHYLACVVLTYFITCLKTFTSLIA,36,4.98,0.7489,0.5178,0.3519,0.4524,0.5,0.5978,3531
GEN_1159,THAAKKPLAKHCLHYIACVLLTFLNCCVKAKVFAVL,36,4.61,0.7552,0.532,0.4815,0.5916,0.5,0.5978,3532
GEN_1572,THCAKKPLAKRCLHYLACVLLTYLNGCVKAKVFAIP,36,5.53,0.7513,0.5546,0.4167,0.5735,0.5,0.5978,3533
GEN_1428,THCAKKIAVKHCLHYLACVSLTYFNACLKSKAFAIP,36,4.61,0.7528,0.4674,0.3843,0.3922,0.5,0.5978,3534
GEN_4170,TRCAKKPKAHACLSTLAALTLIILSESLKAAVFAAV,36,3.46,0.7301,0.5288,0.5139,0.5435,0.7,0.5978,3535
GEN_6973,TSCAKKPKAHACLSTLACLLLIILNGTVKAKVSAPR,36,5.45,0.7004,0.4168,0.4167,0.3956,0.6,0.5978,3536
GEN_2217,TRCAKKDAAKLCLHDLACVLLTYFNSCLNRKAFALF,36,3.44,0.7462,0.5435,0.3843,0.5346,0.5,0.5978,3537
GEN_2253,NHCAKMILAKHSLHWLACVLLTYFNLCLKNFTKLIP,36,3.99,0.7459,0.5797,0.4491,0.5934,0.6,0.5978,3538
GEN_4924,QVVAKKIAAKHCLHYLACILLTYFQQKPNRKSFAIF,36,5.91,0.7221,0.5228,0.4167,0.4545,0.7,0.5977,3539
GEN_0344,FHCAKKIAAKHSLHYLAFVLLTYFQSCLKAVVFQAF,36,4.0,0.7643,0.5415,0.4815,0.4522,0.7,0.5977,3540
GEN_8382,ILLCWPSRFTHPCIKLQKVRFKVSALADIFEALKKNNS,38,4.83,0.6683,0.5875,0.4167,0.7544,0.6,0.5977,3541
GEN_3947,THCAPKPKAHACLSYLACLLLIINNGCLKANVFAAR,36,3.53,0.7324,0.4309,0.4491,0.4432,0.5,0.5977,3542
GEN_3146,TRCAKKPKAHACLCTLACLLLIILNETYKGKIFAAH,36,4.53,0.739,0.4733,0.3843,0.4331,0.5,0.5977,3543
GEN_7965,LHCAKKIPAKHSLHYLLCVLLTYFIACLKFYTTNFP,36,3.98,0.6825,0.4477,0.4167,0.4885,0.6,0.5977,3544
GEN_6009,THCAKRIVAKHCLHSGAHVLRGAFNACLDAKAFAIP,36,3.72,0.7117,0.5372,0.4167,0.5695,0.6,0.5977,3545
GEN_7111,FHCAKLTAAKHSPHYLASVLLNYFNTCLKATVFALF,36,3.0,0.6985,0.5544,0.4491,0.5949,0.7,0.5977,3546
GEN_5360,FHCSRKPGAKGSLHYAACVLLTFFNLCLKNFTKLIP,36,4.9,0.7178,0.5519,0.3843,0.547,0.6,0.5977,3547
GEN_3625,GHCQKKAAIKNCLHYLACVLLTYFNSCLSRKVFGIF,36,4.89,0.7351,0.4929,0.3194,0.4103,0.5,0.5977,3548
GEN_4430,THCAKKDLAKWCLHYLACLLLTYLVGSVKTASKLAR,36,4.54,0.7275,0.5619,0.3519,0.5085,0.6,0.5977,3549
GEN_1998,TRYRKKPHYHACLSTPACLLLTIANGCVKAKVFAVP,36,5.54,0.7478,0.4696,0.3843,0.3393,0.6,0.5976,3550
GEN_0634,THCAKKAAAKNCLHYFACVLLTYFINCLHAKAFAIP,36,3.61,0.7606,0.5025,0.4491,0.4958,0.5,0.5976,3551
GEN_1629,THCAAKPHAHLALSYMACILLILNNGCIKTFFGLPK,36,2.63,0.7508,0.4859,0.4491,0.4243,0.6,0.5976,3552
GEN_6571,THCAKVIAAKKCLHYLAQVLLTYFIGCLGTFTSAAA,36,2.54,0.7058,0.5683,0.4167,0.6344,0.6,0.5976,3553
GEN_4735,TRAIAKPKANAALCTLACQLLFILNETYKTFTQLPK,36,3.38,0.724,0.5621,0.4167,0.5147,0.7,0.5976,3554
GEN_1589,THLAMKPKAHACLSFLACLLLTYLNGCVKAKVFAVP,36,3.54,0.7511,0.5207,0.5139,0.5462,0.6,0.5976,3555
GEN_7080,FHCARKIAAKHSLKWLACVLLTYYIACNFPYTTLIP,36,3.9,0.6989,0.5173,0.4491,0.5976,0.6,0.5976,3556
GEN_6936,GKCWKKPKAHACLSTLAILLAIILNGKGKTFFKLPKSFGIGTGSW,45,7.82,0.7009,0.5955,0.4839,0.7584,0.6,0.5976,3557
GEN_3719,WRLWYKKKAHACLSTLACLLLICNNGCLKAKVFAAH,36,5.89,0.7343,0.464,0.4167,0.4606,0.5,0.5976,3558
GEN_3310,LRCWKKPHAHASLSYLACHLLIILNGCLKAKVSAAR,36,5.99,0.7376,0.5302,0.4167,0.4967,0.6,0.5976,3559
GEN_0420,THCAKKAAGKNSLHYLACVLLTYFNSCLQRKVFAIF,36,4.54,0.7631,0.526,0.3519,0.3652,0.6,0.5976,3560
GEN_3290,LHCARKIAAKHSLIYLACVLLTYWIACLKTFTSLAP,36,3.9,0.7378,0.5044,0.4815,0.5179,0.6,0.5976,3561
GEN_5722,KHCWHKPKDHACLSTLASLQAIILNGKGKTFPKLPK,36,6.0,0.7141,0.4489,0.3194,0.252,0.7,0.5976,3562
GEN_3929,THCFKKPKAHACLSYLACVCIIILNEDLKAIVFAAV,36,1.53,0.7327,0.4663,0.5143,0.5657,0.5,0.5976,3563
GEN_7590,THLAQKLVAKHCLHYLMCVLLTYFNSCLKPKVYLAP,36,3.62,0.6904,0.5136,0.4167,0.5791,0.6,0.5976,3564
GEN_6076,NYCAKKTAAKHCLHYLACVLLTYFHACLKFWTTNFP,36,3.98,0.7109,0.4535,0.3519,0.4324,0.5,0.5975,3565
GEN_2846,THCGKKILAKHCAHYLACVLVTYFNACLKTFTKAAD,36,3.62,0.7412,0.5242,0.3194,0.4472,0.5,0.5975,3566
GEN_2686,THCAKKILAKHCLHYLANVLLNYISACMKAKPKAAD,36,4.63,0.7425,0.506,0.3843,0.4115,0.6,0.5975,3567
GEN_6790,THCAKKIAAKHCFHYLLCVWLTYYSACLKNFTKLIP,36,4.61,0.7027,0.5411,0.3519,0.5976,0.5,0.5975,3568
GEN_1104,LHCCKKIAAKHSLHYLACVLLMYYIVALKNFTKLAC,36,4.97,0.756,0.5135,0.4167,0.492,0.5,0.5975,3569
GEN_1226,LHCAKKIAAKHSLRYLACVLLTYFHACLKTTVFALF,36,4.99,0.7547,0.5677,0.4491,0.5509,0.6,0.5975,3570
GEN_0633,THCAKKAAAKHCLHYLACVLLSYQNSFLYAKAMAVP,36,3.62,0.7606,0.4694,0.4167,0.3407,0.6,0.5975,3571
GEN_3968,TRYAKKPKAHACLSYLACVLLTYFNACVHAKVFAAK,36,5.53,0.7323,0.4865,0.4167,0.4353,0.6,0.5975,3572
GEN_8391,TRCAKKPKAHTCLCTTCCLLLILLNETYKTFTFLPK,36,4.43,0.668,0.4215,0.3,0.4939,0.4,0.5975,3573
GEN_3110,THCAKKAAADNNLHYLVCVLLNYFRSCLNRKAFGIP,36,3.54,0.7392,0.567,0.3519,0.4884,0.6,0.5975,3574
GEN_2580,TRCAKKPLAHACLSYLACVLLNYLNGCVKAKVFAVP,36,4.44,0.7433,0.565,0.4491,0.6393,0.5,0.5974,3575
GEN_6033,THCAKKPLKHACLSGLACVLLTYLNGCVKAKVFAVP,36,4.53,0.7114,0.5401,0.4167,0.6393,0.5,0.5974,3576
GEN_7375,KHCAKKPKAHACLEGLACLLHIGNNGCLKAKVFAAR,36,5.98,0.6945,0.4216,0.3519,0.4164,0.5,0.5974,3577
GEN_7898,ILLCWPSRYTHPIIKLLKVRMKVSALADIFEALKKNNS,38,4.84,0.6841,0.6605,0.4474,0.868,0.6,0.5974,3578
GEN_6114,TGCAKKIVTKHCLHYLAPVLLTYFNSCLKAKVFAIF,36,4.54,0.7104,0.5082,0.4167,0.5221,0.6,0.5974,3579
GEN_4778,LHCAKKLVAKHRLHYLSCVGRTYFNKCLKTFTSAAP,36,6.98,0.7236,0.53,0.3575,0.4685,0.6,0.5974,3580
GEN_7114,THCAKKPKAHACLSYLGCLLLTPVNGCVKAKVFPAV,36,4.53,0.6984,0.4771,0.4167,0.565,0.5,0.5974,3581
GEN_4384,TRCAKKPKAHACRSTLACHLLIILNGQGKTFTKLAV,36,6.54,0.7279,0.4776,0.3508,0.3647,0.6,0.5974,3582
GEN_6101,FRCWYKPKGAACLSTLACIQAIGLNPKGKTFVKIPSI,37,5.72,0.7106,0.5012,0.4009,0.5277,0.55,0.5974,3583
GEN_1671,THMAKKIPAKHCLHYLACVLYTYFNLCLKNFTKLAP,36,4.62,0.7505,0.5519,0.3843,0.4693,0.6,0.5974,3584
GEN_1871,TRYHKKPKAHACLSNLACLLLTPVNGCVKAKVFAAP,36,5.54,0.7489,0.4771,0.4167,0.3805,0.6,0.5974,3585
GEN_0908,FHCAKKTEAKHSKHYAACVLLTYFNSCLKATVFALF,36,3.99,0.7579,0.4804,0.3519,0.2998,0.6,0.5974,3586
GEN_0568,THCAKKPLAKHSLHYLACVLLTYFNACLKTFTKLLK,36,5.62,0.7613,0.5764,0.3519,0.4518,0.6,0.5973,3587
GEN_4990,FHCAKKPLAKHCLHYLACVLLTYFNLCLKNFTKLGP,36,4.98,0.7213,0.5519,0.3843,0.6031,0.5,0.5973,3588
GEN_7626,THCAKKILAKHCLHYLACVLDTYFNMCLHAKAFATD,36,1.71,0.6899,0.4416,0.3724,0.4806,0.5,0.5973,3589
GEN_4159,TRCYKKPKAHACLSTLACASLRILNTHLKAKVFAAK,36,7.54,0.7302,0.5182,0.4414,0.5168,0.6,0.5973,3590
GEN_1443,THCAKKPLAKVCLHYLAFVLLTYFNACLHAKAFAAD,36,2.63,0.7527,0.5307,0.4815,0.5247,0.6,0.5973,3591
GEN_6938,WRCWYKDYAHACLSTLACLQAIKLNGKAKTFTKLPKSYGIGTGNW,45,5.81,0.7009,0.5258,0.3,0.5232,0.5,0.5973,3592
GEN_0882,LHCAKKIAAKHSLHYLACVLLGYFHACLKTCTTALF,36,4.06,0.7582,0.455,0.3843,0.3553,0.5,0.5973,3593
GEN_5522,TRCPYKPNKHACFSCLATALLPILEGQGKGFTKLAS,36,3.45,0.7161,0.4883,0.3194,0.3776,0.6,0.5973,3594
GEN_4031,THNAKKPLAHHFLSYLACVLLTYFNACLKTFTKLAR,36,4.63,0.7315,0.6192,0.3843,0.5582,0.7,0.5973,3595
GEN_1422,SHCAKKAAAHNCLHYLACVLLTYFNTCLNRKVFAIH,36,3.76,0.7529,0.5173,0.3519,0.4391,0.5,0.5973,3596
GEN_6163,FHCAKYIAAKHCLHYLACNDVTYFIARLKTFWSVAD,36,1.99,0.7101,0.5458,0.3849,0.552,0.6,0.5972,3597
GEN_1859,LHCAKKYAAKHSLHYLACVLLRYSAACLKTYTSLIP,36,4.98,0.749,0.4845,0.3519,0.3261,0.6,0.5972,3598
GEN_4425,FRCWYKPKAVACLSTLACLLLIILNGQGKTKVFAAR,36,5.73,0.7275,0.4571,0.4491,0.4278,0.6,0.5972,3599
GEN_4622,THCAKKILTKHCLHLLACVLVTYFNACLKAKVFAIY,36,4.61,0.7252,0.4865,0.4167,0.5168,0.5,0.5972,3600
GEN_7331,THCAKKPLAKHCLHYLFCVLLTYWNACLHAKYFATD,36,2.7,0.6952,0.4645,0.3519,0.4851,0.5,0.5972,3601
GEN_3829,YKCAKKWLAKHCLHYLACVLLTYFNHCLKTFTSVKP,36,5.97,0.7335,0.514,0.3194,0.4457,0.5,0.5972,3602
GEN_0006,LHCAKKIAAKHSLHYLACVLLTYFHACLKTCTTALF,36,4.06,0.774,0.4602,0.3843,0.3258,0.5,0.5971,3603
GEN_6324,TVCAKKFLAHACQSYLAAVLLTYLNGCVRAKVFAVP,36,3.45,0.7086,0.5568,0.4815,0.67,0.6,0.5971,3604
GEN_2584,TRCAKKPKAHAELCTLACVLLTYFNACLHAKLFAAK,36,4.53,0.7433,0.5051,0.4167,0.5046,0.5,0.5971,3605
GEN_6205,NTCHAKPHAHACLSYLACLLATYLNGCVKAKVFAIP,36,2.98,0.7097,0.4789,0.4167,0.5394,0.5,0.5971,3606
GEN_1653,LHCAKKIAAKHSLHYLACVLLTYFIACLKTYITCDP,36,2.98,0.7506,0.455,0.3843,0.3722,0.5,0.5971,3607
GEN_6588,AHCAKKAAAKHCLHYTACVLLTYGNSCLNRKVFAIF,36,5.01,0.7055,0.4882,0.3519,0.5,0.5,0.5971,3608
GEN_1190,TVCIKKIAAKHCTHYLACVLLTYFNAALKTFTSLVP,36,3.54,0.755,0.5375,0.4167,0.465,0.6,0.5971,3609
GEN_1727,THCAKKLVAKHYLHYLAAVLLTYFNACLKAKAFAIP,36,4.63,0.7501,0.5065,0.4815,0.4228,0.7,0.5971,3610
GEN_0159,LHCAKKIAAKHSLHYLACVLLTYFIACLKTFTSLIP,36,3.99,0.7674,0.5004,0.4491,0.4062,0.6,0.5971,3611
GEN_2539,THCAKKIAANHCIHYLACVLLTYFNACLKTQTSALP,36,2.62,0.7437,0.4551,0.3519,0.3555,0.5,0.5971,3612
GEN_0822,THCAKKIAAKHCLHYLACVLLTYFIACLKTWTSLAP,36,3.61,0.7587,0.4694,0.4167,0.4097,0.5,0.5971,3613
GEN_3106,THCAAKPKKHAALSYMACILLILNSGCIKAKVFAVP,36,4.54,0.7392,0.4469,0.4815,0.415,0.6,0.597,3614
GEN_7304,THCAKKPRAKHCLHYLACMLLTHCNGCVKAKVFALP,36,5.69,0.6956,0.4328,0.3519,0.4966,0.4,0.597,3615
GEN_3408,LHCARKAAAKTSLHYAACNLLRFFIAELKTVGSLIR,36,4.91,0.7368,0.5636,0.4167,0.4832,0.7,0.597,3616
GEN_7135,THCAHKPDVKHCLRYIACVLLTYLNGCISAKAFAIP,36,2.62,0.6981,0.5885,0.3843,0.7163,0.5,0.597,3617
GEN_2670,THCAEKPLAHACLSYLACVLLTYFNAFVHAKCFAAG,36,0.62,0.7426,0.4773,0.5457,0.5883,0.5,0.597,3618
GEN_0044,FHCAKKYAAKNCLHYLACVLLTYFINCLHARAFAIG,36,3.98,0.771,0.4835,0.4167,0.4035,0.5,0.597,3619
GEN_0772,LHCAKKIAAKTSLHYLACVLLTYFIACLKTYTRLIP,36,4.9,0.7593,0.5522,0.4167,0.4785,0.6,0.597,3620
GEN_4866,FHEAKKPLAKHCLHYLACVLLTYFINCLKNFTSLIP,36,2.99,0.7226,0.5697,0.4167,0.5936,0.6,0.597,3621
GEN_0040,THCAKKAAAKHCLHYLACVLLTYFINCLKNFTSLAP,36,3.61,0.7711,0.5559,0.3843,0.4906,0.5,0.5969,3622
GEN_2427,FHCAKKIAAKHCLHYLACSWLTYFIGCLKTFTSLIP,36,3.98,0.7446,0.478,0.3843,0.4228,0.5,0.5969,3623
GEN_0888,YVCAKKIAAKHCLHYLACVLLTYFGGCLKTFTSAAP,36,3.89,0.7581,0.4666,0.3843,0.3722,0.5,0.5969,3624
GEN_0210,THCAKKAAAKHCLHYLACVLLTYFGSCLNRKVDAIF,36,3.62,0.7664,0.5346,0.3519,0.4342,0.5,0.5969,3625
GEN_3913,TKCARKPLAKHCLHYLAMVLLSYFNACLHAKAFAAH,36,4.71,0.7328,0.5061,0.4491,0.4952,0.6,0.5969,3626
GEN_7149,FKCWYKHAAAACLSTLTCLQAIILNGCGKVKVFVGV,36,3.8,0.6978,0.4768,0.4167,0.5622,0.5,0.5969,3627
GEN_0139,FHCAKKPLAKHCLHYLACVLVTYFNACLKAKVFANF,36,4.98,0.7679,0.5061,0.4491,0.48,0.5,0.5969,3628
GEN_3590,TRYHKKPKYHACLSNLACMLLTPVNGCVKAKVFAAR,36,6.54,0.7354,0.4493,0.3831,0.3287,0.6,0.5969,3629
GEN_3568,TRHAARQHAHACLSYTACIALLLNNGCIKTFPKAAD,36,2.63,0.7355,0.531,0.3519,0.4331,0.6,0.5969,3630
GEN_7904,TRYHKKPKSHWCLSSLACLLLTPVNGCVHAKVFAAV,36,4.63,0.6839,0.482,0.3843,0.5035,0.6,0.5968,3631
GEN_2888,TRYHKKPLKHACLSYLACVLLTYLNGCVKAKVFAVP,36,5.53,0.7409,0.5839,0.3843,0.5404,0.6,0.5968,3632
GEN_3381,THCAKKIMWKHCVHYLASVLLTYFNICLRAKAFAIP,36,4.62,0.7372,0.5187,0.4491,0.5052,0.6,0.5968,3633
GEN_1433,THCAAKPHAHLALSYMACILLILNNGCIKTFFKIPK,36,3.63,0.7527,0.5869,0.4491,0.5829,0.6,0.5968,3634
GEN_4756,TRCAKKPHAKARLSTLACASLKILNYCFKAFPRALV,36,7.45,0.7238,0.6188,0.5012,0.7557,0.6,0.5968,3635
GEN_1323,THCAAKPLAHACLSYLACVLLTYLNGCVRAKVFAVP,36,2.53,0.7537,0.5568,0.4815,0.6293,0.5,0.5968,3636
GEN_1679,FICAKKPLAKHCLHYRACVLLTYFINCLKNADSLIP,36,3.89,0.7504,0.5511,0.4167,0.5627,0.5,0.5968,3637
GEN_1003,THCAKKILAKHCLHYVACVLLTYFNAPLKAFTKLAH,36,4.71,0.757,0.5728,0.4167,0.5168,0.6,0.5968,3638
GEN_2395,THCAKKIFWKHRIHYLACVLVTYFNACLSAKVFAIF,36,4.62,0.7448,0.4813,0.4491,0.4257,0.6,0.5968,3639
GEN_5902,WRHWKKPKAHACLSTLACLQAIILNGKPKTYTKLPKSFGIGTGFE,45,6.91,0.7126,0.5424,0.3793,0.5323,0.6,0.5968,3640
GEN_0543,TVCAKKIAAKHCLHYLACVLLTYFIGCLKTFTSAAP,36,3.53,0.7616,0.4783,0.4167,0.415,0.5,0.5967,3641
GEN_5005,FRCWYRPKAAACLTTLACIQHIIHNGKGKTFTKNKNSFGLGDANY,45,5.9,0.7212,0.4218,0.3,0.2982,0.5,0.5967,3642
GEN_2014,THCLKKSAAKNCLHYLACVLLTYFINCLKAKAFMIP,36,4.53,0.7477,0.5028,0.4167,0.4878,0.5,0.5967,3643
GEN_4939,WRLWYKPKAHACLSTLACLLDICNNGCLKAKVFAAH,36,3.89,0.7218,0.4659,0.4167,0.4868,0.5,0.5967,3644
GEN_4153,TRYHHKPHYHACLSTLACLLLTIANGCVKAKVFAAH,36,3.8,0.7302,0.4558,0.3519,0.3188,0.6,0.5967,3645
GEN_7320,KPLCAPSALKGSKRCVLVVALNCGGKIGDTRKKAPKCL,38,7.71,0.6953,0.5101,0.4246,0.6973,0.4,0.5967,3646
GEN_2708,THCARKILAKHHLHYLACVLLTYFNACIHFKAFAEP,36,2.8,0.7422,0.4751,0.4167,0.388,0.6,0.5967,3647
GEN_3977,TRCAKKPKAHACLSTLACLTLIILNETLKAKVFAAV,36,4.45,0.7322,0.501,0.4491,0.4873,0.6,0.5967,3648
GEN_1008,LHCAKKIAAKHSLHYLACVLVTWCIACLKAKANAVL,36,4.98,0.757,0.4966,0.4815,0.5207,0.5,0.5967,3649
GEN_1450,LHCFKKIAAKHSIHYLACVVLTYFIACLKFYTTNFP,36,3.98,0.7526,0.4983,0.4167,0.4021,0.6,0.5967,3650
GEN_0898,LHCAKKIAAKHSLHYLACVLLTYFNACLKAKVFAIF,36,4.98,0.758,0.5065,0.4815,0.4685,0.6,0.5967,3651
GEN_2815,LHCAKKWAAKHSLHYFACVLLMYFIACLKTYTTLIP,36,3.98,0.7415,0.4733,0.4491,0.419,0.6,0.5967,3652
GEN_3821,PRCAKKPNKEACFSTLACVLLLILNGQGKTFTKLAV,36,4.93,0.7335,0.5921,0.3843,0.5711,0.6,0.5967,3653
GEN_7986,YRCWYKPKAAPCLSTLACIQAIILNGKGKTFTRIPSI,37,5.72,0.6818,0.5275,0.3694,0.6026,0.55,0.5967,3654
GEN_8183,HRCWKVPKAKFELSNLACLLLIINNGKGKTFTKLPRPNGIGTISR,45,7.82,0.6758,0.535,0.4323,0.6577,0.6,0.5966,3655
GEN_2676,TRYRKKRHNHACLSNLACLLLTPVNGCVKAKVFAAR,36,7.54,0.7425,0.4355,0.4091,0.3132,0.6,0.5966,3656
GEN_2822,NRCVKKPNAHACLSYLACLLLIINNPCGKTFTKLPK,36,5.8,0.7414,0.5507,0.3519,0.5168,0.5,0.5966,3657
GEN_1305,THCAKKIAAKHCLHYLACVLLTYFRLCLKNFTKLIP,36,5.61,0.7539,0.6084,0.3843,0.6164,0.5,0.5966,3658
GEN_2779,THCAKKIKAKHCLHYLACVLLTYFIACLKTTTSLAP,36,4.61,0.7417,0.4416,0.3519,0.3348,0.5,0.5966,3659
GEN_6707,TSCGKKPKAHACLSTLACLLLIILNGCLKAKVFGAR,36,5.44,0.704,0.4198,0.3843,0.4184,0.5,0.5966,3660
GEN_0067,FHCAKKYAAKNCLHYLACVLLTYFINCLHAKAFAIG,36,3.98,0.7699,0.4835,0.4167,0.4035,0.5,0.5966,3661
GEN_4336,FHCAKKPLAKHCLHYLACVLLTFLNGCVKAKVFAIF,36,4.98,0.7284,0.5249,0.4815,0.6338,0.5,0.5966,3662
GEN_6201,WRCWYKPKAHACLSTGACLLLTILNGQGKTFTKLPKSFGIGTGMQ,45,5.81,0.7098,0.5823,0.3,0.5919,0.5,0.5966,3663
GEN_0498,THCAKKAEAKHCLHYLALVLLTYFNACLKTFTILIP,36,2.63,0.7621,0.4925,0.4167,0.3693,0.6,0.5965,3664
GEN_5086,HRCAKKPKAHCEVSTLGCLLAIILNASKKVIRACNTI,37,5.89,0.7204,0.6266,0.3378,0.7113,0.45,0.5965,3665
GEN_4439,FACAKKIAAKHSHHYLACVLLTYFNGCLKATVFALF,36,3.99,0.7273,0.4975,0.4491,0.4912,0.6,0.5965,3666
GEN_7537,THNAKKAAAKNSLHYLICVLLTYFGSCLNKFTLLAH,36,3.63,0.6913,0.513,0.3519,0.437,0.7,0.5965,3667
GEN_3067,THCAKKPLAKHCLKYLACVMLTYFNACLHAKAFAGD,36,3.62,0.7397,0.532,0.3843,0.5214,0.5,0.5965,3668
GEN_6011,QRYHKKPKYHACLSNLICLLLTPVFGCVWAKVFAAV,36,4.9,0.7116,0.4914,0.4491,0.5176,0.6,0.5965,3669
GEN_0620,LHCAKKAAAKHSLHYLACVLLTYFINCLKNFTSLIE,36,2.99,0.7607,0.5715,0.3843,0.4717,0.6,0.5965,3670
GEN_4233,NHCAAKPHVHACLSYLACNLLFYLNGLVKAKVFAIP,36,2.99,0.7295,0.499,0.4815,0.5211,0.6,0.5965,3671
GEN_6409,LHCAKKIAGKHLLHYLVCVLLTYFNSCLKATVFALW,36,3.99,0.7076,0.5221,0.4491,0.5782,0.6,0.5965,3672
GEN_0739,TVCAKKIAAKHCLHYLACVLLTYIINCLKNFTSLIF,36,3.53,0.7596,0.5794,0.4167,0.5869,0.5,0.5965,3673
GEN_0704,THCAKKPLAKHCYHYLACVLLTWFNACLKNFTKLIP,36,4.61,0.76,0.57,0.3843,0.5367,0.5,0.5964,3674
GEN_0444,THCAKKIAAKHCFHYLACVLLTYFNACLKNFTKLIP,36,4.61,0.7628,0.57,0.3843,0.5307,0.5,0.5964,3675
GEN_0264,THCAAKAAAKNCLHYLACVLLTYFINCLKNFTSNAP,36,2.53,0.7655,0.5559,0.3843,0.5006,0.5,0.5964,3676
GEN_6414,THCAKKILAAHCLMYLASVLLTYFNACLHAKAFAAD,36,1.63,0.7075,0.4593,0.5074,0.5315,0.6,0.5964,3677
GEN_2710,TRHAARPKAHACLSYTACILLLLNNGCIHAKAFAAD,36,2.63,0.7422,0.4858,0.4167,0.4036,0.6,0.5964,3678
GEN_7275,NHCSKKILAAHCHHNLACVLLTYFNVCLKAKVYALF,36,4.06,0.696,0.449,0.3843,0.4848,0.5,0.5964,3679
GEN_1848,THCAKKAAAKNCLHYLACVLLTYFNSCTQRKVFAIF,36,4.53,0.7491,0.475,0.3519,0.3719,0.5,0.5964,3680
GEN_3332,FHCAKKPLARHCLHTIACVKVTYFNACLKAKVFAIG,36,5.98,0.7375,0.5442,0.4167,0.5792,0.5,0.5964,3681
GEN_1478,THFHKKILAKHVLHYLACVSLTYLNACLKNFTKLIP,36,4.72,0.7523,0.5676,0.3843,0.4176,0.7,0.5964,3682
GEN_6752,THLAMKPKAHACASFLACVLLTYFNACVHAKVFAAK,36,3.63,0.7033,0.466,0.5139,0.5583,0.6,0.5963,3683
GEN_6945,THCAKKPIAKHCLCYLACVLLTPRNACLKTFTTVKP,36,5.52,0.7009,0.444,0.3519,0.4981,0.4,0.5963,3684
GEN_4979,THCMKKAAAKKCLHDLDCVLLTYFINCLHAKAFALP,36,2.62,0.7214,0.5353,0.4167,0.6008,0.5,0.5963,3685
GEN_5831,FHCALKPLAKHCFHYLACVLVTYFQASLKAKLFAIF,36,3.99,0.7133,0.5913,0.5139,0.7436,0.6,0.5963,3686
GEN_1211,FHCAKKPLAKHCLHQIACVLVTYFNACLKAKVSLAP,36,4.98,0.7548,0.5101,0.4491,0.5135,0.5,0.5963,3687
GEN_6670,KHTKWECCKAALRHLRGANAFNFASWCYKAKVFAAV,36,5.9,0.7044,0.6255,0.3843,0.6921,0.6,0.5963,3688
GEN_3749,TRCAKKPKAHAGLSRLACLLLTPVNGCVKAKVFPAV,36,6.45,0.7341,0.5361,0.4754,0.565,0.6,0.5963,3689
GEN_3633,FHCAKKPLAKHCLHYLACVLMTYFNHCLKTKAFAIP,36,5.06,0.735,0.5191,0.4167,0.5414,0.5,0.5962,3690
GEN_0167,LHCAKKIAAKHSLHYLACVLLTYFHACLKTCTTLIP,36,4.06,0.7673,0.4602,0.3843,0.3358,0.5,0.5962,3691
GEN_2116,THCAKKIAAKHCLHYLACVLLTKFIGCLKTFTSTAP,36,4.61,0.7469,0.4986,0.3519,0.415,0.5,0.5962,3692
GEN_7230,LHCAKKIAAKHSLHYLNCVLLTYFIACLKTFTSVAP,36,3.99,0.6966,0.4755,0.4167,0.4919,0.6,0.5962,3693
GEN_0074,TVCAKKIAAKHCLHYLACVLLTYFIWCVKTFTLLAP,36,3.53,0.7697,0.4972,0.4815,0.4886,0.5,0.5962,3694
GEN_2630,TRYHFKPKYHACLSNLACLLLTPVQGCLKAAYFAAV,36,3.54,0.7429,0.4792,0.4167,0.3902,0.6,0.5962,3695
GEN_0110,THCLKKAAAKNCLHYLACVLLTYFINCLHAKAFAIP,36,3.61,0.7688,0.4974,0.4491,0.4584,0.5,0.5961,3696
GEN_5909,WRCWYKPKAHACLSTLACLQAIILNGKGKSFTNLPKSFGIGNGNL,45,5.81,0.7125,0.5624,0.3259,0.5746,0.5,0.5961,3697
GEN_1926,THCAKKPLWKHCLHYLACVLLTYFNANLKTFTILIP,36,3.62,0.7484,0.4973,0.4167,0.4064,0.6,0.5961,3698
GEN_2369,FHNAKKPLAKHSLHYLACVLLTYFNLPLKTFTKLIP,36,5.0,0.7449,0.5705,0.4491,0.5027,0.7,0.5961,3699
GEN_8608,THYRKKAHNHACLKTLICLLLICNNGCLKGKIFQMH,36,5.7,0.6563,0.3819,0.3,0.3794,0.5,0.5961,3700
GEN_7335,FHCAKKPEAKHCLIYIACVLVTFFNGCLKVKVFAIF,36,3.89,0.6952,0.533,0.4815,0.7214,0.5,0.5961,3701
GEN_3201,THCAGKPLAKHCLHALACVLLCYLQGCVKAKVFAAP,36,3.61,0.7384,0.5157,0.4491,0.6265,0.4,0.5961,3702
GEN_0493,THCAKKLVAKHCLHYLACVLLTYFNSILKAYVFAIF,36,3.62,0.7622,0.5681,0.4491,0.5247,0.6,0.5961,3703
GEN_4024,THCDKKPLAKHCLHWLACVLLSYFNAPLKTFNKLAH,36,3.71,0.7315,0.5717,0.3843,0.5376,0.6,0.5961,3704
GEN_3311,THCAKKPKAHACLSELACLLLTCLNGCVKAKVFSAV,36,3.52,0.7376,0.4656,0.3843,0.4793,0.4,0.596,3705
GEN_0713,THCAKKILAKHTLHYLACVLLTYFNACLKTFTSLIP,36,3.62,0.7598,0.5083,0.3843,0.3655,0.6,0.596,3706
GEN_3334,THCAKKPKAHACLSYLACLVLTILNGCVKAKVFAPR,36,5.53,0.7375,0.502,0.4167,0.5055,0.5,0.596,3707
GEN_4315,TRYRKKPHYHACLSTPACLLHTIANGCVKAKVFAVP,36,5.62,0.7286,0.4842,0.3519,0.3655,0.6,0.596,3708
GEN_3993,TRFHKKPKWHACLSNLACLLLTPVNGCAKYKVNAAR,36,6.54,0.732,0.4406,0.3832,0.3161,0.6,0.596,3709
GEN_5829,THCAKKPLAKHSLHYLACLLETYFNAPLKTFTKLIP,36,3.64,0.7133,0.559,0.3843,0.4919,0.7,0.596,3710
GEN_1935,THCAKKAAAKHCLHYLACVLLTYFIGCLKTFTSAAP,36,3.61,0.7483,0.4644,0.3843,0.3855,0.5,0.596,3711
GEN_2916,THCAKKPLAKHYLRYLGCVLLTYFNACCKTFTWLPK,36,5.52,0.7407,0.5521,0.3194,0.4846,0.5,0.596,3712
GEN_3100,THCLKKVAAKQCLHYLACVLLTYFWSVLNRKVDAIF,36,3.54,0.7393,0.5711,0.4167,0.5505,0.6,0.596,3713
GEN_8601,WCIGPRWYSPGTYLRILVAC,20,1.74,0.657,0.4551,0.135,0.0,1.0,0.5959,3714
GEN_2799,THCAKKILAKHHLHYMLCVLLTYFNACLHAKAEAIP,36,2.8,0.7416,0.4563,0.4167,0.3527,0.6,0.5959,3715
GEN_1115,LHCAKKIAAKHSLHYLACVVLTYFNSCLNRKVFAIF,36,4.99,0.7558,0.5517,0.4167,0.4784,0.6,0.5959,3716
GEN_0293,THCAKKIAAKHSLHYLACVLLTYFIACLKTFTSLLP,36,3.62,0.765,0.4751,0.4167,0.3293,0.6,0.5959,3717
GEN_7196,LHCAKKIAAKHSLHYLHCVLLTYFIACLKTCTTLIP,36,4.06,0.6971,0.455,0.3843,0.4884,0.5,0.5959,3718
GEN_5193,THCWAKPWAHAALSEMACILLIQNNACIATGTKLPK,36,1.54,0.7194,0.4784,0.4811,0.5061,0.6,0.5959,3719
GEN_0348,THCAKKAAAKHPLHYLACVLLTYFNSCLNRKVFAIF,36,4.62,0.7642,0.5517,0.4167,0.4589,0.6,0.5959,3720
GEN_5158,TRCARKPKAHGCLSTLACLLLIELNGCLKAHVFAAV,36,3.53,0.7198,0.5193,0.4167,0.5755,0.5,0.5959,3721
GEN_8145,NHCAKKPKAHACLSYLACQLLTPVNGCVDAKVWPAV,36,2.89,0.6769,0.4826,0.4167,0.6146,0.5,0.5959,3722
GEN_2220,THLAIKYKAHACLSFLACLILIYNNACLKAKIFTAH,36,3.62,0.7461,0.4123,0.4491,0.3007,0.6,0.5958,3723
GEN_4221,THCAKKALARHCLSYLACVLLTEFNLCLHAKAFASK,36,3.62,0.7297,0.4987,0.3843,0.4846,0.5,0.5958,3724
GEN_0627,NHCAKKAAAKHCLHYLACVLLTFFNSQLNRKVFAIF,36,4.99,0.7607,0.5432,0.4167,0.4524,0.6,0.5958,3725
GEN_1402,LHCAKHIVAKHSLHYLACVLLTYWIACLKTITSLNP,36,3.07,0.753,0.4604,0.4167,0.3325,0.6,0.5958,3726
GEN_0342,FHCAWKAAAKHTLHYLACVLLTCFITALNRKVVAIF,36,3.99,0.7644,0.6116,0.5139,0.6552,0.6,0.5958,3727
GEN_4107,PRCAKKPNKHACFSTLACVLLIILNGQGKTFTKLAV,36,6.01,0.7307,0.5916,0.3849,0.5711,0.6,0.5958,3728
GEN_2717,THCAKKAAAKHYAHYLECVLLTYFINCLKNFTSLIP,36,2.63,0.7421,0.542,0.3519,0.429,0.6,0.5958,3729
GEN_3293,THCAKKPKAMACLSYLACLLLIINNGCPKAKIFAAR,36,5.44,0.7377,0.4432,0.4491,0.4377,0.5,0.5957,3730
GEN_0530,SHCAKKIAAKHSLHYLACVLLTYFIACLKTFTSLAP,36,3.69,0.7618,0.4712,0.4167,0.3293,0.6,0.5957,3731
GEN_2454,TRYHKKPKYHACLSNLACLLLTPVNGCVKLIVFAAV,36,4.54,0.7443,0.492,0.4167,0.4045,0.6,0.5957,3732
GEN_6633,THCAKKAAAKNCLHYLLCVLLNYFNSCVQRKKFAIF,36,5.53,0.7049,0.5579,0.3519,0.6082,0.5,0.5957,3733
GEN_4661,SHCDKKIAVKHCLHYLACVLLTYFIGCLKTFTSLAP,36,2.68,0.7248,0.4535,0.3519,0.3876,0.5,0.5957,3734
GEN_0915,THCAKRVTAKHSLHYLACVLLTYFNACLHAKAFAIP,36,3.71,0.7579,0.4521,0.4167,0.3064,0.6,0.5957,3735
GEN_8513,THCAKKAAAKHSLHYLQCVLLSYFINCLKNFTSLAP,36,3.62,0.6624,0.5471,0.3519,0.623,0.6,0.5957,3736
GEN_6152,TVCAKKIAAKHCLHYLACVLLTYYINCLCNFTSLLG,36,2.52,0.7101,0.4691,0.3519,0.5146,0.4,0.5957,3737
GEN_1063,GKCAKKAAAKHCLHYLACVLLTMFNSCLKHTVFAIG,36,4.98,0.7564,0.5083,0.3843,0.4377,0.5,0.5957,3738
GEN_1867,THCAKKIAAKHCLHVLACVLLTYFRICLKTFTKLIP,36,5.61,0.7489,0.6204,0.4167,0.6739,0.5,0.5956,3739
GEN_4192,TRCAKKPNWHACFSTLACLTLQILLGQGKTFTKLAV,36,4.45,0.73,0.4618,0.3519,0.3225,0.6,0.5956,3740
GEN_4606,THCAKKAAAKHSLHYLACVLATYFHACLKTTVFALF,36,3.71,0.7255,0.4689,0.4167,0.4095,0.6,0.5956,3741
GEN_1953,SHCAKKPLKHACLSWLACVLLTYLNGCVKAKVFAVP,36,4.59,0.7481,0.5532,0.4491,0.5964,0.5,0.5956,3742
GEN_6675,FRCWYKPKAALCYTTLACLQAIKHEGCGKTFTKLPNSFGDGDLNR,45,3.81,0.7044,0.5277,0.3,0.5734,0.4,0.5956,3743
GEN_4961,LHCVKKIAAKHSLHYLACVLLTLFIACLKTYTTLIP,36,3.99,0.7215,0.5071,0.4491,0.5147,0.6,0.5956,3744
GEN_5205,THCAQKAAAHNCLHWLAHVVLNYFNSCLNRKVFAIF,36,2.71,0.7193,0.5834,0.4167,0.6149,0.6,0.5956,3745
GEN_6889,THCAKKAAAKHCLHYLICVLLTYFINCLKNFTSLAP,36,3.61,0.7018,0.5559,0.3843,0.6431,0.5,0.5955,3746
GEN_8134,THCAKKPLAKWCLHYLACVYLTYFNNCLSTFTSLAD,36,1.53,0.6772,0.4637,0.3523,0.5148,0.5,0.5955,3747
GEN_6019,HRCWKKPKAHAELSTLACLLLIINNGKGKTFRKLAKSFGSWDAWR,45,7.91,0.7115,0.6611,0.4374,0.7828,0.6,0.5955,3748
GEN_1567,FHCAKKPLAKHCLHYLACVLVTGFNACLKAKVFANF,36,4.98,0.7514,0.5061,0.4491,0.5095,0.5,0.5955,3749
GEN_5796,THCAKVPLAKTHLSYLACVLPTYFNACLKAKAFSAK,36,4.54,0.7136,0.4819,0.4167,0.4578,0.6,0.5955,3750
GEN_4995,TRCAKKPYAHACLCTLAVLLNIIVNETYKAKVFRAH,36,4.54,0.7213,0.5102,0.3843,0.4551,0.6,0.5955,3751
GEN_4832,THCAKKILPKHHDHWIACALLTYFNACLKNFTDLIV,36,1.71,0.7229,0.5416,0.4042,0.5233,0.6,0.5955,3752
GEN_0124,THCAKKLVAKHCLHYLACVLLTYFNSCLKAKVFAIF,36,4.61,0.7682,0.5082,0.4167,0.441,0.5,0.5955,3753
GEN_5528,LHCAKKIAAKHSLNYLARVLFTYFIACLKFYSTNVP,36,4.91,0.716,0.6043,0.4167,0.5901,0.7,0.5955,3754
GEN_1015,THCAKKPLAKHHLHYLACVLLTYFNACLKTFTKLAK,36,5.71,0.7569,0.5602,0.3519,0.4224,0.6,0.5955,3755
GEN_4190,TRCAKKPKAHACLSYLACLLLIILNGALEAKVFAAR,36,4.45,0.73,0.5149,0.4815,0.5395,0.6,0.5955,3756
GEN_1747,THCAKKPLGKVCLRYLAFVLLTYFNACLHAKAFAIP,36,4.54,0.7499,0.6069,0.4815,0.6466,0.6,0.5955,3757
GEN_1899,THCAKKALAHACLSYLACVLLTYFNACVHAKVFAAK,36,3.61,0.7486,0.4759,0.4491,0.4652,0.5,0.5955,3758
GEN_3502,THCAKKPKAHACLSNLACLLLTCLNGCVKAKVFAPK,36,5.52,0.7361,0.4656,0.3843,0.4793,0.4,0.5955,3759
GEN_8279,TTCAARPHAHKCISYLACVLLTYLNGCVKAKVMAVP,36,3.53,0.6728,0.4945,0.4167,0.6406,0.5,0.5955,3760
GEN_0818,THCAKKPLAKHSLHYLACVLLTYFNACLKTFTKLID,36,3.63,0.7587,0.5623,0.3519,0.4224,0.6,0.5955,3761
GEN_3076,THCAKKPLKHACLSFLAPVLLTWLNGCRDAKVFAVP,36,3.54,0.7396,0.5678,0.4815,0.6051,0.6,0.5954,3762
GEN_5850,FRCWYKPKAAACYTTLAILQAIIHNQKGKTFRACNTI,37,5.81,0.7131,0.4312,0.3378,0.3286,0.55,0.5954,3763
GEN_0787,LHCAKKIAAKHSLHYLACVLATYFIACLKTFTSGVP,36,3.99,0.7591,0.4689,0.4167,0.3293,0.6,0.5954,3764
GEN_0705,THCAKKLVAKHCLHYLAAVLLTYFNACLKTFTSAAP,36,3.62,0.7599,0.5057,0.4167,0.3888,0.6,0.5954,3765
GEN_2798,THCAAWPKAHAALSYMACILLILNNGCVKAKVFAVP,36,2.54,0.7416,0.4552,0.5463,0.4772,0.6,0.5954,3766
GEN_0360,LHCAKKAATKHTLHYIACVLLAYFIACLKTFTSLIP,36,3.99,0.764,0.5004,0.4491,0.4029,0.6,0.5954,3767
GEN_0201,LHCAKKIAAKHCLHYLACVLLTYFINCLKAFTSLIP,36,3.98,0.7666,0.5494,0.4491,0.5447,0.5,0.5953,3768
GEN_5696,THSAKKPKAHACLSYGACLLRIINNGCLHAKIFAAR,36,5.63,0.7144,0.549,0.3519,0.5021,0.6,0.5953,3769
GEN_6513,LHCAKKIAAKHSLHYDLCVLLTYYIAALKTFTSCLP,36,2.99,0.7064,0.455,0.3843,0.3962,0.6,0.5953,3770
GEN_4774,TKNWKKPKAHACLSYLACLLHIILNGCLKAKVSAAG,36,5.54,0.7236,0.455,0.3843,0.3561,0.6,0.5953,3771
GEN_3118,TVCAKKIEAKHCLHWLACVLLTYFIGCAKTFTSDAP,36,1.53,0.7392,0.4551,0.417,0.4195,0.5,0.5953,3772
GEN_3214,THCAGKPHAHLALSYMACILLTYFNACLHAKVFAAK,36,2.71,0.7383,0.4382,0.4491,0.3588,0.6,0.5953,3773
GEN_5904,WRCWYKPKAKACASTLAKLLLIILNGCNKYFTKLAV,36,6.72,0.7126,0.5603,0.4588,0.6319,0.6,0.5953,3774
GEN_0381,THCAKKILAKHHLHYLACVLLTYFNACLHAKAFAIP,36,3.8,0.7636,0.4702,0.4491,0.3527,0.6,0.5953,3775
GEN_0256,FHCAKKTAAKHDLHYLACVLLTYFQSCLKLTVWAVF,36,2.99,0.7657,0.5075,0.4167,0.378,0.6,0.5953,3776
GEN_1918,THCAKKAFAKHCLHSLACLLLTNWNSCINKGVFAIF,36,3.62,0.7484,0.5191,0.3843,0.4716,0.5,0.5953,3777
GEN_0487,THCAKKLLAKHCLHYLACVLLTYFNACLHGRAFAIP,36,3.7,0.7622,0.4694,0.4167,0.3887,0.5,0.5952,3778
GEN_2126,THCARKAAGKHCIHFLACVALSYFINCLRNFTSLLP,36,3.62,0.7468,0.5903,0.3843,0.5934,0.5,0.5952,3779
GEN_7107,TDYHKKFKYHGCLSNLACLALTPVNGCVKAKVFACL,36,3.53,0.6985,0.4119,0.3194,0.344,0.5,0.5952,3780
GEN_0228,LHCAKKIAAKHCFHYLACVLLTYFNACLHAKAFAAD,36,3.07,0.766,0.4855,0.4491,0.439,0.5,0.5952,3781
GEN_2534,THYAKKILAKHCLHYLACVVATYKNACLKTYTSLKP,36,5.62,0.7437,0.4139,0.3,0.1556,0.6,0.5952,3782
GEN_4166,THCAHKILAKHCLHYLACVLLTYHNANLKQFTSLIP,36,2.8,0.7301,0.451,0.3519,0.301,0.6,0.5952,3783
GEN_3044,TRCAKKTLAKHCLHYLAAVLITYFNACLHAKAFAAD,36,3.63,0.7398,0.5267,0.4167,0.4691,0.6,0.5951,3784
GEN_3268,THLAMKPKAHACLSNLACLLLTPVNGCLKAKVFAAH,36,3.63,0.7379,0.5049,0.4815,0.5021,0.6,0.5951,3785
GEN_1914,THCAKKIAAKHCLHYLACVLLTYFNACKHAKAFAIP,36,4.7,0.7485,0.4694,0.4167,0.4195,0.5,0.5951,3786
GEN_3861,THCAKKIAAKHCLHYAACVYLTYFIGCLKTFTSAAP,36,3.61,0.7332,0.4505,0.3519,0.359,0.5,0.5951,3787
GEN_1811,THCAKKIAPKHCLHYLACVLVTWFIAALKKFTSLAP,36,4.62,0.7494,0.5438,0.4815,0.5395,0.6,0.5951,3788
GEN_1596,RHCAKKPLAKHCLHYLACVLLTYFNLCLKDFTKLIP,36,4.98,0.7511,0.5526,0.3843,0.5202,0.5,0.5951,3789
GEN_0182,TVCAKKIAAKHCLHYLACVLLTYFINCLKTFTSLIP,36,3.53,0.767,0.5444,0.4167,0.5019,0.5,0.5951,3790
GEN_1717,THCAKKPLAKHCLHYLACVLLTYFNACLHAKGFAAD,36,2.71,0.7501,0.4784,0.3843,0.3983,0.5,0.5951,3791
GEN_3615,THCAKKPKAHACLSNLACLLLTCLNGCVKAKVFLPK,36,5.52,0.7351,0.4656,0.3843,0.4793,0.4,0.5951,3792
GEN_3908,TRYHKKPHYHACLSTLACLLLTITNGCVRAKVFVPR,36,5.62,0.7328,0.4688,0.3194,0.2908,0.6,0.595,3793
GEN_0803,THCAKKAAAKHCLHFLACVLLTLFNSCLKKTVYALF,36,4.61,0.7589,0.5411,0.4167,0.5146,0.5,0.595,3794
GEN_0258,TVCAKKIAAKHCLHYLACVLLTYFINCLKAFTSLIP,36,3.53,0.7656,0.5494,0.4491,0.5447,0.5,0.595,3795
GEN_4367,WRCWYKPKAHACLSTLACLLLIILNGTLKAKVFRAR,36,6.81,0.7281,0.4737,0.4965,0.4868,0.6,0.595,3796
GEN_4117,TRYHKGPKYHACLSNLACLLLTILNGCVKAKVFAPR,36,5.54,0.7306,0.4742,0.3519,0.3376,0.6,0.595,3797
GEN_6250,ISCAAKPHAHACLSYLARVLLTPLNGCVKAKVFAIP,36,3.9,0.7092,0.5823,0.5139,0.7293,0.6,0.595,3798
GEN_7259,LHCAKQIAAKHSLHSLACVLVTYKISCLKTFTNPAP,36,3.99,0.6962,0.4826,0.3843,0.464,0.6,0.595,3799
GEN_8580,THCAEKPHAHFALSYMACIILKENNGCIKTFFVAPK,36,1.63,0.658,0.469,0.4101,0.5567,0.6,0.595,3800
GEN_3954,SHCAKKPLKHRSLSYLACHLLTYFQACLHAKAFGTP,36,4.77,0.7324,0.4896,0.3194,0.3258,0.6,0.5949,3801
GEN_3835,FRCWYKPKAAHCLFTLACLQLIILNVKGKTFTKIPK,36,6.81,0.7334,0.4795,0.4639,0.4511,0.6,0.5949,3802
GEN_1151,FHCAKKELAKHCLHYLACVLLTYFINCLKTFTSLIP,36,2.98,0.7553,0.5306,0.3843,0.4724,0.5,0.5949,3803
GEN_4050,FHCAKKIAAKHSLRYLACVLLSYFNICLKATEWALF,36,3.9,0.7313,0.5677,0.4491,0.5884,0.6,0.5949,3804
GEN_8086,THCAKKILAKHHLHDLACVLLTYFNACHKNFTTLIV,36,2.8,0.6788,0.4686,0.3519,0.4484,0.6,0.5949,3805
GEN_4081,THCWYKPNKHACFSHLACLLLIILNGQAKTFTKVAH,36,3.71,0.7309,0.4944,0.3519,0.3696,0.6,0.5949,3806
GEN_5121,TYCAHEPAGKVCLRHLAFVLLTYWNASLKANAFEIP,36,0.55,0.7201,0.5374,0.5503,0.5983,0.7,0.5949,3807
GEN_1666,IHCAKKINAKHCQHYLACVPLTYFNACLNAKAWAIP,36,3.98,0.7505,0.454,0.4167,0.3882,0.5,0.5949,3808
GEN_5081,YHCAKKLVAKHCLHFLACVLLTYNNACLKTMTSAAP,36,3.98,0.7205,0.4751,0.3843,0.461,0.5,0.5949,3809
GEN_4437,FRCWYKPKAAAYLFGLACLQLIILNVKGKTFMKIPK,36,6.73,0.7273,0.4972,0.5242,0.4885,0.7,0.5949,3810
GEN_1090,THCAKKAAAKNCLHYLACVLLTYFINCLKNFVSLAF,36,3.53,0.7561,0.5697,0.4167,0.5674,0.5,0.5948,3811
GEN_2462,THCAAKPHAHVALSYMACILLILNNGCIKTFFKLQK,36,3.63,0.7442,0.5285,0.4167,0.4597,0.6,0.5948,3812
GEN_4251,VHAAKKPLKHANLSGLACVLWTYLNVCLHAKAFAVP,36,3.97,0.7292,0.5997,0.5139,0.644,0.7,0.5948,3813
GEN_2118,THCAKKPLAKHCLSFLACVLLTYWNACLKADAFAAK,36,3.53,0.7468,0.5233,0.4491,0.5441,0.5,0.5948,3814
GEN_3386,NHCAKSFAAKHALHYLACLLLTNFVFAAKTFTILAA,36,3.0,0.7371,0.5252,0.5139,0.5011,0.7,0.5948,3815
GEN_5420,LHCAKKIAAKHSLPYLACVLLTLFIACLKTKTSLIP,36,4.9,0.7172,0.4966,0.4815,0.5347,0.6,0.5948,3816
GEN_1418,YHSAKKTAAHHSLHYLACVLLTYFWSCLARTVFALF,36,3.08,0.7529,0.5485,0.4167,0.4061,0.7,0.5948,3817
GEN_6991,LHCAKKIAAKHSLHYLACVDYTYFIACLKTCTTLIP,36,2.98,0.7003,0.4411,0.3519,0.4175,0.5,0.5947,3818
GEN_0505,THCAKKPLAKHCLHYLACVLLTYFNACLKTFTSVKP,36,4.61,0.762,0.4944,0.3519,0.3622,0.5,0.5947,3819
GEN_1212,LHCAKKIWAKHCLHYLACVILTYFINCLKAVTSLIP,36,3.98,0.7548,0.5443,0.4491,0.5595,0.5,0.5947,3820
GEN_5656,TRYHKKPHYHMCLSTLACLLLTILNGCVKWKVFAIR,36,5.62,0.7148,0.476,0.3519,0.375,0.6,0.5947,3821
GEN_1620,SHCAKKPLKHASLSYLACVLLTYFNACLHAKAFAVP,36,3.69,0.7509,0.5557,0.4491,0.5214,0.6,0.5947,3822
GEN_8512,FHCAKKTEVKHSLHYGACVLLTYFNSCIKATAFVLF,36,2.99,0.6624,0.4883,0.3519,0.5179,0.6,0.5947,3823
GEN_7652,THCAKKIAVKHCLHYLACVLLTYFQLCLHVKLFAAD,36,2.71,0.6894,0.4813,0.4167,0.5742,0.5,0.5946,3824
GEN_2632,TQCAKKIAVKHCLKYLACVLLTYFNACLHAKAFAIP,36,4.53,0.7429,0.5506,0.4491,0.5971,0.5,0.5946,3825
GEN_6142,THAAAKPLAKHCLHYLACVLVTYLNGCVKTFTKLAR,36,4.62,0.7102,0.6235,0.3843,0.6633,0.6,0.5946,3826
GEN_1893,THCAKKAAAKHSLHWLACVLLTYFAACLKTFTSLAP,36,3.63,0.7487,0.492,0.4491,0.4195,0.6,0.5946,3827
GEN_1922,DHCAKKKAAKHSLRYLACVLLTYFNSCLKATVFAIF,36,4.9,0.7484,0.6155,0.3843,0.5608,0.6,0.5946,3828
GEN_5448,TDEAAKPHAHLALSYMAIILLILNNGCIHTFGKLPK,36,0.65,0.7169,0.5329,0.5436,0.5897,0.7,0.5946,3829
GEN_4942,TRCWFKPKAHACLSTLACLQAIILNPKGGTFTKLPKSFGIGTGNR,45,6.45,0.7217,0.4932,0.3522,0.4541,0.5,0.5946,3830
GEN_2500,THCAKKPLAKHCLKYLACVLVTYFNACLKAKVFAIF,36,5.52,0.744,0.5597,0.4491,0.6099,0.5,0.5946,3831
GEN_0661,TVCAKKIAAKHCLHYLACVLLTYFNSCLNRKVGAIF,36,4.53,0.7604,0.5378,0.3843,0.4705,0.5,0.5946,3832
GEN_7346,THCAKHPLAKHCLHTIACNLGNYFNACLHAKVFAIF,36,2.79,0.695,0.4848,0.3843,0.5347,0.5,0.5946,3833
GEN_1310,TECAKKPLAKHCLHYLACTLLTYFNASLKTFTSVKP,36,3.54,0.7539,0.4591,0.3194,0.2228,0.6,0.5946,3834
GEN_6932,THCAKKPMAHACLSYLACLLLTCNNGCVKAKVFAVP,36,3.52,0.701,0.4307,0.4167,0.5295,0.4,0.5946,3835
GEN_4409,IECAKKPYAKHCLHWLASVQLTYFNLCLHVKVFAAD,36,1.99,0.7276,0.4822,0.4172,0.4197,0.6,0.5945,3836
GEN_0268,THCAKKIAAKHCLHYLACVLLTYFNSCLKAKVFAIF,36,4.61,0.7653,0.5082,0.4167,0.441,0.5,0.5945,3837
GEN_7440,THCLKFLVAKHCGHYLACVDLSYFNSCCKATAFALF,36,1.61,0.6931,0.4252,0.3794,0.5011,0.4,0.5945,3838
GEN_5427,TICVKKIAAQHELYYLACVDLTYFNACLKTFTNALP,36,0.45,0.7172,0.5187,0.4925,0.5796,0.6,0.5944,3839
GEN_2731,THCAKKPLAHACLSYTACILLLLNNGCIKTFVKLPK,36,4.53,0.742,0.5522,0.3843,0.5361,0.5,0.5944,3840
GEN_3767,TRCAKKPKAHACLSTLHCASLRILQTHLKAMVFAAD,36,4.63,0.734,0.5756,0.3843,0.5267,0.6,0.5944,3841
GEN_1244,THCAKKILAKHCLHYLACVLLAYWNACAKTSTSLIP,36,3.61,0.7545,0.4555,0.3843,0.3458,0.5,0.5944,3842
GEN_3004,FRCAKKIAAKHSLHYLACVLLNYFQICLNRKVFAIF,36,5.9,0.7401,0.5842,0.4491,0.5916,0.6,0.5944,3843
GEN_4959,FRCWYKPKAAACLSTLACIQAIILNGKGKTFTKIPKNFGIGTGNR,45,7.72,0.7215,0.6133,0.4265,0.7277,0.5,0.5944,3844
GEN_5218,TRCAKKVKAHACLSTLACLLLINNNETLKAKCERCH,36,4.52,0.7191,0.464,0.3,0.4248,0.4,0.5944,3845
GEN_1065,TVCAKKIAAKHCLHYLACVLLTYFIWCEKTFTLLAP,36,2.53,0.7564,0.4833,0.4491,0.4524,0.5,0.5944,3846
GEN_4064,THCAKKLVAKHCLHYLACVLLTYFIGCLKTFTSAAP,36,3.61,0.7311,0.4644,0.3843,0.415,0.5,0.5944,3847
GEN_3846,QHGARGIAAKHCLHYLACVLVTYFIACLKTFTSLAP,36,2.99,0.7333,0.4712,0.4167,0.3869,0.6,0.5944,3848
GEN_0048,THCLKKAAAKNCLHYLACVLLTYFGSCLNRKVDAIF,36,3.53,0.7707,0.5346,0.3519,0.4068,0.5,0.5943,3849
GEN_2869,RHCAKKIAANHCLHYLACVLLTYFKGCLKTFTSAAP,36,4.98,0.7411,0.5072,0.3519,0.4298,0.5,0.5943,3850
GEN_0680,THCAKKPLAKHSLHYLACVLLTYFNACLKTFTKLIK,36,5.62,0.7602,0.5871,0.3519,0.4518,0.6,0.5943,3851
GEN_3324,TVCAKKVAVKHCLHYLACVLLNYFIWSVKTETLLAP,36,2.54,0.7376,0.4952,0.4491,0.4484,0.6,0.5943,3852
GEN_0104,LHCAKKIAAKHSLHYLACVLVTYFIACLKTFHSLAP,36,4.07,0.7689,0.4851,0.4491,0.3588,0.6,0.5943,3853
GEN_2872,TVCAKKIAAKHCLDYLACVLVTYFNACLKAKVFALF,36,3.44,0.7411,0.522,0.4815,0.5837,0.5,0.5942,3854
GEN_3516,THCAKKAAAKHCLHYLACVLDTYFNMALKAKVFAIE,36,2.63,0.736,0.5126,0.4167,0.4484,0.6,0.5942,3855
GEN_0305,THCAKKLVAKHCLHYLACVLLTYFNSCLKAKVFWIF,36,4.61,0.7647,0.5082,0.4167,0.441,0.5,0.5942,3856
GEN_2583,TRYHKKPKYHACLSNLACALLTPVNGCLKTFTTLPK,36,5.54,0.7433,0.4613,0.3,0.2291,0.6,0.5942,3857
GEN_6460,THCAKKPLAKKCQHYLACVLLTYQNACLHAKAFAND,36,3.62,0.7071,0.4808,0.3194,0.4324,0.5,0.5942,3858
GEN_1697,THCAKKILAKHCLHYLACVLLTNFRACLHAKAFAAD,36,3.71,0.7503,0.4694,0.4167,0.4097,0.5,0.5942,3859
GEN_3983,LHCAQKIAAKHSLHYRACVWLTYFHACLKTCTTALV,36,4.06,0.7322,0.4424,0.3519,0.3417,0.5,0.5942,3860
GEN_0687,THCAKKIAAKHCFHYLACVLLTYFNACLHLKRFAAD,36,3.71,0.7601,0.4698,0.3843,0.3553,0.5,0.5942,3861
GEN_1089,THCAKKAAAKHCLHYAACVLLTYWINCLKSFTSLIP,36,3.61,0.7561,0.5327,0.3843,0.469,0.5,0.5942,3862
GEN_5167,LACAKKIAAKHSLDYLACVLLTYFIACLKTYTTLIP,36,2.81,0.7197,0.4884,0.4491,0.4785,0.6,0.5942,3863
GEN_8104,KRSAVTAANASRFDACTYKILHSAYVLTSRS,31,3.83,0.6781,0.4449,0.18,0.0,0.95,0.5941,3864
GEN_7343,LHCAKKIAAKHSLHFLACVLLTMFIACLKFYTTNFP,36,3.99,0.695,0.4966,0.4815,0.5814,0.6,0.5941,3865
GEN_1607,THCAKKPLAKHCLMYLACVLLTYFNACLKVKAFALD,36,3.53,0.751,0.4928,0.4491,0.4787,0.5,0.5941,3866
GEN_1601,THCVKKAAAKHYVHYLACVMLTYFINCLKCFTNLIP,36,3.61,0.7511,0.5553,0.3843,0.5179,0.5,0.5941,3867
GEN_6971,THCTKKAAAKHCMHELACVLLTYFIAYTKNFTSLAP,36,2.63,0.7005,0.438,0.3519,0.3416,0.6,0.5941,3868
GEN_0828,FHCAKKPLAKHSLHYLACVLFSYFSACLKTFTKLIG,36,4.98,0.7586,0.5486,0.3843,0.4224,0.6,0.5941,3869
GEN_0345,THCAKKIAAKHCLHYLACVLLTYFNSCLKAKLFALF,36,4.61,0.7643,0.5082,0.4167,0.441,0.5,0.5941,3870
GEN_4863,FRCWYKPKAAACLSTLACIQAIILNGKGKTFTKIPSI,37,5.72,0.7226,0.494,0.4009,0.4653,0.55,0.5941,3871
GEN_8087,THCAKKLVAKHESHYLNCWLLTYFNSCLKAKVFAIP,36,3.63,0.6787,0.4804,0.3519,0.4623,0.6,0.594,3872
GEN_3537,TRYHKKPHYHACLSNLACLLLTIVNGCVKAKVFAAR,36,5.62,0.7358,0.4742,0.3519,0.3188,0.6,0.594,3873
GEN_6053,FRCWYLTKAHAELSTLACLLLYIKNGKGKTFWRLGRPFGIGTMTR,45,6.82,0.7112,0.6611,0.374,0.71,0.6,0.594,3874
GEN_0245,LHCAKKIAAKHCLHCLACVLLTYFINCLKNFTSLLP,36,3.97,0.7658,0.5697,0.4167,0.6057,0.4,0.594,3875
GEN_7232,TRCAKKPNWHACFSTLACLLLIILNGQGGTFTKLAL,36,3.45,0.6966,0.4757,0.3843,0.445,0.6,0.594,3876
GEN_1738,FHCAKATAAKHSLHYLACVLLTIFITCLNRKVFAIF,36,3.99,0.75,0.5623,0.4815,0.5621,0.6,0.594,3877
GEN_1698,THCAKKPLAKHCLHYLACVLLTYFNLCLHAKAFAIP,36,3.7,0.7503,0.5061,0.4491,0.5019,0.5,0.594,3878
GEN_7611,THLAMKPKAHACLSFLACLLLIYNNGCVKASVFAAP,36,2.54,0.6901,0.4319,0.5139,0.5167,0.6,0.594,3879
GEN_7922,TRYRKKPHTHLCLSNLACLLLYPVNSCVRAKVFSAP,36,5.54,0.6836,0.507,0.3519,0.4953,0.6,0.594,3880
GEN_1542,TVCAKKIAAKHCLHELACVLLTYFINCLKKFTSLLP,36,3.53,0.7517,0.5985,0.4167,0.6204,0.5,0.594,3881
GEN_1674,THCAKKPLAKHCLSYLACVLLTYFNACLKAKVFAVP,36,4.53,0.7504,0.4956,0.4491,0.484,0.5,0.594,3882
GEN_3807,THCAKKQKIKACLSYLACLLLYCLNGCVKAKVFAPR,36,6.43,0.7335,0.4409,0.3768,0.4267,0.4,0.594,3883
GEN_2076,THCAKKIAAKLCLHYLACVLVTYEIAAVKTFTSLAP,36,2.54,0.7472,0.529,0.4491,0.4807,0.6,0.594,3884
GEN_7769,KPVCAPSALKGSKRCVLVVALNHGGLIGDTRKKVPKCL,38,6.81,0.6871,0.5233,0.4027,0.6306,0.5,0.5939,3885
GEN_7558,TRGHKKPKWYACLSNLHCLLLCPVNGCLKAKVNAAR,36,6.53,0.691,0.4181,0.3502,0.3939,0.5,0.5939,3886
GEN_5531,THCAAKPHAHLALVYMAAILDRLNNGCIKTFFPLPK,36,2.64,0.716,0.5955,0.4815,0.6293,0.7,0.5939,3887
GEN_5947,TRCMRKAGARAKCSYLACLLLTCNNGCVKAKVYAFR,36,7.34,0.7122,0.5523,0.3783,0.6633,0.4,0.5939,3888
GEN_5607,TRCAKSSKAHACASTLACLWIIILNETQNAKVFAAV,36,2.46,0.7153,0.4413,0.4167,0.3756,0.6,0.5939,3889
GEN_1004,FHSAKKPLAKHCLHYLACVLLTYFQACLKTFTSVKP,36,4.98,0.757,0.5108,0.3843,0.3622,0.6,0.5939,3890
GEN_3066,TLCAKKPLAKKCPHYLACVLAHYLNYCVKAKLFAVQ,36,5.52,0.7397,0.5108,0.4167,0.5014,0.5,0.5939,3891
GEN_0053,SHCAKKAAAKNCLHYLACVLLTYFNSLLQRKVFAIF,36,4.6,0.7705,0.5684,0.4167,0.4589,0.6,0.5939,3892
GEN_1370,FHCAKKPLAKHCLHYLAQVLLTYFNACLKTFTKLIP,36,4.98,0.7533,0.5802,0.4167,0.5181,0.6,0.5938,3893
GEN_1318,THCAKKICAKFCLHYLALVLLTYFNSCLKKDAFPLG,36,3.53,0.7538,0.532,0.3843,0.471,0.5,0.5938,3894
GEN_2276,LHPAKKIAAKHHLHYLACVLVTYWIACLKHFTSLFP,36,4.17,0.7456,0.5096,0.4815,0.4168,0.7,0.5938,3895
GEN_8171,FRCWYRPKAAAKLTTLACLQHIIMNGKGMTFTKNKSDFPLGDANY,45,4.82,0.676,0.4588,0.3259,0.4052,0.6,0.5938,3896
GEN_8137,THCAAKPHAHLALSYNACIILILNNGAYKTFFVPPK,36,2.63,0.6771,0.4551,0.4491,0.5529,0.55,0.5938,3897
GEN_8436,THCAHKILAQHCLHYLKCVLLTYFNACLKTYTSLIP,36,2.7,0.6661,0.45,0.3194,0.4741,0.5,0.5938,3898
GEN_0562,YHCAKKLLAKHHLHYIACALLTYFNACLHAKAFAIP,36,4.16,0.7614,0.4715,0.4491,0.3505,0.6,0.5938,3899
GEN_4433,TRYHDKPKYHACLINLACLLLTAVNGCVKAKVFPAV,36,3.54,0.7274,0.485,0.4167,0.4198,0.6,0.5938,3900
GEN_4078,LRYHRKTKYHACLSNLACVLLTWFNACVHAKVFAAK,36,5.99,0.731,0.4749,0.3843,0.3615,0.6,0.5937,3901
GEN_2770,THCVKKIAAKHCLHYLACVLLKYFINSLKTFTSVSP,36,4.62,0.7418,0.5698,0.3519,0.4618,0.6,0.5937,3902
GEN_0921,LHCAKKIASKHSLHYLACVLLTYFHACLKDCTTALF,36,3.06,0.7578,0.4704,0.3519,0.3258,0.5,0.5937,3903
GEN_2292,RHCAKKAAAKNSLHYLACVGLTYFINCLKNFYSLAP,36,4.9,0.7455,0.542,0.3519,0.4068,0.6,0.5937,3904
GEN_6586,THCAAKPKAHAKLSYMACILLIINNDSGKTFTKLAK,36,4.55,0.7056,0.5809,0.3519,0.498,0.7,0.5937,3905
GEN_1554,LHCAKKIAANKSLHYLACVLLTYFIACLETYTTLIP,36,1.9,0.7516,0.4833,0.4236,0.3668,0.6,0.5937,3906
GEN_7265,GVAYVIKKGGWRLCLYTWRKPYSRATSLKQEKLIHKHY,38,7.92,0.6961,0.4806,0.4118,0.4801,0.6,0.5937,3907
GEN_3663,TRCAKKPKAHACLSMLACLLLIILNETLKAKVFRAR,36,6.45,0.7347,0.501,0.4755,0.4873,0.6,0.5937,3908
GEN_2507,LACAKKIAAKHSLKYLACVLLTYFHACLKTCETLIP,36,3.89,0.744,0.5041,0.4167,0.4785,0.5,0.5937,3909
GEN_4849,THCAKKIFAKHCQHYLAIVLLTFFIACLKTYTMNIP,36,3.62,0.7228,0.5061,0.4167,0.4651,0.6,0.5937,3910
GEN_7127,FHCAKYPLAKCCLHFLACTALDYFNATLKTFTSVKP,36,2.89,0.6983,0.5098,0.3843,0.5618,0.5,0.5936,3911
GEN_0196,TMCAKKIAVKHCLHYLACVLLTFFNLCLKNFTKLIP,36,4.53,0.7667,0.5797,0.4491,0.5835,0.5,0.5936,3912
GEN_7262,TRCQAKPKADACLSNLACLLLTPVNGCVKAHTFLPK,36,3.44,0.6962,0.4632,0.3843,0.4889,0.5,0.5936,3913
GEN_4276,TRYRKKHHYHACLSTPACLLLTILNGCEKAKVFAAA,36,4.63,0.7289,0.4606,0.3194,0.277,0.6,0.5936,3914
GEN_7740,THCAKKNVGKHCPHYLACVLLTYFNACAKTSTSLIP,36,3.61,0.6878,0.4781,0.3,0.449,0.5,0.5936,3915
GEN_1181,TVCAKKAAAKHCLHYLACVLLSYFNAFTYAKANAVP,36,3.54,0.7551,0.4833,0.4491,0.3835,0.6,0.5936,3916
GEN_5414,LGCAKKLAAKHSLHYLACVLLTYFHACLNTTVFALF,36,2.99,0.7173,0.464,0.4491,0.439,0.6,0.5936,3917
GEN_6248,THCAKKPKAHACLSELPCLLLTYFNACVHAKVFAAK,36,3.62,0.7092,0.4345,0.4167,0.4433,0.5,0.5936,3918
GEN_3514,LHCAKKIAAKHSLHYLACVCLVYFIACLKTYTSLIP,36,3.98,0.736,0.4689,0.4167,0.4378,0.5,0.5936,3919
GEN_2801,FHCAKHPLAKHCLHYLACFLVTYFNYCLKAKAFAIP,36,4.06,0.7416,0.5055,0.4491,0.5185,0.5,0.5936,3920
GEN_0981,THCAKKIAAKHCLHYLACVLLTYFIWCHKTFTTLIP,36,3.7,0.7573,0.4555,0.3843,0.3339,0.5,0.5936,3921
GEN_3210,TRYHKKPKYHACLSNLACLLLSPVNGCDKAKVNAAR,36,5.54,0.7383,0.4089,0.3,0.1489,0.6,0.5935,3922
GEN_8154,THCAVHPHAHACLSYLACVLLTYLNGCVKAKVFAWH,36,1.79,0.6766,0.4791,0.4313,0.6077,0.5,0.5935,3923
GEN_5725,THCAKKPDADACLSYLACLLLTCLNGCLKGKIFAVV,36,1.43,0.7141,0.4661,0.4239,0.5578,0.4,0.5935,3924
GEN_0400,FHCAKKAAAKHCLHYLACVLLTYFINCLHAKAFAIP,36,4.06,0.7633,0.4972,0.4815,0.4858,0.5,0.5935,3925
GEN_5530,FYCWYKPKAAACCYTLACHLLIILNGNLKAKNFAAV,36,3.8,0.716,0.4089,0.4491,0.4168,0.5,0.5935,3926
GEN_2702,TRYHKYPKYHACLSNLACLTLTILNGCVKAYSKLPK,36,5.53,0.7423,0.4686,0.3,0.2391,0.6,0.5935,3927
GEN_3035,KRCAHKPNSHACFSTLACLLLIILNVKGKTFTKIPK,36,6.9,0.7399,0.4784,0.4043,0.3654,0.6,0.5935,3928
GEN_3931,THCAAKAKAHAALTYMACILLILFNGCVKAKVFRVP,36,4.54,0.7327,0.4703,0.5139,0.4772,0.6,0.5934,3929
GEN_8140,THCAQKLVAPHCLHYLGSVLLTYFNVCLHAKAFAIP,36,1.71,0.677,0.4714,0.4692,0.5648,0.6,0.5934,3930
GEN_5651,THCAKKILAKHHLFWLACVLLTYFNACLKNFTSLIV,36,3.63,0.7149,0.5359,0.4491,0.5635,0.6,0.5934,3931
GEN_1690,THCAKKPLAKHYLHYLGCVLLTYFNACLKTFTKLPK,36,5.62,0.7503,0.5385,0.3194,0.3555,0.6,0.5934,3932
GEN_3771,LRTAKKPNKHAAFSVLACLLLVILNGQGKTFTKLEL,36,4.84,0.7339,0.6062,0.4167,0.5375,0.7,0.5934,3933
GEN_6534,THCAVKLVAKHCLHLLACVLLTYFNWCLKTFTSAFP,36,2.62,0.7061,0.5137,0.4491,0.6136,0.5,0.5934,3934
GEN_8051,THYSMKPKAHACPSFLACLLLIYQNGCAKAKVFAAH,36,3.62,0.6797,0.4,0.4167,0.3869,0.6,0.5934,3935
GEN_7003,THCAAKPHAHACLSYLACVLLTYFNPCLKTFTSVKP,36,2.62,0.7,0.524,0.3843,0.5804,0.5,0.5934,3936
GEN_6922,THCAKKPLAGTSLSYAACVLLTFFQACLHVKAFAAK,36,3.54,0.7013,0.4626,0.4491,0.4732,0.6,0.5934,3937
GEN_6695,THCAKWPLAKHCLHYSACVLLTYLNGCVKAWVAAVP,36,2.62,0.7042,0.493,0.4491,0.5836,0.5,0.5934,3938
GEN_0927,THCAKKAAAKHSLHYLACDLLTYFHACLKTCTTGLF,36,2.7,0.7578,0.447,0.3,0.2328,0.5,0.5934,3939
GEN_8223,FHMAKKTAAKHSLHYLAQRLLTYFNTCLKATVSLAP,36,5.01,0.6748,0.5857,0.3843,0.6083,0.7,0.5934,3940
GEN_3194,TRYAKKPHNHAPLSTLACVLLTYFNACVHAKVFAAK,36,4.63,0.7385,0.5759,0.4167,0.4762,0.7,0.5934,3941
GEN_1420,DHCAKKILAKHCIHYIACVLLTYFNLCLKNFCKLIA,36,3.97,0.7529,0.5482,0.3843,0.5635,0.4,0.5934,3942
GEN_5799,TFYHKKPHYHACLSTLAILLLTWVNGCVKNKVFNAH,36,3.72,0.7136,0.4676,0.3519,0.2886,0.7,0.5934,3943
GEN_7253,FHFAKKTAAKHSLHYLHCVLLTYFGSCLKRTLFALF,36,5.08,0.6964,0.5655,0.3843,0.5243,0.7,0.5934,3944
GEN_2844,TPCAKKILAKHHLHYLACVNLTYFNACLQATGFAIP,36,2.63,0.7412,0.4313,0.4167,0.2951,0.6,0.5934,3945
GEN_3258,THCAKKGKAHACLSYLACLLLTPVNGCVKAKVFPAV,36,4.53,0.738,0.4771,0.4167,0.4452,0.5,0.5933,3946
GEN_3159,THCAKKILMKHCYHMLACVLLTYFNAGLRHFWKLVK,36,5.71,0.7389,0.6387,0.3843,0.6136,0.6,0.5933,3947
GEN_7984,HHCRKKPSAKHCLHYIPCVLVTYFNACLKAKVFAIF,36,6.06,0.6819,0.4787,0.3879,0.5497,0.5,0.5933,3948
GEN_2069,LHCARKAAAKTSLHYAMCVLLTYFNACLHAKAFAIP,36,3.99,0.7473,0.5005,0.4815,0.4604,0.6,0.5933,3949
GEN_6502,THCAKKPKAHACLSNLACLLLTPVNGCVKAHTFLPK,36,4.62,0.7066,0.4632,0.3843,0.4627,0.5,0.5933,3950
GEN_6806,VHCARKPLAKHCLHYLPCVLLTYFNLCLKSFTKLIP,36,4.95,0.7026,0.5641,0.4167,0.6728,0.5,0.5933,3951
GEN_3684,THSAKKIAAKTFLHYAACNLATYFIACLKTVTSLIP,36,3.55,0.7345,0.4814,0.4167,0.3273,0.7,0.5933,3952
GEN_3907,FRCWYKPKAHAPLSTLACLLLIILNPCVKAKVFAAK,36,5.81,0.7328,0.5251,0.5463,0.6006,0.6,0.5933,3953
GEN_2347,THCAAKPKAHAALSYMACILLILFNGCVKAKVFAVP,36,3.54,0.7451,0.4842,0.5463,0.5034,0.6,0.5933,3954
GEN_1290,FHCSRKPLAKHSLHYAACVLLTFFNLCLKNFTKLIP,36,4.99,0.7541,0.5658,0.4167,0.488,0.6,0.5932,3955
GEN_4331,THCAAKPKAHLCLCTLACLLLFILNETYKTSTKLPK,36,3.53,0.7284,0.494,0.3519,0.4303,0.5,0.5932,3956
GEN_6861,THCAKKPKLHACLSNLACLLLTPVNGCLKAKVNAAR,36,5.53,0.7021,0.4632,0.3843,0.4726,0.5,0.5932,3957
GEN_3737,SRCAKKPKWHACFSTLACLTLIILLGQGKTFTKLAV,36,5.51,0.7342,0.4643,0.3843,0.3328,0.6,0.5932,3958
GEN_6477,THCAKKIAAFHSLHYLAAVLVTYFIACLKTFTSLAP,36,2.63,0.7069,0.499,0.4815,0.4852,0.7,0.5932,3959
GEN_4813,TRCWYKPHAAACLSTLACLQAIILNGKGKTFTKIPK,36,5.45,0.7232,0.473,0.3519,0.3407,0.6,0.5932,3960
GEN_0271,DHCAKKILAKHCLHYLACVLLTYFNLCLKTFTSAAP,36,2.98,0.7652,0.4768,0.3843,0.3481,0.5,0.5932,3961
GEN_1477,THCAKKALAKHCLHYLACVLLTYFNACRHAKLFAAD,36,3.71,0.7523,0.4733,0.3843,0.3722,0.5,0.5932,3962
GEN_1016,THCAKKPLAKHCIHYLACVLLTYFNACLHAKIFAAD,36,2.71,0.7569,0.4902,0.4167,0.4224,0.5,0.5932,3963
GEN_1452,LHCCKKIAAKHSLHYLACVLLMYYINALKNFTKLAP,36,4.98,0.7526,0.5999,0.4167,0.5482,0.6,0.5932,3964
GEN_3326,PRCAKKPKAHACLSTLACLLLTPVNGCVKAKVFAAV,36,6.0,0.7375,0.5143,0.4815,0.5724,0.5,0.5932,3965
GEN_6520,WRCWYKLKALACLSTLASLLLIILNGCNKKKVFAVV,36,5.72,0.7063,0.5079,0.4815,0.5683,0.6,0.5932,3966
GEN_4530,NRCWKKPKAHACLSTLSCLCLTILNGCVKAKVFAAH,36,5.88,0.7262,0.4728,0.3519,0.466,0.4,0.5931,3967
GEN_1426,THCAKKAAWKNTLHYLACVLLTYFESCLNRKVFAIF,36,3.54,0.7528,0.5379,0.3843,0.4115,0.6,0.5931,3968
GEN_0644,THCAKKPLAKHCLHYLACVLLTYFNACLKTFTSLAD,36,2.62,0.7605,0.4944,0.3519,0.3555,0.5,0.5931,3969
GEN_0372,THCAKKILAKHCLHYLACVLLAYFNACLKTSTSLIP,36,3.61,0.7638,0.4555,0.3843,0.3153,0.5,0.5931,3970
GEN_0189,LHCAKKVAAKHSLHYLACVLVTYCIACLKTFTNPAP,36,3.98,0.7669,0.4636,0.4167,0.3541,0.5,0.5931,3971
GEN_4418,TGCAKRILAKHCLHKLACILHTYTNACLKTFTNLAD,36,3.62,0.7276,0.4739,0.3,0.3455,0.5,0.593,3972
GEN_5719,THCAKKSLAKHCLHYLACPLLTYFNACLKTYTSLKP,36,4.61,0.7142,0.4487,0.3,0.3348,0.5,0.593,3973
GEN_7873,KRSAVTAATASRFDACTYKILHSNGSIYYVLVAK,34,3.83,0.6847,0.4572,0.2837,0.2012,0.8,0.593,3974
GEN_3842,TRCVKKPNKHASFSTLACLLLIALNKQGKTFTKLAL,36,6.46,0.7333,0.6021,0.3787,0.491,0.7,0.593,3975
GEN_3057,TRYRKKPHYHACLSNLACLALTPVNGCVKAVVFAAV,36,4.54,0.7397,0.4797,0.4167,0.3767,0.6,0.593,3976
GEN_5957,FHCAKKAAAKNCLHYLACVLLTYFNSCKNRKLFAIF,36,5.89,0.7121,0.4696,0.3843,0.4589,0.5,0.593,3977
GEN_5743,THCAARPKAHLQLTYMYCALLIANNGCIKTFTKLPK,36,4.54,0.714,0.5536,0.3519,0.4945,0.6,0.5929,3978
GEN_1070,LHCAKKAAAKHCLHYLACVLLTYFINCLKNTTSLLP,36,3.98,0.7563,0.5372,0.3843,0.4678,0.5,0.5929,3979
GEN_2638,TVVAKKIAAKHCLHYLACILLTYFNSKLNRKYFAIE,36,4.55,0.7428,0.5255,0.3843,0.346,0.7,0.5929,3980
GEN_0901,THCAKKILAKHCLHYLAMVLLTYFNACLHAKAFAIP,36,3.71,0.758,0.4882,0.4815,0.4122,0.6,0.5929,3981
GEN_5642,THCAKRPLAHACLSYLACVLLTYSNTSVKAKNFAVP,36,3.54,0.715,0.4831,0.3843,0.4068,0.6,0.5929,3982
GEN_6860,LHCAKKGAAKNCLHFLACVLLTYFGSCSQRFTLLAP,36,3.89,0.7021,0.5066,0.3843,0.5432,0.5,0.5929,3983
GEN_1968,THSARKAAAKHCLHYYACIWLSYFNAFLKAKVFAIF,36,4.63,0.748,0.5248,0.4491,0.3975,0.7,0.5929,3984
GEN_2867,THCARRPLAKHCLHYLAAVLLTYWNLCLKNFTKLTP,36,4.63,0.7411,0.5338,0.3843,0.4307,0.6,0.5929,3985
GEN_0447,THCAKKAAAKHCLHYLACVLVTYFNACLHAHAFAIG,36,2.79,0.7627,0.4694,0.4167,0.3722,0.5,0.5929,3986
GEN_1338,THCAKKPEAKHCLHYLAIVLLTYFNACLKTFTILIP,36,2.63,0.7536,0.4925,0.4167,0.3647,0.6,0.5928,3987
GEN_0880,LHLAKKIAVKHSLHYLACVLLTYWIACLKTFTSLFP,36,4.0,0.7582,0.5066,0.4815,0.3753,0.7,0.5928,3988
GEN_5254,TRCWFKPKAHACLSTLACLQAIILNPWGGTFTKLPKSFGIGTGNR,45,5.45,0.7187,0.5043,0.3519,0.4674,0.5,0.5928,3989
GEN_3105,TRCAKKPKFHACLSTLACVLLTYFNACVHAKVFAAV,36,4.53,0.7392,0.4715,0.4491,0.4619,0.5,0.5928,3990
GEN_2588,TRCAKSSKAHACLSTLACFWIIILNETLKAIVFAAV,36,2.46,0.7432,0.4972,0.4815,0.4611,0.6,0.5928,3991
GEN_2749,THCAAKPKAHAALSYMACILLILFNGCAKARVFAWP,36,3.54,0.7419,0.4824,0.5463,0.5046,0.6,0.5928,3992
GEN_1587,TVCAKKIAAKHCLRYLACVLLTYFIWCVKTWSLLCP,36,4.43,0.7512,0.5883,0.4491,0.6955,0.4,0.5928,3993
GEN_0332,THCAKKILAKHCLHYLACVLLTYFNLCLKNFTKLAP,36,4.61,0.7645,0.5519,0.3843,0.4726,0.5,0.5928,3994
GEN_2244,THCAKKPKAHACLSYLACLLLNCLNGCVKAKVFAAV,36,4.52,0.7459,0.5166,0.4167,0.5562,0.4,0.5928,3995
GEN_8668,KFTAVTAHTASRFDACTWKILHSRPSIYYNLVAK,34,3.92,0.6521,0.4685,0.318,0.3291,0.8,0.5928,3996
GEN_3438,THCAKKPLAKHSLHYPAAVLLTYFNACLKTFTKLLK,36,5.63,0.7365,0.5903,0.3843,0.4685,0.7,0.5928,3997
GEN_6916,THCAKVAEAKFNLHYLALVMNTYFNACLKTFTILIP,36,1.55,0.7013,0.4994,0.4805,0.4952,0.7,0.5928,3998
GEN_2176,TRFHKKPHYHLCLSNLAVLLLTPVNACLKAKVTAAG,36,4.63,0.7465,0.5211,0.4167,0.3623,0.7,0.5928,3999
GEN_1799,FHSAKRPLAKHCLHFLACVNLTFLGGCVKAKVFAVK,36,5.99,0.7495,0.5676,0.4491,0.5311,0.6,0.5927,4000
GEN_0791,LHCAHRYAAKHSLHYLACVLLTYFIACLKTFTNLIP,36,3.07,0.759,0.5231,0.4167,0.4023,0.6,0.5927,4001
GEN_6548,THCAKKWAFKHCLHYLACVLLTYFDGCAKTFTSLAP,36,2.62,0.706,0.4971,0.3519,0.4844,0.5,0.5927,4002
GEN_1950,THCAKKIAVKHCLHWLACVVLTYFNACLHARAQAIP,36,3.7,0.7482,0.4965,0.4491,0.4824,0.5,0.5927,4003
GEN_4152,TRCFKKPKAHACLSTLACLLLIILNGCVKAKVFAMK,36,6.44,0.7302,0.5258,0.4747,0.5984,0.5,0.5927,4004
GEN_0673,THCLKKAAAKNCLHYLACVLLTYFINCLKAKAFAIP,36,4.53,0.7603,0.5167,0.4491,0.4878,0.5,0.5927,4005
GEN_7216,TRYRKKPHYHACLSTPACELLTIASGCVKAKVFAVP,36,4.54,0.6968,0.4459,0.3519,0.354,0.6,0.5927,4006
GEN_4232,TRCAKKPNKHACFSTLACHLIIILNGNLKYKVHAAR,36,6.62,0.7295,0.5639,0.3558,0.4778,0.6,0.5927,4007
GEN_7802,ADGLMSCCLARLALCCHLAHCCGGYSHYA,29,-0.0,0.6865,0.3692,0.2602,0.091,0.7,0.5926,4008
GEN_8246,TRYHHKPHYHACLSTLACLLLTINNGKAKTFTKNKN,36,5.72,0.6739,0.3499,0.3,0.1281,0.7,0.5926,4009
GEN_4614,TRLRKKPHYHACLSNLACLVLTILNGCQKAKHFAAH,36,5.71,0.7253,0.4617,0.3194,0.2805,0.6,0.5926,4010
GEN_2351,THCAKKPKAHACLSYLACLLLTPVNGCVKAKVWPAV,36,4.53,0.7451,0.491,0.4491,0.4793,0.5,0.5926,4011
GEN_2472,THCAKKPKAHAALWYMACILLIYFNGCLKAKVFAVP,36,4.54,0.7442,0.4518,0.5139,0.4144,0.6,0.5926,4012
GEN_2742,TKCNKKVAAKHCIHYLACVLLTYFINCLKNFFSLIP,36,4.53,0.742,0.5611,0.3843,0.5387,0.5,0.5926,4013
GEN_2743,VHPAKKIAAKHHLHYLACVLVTYWIACLKHFTSLFP,36,4.14,0.742,0.5096,0.4815,0.4168,0.7,0.5926,4014
GEN_6789,THCAPKIAAKHCFHFLACVLLTYFNACLHAKAGAAD,36,1.71,0.7027,0.4858,0.4695,0.5902,0.5,0.5926,4015
GEN_2598,THCAKKILAKKHLHYLACVLLTYFNKCLHARAFAIP,36,5.71,0.7432,0.5139,0.4167,0.423,0.6,0.5926,4016
GEN_1441,LKCDKKIAAKHPFHYLACVLLTYFNACLHAKFFAAD,36,2.99,0.7527,0.4785,0.4491,0.3742,0.6,0.5926,4017
GEN_2700,THCAKKAAAKHCLHYLACVLLTYNNSCLKNFTDLIP,36,2.62,0.7423,0.5436,0.3194,0.4442,0.5,0.5926,4018
GEN_2857,TRYAKKPKAYACLSYLACLWLTPTNPCVKARGFLAK,36,6.36,0.7411,0.4779,0.4053,0.3565,0.6,0.5926,4019
GEN_0442,LMCAKKIAAKHSLHYLACVLLTYFNSCLKATVFALF,36,3.9,0.7629,0.536,0.4815,0.4784,0.6,0.5926,4020
GEN_5330,TRCAKHALARHCLSYLACVLLTIFNLCLHAKAFASK,36,4.62,0.7181,0.516,0.4167,0.5515,0.5,0.5926,4021
GEN_3631,SVCAKKIAAKHCHHYLACVLLTAWINAVKNFTSLIP,36,3.69,0.735,0.5821,0.4491,0.588,0.6,0.5926,4022
GEN_4018,FRCWYKPKIAAALSTLACLQLIILNVSKKHFTKIPK,36,6.82,0.7316,0.5525,0.4969,0.5279,0.7,0.5926,4023
GEN_0394,THCAKKAAAKHCLHYLACVLLTYFINCLKNFTSQAP,36,3.61,0.7634,0.542,0.3519,0.4237,0.5,0.5925,4024
GEN_3460,THCAKKILAKHCLHYAATVLLTYFNACLHAKAFAAD,36,2.72,0.7364,0.4607,0.4167,0.3494,0.6,0.5925,4025
GEN_0101,THCAKKAAAKNCLHYLACVLLTYFNSCLNRKVFGLC,36,4.52,0.769,0.51,0.3194,0.392,0.4,0.5925,4026
GEN_6452,THCAKKILAKHCLHPLACVLLTFFNANLKTFTILIP,36,3.63,0.7071,0.4979,0.4815,0.5447,0.6,0.5925,4027
GEN_7401,THCAKKPLGKVCLHYLAFVLIILNNGCIKTFFPLPK,36,4.54,0.694,0.5215,0.4491,0.5824,0.6,0.5925,4028
GEN_2709,THCAKKLQAKGCLHYLACVLLTYWNNCLKTFTSLIP,36,3.53,0.7422,0.5243,0.3194,0.4113,0.5,0.5925,4029
GEN_0190,LHCAKKAAAKHSLHYLACVLLTYFIACLKTFTSLIP,36,3.99,0.7668,0.5004,0.4491,0.3767,0.6,0.5924,4030
GEN_8215,THAAKKIAAKHQLHYEACVLLTYFNSCLKATVFALF,36,2.64,0.6751,0.5082,0.4167,0.5046,0.7,0.5924,4031
GEN_0320,TMCAKKIAVKHCLHYLACVLLTFFNLCLKNFSKLIP,36,4.53,0.7645,0.5814,0.4491,0.5835,0.5,0.5924,4032
GEN_4156,THCAKKVAAKHCLHYGACVLLTYFNSCLNRKVFAIF,36,4.61,0.7302,0.5239,0.3519,0.4705,0.5,0.5924,4033
GEN_0021,THCAKKIAAKHCLHYLACVLLTYFNSCLKATVFALF,36,3.61,0.772,0.5082,0.4167,0.4115,0.5,0.5924,4034
GEN_8173,KHTKFDCCKIALRTLRQVNASNFPSFCGKVKVFVAV,36,5.81,0.6759,0.6458,0.3519,0.7337,0.6,0.5924,4035
GEN_0905,TVCVKKIAAKHSLHYLACVLLTYFIACLKTYMTLIP,36,3.54,0.758,0.4678,0.4491,0.3426,0.6,0.5924,4036
GEN_5684,TRCPKKPKAHACLSTLMCLLLIILNGCLKAKVFAAK,36,6.44,0.7145,0.4807,0.4747,0.5583,0.5,0.5924,4037
GEN_1374,TVCAKKVAAKHCLHYLACVLLNYFIWSVKTFTLLAP,36,3.54,0.7533,0.5136,0.4815,0.4624,0.6,0.5924,4038
GEN_7747,TRCWYKPKAHACLSTLACLQAIILDGKGHTFTKIPKSFGIGTGNR,45,5.54,0.6876,0.5258,0.3,0.5211,0.5,0.5924,4039
GEN_5913,THLAMLPKAHACLSFLSCLLLIYFNGCLKAKPKLAK,36,4.54,0.7125,0.4862,0.4815,0.512,0.6,0.5924,4040
GEN_5933,THCAKKAAAKHCLHYLLCVLLTWFINCLKNKVFAIF,36,4.61,0.7124,0.553,0.4491,0.6573,0.5,0.5923,4041
GEN_3574,FHCAKKPLAKHCLHYLAHLLLTYFNACWKDFTKLIP,36,4.07,0.7355,0.5777,0.4167,0.5456,0.6,0.5923,4042
GEN_1586,TYCAKKAAAKHCLHYLACVLLSYFSAFLYAKANAVP,36,3.53,0.7512,0.4833,0.4491,0.3835,0.6,0.5923,4043
GEN_7760,CRCAKVPNKHASISNLACLLLIILRGQGATYTKAQL,36,4.81,0.6874,0.5183,0.3519,0.4941,0.6,0.5923,4044
GEN_0140,THCAKKTAAKHCLHYLACVLLTYFNSCLNRKVFAIF,36,4.61,0.7679,0.5239,0.3519,0.382,0.5,0.5923,4045
GEN_4460,THCAKKPLAKHCLHYLACVLLTYLNGCHKAKVFRVP,36,5.7,0.7271,0.4645,0.3519,0.3782,0.5,0.5923,4046
GEN_6173,THCAKKLVAKHCLHGIACVLLTYFNACLHAKAFVIP,36,3.7,0.71,0.4979,0.4491,0.5707,0.5,0.5923,4047
GEN_2112,THCAAKPHAHLALSYMACILLILDNGCIKTFFGLPK,36,1.63,0.7469,0.4859,0.4752,0.4243,0.6,0.5923,4048
GEN_7801,VHCAKSIASKHSLAYQACVLVTYFIACLKTFHSLAP,36,2.96,0.6865,0.4712,0.4167,0.4819,0.6,0.5923,4049
GEN_7125,THCAKKAAAKNCLHYLYCVLLTYFNSCLNRKVFAIF,36,4.53,0.6983,0.5239,0.3519,0.5446,0.5,0.5923,4050
GEN_4369,TRYHKKPHYHACLSTLACLLGTILNGCVKAKVFAAH,36,4.71,0.7281,0.4674,0.3194,0.2814,0.6,0.5923,4051
GEN_2581,LHCARKIAAKHSAHYLACVLATYFIACLKTFTSGVP,36,3.99,0.7433,0.4766,0.4167,0.3588,0.6,0.5923,4052
GEN_3812,TRYHKKPKYHAALSNLACLLLTILNGTVKAFTRLPR,36,6.56,0.7335,0.6238,0.3843,0.5276,0.7,0.5923,4053
GEN_1830,TRYHKKPKYHACLSNLACLLLTPVNGCVKAIVFAAV,36,4.54,0.7492,0.495,0.4167,0.375,0.6,0.5922,4054
GEN_1565,THCAKKILAKHCLHQLALVLLAYFNACLKTFYHLDD,36,1.72,0.7514,0.5119,0.4041,0.3853,0.6,0.5922,4055
GEN_1682,THCAKKPKAHACLSYLACLLLTCLNGCVKAKVFAAP,36,4.52,0.7504,0.4795,0.4167,0.4793,0.4,0.5922,4056
GEN_4483,FRCVYKPKAAACLTTLAWLQHIINNGKAKMFTKNKNF,37,6.82,0.7268,0.4869,0.4172,0.3811,0.65,0.5922,4057
GEN_2084,FHFAKKPLAKHCLHYLACVLHTYFNACLHAKAFAAD,36,3.16,0.7471,0.5061,0.4491,0.431,0.6,0.5922,4058
GEN_7054,TWCAKKPKATACLTYQACLLLTPVNGCVKAKVFPDV,36,3.35,0.6993,0.4771,0.4167,0.5282,0.5,0.5922,4059
GEN_0884,THCAHKAAAKNCLHYLACVLLTYFINALKNFTSNIP,36,2.63,0.7582,0.5594,0.3843,0.429,0.6,0.5922,4060
GEN_0311,SHCAKKIAVKHCLHYLACVLLTYFNACLHAKAFAAD,36,2.77,0.7646,0.4813,0.4167,0.3822,0.5,0.5921,4061
GEN_5854,THCAKKILAKHCFKYLACVLLTYFNACLHAKAFAAD,36,3.62,0.7131,0.5261,0.4167,0.5769,0.5,0.5921,4062
GEN_0469,THCAKKIAAKHSLHYLACVLVTYFIACLKTFTALLP,36,3.62,0.7625,0.4851,0.4491,0.3588,0.6,0.5921,4063
GEN_7290,VPTKMGCCKAALRTLRAANATNFANWCGKWKVFAAV,36,5.7,0.6958,0.6347,0.4491,0.764,0.6,0.5921,4064
GEN_4855,THCAKKIAAKHCFHYLACVLLTYRNACLHAKAFAAN,36,4.7,0.7227,0.4679,0.3843,0.4254,0.5,0.5921,4065
GEN_1836,THCLKKIAAKHCLHYLACVLVTYFIACVKTFLSLAD,36,2.62,0.7492,0.4857,0.4167,0.4244,0.5,0.592,4066
GEN_0298,THCAKKIAAKHCLHYLACVLVTYFIACLKTFLSLAD,36,2.62,0.7649,0.4857,0.4167,0.3883,0.5,0.592,4067
GEN_1136,FHCARKPLAKHCLHYLACVLLTYFNACLHAKAFKAD,36,4.07,0.7555,0.4923,0.4167,0.421,0.5,0.592,4068
GEN_0117,TVCAKKIAAKHCLHYLACVLLTYFINCLKNFTSLLP,36,3.53,0.7685,0.5697,0.4167,0.52,0.5,0.592,4069
GEN_3441,THFAKKALAKNCLHYLACVLLTYFGSCQPRFTLLAP,36,3.54,0.7365,0.4835,0.4167,0.3841,0.6,0.592,4070
GEN_3082,TKVAKKIAQKHCLHYLACVLLSYQIWCVKTFTLLAP,36,4.54,0.7395,0.5681,0.4167,0.5181,0.6,0.592,4071
GEN_2298,FHCAKKPLAKHCLLYIACVLVTYYNACLKAKVFAIF,36,4.89,0.7455,0.5094,0.4815,0.5375,0.5,0.592,4072
GEN_4116,PRDFKKPNKLACLSNLACLLLTIVNGCVKAKVFAAR,36,5.92,0.7306,0.6242,0.4491,0.6649,0.6,0.592,4073
GEN_3728,TRYHKKYHAHACLSTLACLLLIILNGCLKAKVFAAR,36,5.62,0.7342,0.452,0.3843,0.3047,0.6,0.592,4074
GEN_3844,TRCWKKPHAHANLSYLACHLLIILNGCVRAFTRYPH,36,4.71,0.7333,0.636,0.3519,0.581,0.6,0.592,4075
GEN_0592,THSAKKPLAKHCLHYLACVLLTYFNACLKTFTSLIP,36,3.62,0.761,0.5083,0.3843,0.336,0.6,0.592,4076
GEN_4143,TRCLKKPKGHACISTLACHYLIHLNGNLKAMIFAAW,36,4.63,0.7304,0.5008,0.3843,0.3941,0.6,0.5919,4077
GEN_0934,LHCARKAAAKTSLHYAACNLLTYFIACLKTVTSLIP,36,3.9,0.7577,0.4874,0.4167,0.3406,0.6,0.5919,4078
GEN_2678,TRYHKKPKYHACLSNLACLLLTPVNGSVKAKVFPAV,36,5.55,0.7425,0.4506,0.3843,0.2151,0.7,0.5919,4079
GEN_2862,TAYAKKAAAKHCLHYLACVRLTYFITCLNRKDFAIY,36,4.54,0.7411,0.5448,0.3519,0.4097,0.6,0.5919,4080
GEN_3485,TRCAKKPKDHACLSTLACLLLIILNGTVKAFTKLAV,36,4.45,0.7362,0.5651,0.4167,0.52,0.6,0.5919,4081
GEN_7865,TRCAKKPNKHCCFSTLACLLLCFLNGQGKTTTKLPV,36,5.43,0.6849,0.5195,0.3,0.5804,0.4,0.5919,4082
GEN_8630,FHCAKKIAAKHSLHYLATVLLTYFNSCHKATIFQIF,36,4.08,0.6547,0.4666,0.3843,0.4468,0.7,0.5919,4083
GEN_3673,TRCAKKPKAHACLKTLACTLLIILNETYSTFTELPK,36,3.46,0.7346,0.45,0.3194,0.2349,0.6,0.5919,4084
GEN_0843,IHCAKKAAAKHCLHYLACVLLTYFGNALKNFVSLAP,36,3.99,0.7585,0.5852,0.4491,0.5341,0.6,0.5919,4085
GEN_3356,THCAKRAQRKHKLHYLALVYLTRFNACLKTFTSSGK,36,7.63,0.7373,0.4971,0.3953,0.3159,0.7,0.5919,4086
GEN_0560,LHCAKKIAAKHCLHYLACVLLSYFNAFLYAKANAVP,36,3.98,0.7614,0.4972,0.4815,0.413,0.6,0.5919,4087
GEN_2017,THAAAKYKAHACLSFLACLILIYNNACLKAKIFTAH,36,3.62,0.7477,0.4123,0.4491,0.2712,0.6,0.5919,4088
GEN_2022,LHCARKAAAKTSLHYAMCVLLTYFNACLHAKAFAIF,36,3.99,0.7477,0.5005,0.4815,0.4504,0.6,0.5919,4089
GEN_8060,THLAMKSKAHACDSFLACLLLIYNNGCLSAKVFAAH,36,1.63,0.6794,0.426,0.4428,0.4465,0.6,0.5918,4090
GEN_8390,TEEAKKPNKHAKFSTLACHLILILNGNLKYKVHAAR,36,4.65,0.668,0.4866,0.3194,0.3835,0.7,0.5918,4091
GEN_2027,YVCAKKIAAKHCLHYLACVLLTYFIGCLKTFTSAAP,36,3.89,0.7476,0.4783,0.4167,0.415,0.5,0.5918,4092
GEN_0184,SHCAKKIAAKHCLHYLACVLLTYFITCLNRKVFAIF,36,4.68,0.767,0.5716,0.4167,0.5247,0.5,0.5918,4093
GEN_4072,TVCAAHPHAHLWLSYMACYLLTYLNGCVKAKVFAVP,36,1.63,0.731,0.5068,0.5077,0.5253,0.6,0.5918,4094
GEN_6233,THCAAKPHAHACLSYLACVLLTIAIGCVKAKVFAAP,36,2.62,0.7094,0.47,0.5139,0.5871,0.5,0.5918,4095
GEN_2066,THCAKKIAAKHCLKYLACVLLTYFIACLKTCTNLIP,36,4.52,0.7473,0.5103,0.3843,0.5032,0.4,0.5918,4096
GEN_6260,THCAKKPKAFACLSYLACLRLTCQNGCVKAKPFAPK,36,6.43,0.7091,0.4031,0.3769,0.4059,0.4,0.5917,4097
GEN_4539,TRCWKKPKAHACLSTLACLLLIKLNGKAKTFTKLPK,36,8.45,0.7261,0.4768,0.4946,0.4734,0.6,0.5917,4098
GEN_0557,THCAKKLPAKHCLHYLACVLLSYFNAFLYAKANAIP,36,3.62,0.7614,0.4833,0.4491,0.3561,0.6,0.5917,4099
GEN_1177,TVSAKKIAAKHCLHYLGCVLLTYFIACLKTFNSLAC,36,3.53,0.7551,0.4575,0.3843,0.3293,0.5,0.5917,4100
GEN_1381,KHCAKKIAAKHSLHYLACVLYTYFIACLKTCTILIP,36,4.97,0.7532,0.4362,0.3843,0.2984,0.5,0.5917,4101
GEN_6000,WRCVYKPKTHACFSTLACLQAIALFGKGKGFTKLPKSFGIGTGMR,45,7.81,0.7118,0.5958,0.4315,0.7086,0.5,0.5917,4102
GEN_2649,DRCWKKPKAHACLSTLACVLLTYFNACVHAKVFALK,36,4.89,0.7427,0.502,0.4167,0.4648,0.5,0.5917,4103
GEN_0204,LHCAKKIAAKHSLHYLACVLVTYCIACLKTFTNPAP,36,3.98,0.7666,0.4689,0.4167,0.3541,0.5,0.5917,4104
GEN_0982,TKCAKKLVAKHCLHYLACVLLTYFNSCLKAKVFAIF,36,5.52,0.7573,0.5082,0.4167,0.441,0.5,0.5917,4105
GEN_4887,VKCAKKPKAHACVSYLACLWLIINNGCLKAKIFASR,36,6.77,0.7224,0.4378,0.4618,0.4506,0.5,0.5917,4106
GEN_4401,THCTKKAAGDNSLHYLACVLLTLFNLCLQRKVFAIF,36,2.54,0.7277,0.4631,0.3843,0.3357,0.6,0.5916,4107
GEN_0741,LHCAKKIAVKHSLHYLACVLLTYWIACLKTFTSLFP,36,3.99,0.7596,0.4927,0.4491,0.3753,0.6,0.5916,4108
GEN_0369,THCAKKAAAKHCLHYLACVLLTYFNSCLKNFTDLIP,36,2.62,0.7639,0.5587,0.3519,0.4442,0.5,0.5916,4109
GEN_1207,TVCGKKINAKHCLHYLACVLLTYFQACLHAKAFAIP,36,3.61,0.7548,0.4694,0.4167,0.3822,0.5,0.5916,4110
GEN_5611,FHCAKKIAAKHSLHYLACVLLTYCNSCLKATVFALF,36,3.98,0.7153,0.472,0.4167,0.4784,0.5,0.5916,4111
GEN_1985,TVCAKKIAAKHCLHYLACVSLTYFNACLKTKAFAIP,36,4.53,0.7479,0.4602,0.4167,0.3822,0.5,0.5915,4112
GEN_4415,TRCAKKPKAHACLPTLAGASLRILNTHLKALVFAAT,36,5.55,0.7276,0.6248,0.4491,0.6025,0.7,0.5915,4113
GEN_4464,TRCWYKGKAHACLSTLACLLLIIVNPDNKTFTKCAV,36,3.44,0.727,0.4726,0.3519,0.3864,0.5,0.5915,4114
GEN_6123,TKCAKKPLKHACLSYVACVLKTYLNGCVFAAVFAGP,36,4.44,0.7103,0.5962,0.4167,0.6961,0.5,0.5915,4115
GEN_0260,FHCAKKAAAKHCLHYLACVLITYFINCLKNFKSLAP,36,4.98,0.7656,0.5816,0.4167,0.5427,0.5,0.5915,4116
GEN_3732,TRYHKKPKYHACLSNLACLVLTILHGCVKAKVFAPR,36,6.62,0.7342,0.4598,0.3882,0.3181,0.6,0.5915,4117
GEN_3687,THCAKKLMAHACLSYLACLLLTPVNGRVHAKVFGAV,36,3.63,0.7345,0.5329,0.4491,0.5,0.6,0.5915,4118
GEN_5317,LNCAKKIAAKHCLHYLMCVLVTIFIACIKTFLSLAD,36,2.89,0.7182,0.5212,0.4815,0.6177,0.5,0.5915,4119
GEN_2754,THCAKKPLGKVCLHYLAFVLLTYFNACVKAHIFAPR,36,4.62,0.7419,0.5215,0.4491,0.464,0.6,0.5915,4120
GEN_0313,THCAKKLVAKHCLHYLACVLLTYFNACLHAKAFKLP,36,4.7,0.7646,0.4694,0.4167,0.3575,0.5,0.5914,4121
GEN_1109,TRCAKKAARKHCLHFLACVLLTYFNSCLKRFTSADY,36,5.53,0.7559,0.6047,0.3,0.4869,0.5,0.5914,4122
GEN_7647,LGYHRKTKYHACSSQLACLLLTPVNGCVKAKVFAAV,36,4.9,0.6896,0.4493,0.3519,0.3675,0.6,0.5914,4123
GEN_6720,IHCAAKPHAHACLSYLACVLLTPLNGCAKARVHAIP,36,3.07,0.7038,0.4956,0.4815,0.6076,0.5,0.5914,4124
GEN_3393,TRYHKKPHYHACLSTDACLLLTIINGCVRAKVGAIP,36,3.63,0.737,0.5234,0.3194,0.3483,0.6,0.5914,4125
GEN_3251,TRCAEKPKAHACLCTLACLLLIFLNGQGKTFSKLAV,36,3.44,0.7381,0.5073,0.3843,0.4503,0.5,0.5914,4126
GEN_7730,TRFHKGPKYLACNSNLACLTLTPVNGCLKAKVNAAG,36,4.45,0.688,0.5046,0.3194,0.4311,0.6,0.5914,4127
GEN_7482,NHCSKYPKAHACLSYLACLLLTPVNGCVKCRYWPAS,36,3.88,0.6923,0.4376,0.3194,0.443,0.4,0.5914,4128
GEN_1028,THCAKKLVAKHCLHYLACVLLTYDNACLKTKVFALF,36,3.61,0.7568,0.4555,0.3843,0.3194,0.5,0.5913,4129
GEN_6025,CRTAKKPDKHFSFSNLACLLRIILRGQPKTYTKLQL,36,6.82,0.7115,0.5935,0.348,0.4846,0.7,0.5912,4130
GEN_5256,THCAKKPLAKHCLHYLACVLLTYFNACVHLKVFAVK,36,4.7,0.7187,0.4923,0.4167,0.5014,0.5,0.5912,4131
GEN_0997,GHCAKKIANKHCLHYLACYLLAYFNACLKTSTSLIP,36,3.98,0.7571,0.4678,0.3194,0.2738,0.5,0.5912,4132
GEN_1649,THCAKRPLAKTSLSYLAFVLLDYFNACLHAKAFAVP,36,2.55,0.7506,0.5243,0.4815,0.4121,0.7,0.5912,4133
GEN_5899,THCAAKPLAHACLSYLACVLLTYFNACVHAKVDAAK,36,1.62,0.7126,0.4736,0.4759,0.5436,0.5,0.5912,4134
GEN_4339,TRYHVKPKYHACLSNLACLILTPVNGCLKAKVFAAH,36,4.62,0.7283,0.4781,0.3843,0.3563,0.6,0.5912,4135
GEN_0769,TVCAKKIAAKHCLHYLACVLLSYFNAFLYAKANAVP,36,3.54,0.7594,0.4972,0.4815,0.413,0.6,0.5912,4136
GEN_2408,FHCAAKPLAKHCLHYLACVLLTYFNRCLKIKVFATD,36,3.98,0.7447,0.5939,0.4167,0.6099,0.5,0.5912,4137
GEN_6568,NHCAKKIAVKHCLHYLWCVLLTFFNLCLKNFTKLIP,36,4.98,0.7058,0.5658,0.4167,0.6539,0.5,0.5912,4138
GEN_0227,TVCAKKIAAKHCLHYLACVLLTYFINCLKNFTSAAP,36,3.53,0.766,0.5697,0.4167,0.52,0.5,0.5912,4139
GEN_2977,THCAKKAAAKNCLHYLACVLLTYFSSSLNRKVFAIC,36,4.53,0.7404,0.5238,0.3519,0.4384,0.5,0.5912,4140
GEN_5140,TRYHKKGYYHACLSNIACLLLTPVQGELKAKVNAAR,36,4.55,0.7199,0.451,0.3,0.1797,0.7,0.5912,4141
GEN_0242,THCAKKAAAKHCLHYLACVLLTWFITCLNRKVFAIF,36,4.62,0.7659,0.5668,0.4491,0.5474,0.5,0.5911,4142
GEN_8651,IALCWPSRYTQPCIKLLKVRFKVSALADIFEAQSKNNA,38,3.74,0.6532,0.6113,0.4167,0.7851,0.6,0.5911,4143
GEN_0718,THCAKKAAAQNCLHYLACVWLTYFNSCLNRKVTAIF,36,3.53,0.7598,0.5153,0.3519,0.3787,0.5,0.5911,4144
GEN_1839,THCAAKPKAHAALSYMACILLILNNACIATGTKLPK,36,3.54,0.7492,0.4478,0.4491,0.3214,0.6,0.5911,4145
GEN_1188,LHCAKKIAAKHCLHYIACVLLTYFINCLKAKAFAIP,36,4.98,0.755,0.5306,0.4815,0.5447,0.5,0.5911,4146
GEN_1408,THCAKKILAKHCLHYLACVLLTYFQLCLHAKAFAIP,36,3.7,0.753,0.4833,0.4491,0.4384,0.5,0.5911,4147
GEN_1787,THCAKKPLAKKCQHYLACVLLTYKNACIKTFTKLPK,36,7.52,0.7495,0.5212,0.3888,0.4485,0.5,0.591,4148
GEN_2960,TRYHKKPHYHACLSTPACLLLGILNGCVKAKVDAIP,36,3.63,0.7405,0.45,0.3519,0.2472,0.6,0.591,4149
GEN_0377,THCAKKPLAKHCLHYLACVLLTYFNACLHAKAFATD,36,2.71,0.7637,0.4784,0.3843,0.3394,0.5,0.591,4150
GEN_3686,TRCAKKPNKHACFSTLACLLLIILNGQGKTFTNLAV,36,4.45,0.7345,0.5778,0.3519,0.4745,0.6,0.591,4151
GEN_2628,LRYHRKTKYHACLSNLACLLLTPVNGCVKAKVFPAD,36,4.9,0.7429,0.461,0.3519,0.2599,0.6,0.591,4152
GEN_7145,FHTKFHACESALRGLRNVNASNFVSWCGKAKVFAAV,36,3.91,0.6979,0.6526,0.3843,0.6492,0.7,0.5909,4153
GEN_2896,THAAKKVLAKHCLHYLACVLLTYWNKALKTPTSLVP,36,4.63,0.7409,0.5652,0.4167,0.4357,0.7,0.5909,4154
GEN_2038,THCAKKIAAKHSIHYLACILLTYFIWCVKTFSLMAP,36,3.62,0.7475,0.4793,0.4491,0.3767,0.6,0.5909,4155
GEN_0878,THRAQKIAARHCLHYLACVLLTYFIICLKTFKSAIF,36,4.63,0.7582,0.568,0.4167,0.4672,0.6,0.5909,4156
GEN_5048,TRYHKKPHYHACLSTLACLLLTHLSGCVKAEVFAAH,36,2.8,0.7207,0.4361,0.3194,0.2371,0.6,0.5909,4157
GEN_6705,TVCAKKAAAKHCLHYLACVKLTYFINCLKNFTSLIP,36,4.53,0.7041,0.5559,0.3843,0.6069,0.5,0.5909,4158
GEN_4757,THCAAKPLAHACLSYLACVLLTYLNGCVKANVFAVP,36,1.53,0.7238,0.5068,0.5145,0.6098,0.5,0.5909,4159
GEN_0276,LHCAKKIAAKHCLHYLACVLLTYFINCLKNFTSLAP,36,3.98,0.7652,0.5697,0.4167,0.52,0.5,0.5909,4160
GEN_1436,THCAKKILAKHCYHMLACVLLWYFNACVKAKVFAIP,36,4.61,0.7527,0.5094,0.4815,0.5127,0.5,0.5908,4161
GEN_2986,PRCAKKPNKHACLSNLACLLLTIVNGCVKAFTKVAH,36,6.09,0.7403,0.5916,0.3894,0.5865,0.5,0.5908,4162
GEN_2939,TKCAKKIAAKHCIHYLACELLTYFINCLKTFASLIP,36,3.53,0.7406,0.543,0.3843,0.4997,0.5,0.5908,4163
GEN_7857,THCAKKPLAKHCLHYVLCVQLTYFNACLHAKAFAAD,36,2.71,0.6851,0.4784,0.3843,0.5214,0.5,0.5908,4164
GEN_7660,SLACCLIIKTWGVGGWKCLRLKTLRPVVLNLKS,33,5.43,0.6893,0.5419,0.339,0.406,0.75,0.5908,4165
GEN_0251,SHCAKKTAAKHSLHYLACVLLTYFQSCLKATVFALF,36,3.69,0.7658,0.4962,0.3843,0.2964,0.6,0.5908,4166
GEN_1265,THCAKKPAAKHCLHYLGCVLLTYFNACLKTFTKLIP,36,4.61,0.7543,0.5524,0.3519,0.4512,0.5,0.5908,4167
GEN_0549,LHCAKKIAIKHSLHYLACVLLTYFIACLKTFTSLAP,36,3.99,0.7615,0.4887,0.4491,0.3588,0.6,0.5908,4168
GEN_3162,THCAKKPKYHACLSNLACLVLTILHGCVKARVFAPR,36,5.62,0.7388,0.4737,0.3843,0.3875,0.5,0.5907,4169
GEN_2057,THCGKKILAKHCLHYLACVLVTYFNACLKAKTSLAP,36,4.61,0.7474,0.451,0.3519,0.2974,0.5,0.5907,4170
GEN_5993,THCAKKIAVKHCLHYLACVLLTYFNPCLHAKAFAIP,36,3.7,0.7119,0.4952,0.4491,0.5514,0.5,0.5907,4171
GEN_6429,TLCAAKPHAHACDSYLACVDLTYLNGCVPAKVFAAH,36,-0.38,0.7073,0.4235,0.5834,0.5772,0.5,0.5907,4172
GEN_3061,TICAKKIDAKKFLHYLAVVLLTYFIACLKTFTSLAP,36,3.46,0.7397,0.5376,0.4815,0.4557,0.7,0.5906,4173
GEN_6988,FRCWYKPKAAACLFTLAFLQLIILNVKGKTFTKTPK,36,6.73,0.7003,0.4724,0.4918,0.449,0.7,0.5906,4174
GEN_2767,THCAARIKWHANLSYLACFLLHYWNACVKAKTFAAK,36,4.62,0.7418,0.4789,0.4167,0.3545,0.6,0.5906,4175
GEN_3484,ERCAKKPKYHACLSTLACLLLTILNGCVKAKVFAPR,36,5.88,0.7362,0.4975,0.3843,0.4332,0.5,0.5906,4176
GEN_5964,THAAHKPLKHACLSYLACVLLTYFNAPLKTFTKLAH,36,3.72,0.7121,0.5729,0.4167,0.5143,0.7,0.5906,4177
GEN_1693,THCAKKAAAKHCLRYLACVLLTYFNTAAKRHVFAIF,36,5.62,0.7503,0.5745,0.4167,0.4939,0.6,0.5906,4178
GEN_1505,THCMKKAAAKHHLHYLACILLTYFNTCLNRKVFAIF,36,4.71,0.752,0.5312,0.3843,0.3853,0.6,0.5906,4179
GEN_7846,TVCVKKVAAKHSFHYLACVLLTYFIACLKTCQTLIP,36,3.53,0.6854,0.4539,0.4167,0.5114,0.5,0.5906,4180
GEN_1457,LHYSKKIAAKHSLHYLACVLVTYFNSCLKATVRALF,36,4.99,0.7526,0.5538,0.3843,0.3553,0.7,0.5906,4181
GEN_1380,THCGKKILAKHCLHYLACVLVTYFNACLKAKVFAIF,36,4.61,0.7532,0.4787,0.4167,0.3937,0.5,0.5905,4182
GEN_3911,TRYMKKPHNHACLITLACLLLICNNGSLKGKIFAGP,36,4.54,0.7328,0.5491,0.3519,0.4273,0.6,0.5905,4183
GEN_2619,THCAKKPEAKHCLHYLACVYVTYFNACAKRKIFAIF,36,4.61,0.743,0.4578,0.3519,0.3178,0.5,0.5905,4184
GEN_0931,THCAKRVLAKHCLHYLACVLLTYFNACLKTSTSLAD,36,2.62,0.7577,0.4623,0.3194,0.259,0.5,0.5905,4185
GEN_3276,TVCAKKIAAKHCLHYLACALLTYFIFGVKTFTLLAP,36,3.54,0.7379,0.4839,0.4815,0.4362,0.6,0.5905,4186
GEN_3630,THCAKVIAAKHCLHYLACVDLTYFIWMVKTFTLNAP,36,1.63,0.735,0.4815,0.4752,0.4324,0.6,0.5905,4187
GEN_8665,NPWGSRCAGPISLARILSTTFHVALPLIATNRESGKILD,39,1.84,0.6523,0.5544,0.4127,0.6843,0.6,0.5905,4188
GEN_4839,TVCAKKIAAKHCLHYLACVLLTYFIACAKTYTTLIP,36,3.53,0.7229,0.4694,0.4167,0.449,0.5,0.5905,4189
GEN_0209,THCAKKAAAKHCIHYLACVLLTYFINCLKNFVSLAP,36,3.61,0.7665,0.5697,0.4167,0.5146,0.5,0.5905,4190
GEN_6350,THCAAKPKAHAALSYMACIMLFIANETYATFTKLPK,36,2.55,0.7083,0.4945,0.4491,0.4237,0.7,0.5905,4191
GEN_1536,THCAKKDLAHGCLHYLACVLLTYYNACLHAKAFAAD,36,0.71,0.7517,0.444,0.4424,0.3653,0.5,0.5905,4192
GEN_7007,THCAKKPLCKHCTHYLACVLVTYFNAPLHAKAFAAD,36,2.71,0.7,0.4902,0.3843,0.5046,0.5,0.5905,4193
GEN_1043,THCAKKIAAKHCLHYLACVLLTYFIACSKNFNKLIP,36,4.61,0.7566,0.5186,0.3843,0.419,0.5,0.5904,4194
GEN_1602,THCAKKIAADHCLRYLACVLLTYFNACLKTFTSLAL,36,2.53,0.7511,0.5417,0.3843,0.4707,0.5,0.5904,4195
GEN_0516,THSAKKIAAKHCLHYLACVLLTYFIACLKAKVFAIF,36,4.62,0.7619,0.4972,0.4815,0.4016,0.6,0.5904,4196
GEN_2978,THCAKKAAAKHCAHYLACVLLTYFIACLKVFTNLIP,36,3.61,0.7404,0.5239,0.4491,0.5307,0.5,0.5904,4197
GEN_1149,THCAKKIAAKHCLHYLACVLLTYYINCLKTFCSQIP,36,3.6,0.7554,0.4995,0.3194,0.3922,0.4,0.5904,4198
GEN_4722,NRCWKKDKAHACLITLACLLLIILNGQGKTFTKLPH,36,4.9,0.7241,0.4915,0.3519,0.3509,0.6,0.5904,4199
GEN_3741,THCAKKPLAKHCLHYLANVLLTYFNACLKAKQFAIF,36,4.62,0.7342,0.5199,0.4167,0.4393,0.6,0.5904,4200
GEN_7064,THLAMKPKAHACLSFLACLLLIWNSGCLKAKVFLAH,36,3.63,0.6992,0.4338,0.5139,0.474,0.6,0.5903,4201
GEN_8155,NHCAKKFAAKNCLHYLACVQVTYFINCLKNFTSNAP,36,3.89,0.6766,0.5281,0.3194,0.5562,0.5,0.5903,4202
GEN_6312,TKCAKKPLKHACLSYLACVLLTYLTGCVCAKVFAVG,36,4.43,0.7087,0.5823,0.3843,0.7029,0.4,0.5903,4203
GEN_1366,FHCTRGIAAKHSLHYLACVLLTYFIACLKTFTSLAA,36,2.99,0.7534,0.4712,0.4167,0.3125,0.6,0.5903,4204
GEN_2909,TRYHKKPKYHACLSNLACLLVTILNGCVKAKVFAAP,36,5.54,0.7408,0.4881,0.3843,0.3376,0.6,0.5903,4205
GEN_0481,THCAKKPLAKLHLHYLACVLLTYFNACLHAKAFAIP,36,3.71,0.7623,0.5246,0.4815,0.4457,0.6,0.5903,4206
GEN_0023,THCAKKAAAKNCLHYLACVLLTYFINCLKNFVSLAP,36,3.53,0.772,0.5697,0.4167,0.5006,0.5,0.5903,4207
GEN_3343,THCAKKPLVKHCLKYLACVLVTYFNACLKAKVFAIF,36,5.52,0.7374,0.5742,0.4491,0.6199,0.5,0.5902,4208
GEN_4962,THCAKKIAAKHCLHYLYCLLVTWFIACLKNFTFAIP,36,3.61,0.7215,0.4996,0.4491,0.5327,0.5,0.5902,4209
GEN_5562,HRCWYKDYAHACLSTLACLQAIKLNGGAKTFTKLPKSYGIGTGQW,45,4.9,0.7157,0.5231,0.3,0.4365,0.5,0.5902,4210
GEN_0904,THCAKKIAVKHCLHYLACVLLTYFNACLNRKVWAIF,36,4.61,0.758,0.5111,0.4167,0.4343,0.5,0.5902,4211
GEN_6582,THCAKKIAPKHCFKYLRCVLLTYFNACLHAKAFAAD,36,4.62,0.7056,0.5939,0.3843,0.6626,0.5,0.5902,4212
GEN_2431,THCAMKILAKHCLEYLACVLLTWFNACLKNFTSLIP,36,1.53,0.7445,0.5359,0.4819,0.5722,0.5,0.5902,4213
GEN_5791,TRCAKKPNWHACFSTLACLTLIILLYKAKTFTKNKN,36,6.45,0.7137,0.4479,0.3456,0.2945,0.6,0.5902,4214
GEN_1183,THCAKKAAAKSCVHYLACVLLTYFGNCWKNFVSLAP,36,3.53,0.7551,0.5387,0.3843,0.4551,0.5,0.5902,4215
GEN_0428,THSAKKAAAKHCLHYLACILLSYFNAFLYAKANAVP,36,3.63,0.763,0.4925,0.4491,0.2905,0.7,0.5901,4216
GEN_2657,SHCAKKAQAKHCLHYLACVLLTYFNSCINRKVFWIF,36,4.68,0.7427,0.5377,0.3519,0.4489,0.5,0.5901,4217
GEN_1804,THCAKKAAAKHYAHYLACVLLTYFINCLKNFTSLIP,36,3.62,0.7495,0.5559,0.3843,0.429,0.6,0.5901,4218
GEN_0959,THCRKKAAAKNCLHYLACVLLTYFNSCLNRKVFALF,36,5.53,0.7574,0.5239,0.3519,0.392,0.5,0.5901,4219
GEN_3783,THCAKKVAAKHCLHYLACVGLTYFNSRLGRTVFAII,36,4.63,0.7338,0.6106,0.3519,0.5247,0.6,0.5901,4220
GEN_2764,NMCAKKIATKHCLHKLACNLLTFFNLCLKNFTKLRP,36,6.89,0.7418,0.538,0.4037,0.5034,0.5,0.5901,4221
GEN_0316,YHCAKKAAAKQCLHYLACVLLTYFINCLHAKAFAIG,36,3.98,0.7646,0.4861,0.4167,0.377,0.5,0.5901,4222
GEN_2004,LRYHRKTKYHACLSNLACLLLTPVNGCVKAIVFAAV,36,4.9,0.7478,0.495,0.4167,0.3642,0.6,0.5901,4223
GEN_5594,TKDRKKPHYHACLSTLACLLLIILNGCVRAKVFAAH,36,4.63,0.7154,0.4706,0.3843,0.367,0.6,0.5901,4224
GEN_0087,THCAKKTAAKHSLHYLACVLLTYFNSCLKRTVFALF,36,4.62,0.7693,0.5471,0.3519,0.3357,0.6,0.5901,4225
GEN_4475,FRCWYKPKAAMCLSTLACLGAAILSGPGKDFTKLPK,36,4.73,0.7269,0.5578,0.4167,0.517,0.6,0.59,4226
GEN_1251,IHCAKKIAAKHSLHYLACVLLTYLIACLKFYQTNFP,36,3.98,0.7544,0.4786,0.4167,0.3205,0.6,0.59,4227
GEN_2842,TRCAKKPNKHACFSTLACLLLIILNGQGKTFTKLAL,36,5.45,0.7412,0.5778,0.3519,0.4518,0.6,0.59,4228
GEN_7554,TRCWKKPKAHACLITLACLLLIILNGQGKTFTKLPKSNGIGTGSR,45,7.45,0.691,0.484,0.3846,0.5121,0.5,0.59,4229
GEN_3730,TRCAKKPNKHACFSTLACLLLIILNGQGKAKVFAAH,36,5.54,0.7342,0.5916,0.3843,0.5242,0.6,0.59,4230
GEN_8071,THCAARPKAHANLSYMGCILLILNNGCIKTFTKLPK,36,4.54,0.6792,0.5536,0.3519,0.5562,0.6,0.59,4231
GEN_6946,ILLCWPCCKIALRTLRGANASNFASWCGKVKVFVAV,36,4.72,0.7008,0.6492,0.4815,0.8609,0.5,0.5899,4232
GEN_8080,THCTKKIAVKHCLHYKACVLLTQYNICLHAKAFAIP,36,4.7,0.6789,0.3609,0.3519,0.3018,0.5,0.5899,4233
GEN_0879,LHCAKKIAAKHSLHYLACFLLTYFIACLKTFTSLIP,36,3.99,0.7582,0.5004,0.4491,0.38,0.6,0.5899,4234
GEN_7108,THCAKKPKAHACLSYLGCLILTPVNGCVYAKVFPAV,36,3.53,0.6985,0.4275,0.4167,0.4321,0.5,0.5899,4235
GEN_0103,LHCAKKIAAKHSLHYLACVLLTYFIACLKTFTSLAP,36,3.99,0.7689,0.4851,0.4491,0.3293,0.6,0.5899,4236
GEN_2037,RHCAKKALAKHCLHYLACVLLTYFNLCLKDFTKLIP,36,4.98,0.7475,0.5526,0.3843,0.494,0.5,0.5899,4237
GEN_4826,FHCAKKPLAKHCLHYLACVLLTYLNPCVKAKVFAVP,36,4.98,0.723,0.52,0.4815,0.5938,0.5,0.5899,4238
GEN_6653,FHCAKKTAAKHSLGFLACVLATYFESCLKATVFALF,36,2.9,0.7046,0.5181,0.4491,0.5346,0.6,0.5899,4239
GEN_1722,LHCAKKIHAKHSAHYLACVWLTYWHACLKTCTTALF,36,4.15,0.7501,0.4137,0.3519,0.2234,0.5,0.5899,4240
GEN_5123,FKCWYRAKAARCLTTLACLQHTINNGKAKTFTKMKTFFPLGKPDY,45,7.81,0.7201,0.5174,0.4056,0.5202,0.5,0.5899,4241
GEN_5749,TVCARKAAAKHCLHYLACVLLTYFISTLKTFVSAIP,36,3.54,0.714,0.5281,0.4491,0.5293,0.6,0.5899,4242
GEN_3610,THCAKKAAKKHCLHYLACVVLTYFINGLHNFTILAP,36,3.71,0.7352,0.5316,0.3843,0.421,0.6,0.5899,4243
GEN_0595,THCAKKAAAKHCLHYLACVLLTYFNSCLNRKVFARF,36,5.61,0.761,0.5239,0.3519,0.382,0.5,0.5899,4244
GEN_2674,TRCAHKPNKHACFSTLACLLLIILNVKGKTFTKNPK,36,6.54,0.7425,0.5298,0.3508,0.3669,0.6,0.5899,4245
GEN_0658,FHCAKKPLAKHCLHYLACTLLTYFNASVKTFTKLAR,36,5.98,0.7604,0.5839,0.3519,0.4161,0.6,0.5898,4246
GEN_0831,LHCAKKIAAKHSLHYLACVLLTYWIACLKTFTSLFP,36,3.99,0.7586,0.4927,0.4491,0.3653,0.6,0.5898,4247
GEN_2661,QHCHKKIAAKHCLAYRACVLLTYFIACLKTFTSLAI,36,4.98,0.7427,0.4573,0.3843,0.3452,0.5,0.5898,4248
GEN_4148,THSAKKAQAKNCLHGLACVLLTYFGSCLQKFTLLAP,36,3.54,0.7303,0.5147,0.3519,0.3711,0.6,0.5898,4249
GEN_6453,THHAKKIAVKGCLTYLACVLLTYFNACLHAKCTAIP,36,3.61,0.7071,0.4591,0.3843,0.4315,0.5,0.5898,4250
GEN_0091,LHCAKKIAAKHSLHYLACVLLTYFIACLKTCTTLIP,36,3.98,0.7691,0.4689,0.4167,0.3358,0.5,0.5898,4251
GEN_5733,FRCWYKPKAAACLFTLACLELIIINVDGKTFTKIDK,36,2.73,0.7141,0.5195,0.4167,0.4813,0.6,0.5898,4252
GEN_2488,THCAKRIWAKHCLHFLACVLLTYFNACLKTFTSLAE,36,2.62,0.7441,0.5083,0.3843,0.4274,0.5,0.5898,4253
GEN_2825,THCAKKIVAKHCLHYLAIVLVRYFNACLKAKVFAIG,36,5.62,0.7413,0.6172,0.4491,0.6132,0.6,0.5898,4254
GEN_0286,THCAKKAAAKHCLHYLACVLLTNFNSCLNKGVFAIF,36,3.62,0.7651,0.524,0.3843,0.4042,0.5,0.5898,4255
GEN_2922,TRCAKKPNKHACFSNLACLLLIILNGQGKTFTKLAL,36,5.45,0.7407,0.5778,0.3519,0.4518,0.6,0.5898,4256
GEN_3670,THCLKKAAAKNCLHYLAIDLLTYFGSRLQRFTLLAA,36,3.55,0.7347,0.5901,0.3843,0.4516,0.7,0.5897,4257
GEN_0164,LHCAKKIAAKHSLHYLACVWLTYFHACLKTCTTALF,36,4.06,0.7674,0.455,0.3843,0.283,0.5,0.5897,4258
GEN_2745,THCAWKAAAKHVLHYLACVLLTYFIYCLNRKAFQIF,36,3.62,0.742,0.5701,0.4491,0.5326,0.6,0.5897,4259
GEN_2737,TRCAKKPNKHACLSYLACLLLIINNGCVKVKVFAAH,36,5.53,0.742,0.5916,0.3843,0.5703,0.5,0.5897,4260
GEN_1538,THCAKKAAAKHCLHFLACVLATRFINCLKNATSLAP,36,4.62,0.7517,0.6196,0.4167,0.6269,0.5,0.5897,4261
GEN_5481,TRCAKKPKAHACLCTLALLLLIILNETLITDTFLPK,36,2.46,0.7165,0.501,0.4491,0.4771,0.6,0.5897,4262
GEN_6488,GRCWKKPKAHACLSKLADLLAIILNGKPKTFTKLPKSFGIGTGSR,45,8.82,0.7067,0.6048,0.4905,0.714,0.6,0.5897,4263
GEN_0916,THCWKKAAAKNCLHYLAIVLLAFFNSCLNRKVFAIF,36,4.54,0.7579,0.5329,0.4815,0.4657,0.6,0.5897,4264
GEN_4492,FRCWKKPKAHACLSELACILLIRLNGKAHTFTKQAK,36,6.9,0.7267,0.4712,0.4044,0.3585,0.6,0.5897,4265
GEN_0885,THCAKKILAKHCLHYLACVLLTYENACLKAKLFAIF,36,3.62,0.7581,0.4694,0.4167,0.3609,0.5,0.5896,4266
GEN_8024,LKYHRKTKYHACISNLACLLLTPVNGCHTAIVFAAV,36,3.99,0.6806,0.4305,0.3843,0.378,0.6,0.5896,4267
GEN_0757,LHKAKKIAVQHSLHYLACVLLTYFHACLKTCTTALF,36,4.07,0.7595,0.4606,0.3843,0.2436,0.6,0.5896,4268
GEN_5797,THCAKKILADKCLHYLLCVLLTYFRACLHAKAFAAD,36,2.62,0.7136,0.5009,0.4167,0.5168,0.5,0.5896,4269
GEN_4451,TRHAKKPKAHACSSYLACLLLIILNGCLKAKVFAAR,36,6.54,0.7271,0.4743,0.448,0.4058,0.6,0.5896,4270
GEN_0789,THCAKKPLAKHCIHYLACVLLTYFNACLHAKAFAAD,36,2.71,0.759,0.4902,0.4167,0.3929,0.5,0.5895,4271
GEN_2831,THCAKKPKAHACLCTLACVLLIILNQTYKTFTFAAK,36,4.53,0.7413,0.4586,0.3843,0.3487,0.5,0.5895,4272
GEN_6503,NHCAAKPHCHACLSYLACVLLTYLNGCGKAKVFAVP,36,2.97,0.7066,0.4545,0.3843,0.4899,0.4,0.5895,4273
GEN_4132,FHCAKKIAAKKSLHYLACVLLTYFNSCLKATVFALF,36,4.9,0.7305,0.5221,0.4491,0.4784,0.6,0.5895,4274
GEN_4597,THHTKKPDAHACLSYLACLLLIILNETLKTFTKLPK,36,2.64,0.7256,0.5849,0.3519,0.43,0.7,0.5895,4275
GEN_8494,LGAAGNDQDAVPAGGCCNKIKCILKFPPSY,30,0.73,0.6631,0.51,0.2779,0.3442,0.75,0.5895,4276
GEN_8447,THQGQRPLAKHCLHYLACVLLTYLTGCVHAKVFAIP,36,2.71,0.6655,0.5198,0.3843,0.5609,0.6,0.5895,4277
GEN_0877,FHCAKKPLAKHCLHYLACVLLTYFNVCLKTFTKLIP,36,4.98,0.7582,0.5642,0.4167,0.5181,0.5,0.5895,4278
GEN_1880,THAAKKILGKHCLHYLACVLLTYFNACLKTKVFAWH,36,4.71,0.7488,0.469,0.3843,0.282,0.6,0.5895,4279
GEN_8094,TVCKKKIAARHCLHYLLCVLLTYFIWQVKTFTLLAP,36,4.54,0.6784,0.5071,0.4491,0.5743,0.6,0.5895,4280
GEN_1456,THCAKKIAAKHCLHYLACVLLTYFNACLHAKAFAAD,36,2.71,0.7526,0.4694,0.4167,0.3722,0.5,0.5894,4281
GEN_1499,THCTKKIAAKHCLHYLACVLIMWFIAALKTFTSLAN,36,3.63,0.7521,0.5272,0.4491,0.4356,0.6,0.5894,4282
GEN_5954,THCAKKILANHCLHYLYCVLLTYFNRCLKAKVFAIF,36,4.61,0.7121,0.5928,0.3843,0.6399,0.5,0.5894,4283
GEN_2998,TRCAKKPKAHACLSTLACLLLIILNGTVKAFTKLAV,36,5.45,0.7402,0.579,0.4491,0.5495,0.6,0.5894,4284
GEN_3078,TRCAKKPNKHACFSTLACLLLIILNGQGKTFTKLAV,36,5.45,0.7395,0.5778,0.3519,0.4518,0.6,0.5894,4285
GEN_5887,THCACKPKAHACLMYAACLLLICNNGCLKGKIFAAH,36,3.6,0.7127,0.3564,0.3843,0.3109,0.4,0.5893,4286
GEN_6770,THCCKKAAAKNCLYYLACVLLLYFNSCLNRKVFAID,36,3.43,0.703,0.477,0.3519,0.5018,0.4,0.5893,4287
GEN_7655,THCAAKAAAKNCLHYLSCVILTYFINCLKNGTSNAP,36,2.53,0.6894,0.5179,0.3194,0.5025,0.5,0.5893,4288
GEN_5376,THCAKKAAAKNCLHYLAEVLPTYFGSCLKNFVSLAP,36,2.54,0.7177,0.5191,0.3843,0.4369,0.6,0.5893,4289
GEN_7916,THCAKKARAKHCLHYLACVLLTYFHNSIHATAFAIP,36,3.8,0.6838,0.4599,0.3843,0.4176,0.6,0.5893,4290
GEN_2478,THCAKKILAKHCLSYLACVLLIYFNACLKAKVFAMF,36,4.53,0.7441,0.4882,0.4815,0.4873,0.5,0.5893,4291
GEN_7787,TPCAKKIAAKHCLHPLACVVLTYFIWCVHTFTLLAP,36,2.62,0.6867,0.5118,0.5139,0.6935,0.5,0.5893,4292
GEN_4157,FHCAKKIAAKHSLHYLACVLLSYFYTCLKATVFLAP,36,3.98,0.7302,0.5003,0.4491,0.441,0.6,0.5893,4293
GEN_0825,THCAKKPLAKHCLHYLACVLLTYFNICLHAKAFATD,36,2.71,0.7586,0.4784,0.3843,0.3394,0.5,0.5892,4294
GEN_3555,TRHAAKPLAHACLSYLACVLLTQLNGCVKAKVFAVP,36,3.54,0.7357,0.5834,0.4815,0.5986,0.6,0.5892,4295
GEN_3740,THAAKKPLAKHCLHYLACALLTYANACLKIRTKLHP,36,5.71,0.7342,0.4784,0.3843,0.3294,0.6,0.5892,4296
GEN_1214,THCRKKAAAKNCLHYLACVLLTYFNSCLNRKVFAIF,36,5.53,0.7548,0.5239,0.3519,0.392,0.5,0.5892,4297
GEN_1224,THCDMKILAKHCLHYLACVLLTWFNYCLKAKVFALF,36,2.62,0.7547,0.5138,0.4491,0.4726,0.5,0.5892,4298
GEN_0518,LHCAKKIAAKHSLHYLACVLWTYFHACLKTCTTALF,36,4.06,0.7619,0.4567,0.3843,0.2958,0.5,0.5892,4299
GEN_3668,THCAKKPLAKHWLHYLASVLLLWFNACLHAKAFQTD,36,2.73,0.7347,0.5327,0.4491,0.4176,0.7,0.5892,4300
GEN_0014,THCAKKAAAKHCLHYLACVLLTYFINCLKNFVSLAP,36,3.61,0.7726,0.5697,0.4167,0.4906,0.5,0.5891,4301
GEN_5320,THCAKKPKAHACLSYLACLLLTCLNGCVKAFVFAAH,36,3.61,0.7181,0.4865,0.4167,0.5462,0.4,0.5891,4302
GEN_6532,WWCWYKPKAHAYLSTCACLQLIILNGCNKAKVFALV,36,3.8,0.7061,0.4337,0.4491,0.4518,0.5,0.5891,4303
GEN_0278,FHCAKKPLAKHCLHYLACVSLTYFNACLKSKAFAIP,36,4.98,0.7652,0.4923,0.4167,0.3789,0.5,0.5891,4304
GEN_4938,FRAWFKPKQAACLSTLASLLLIILNGDNRGFEPLAV,36,1.75,0.7218,0.5772,0.5312,0.6032,0.7,0.5891,4305
GEN_0790,LHCDKKIAAKHSLHYLACVLLTYFIACLKTFTSLAP,36,2.99,0.759,0.4712,0.4167,0.2919,0.6,0.5891,4306
GEN_7640,THSALKIAAKHCLHYGACVLLTLVIWCVKTFTLLAP,36,2.63,0.6897,0.5066,0.4815,0.577,0.6,0.5891,4307
GEN_1681,FHCAKKIAAKHSLHYLACVLLTYFNSCLQHFTLLAF,36,3.07,0.7504,0.507,0.4167,0.3717,0.6,0.5891,4308
GEN_3257,KRCAKKPKAHACLSTLACVLLTYFNAAVHAKVFAAK,36,6.9,0.738,0.5189,0.5014,0.5046,0.6,0.5891,4309
GEN_6023,LMCAKKIAAKHSLMYLACVLLTYWIACLKATVFASF,36,3.81,0.7115,0.4792,0.5463,0.5454,0.6,0.5891,4310
GEN_0027,THCAKKAAAKHCLHYLACVLLTYFITCLNRKVFAIF,36,4.61,0.7719,0.5716,0.4167,0.4952,0.5,0.589,4311
GEN_1308,LHCAKKIAAKHSAHYLACVLLTYFIACLKTFTSLAP,36,3.99,0.7539,0.4851,0.4491,0.3588,0.6,0.589,4312
GEN_0625,LHCAKKIAAKHSLHILACVLLTYFHAWLKTCTAALF,36,4.07,0.7607,0.5213,0.4815,0.4356,0.6,0.589,4313
GEN_7842,TICAKKIAVKHCLHYLAPVLLTYFLNCLKNHHSLMG,36,3.71,0.6855,0.5356,0.3843,0.5374,0.6,0.589,4314
GEN_0479,THCAKKATAKFCLHYLACVLLTFYGNCLKNFVSLAP,36,3.53,0.7624,0.5171,0.3843,0.3935,0.5,0.589,4315
GEN_3079,TRCAKKPKAHACLCTLACLLLIILNETYKAKVFRAH,36,5.53,0.7395,0.4733,0.3843,0.3741,0.5,0.589,4316
GEN_4501,TRCWYKPKAHACLSTLACLLLIIINPCVKAKVFAAR,36,5.44,0.7265,0.481,0.4815,0.5149,0.5,0.589,4317
GEN_0208,THCAKKIAAKHCLHYLACVLLTYFIACTKNFTSLAP,36,3.61,0.7665,0.4555,0.3843,0.2817,0.5,0.589,4318
GEN_5545,TRCAKKPKAHACISTLACLALIILNGCVKVFAHAAV,36,4.53,0.7159,0.5431,0.4815,0.6426,0.5,0.589,4319
GEN_0610,THCAKKIAAKHCLHYIACVLVTYFNACLKAKVFALF,36,4.61,0.7608,0.4986,0.4491,0.4311,0.5,0.5889,4320
GEN_4565,WRCSKKPHAHACLSTLACLKAIILNGRGKTFTYLPKMFGVGDANR,45,6.9,0.7258,0.5188,0.3784,0.4754,0.5,0.5889,4321
GEN_6862,FHCAFKPLAKHCLHYLATVLLVYFNLCLHAKAFAAD,36,2.08,0.7021,0.5948,0.5139,0.7262,0.6,0.5889,4322
GEN_0632,THCAKKAAARHCLHYLACVLLTYFINCLKTFTNLEP,36,2.62,0.7607,0.5266,0.3519,0.3808,0.5,0.5889,4323
GEN_6651,THAAADPHAHACLSYLACVLLTVLNGCVKAKVFAIP,36,0.63,0.7046,0.5365,0.6099,0.7194,0.6,0.5889,4324
GEN_4427,TRCIQKPKAHACCPTLAHLLLIILNACVKAKVFAAK,36,5.53,0.7275,0.5282,0.4815,0.5904,0.5,0.5889,4325
GEN_3222,TRCAKKPNKHACFETLACLLLIILNGQGKTFTGLAV,36,3.45,0.7382,0.5778,0.3519,0.4518,0.6,0.5889,4326
GEN_0323,THCAKKHAAKHCLHYLACVLLTYFIACLKTFTNLIP,36,3.7,0.7645,0.5015,0.3843,0.362,0.5,0.5889,4327
GEN_1541,TKCAKKACAKHCLHYIAIVLLTYFNACLKTWTILIP,36,4.53,0.7517,0.4829,0.4167,0.3935,0.5,0.5889,4328
GEN_3112,THCAKKPKAHACLSYLACLLLIILNGCMKAKVFAAR,36,5.53,0.7392,0.4479,0.4491,0.3968,0.5,0.5889,4329
GEN_6667,THCAKKPLAKHCLHYLACVLLTYFNACLKTYTHLIP,36,3.7,0.7045,0.4645,0.3519,0.4083,0.5,0.5889,4330
GEN_1854,LHMAKGMAAKHSLHYLACVLATYFHACLKTTVFALF,36,3.08,0.7491,0.4966,0.4815,0.3533,0.7,0.5888,4331
GEN_0247,FHCAKKTAAKHSLHYLACVLLTYFNSCLKRTVFASF,36,4.99,0.7658,0.5471,0.3519,0.3357,0.6,0.5888,4332
GEN_0318,THCAKKVAAKNCLHYLACVLLTYFNSCLNRKVFAVF,36,4.53,0.7646,0.5378,0.3843,0.4215,0.5,0.5888,4333
GEN_8012,THCAWRIAAKHCVHYLACVLLTYFIWCVHTGTLLAP,36,1.7,0.6809,0.5182,0.4698,0.6701,0.5,0.5888,4334
GEN_5785,THCAKKIAAHHCFYYLACVLLTYFNACLVAKAFAAD,36,1.62,0.7137,0.4377,0.4758,0.465,0.5,0.5888,4335
GEN_4137,YHSFKKTAAHHSLHYLACVLLHYFWSALARTVYALF,36,3.18,0.7304,0.5555,0.4167,0.4297,0.7,0.5887,4336
GEN_2695,THCAKKIAAKHCLHHLACVLLTWFIACLKTFTSLRP,36,4.7,0.7424,0.4747,0.4167,0.4003,0.5,0.5887,4337
GEN_2766,THCAKKPKAHACLSYLACLLLTPVNGCVNAKVFPAW,36,3.53,0.7418,0.4557,0.4491,0.4025,0.5,0.5887,4338
GEN_1001,FHCAKKTEAKHSLHYAACVLLTYFNSCLKATVFALF,36,2.99,0.7571,0.4943,0.3843,0.2998,0.6,0.5887,4339
GEN_8268,TKSAKKPKAHKCLMYLACLLLTCNNGAVWADIFYPC,36,3.44,0.6731,0.4672,0.3843,0.5168,0.5,0.5887,4340
GEN_4946,TRCFKKPKAHACLSTLVCLLKIILQGSVKAWERLAV,36,5.45,0.7217,0.5988,0.4167,0.5889,0.6,0.5887,4341
GEN_0432,FHCAKKAAAKWCLHYLACVLLTYFNTCLNRKVFAIF,36,4.89,0.763,0.5589,0.4491,0.5247,0.5,0.5887,4342
GEN_8423,THCAKKIAAKHCLHYMACVLVTYFIAGLTNFTSLIF,36,2.63,0.6668,0.4689,0.4167,0.5006,0.6,0.5887,4343
GEN_7056,LHCAKKIAHKHCLHYLARVLLTYFINCLKNFTSLAP,36,5.07,0.6993,0.5897,0.3843,0.5937,0.6,0.5887,4344
GEN_0156,LHCAKKIAAKHSLHYLACVLLTYFIACLKFYTTNIP,36,3.98,0.7676,0.4689,0.4167,0.2649,0.6,0.5887,4345
GEN_4713,EHCAKKPLAKWCLHRLACVLLTYFNACRKTITSSPK,36,5.97,0.7242,0.4869,0.3194,0.3656,0.5,0.5887,4346
GEN_2593,TRCAAKPDAHACLCNLACLLLIILNETYKTFTFLGK,36,1.45,0.7432,0.4709,0.4231,0.3983,0.5,0.5887,4347
GEN_7083,THCAQHRLAKHCLHYLACVELTYFNAWLKTFTNLAD,36,0.72,0.6989,0.5533,0.409,0.5581,0.6,0.5886,4348
GEN_6867,THRNQKPLARHCLHYLACVLLTYFIPLLKTFKSAIF,36,4.63,0.702,0.573,0.4167,0.5241,0.7,0.5886,4349
GEN_7095,TFCAMKFLAHACLSYLAAVLLTYLNGCVKAHVFAVP,36,1.54,0.6987,0.5346,0.5786,0.6966,0.6,0.5886,4350
GEN_5025,TRCAAKPKAHACLSTLACLDLIELNECIKVKVFAGK,36,2.45,0.721,0.4151,0.3843,0.318,0.5,0.5886,4351
GEN_6516,WRLWYKLKAHACLSTKACLLLICNNGCLKAKVFAAH,36,5.89,0.7063,0.4963,0.4167,0.5195,0.5,0.5886,4352
GEN_5666,LHSAKKIAAKHHLHYLACVLLTYFIACLKTFTSLIP,36,4.08,0.7147,0.5004,0.4491,0.4062,0.7,0.5886,4353
GEN_8038,TRCAKKPKAHRCLCTNACLLLIILNDTYKTFTFLPK,36,5.44,0.6801,0.4577,0.3194,0.4195,0.5,0.5886,4354
GEN_0697,FHCAKKPLGKHCLHYIACVLVTYFNACLKAKVFAIF,36,4.98,0.76,0.5144,0.4491,0.4573,0.5,0.5886,4355
GEN_4235,THCAKKAANRHCLHYLAAVLLTYFINCWKAKAWNAP,36,4.62,0.7295,0.5033,0.4167,0.4102,0.6,0.5885,4356
GEN_8109,FHCAKKIAAKHSNHYLACVLLSYFYTCLRATVYTLF,36,3.98,0.678,0.5043,0.3519,0.4672,0.6,0.5885,4357
GEN_4692,FHCAKKCAAKWCLNYLACVLLNYFNTCLNRKVFAAA,36,4.79,0.7245,0.5769,0.4167,0.6773,0.4,0.5885,4358
GEN_1131,LSCAKKIAAKHSLHYLACVLLTYFNSILKAYVFAIF,36,3.91,0.7556,0.582,0.4815,0.4784,0.7,0.5885,4359
GEN_7912,THCAVKPKAHAALSYMACIPLILFSGCAKARVFAWP,36,3.54,0.6838,0.4392,0.5463,0.5393,0.6,0.5885,4360
GEN_7287,TRYHKKPGYHACLSTPACLLLTIGNGCVKAKVFALP,36,4.54,0.6959,0.4696,0.3519,0.3671,0.6,0.5885,4361
GEN_3539,TRCAWKPNYHACLSNLACLLLTPVNGCVKAKVFAAL,36,3.44,0.7358,0.491,0.4491,0.4739,0.5,0.5885,4362
GEN_1733,THCAKKAAAKHCLHYLACVLLTLNWSCLKNFTDLIP,36,2.62,0.75,0.5534,0.3843,0.4802,0.5,0.5885,4363
GEN_5006,WRCYYKPHAHACLSTLQCLMLIILNGCNKAKVFAAV,36,3.89,0.7212,0.4759,0.4167,0.4505,0.5,0.5885,4364
GEN_0172,FHCAKKIAAKHCLHYLACNLVTYFIACLKTFLSLAD,36,2.98,0.7672,0.4874,0.4167,0.3621,0.5,0.5885,4365
GEN_7911,THFHKKPHYHLCLSNLAVLLLTPVNACLKAKVTAAG,36,3.72,0.6838,0.4721,0.4167,0.3983,0.7,0.5885,4366
GEN_5324,RRCAAKPKAHACLSTLACGILIELNGCIKVKVFAGH,36,4.89,0.7181,0.4151,0.3843,0.3239,0.5,0.5885,4367
GEN_4411,TRCAKKPKAHACLSTLACLLLIILNGDNRTFEKLAV,36,3.46,0.7276,0.5546,0.3843,0.4672,0.6,0.5885,4368
GEN_3321,TVCAKKIAAKHCLHYLACVLSTYFNSCLKRKGWGIF,36,5.53,0.7376,0.4972,0.3194,0.3505,0.5,0.5885,4369
GEN_7927,FHCGRKPLAKHCLHYLACVLLTYFNLCLDNFTKLIP,36,2.98,0.6835,0.5225,0.3843,0.5836,0.5,0.5885,4370
GEN_5377,FRCWYKPKAAACLSTLAAIQAIILNGRGKTFTKIPKSFGSWDAWR,45,6.74,0.7177,0.6374,0.4466,0.6901,0.6,0.5884,4371
GEN_2064,THRAQKIAARHCLHYLACVLLTYFPICLKNDKSAIF,36,3.63,0.7473,0.5542,0.3843,0.4205,0.6,0.5884,4372
GEN_5789,FRFWYKPKAAACLSTLACLLLIILNGQGKTFTKIPK,36,5.73,0.7137,0.5425,0.4491,0.4772,0.7,0.5884,4373
GEN_0143,THCAKKAAAKHCLHYLACVLLTYFINCLNRKVFARF,36,5.61,0.7679,0.5941,0.3843,0.5052,0.5,0.5884,4374
GEN_6370,THYRKKAHNHACLSTLACLLLWCNNGCLKPDIEFAH,36,1.71,0.7081,0.3383,0.3205,0.1548,0.5,0.5884,4375
GEN_0594,HHCAKKPQAKHCLHYLACVLVTYFNACLKAKVFAIF,36,5.06,0.761,0.4787,0.4167,0.3609,0.5,0.5883,4376
GEN_2796,THCAKKPKAHACLSNLACLLLTPVNGCVKAKMDIAL,36,3.53,0.7416,0.4771,0.4167,0.4035,0.5,0.5883,4377
GEN_4716,FRCWKKPKAHACLSELACILLIRLNGKPHTFTKQAK,36,6.9,0.7242,0.4712,0.4044,0.3552,0.6,0.5883,4378
GEN_2301,THCAQKLVAKHCLHYLACVLLNWFNSCSKATVFAAF,36,2.62,0.7455,0.5315,0.4167,0.4849,0.5,0.5883,4379
GEN_7651,TRYHKKPHNRACLSTLVCLLLTILNGCVLGKVFAPR,36,5.54,0.6895,0.5214,0.3519,0.467,0.6,0.5883,4380
GEN_0573,TRCAKKIAAKHCLHYLACVLLTYFIGCLKTFTSAAP,36,4.53,0.7613,0.5311,0.3843,0.415,0.5,0.5883,4381
GEN_0341,THCAQKTAAKHSLHYLACVLLTYFNSCLKRTVFALF,36,3.63,0.7644,0.5471,0.3519,0.3357,0.6,0.5883,4382
GEN_7257,THCAKKPKAHLCLSYLACLLLTPVNGCVKAKVFPVV,36,4.53,0.6962,0.491,0.4491,0.565,0.5,0.5883,4383
GEN_0761,THAAKKAAAKHSLHYIACVLLTYFNSCLKRTVFALN,36,4.63,0.7594,0.561,0.3843,0.3357,0.7,0.5883,4384
GEN_4888,THCAAKPLGNACLSYLSCLLLTCLNGCVKAKVFAAP,36,2.43,0.7224,0.4795,0.4167,0.5187,0.4,0.5883,4385
GEN_0810,THCAKRILAKHCLHYLACVLLTYTNACLKTFTNLAD,36,2.62,0.7588,0.4878,0.3194,0.2831,0.5,0.5882,4386
GEN_5504,THCAKKILAKHCLHLLACWLLTYWNHCLKAKTSDVP,36,3.7,0.7163,0.4703,0.3519,0.3855,0.5,0.5882,4387
GEN_5816,LHCAKKLVAKHCLHYLLCVLVTYFNACLKAKVFAIP,36,4.98,0.7134,0.5132,0.4815,0.5937,0.5,0.5882,4388
GEN_0876,TVSAKKIAAKNCLHYLACVLLTYFNSCLNRKVFALF,36,4.45,0.7582,0.5517,0.4167,0.4215,0.6,0.5882,4389
GEN_5272,LHCAKVIAFKHSLYYLACVLLTYFIACLKTFTSLAP,36,2.9,0.7186,0.499,0.4815,0.4912,0.6,0.5882,4390
GEN_0694,THCAKKILAKHCLHYLACVLLTYFNACVKAKVFAIP,36,4.61,0.76,0.4926,0.4491,0.4183,0.5,0.5882,4391
GEN_1023,TKCAKKIAAKHSLHYLACVLLTYFIACLKTFTSLLP,36,4.54,0.7569,0.4945,0.4167,0.3293,0.6,0.5882,4392
GEN_0845,SHCAKKTAAKHSLHYLACVLLTYIPSCLNRKVFAIF,36,4.69,0.7585,0.5536,0.3843,0.392,0.6,0.5882,4393
GEN_3614,TRYAKKPHNHACLSTLACGLLTILNGCVKAKVFAPR,36,5.54,0.7351,0.5482,0.3519,0.4047,0.6,0.5882,4394
GEN_2790,THCAAKPKAHNCLSNLACVLLTYFNACLHAKAFAAK,36,3.62,0.7416,0.5049,0.4167,0.4492,0.5,0.5882,4395
GEN_7923,FHCTKKPLAKHCLHYLACTLLTYFNLSLKTFTSVKP,36,4.98,0.6836,0.4506,0.3194,0.3291,0.6,0.5881,4396
GEN_2817,TRCAAKPHAHLALSYMACILYILNNGCIKTFTKLPK,36,4.54,0.7414,0.5675,0.3843,0.4538,0.6,0.5881,4397
GEN_7628,HRCWKKPKAHAELSTLGCLLLIINNGKGRTFTKLPRSFGIGTISR,45,7.91,0.6899,0.6389,0.4116,0.7203,0.6,0.5881,4398
GEN_2164,TRYMKKPHNHACLSTLACLLLICNNGCLKGKIFAAH,36,4.62,0.7466,0.5352,0.3194,0.3899,0.5,0.5881,4399
GEN_5201,LHSAKKAAAKNALGYLACVLLTYFGSCLQRFGLLHP,36,3.91,0.7194,0.5836,0.4167,0.4983,0.7,0.5881,4400
GEN_0533,THCLKKIAAKHCLHYLACVLLYYFIACLKTYTTNIP,36,3.61,0.7617,0.4416,0.3519,0.231,0.5,0.5881,4401
GEN_0294,THCAKKIAAKHCLHYLACVLVTWFIACLKNFTFAIP,36,3.62,0.765,0.5135,0.4815,0.4732,0.5,0.5881,4402
GEN_0121,THCAKKIAAKHCLHYLACVLVNYFIACLKNFTSLIF,36,3.61,0.7684,0.5281,0.4167,0.4243,0.5,0.5881,4403
GEN_6925,HHCAKKPLAKHCLHYLLCVLLTYFNACLHAKAFAAD,36,3.15,0.7012,0.4923,0.4167,0.5214,0.5,0.5881,4404
GEN_0194,LHCAKKIAAKHSLHYLACVLLTYFIACLKTFTSLLP,36,3.99,0.7667,0.489,0.4491,0.3293,0.6,0.5881,4405
GEN_2761,THCAKKILAKHCLHYLACNLYTWFNACLKAKVWALF,36,4.61,0.7418,0.502,0.4167,0.4424,0.5,0.588,4406
GEN_0296,THCAKKPLAKHCLHYLACVLVTYFNACLKAKVFAIF,36,4.61,0.7649,0.5061,0.4491,0.4278,0.5,0.588,4407
GEN_3405,YRCLKKIAAKHCLEYLASVLFTIFIACLKTFTSLAP,36,3.81,0.7368,0.5877,0.4491,0.5627,0.6,0.588,4408
GEN_0106,FHCARKIAAKHSLHYLACVLLTYFIACLKTFTSLAP,36,3.99,0.7689,0.4927,0.4491,0.3293,0.6,0.588,4409
GEN_1548,THCAAKPHAHACLSYLACVLLTYLNGCVKAFSRLKR,36,4.62,0.7516,0.6047,0.3519,0.5261,0.5,0.588,4410
GEN_2885,THCAKKPLAKHCLHYLACVLVTYFNACLKAKAFAAD,36,3.62,0.741,0.4923,0.4167,0.4278,0.5,0.588,4411
GEN_6380,THKAKKILAKVCPHYLASILLTYLNPCMKAKPKAAD,36,5.55,0.708,0.5575,0.4167,0.4807,0.7,0.588,4412
GEN_0961,TVSAKKIAAKNCLHYLACVLLTYFNSCLNRKVFAIF,36,4.45,0.7574,0.5517,0.4167,0.4215,0.6,0.5879,4413
GEN_6718,THCAKKAAAKHCLHYLACVLLTYFINCLVWFTSLGP,36,2.62,0.7039,0.4694,0.4167,0.4758,0.5,0.5879,4414
GEN_1019,FHCRKKPAAKTCLHYLACVLLSYFNAFLYAKANAVP,36,4.9,0.7569,0.4842,0.4491,0.3428,0.6,0.5879,4415
GEN_1731,FHNAKKPLAKHCLHYLACVLLTYFNLPLKTFTKLIP,36,4.99,0.75,0.5705,0.4491,0.4358,0.7,0.5879,4416
GEN_4032,THCCKKIAAKHSLHYLACVLVTYFIACLKTFTSLAP,36,3.61,0.7315,0.4573,0.3843,0.3588,0.5,0.5879,4417
GEN_0180,LHCARKIAAKHSLHYLACVLLTYFIACLKTFTSLAP,36,3.99,0.7671,0.4905,0.4491,0.3293,0.6,0.5879,4418
GEN_5586,THCAKKPLAHACLSYLACVLLTYKNACVHARAFAAK,36,4.61,0.7155,0.4776,0.4167,0.4619,0.5,0.5878,4419
GEN_0615,TRCAKKGAAKNCLHYAACVLLTYFNSCLNRKVFAVF,36,5.44,0.7608,0.5239,0.3519,0.3688,0.5,0.5878,4420
GEN_0683,THCAKKPLAKHCLHWLACVLLTYFNACLKAKVFAIF,36,4.61,0.7601,0.5351,0.4815,0.5181,0.5,0.5878,4421
GEN_3830,LHCAKKIAAKHCFHYMACVLLTYFMAHLHAKAFAAD,36,3.16,0.7335,0.4966,0.4815,0.4497,0.6,0.5878,4422
GEN_1986,SHCAKKLVAKHCLHYVACVLLTYFNKCLKAKVSAIA,36,5.67,0.7479,0.5487,0.3843,0.472,0.5,0.5878,4423
GEN_1386,LHCAKKIAAKHSLHYLACVLLTYFIACAKTYAFAIP,36,3.98,0.7531,0.4966,0.4815,0.4042,0.6,0.5878,4424
GEN_3580,FRLWYKGKAHACLSTLACLLLIIVNPDNKTFTKCAV,36,3.81,0.7354,0.5003,0.4167,0.3864,0.6,0.5878,4425
GEN_8197,THCAKKIAAKHCLHILWCVLATYFNCSVHADAFAIP,36,1.7,0.6755,0.4816,0.4698,0.6151,0.5,0.5878,4426
GEN_7387,TVCAKKIAAKHCIHYLLCVLLLYFINCLKTFTSLIP,36,3.53,0.6943,0.5583,0.4491,0.6785,0.5,0.5878,4427
GEN_4859,THCAAKAHAHVALSYMACILLILNNGCIKTFFKLQK,36,3.63,0.7227,0.5285,0.4167,0.463,0.6,0.5878,4428
GEN_6549,THCAHKAAAKHCLHYTAAVLLTYFNSCLNRKVFAIF,36,3.71,0.706,0.5378,0.3843,0.4852,0.6,0.5878,4429
GEN_3697,TRCARKPKAHACLSTLACLLLIELNGCLKAHVFEGR,36,3.54,0.7344,0.4981,0.3519,0.3869,0.5,0.5878,4430
GEN_3597,TGCAKKMLAHACLSYLACVLLTYFNACVHAKVFAMK,36,3.53,0.7354,0.4382,0.4491,0.3815,0.5,0.5877,4431
GEN_7752,TYCAKKPLAKHCLHYLACVKMTYSNAPFKTFTKLAH,36,5.62,0.6875,0.5002,0.3194,0.4002,0.6,0.5877,4432
GEN_3318,THAAKKASAKHCLHFLACQLLTYFNSCLQRKVMAIF,36,4.63,0.7376,0.5399,0.3843,0.4146,0.6,0.5877,4433
GEN_6027,AHCATKPKAHACLSYLACLADTCLNGCKKAKVFAAP,36,3.92,0.7114,0.5072,0.3843,0.5543,0.4,0.5877,4434
GEN_4125,YQCWYKPKAHACLSNLACLLLIIANGCSKTFTKLAV,36,3.8,0.7305,0.5281,0.3843,0.478,0.5,0.5877,4435
GEN_7521,LHCAKKIQAKHSLHYLLCVLLTYFNSCLKCTVFALV,36,3.98,0.6916,0.4976,0.3843,0.5178,0.5,0.5877,4436
GEN_5149,YRLKYKPKAHACLSTAACLLLIIANGCPRTFTKLAV,36,5.81,0.7199,0.5959,0.4167,0.5816,0.6,0.5877,4437
GEN_1240,THCAKKILAKHCVHYLACVLLTYFNACLKAKVFAIF,36,4.61,0.7545,0.4926,0.4491,0.4278,0.5,0.5877,4438
GEN_8141,THQAKKPVAKHCLHYLACVLLTYGWTCTHETAIAAM,36,1.72,0.677,0.4645,0.3718,0.4176,0.6,0.5877,4439
GEN_2250,NHCAKKPLAKHCRHYLACVLITYLNACVKAKVFAVT,36,5.98,0.7459,0.5638,0.3843,0.5014,0.5,0.5877,4440
GEN_6354,THCAKKPLLKHCLHYLNCVLLTWFNACLHAKAFAIP,36,3.7,0.7083,0.5277,0.4491,0.5936,0.5,0.5877,4441
GEN_7408,WRAGYKPKAHACFSTLACLQAPALFGKGKGFTKWPKSFGIGTGNR,45,7.82,0.6938,0.5851,0.4321,0.6394,0.6,0.5877,4442
GEN_3756,THCAKKAALKHCLHYLACVLLSYFNAFLYAKANAVP,36,3.62,0.7341,0.4952,0.4491,0.413,0.6,0.5877,4443
GEN_1295,THCAAKPHAHLALSYMACILLILNNGCIKTFFKLPK,36,3.63,0.754,0.5792,0.4491,0.506,0.6,0.5876,4444
GEN_1512,SHCAKKILAKHCLMYLACVLLTYFNIPLKTFTKLAK,36,5.6,0.752,0.5559,0.4167,0.4391,0.6,0.5876,4445
GEN_8543,THCVKPIAAKKCLHYLHCVLLKYFINSLKTFTSVSP,36,4.62,0.6603,0.5698,0.3519,0.6111,0.6,0.5876,4446
GEN_1491,DHCAKKLVAKHCLHYLACVLLAYFQACLKTATSKAP,36,3.98,0.7522,0.4555,0.3843,0.3053,0.5,0.5875,4447
GEN_5991,THCADKPLGKYCLHYLALVLLTYFCACLHAKAFAIP,36,1.62,0.7119,0.4997,0.476,0.5642,0.5,0.5875,4448
GEN_8672,THCAKKPKAHVCLSELACLILTPVNGSVKAKHFPYV,36,3.63,0.6516,0.4586,0.3843,0.4785,0.6,0.5875,4449
GEN_5505,TNCAKKIAVKHCLHYLACVKLTYFNACLHAKAFAIP,36,4.61,0.7163,0.4813,0.4167,0.4643,0.5,0.5875,4450
GEN_3423,THCAKKIAAKHCLHGLACVALTYFNSCLRATVFALF,36,3.62,0.7366,0.5334,0.4167,0.5037,0.5,0.5875,4451
GEN_6490,NHCAKKPKAHLRLCYLACLLLTPPKGCVKAKYWPAS,36,6.89,0.7067,0.4872,0.436,0.6157,0.35,0.5875,4452
GEN_3362,THCAKKAGAKNCLHYLACVLLTYFNSCLNRKVFAIF,36,4.53,0.7373,0.5239,0.3519,0.4215,0.5,0.5875,4453
GEN_5335,THCAKKPLAWHCLHYLACVLVTYFNLCWKNFTKLAD,36,2.62,0.718,0.5457,0.3843,0.535,0.5,0.5875,4454
GEN_3763,TVAIKKIAAKLCTHYLACVLLTYFNAALKTFTSLVP,36,3.46,0.734,0.5652,0.4815,0.4945,0.7,0.5875,4455
GEN_5152,LHCAYKIAAKHSLHYLACVLLTYFIACLKFYTTNFP,36,2.98,0.7199,0.4835,0.4167,0.3928,0.6,0.5875,4456
GEN_6683,THCAKGPLAKHCLHYLACVLLTYFNACLHAKHFAVD,36,1.79,0.7043,0.4555,0.3987,0.4309,0.5,0.5875,4457
GEN_6115,THCAKKLVAKHCGHYLACVLLSYFNSCLKATVFALF,36,3.61,0.7104,0.501,0.3843,0.4784,0.5,0.5875,4458
GEN_1526,THCAKKLVAKHCLHYLACVLLTYFNWCLKTFTKNIP,36,4.61,0.7518,0.5166,0.3519,0.3753,0.5,0.5875,4459
GEN_0476,FHCAKKIAAKHCLHYLACVLLNYFIWCVKTFTLLAP,36,3.98,0.7624,0.5216,0.4815,0.4886,0.5,0.5875,4460
GEN_5620,THCAKKPVAHACLSYLACVLLTYPNACVHAKVFGAK,36,3.61,0.7151,0.4482,0.4167,0.4111,0.5,0.5874,4461
GEN_1018,THCAKKLVARHCLHYLACYLLTYFNSCLKAKVFLIP,36,4.61,0.7569,0.4943,0.3843,0.358,0.5,0.5874,4462
GEN_3725,THCLKKIAAKHSLHYGACILLSYPNACLKTFTNVIP,36,3.62,0.7343,0.5138,0.3519,0.344,0.6,0.5874,4463
GEN_7195,THCAARIKWHANLSYLACFLLHPVQGCLKAAYFAAV,36,2.63,0.6971,0.5248,0.4815,0.5789,0.6,0.5874,4464
GEN_3785,TRCAKKPNKHACFSTIACLLLIILNGQGKTFTKLAV,36,5.45,0.7337,0.5778,0.3519,0.4518,0.6,0.5874,4465
GEN_3459,FHCAKKPVAKHMLHALACVLLTGFNACLHAKLFAAD,36,3.08,0.7364,0.5614,0.5139,0.5804,0.6,0.5874,4466
GEN_5126,FRCWYKPKAAACLSTLACLQAIILNGKGKTFTKAAH,36,5.81,0.72,0.4662,0.3843,0.3307,0.6,0.5874,4467
GEN_4181,HHCAKKPLAPHCLTWLAAVVWTYFNACLKEFTKLAR,36,3.99,0.73,0.6462,0.4491,0.6719,0.6,0.5874,4468
GEN_2309,LHCAKKIAAKHSLHYLACVLLDYFNACLHAKAFAIP,36,3.07,0.7454,0.4966,0.4815,0.4195,0.6,0.5874,4469
GEN_2071,TICAKKIAAQFCLYYLACVLLNYNNACLKTFTNALP,36,2.35,0.7472,0.5166,0.4167,0.4505,0.5,0.5874,4470
GEN_7539,WRCVYKPKAHVCLSTLLCLQLPILNGCNKAKVFAAV,36,4.8,0.6913,0.512,0.4491,0.6052,0.5,0.5874,4471
GEN_6377,THCAKKINAKHCLHYLLCVLLNWFNSCLKATVFAAF,36,3.62,0.7081,0.552,0.4167,0.6001,0.5,0.5874,4472
GEN_1700,THQAKKIAAKHCLHYLACVLLTYFNACLHAKAFAIP,36,3.71,0.7503,0.4833,0.4491,0.3527,0.6,0.5873,4473
GEN_6881,THCHKKAAAKNCEHYLACVLDTYFGNCLKNFIMLAP,36,1.62,0.7019,0.5135,0.3462,0.4799,0.5,0.5873,4474
GEN_2597,THNAKKILAKHCLHYLACVLVTYFNACLKGKVFAPY,36,4.62,0.7432,0.4653,0.3843,0.2741,0.6,0.5873,4475
GEN_1866,THCARKAAAKNCLHYLACVVLTYFNTCLNRKVFAIE,36,3.54,0.7489,0.5173,0.3519,0.3822,0.5,0.5873,4476
GEN_4122,THCAKKIAAKHSLHYLACVILTCWTSCLKATVFAIQ,36,3.62,0.7306,0.4721,0.3843,0.3815,0.5,0.5873,4477
GEN_0010,THCAKKAAAKNCLHYLACVLLTYFNSCLNRKVFAIF,36,4.53,0.7731,0.5378,0.3843,0.392,0.5,0.5873,4478
GEN_0009,THCAKKAAAKNCLHYLACVLLTYFNSCLNRKVFAVF,36,4.53,0.7732,0.5378,0.3843,0.392,0.5,0.5873,4479
GEN_0548,LHCAKKIAIKHSLHYLACVLLTYFNACLKTFTSLAP,36,3.99,0.7615,0.5222,0.4167,0.3588,0.6,0.5873,4480
GEN_0847,THCAKKIAAKHCLHFLACVLLTYFNSCAKRFTSAAP,36,4.62,0.7585,0.5567,0.3843,0.4574,0.5,0.5873,4481
GEN_7510,SRCSKKPKWHACISTLACLTLILLLGQGKTFTKLAV,36,5.51,0.6918,0.4479,0.3519,0.3328,0.6,0.5873,4482
GEN_8357,SHCAKHTAAHHSLHYLACVLLTYFNSCLKATVFALF,36,1.86,0.6694,0.4943,0.3939,0.5046,0.6,0.5873,4483
GEN_6066,TGCAKKAAAKNCLHYLKCVLLTYFNSCLSRAVFAIF,36,4.44,0.7111,0.5206,0.3843,0.5072,0.5,0.5872,4484
GEN_2150,FHCAKKPLAKHCLHYLACFLVTYFNYCLKTFTKLIP,36,4.97,0.7467,0.579,0.3843,0.5214,0.5,0.5872,4485
GEN_2102,LHCAKKAAAKNCAHYLACVLLTYFNSCLNHKLFAIF,36,3.98,0.747,0.4906,0.4167,0.4062,0.5,0.5872,4486
GEN_0240,TVCAKKIAAKHCLHYLACVLLTYFIACLKTFTSLTP,36,3.53,0.7659,0.4712,0.4167,0.3293,0.5,0.5872,4487
GEN_0308,FHCAKKPLAKHCLHYLACVLLTYFNACLKTFTSVKP,36,4.98,0.7646,0.5083,0.3843,0.3622,0.5,0.5872,4488
GEN_2227,THCAKDPLAKLHLHYLACVLLTYCQACLHAKAFAIP,36,1.7,0.746,0.4811,0.4698,0.4457,0.5,0.5872,4489
GEN_5690,WRCSKKPKAHACLSTLACLDAIILNGRGKTFTKLPKSFGIGDANR,45,6.81,0.7144,0.5823,0.3475,0.566,0.5,0.5872,4490
GEN_1067,THCAKKPLAHACLSYLACVLLTYFNACVHAKVFAAP,36,2.62,0.7563,0.476,0.4815,0.4245,0.5,0.5872,4491
GEN_4562,LHCAKRILAVHCLGYLACPLLTYFNLSLKSKAFAIA,36,3.9,0.7259,0.5011,0.4815,0.471,0.6,0.5872,4492
GEN_4172,TRCAKFPKAWACLCMLVRLLLIILNENYKTWTKLPK,36,5.37,0.7301,0.5624,0.4491,0.5312,0.6,0.5872,4493
GEN_4538,THCALKPLAHHARSYMACILVILNNGCIKTWTKAPK,36,4.63,0.7261,0.5461,0.3843,0.4485,0.6,0.5872,4494
GEN_2133,FHEAKKPLAKHCAHYIACVLATYFNACLKAHVFAIF,36,3.08,0.7468,0.5447,0.4815,0.4947,0.6,0.5872,4495
GEN_1390,TFCAKKPLFKHHLHYLACVLLTYFNACLKTFTKLAK,36,5.62,0.7531,0.5741,0.3843,0.4317,0.6,0.5872,4496
GEN_5930,NHCLKKLAAKHCLHYLACLLLTYFLASLRTYTVLIP,36,3.99,0.7124,0.4809,0.4167,0.4043,0.6,0.5872,4497
GEN_2259,SKYAKKIAVKHCYHYLACVLLTYYNACLHAKAFAIP,36,4.68,0.7458,0.4618,0.3843,0.2616,0.6,0.5872,4498
GEN_3454,TRYAKKPKAHACLSYLACLLLTEVNGCVKAKVFPAV,36,4.45,0.7364,0.4865,0.4167,0.3564,0.6,0.5871,4499
GEN_7874,THCAKKPLKHVCLSYLACVLYTPVNGCVWAKVFPAV,36,3.53,0.6847,0.5785,0.4491,0.7298,0.5,0.5871,4500
GEN_5306,TRCFYKPKAHACLSTLASLQAIILNGKGKTFTKLPKSFNIGTGNR,45,7.46,0.7182,0.5713,0.3851,0.5091,0.6,0.5871,4501
GEN_7599,WRCWKKPKAHACLSTHACLDAIISNGKGKTFTKLPKSFGIGTGTR,45,7.9,0.6902,0.5601,0.4108,0.6481,0.5,0.5871,4502
GEN_5539,FHCAKKPLAKHCLHYLACVLLTFLAGCVKAKVFAVK,36,5.98,0.7159,0.52,0.4815,0.5916,0.5,0.5871,4503
GEN_1098,THCAKKILAKHCLHYLACVLVTYFNACLKAKVFASW,36,4.61,0.756,0.4787,0.4167,0.3642,0.5,0.5871,4504
GEN_2578,THCAKKPLAKACLSYLACVLLTYWNACVHAKVFAAK,36,4.53,0.7433,0.4958,0.4491,0.4551,0.5,0.5871,4505
GEN_1218,THDAKKAAAKHCLHYLACVLLMYFINCLKNFTSLAP,36,2.63,0.7547,0.5434,0.4167,0.4083,0.6,0.5871,4506
GEN_0129,TVCAKKIAAKHCLHYLACVLLTYFIACLKNFNSLIF,36,3.53,0.7681,0.512,0.4491,0.4243,0.5,0.5871,4507
GEN_6587,THCAKKPLAKKCQHYLACNLILLNNGCIKTFPKLVK,36,6.52,0.7056,0.5719,0.3501,0.5702,0.5,0.587,4508
GEN_6130,THCAKKPKAHACLSLLACLLFTCLNGCVKLKVFAPK,36,5.52,0.7103,0.4793,0.4167,0.5383,0.4,0.587,4509
GEN_2324,WHALKKIAAKHCHHYLASVLIYYFIACLKTFTSLIP,36,4.08,0.7453,0.5004,0.4491,0.3238,0.7,0.587,4510
GEN_2110,AHCAKKPKAHACLSYLACLLLTCLNGCVKAKVFAAP,36,4.91,0.7469,0.4934,0.4491,0.5088,0.4,0.587,4511
GEN_4865,TRCAKKPYAHASLATLACLLLIILNVTYKTFTFLPK,36,4.46,0.7226,0.5398,0.4491,0.4425,0.7,0.587,4512
GEN_5418,TRYHKKPHYHACLSTLACNKLIILNPQGKPWTKLAV,36,5.63,0.7172,0.4699,0.3194,0.2092,0.7,0.587,4513
GEN_6576,THCAQKLVAKNCLHNLACVLLTYFNSCLNRKVFTIF,36,3.53,0.7057,0.5239,0.3519,0.4919,0.5,0.587,4514
GEN_1557,THCAKKPLKHACLSYLACVLWTYLNGCLHAKAFAVP,36,3.61,0.7515,0.5401,0.4167,0.4767,0.5,0.587,4515
GEN_6561,THCAKKPKAHCCLRYAACLLLIINNGCLVAKVFAAH,36,4.61,0.7058,0.4917,0.4167,0.5692,0.4,0.587,4516
GEN_5706,THCAKKAAAKHCLHYLACVLLTYFINCLKNFTSLLL,36,3.61,0.7143,0.5559,0.3843,0.5574,0.5,0.587,4517
GEN_4848,FHCAKKPLAKHCLHYLACVLLTYFNACLKTYTSLIP,36,3.98,0.7228,0.4784,0.3843,0.4083,0.5,0.587,4518
GEN_1142,THCAKKIAVKHCLHWLACVVLTYFNACLHAKAFAIP,36,3.7,0.7555,0.5104,0.4815,0.4824,0.5,0.587,4519
GEN_3544,NRCLKKPKAHACLSTLACLLLIILNGSLKAKVFAAR,36,6.81,0.7357,0.5256,0.4965,0.5021,0.6,0.587,4520
GEN_5241,THCLKKIAAKHCLHYLACVLLYYFIACKKTYTTNIP,36,4.61,0.7189,0.4277,0.3194,0.2684,0.5,0.587,4521
GEN_2884,GHCAKKIAAKHCRHYLACVLLTYLIACLKTQTSLIP,36,4.98,0.741,0.5235,0.3519,0.4083,0.5,0.587,4522
GEN_4674,TRHAARPKAGACLSYTAAILVLLNNGCIKTFPKLVK,36,5.46,0.7246,0.6136,0.4167,0.5288,0.7,0.587,4523
GEN_1187,NHCAKKFAAKHALHYLACLLLTYFIFAVKTFTILAA,36,4.0,0.755,0.5252,0.5139,0.4067,0.7,0.5869,4524
GEN_5841,THCAKKAAAKHPLHYLACVLLTAFIFCVKTFTILAA,36,3.63,0.7132,0.504,0.5139,0.536,0.6,0.5869,4525
GEN_0793,THCAKKNLAKHCLHYLACVLLTYFNACLKTFTKLAH,36,4.7,0.759,0.5385,0.3194,0.3588,0.5,0.5869,4526
GEN_4162,THSAKKIAGIECLHYLAWSLLTYFIADLKTFTSLLP,36,0.56,0.7302,0.4615,0.5174,0.3621,0.7,0.5869,4527
GEN_3547,TRAAKKPKYHACLSNLACMLLTPVNGCVKAKVFAAR,36,6.45,0.7357,0.5133,0.4429,0.4276,0.6,0.5869,4528
GEN_7559,KHTKFECCKLALRTLRAANASNDASWCGVADVFAAV,36,1.82,0.6909,0.628,0.3969,0.6773,0.6,0.5869,4529
GEN_7533,THCAKKIAAKHCLHYLACVCLTYFIACRKTYTTLIP,36,4.6,0.6914,0.4186,0.3194,0.3822,0.4,0.5868,4530
GEN_7535,DHCFWYAKAHHCLSLSACLTLIIAFETLKAKVFYAV,36,0.99,0.6914,0.3908,0.5197,0.4029,0.6,0.5868,4531
GEN_6290,WRCNGKPKAGACLSTLACLQAIILNGKGKSFTKLPKSFGIGTNSR,45,7.72,0.7088,0.5709,0.4006,0.6105,0.5,0.5868,4532
GEN_8461,THCAKKPLGKHCYHFLACVLLTYFNACLKTFTSDVP,36,2.62,0.6649,0.4925,0.3194,0.5012,0.5,0.5868,4533
GEN_1656,THCAKKIRVKQCLHYLACVLLTYFNACLKTFTSGAP,36,4.53,0.7506,0.4595,0.3194,0.246,0.5,0.5868,4534
GEN_2861,AHCAKKIAAKHSLHYLACVLLNYFHACSKSCTTLIP,36,4.1,0.7411,0.4529,0.3519,0.2895,0.5,0.5868,4535
GEN_4234,FHCAKKAVMKNCLHYLACVLLTYFNTCLNRKVFAIF,36,4.89,0.7295,0.5451,0.4167,0.5347,0.5,0.5868,4536
GEN_6950,FHCAKKIAAKHYLHYLAPVLLNFFIWCVKTYTLLAP,36,3.99,0.7008,0.5177,0.5139,0.52,0.7,0.5868,4537
GEN_6482,HRCWKKPKAHCELSTLGCLLLIINNGKGRTFTKLPRSFGIGTISR,45,7.9,0.7068,0.6278,0.411,0.7203,0.5,0.5868,4538
GEN_0677,TVCAKKIAAKHSVHYLACVLLTYFIACLKTFTSLAP,36,3.54,0.7602,0.4851,0.4491,0.3293,0.6,0.5868,4539
GEN_1513,LHCAKKIAAKHSLHYLACVLLTYWIACLHAKAFAIP,36,4.07,0.752,0.5105,0.5139,0.4556,0.6,0.5868,4540
GEN_2748,NHCAKEPKAHACLSYLACLLLTPVNGCVKAKYWPAV,36,2.89,0.7419,0.4771,0.4167,0.3928,0.5,0.5868,4541
GEN_5757,FHCAKKPLAKHCLHSLACVVLTYFNACLHAKAFAAD,36,3.07,0.7139,0.4959,0.4491,0.5214,0.5,0.5868,4542
GEN_7017,FRFWYKPKAAACLSTLACLQAIILFLIYG,29,2.74,0.6998,0.5139,0.3775,0.18,1.0,0.5868,4543
GEN_6050,WRCFKKGKAHACLSTLACLQAIILNGKPKRFTKLPKSYGWGTGNE,45,7.82,0.7112,0.5347,0.406,0.5498,0.5,0.5868,4544
GEN_5416,WRAWKGPKAAACLTTLACLQHIIHNGKGKTFTKNKNSFPLGDANY,45,5.91,0.7172,0.435,0.3,0.1965,0.6,0.5867,4545
GEN_1102,THCAKKAAAKHCLHYLACVMLTYFINCLKTFTNLWP,36,3.61,0.756,0.5405,0.3843,0.4324,0.5,0.5867,4546
GEN_0781,LHCAKKIAAKHPFHYLACVLLTYFNACLHAKFFAAD,36,3.08,0.7592,0.4966,0.4815,0.3822,0.6,0.5867,4547
GEN_1230,FHCAKKPLAKHCLHYLACVLLTFLDGCVKAKVFAVP,36,3.98,0.7546,0.5294,0.4815,0.5148,0.5,0.5867,4548
GEN_5313,TVHAKRAAEKHCLHYLASVLLTYFNSELKRTVFALF,36,2.65,0.7182,0.5455,0.3843,0.3952,0.7,0.5867,4549
GEN_0081,THCAKKIAAKHCLHYLACVLLTYFIACLKTFTNLIP,36,3.61,0.7694,0.5154,0.4167,0.3915,0.5,0.5867,4550
GEN_5554,THCAKKPLAKHHLMYLACVLLCYFNACLHAKAFAIP,36,3.7,0.7158,0.4587,0.4815,0.4866,0.5,0.5866,4551
GEN_2848,TVCAKKIAADHMLRYLACVLLTYFNACLKTFTSLAL,36,2.45,0.7412,0.5844,0.4491,0.5375,0.6,0.5866,4552
GEN_0043,THCAKKAAAKNCLHYLACVLLTYFNSCLNRKLFAIF,36,4.53,0.771,0.5378,0.3843,0.392,0.5,0.5866,4553
GEN_3727,TRCWKKPKAHACLSTLACLLLIICNGCVKAKVFAAK,36,6.43,0.7342,0.4951,0.4417,0.5309,0.4,0.5866,4554
GEN_0460,THCAKKIAAKHCLHYLACVLVTYFNACLKAGVFAIF,36,3.61,0.7626,0.4926,0.4491,0.4016,0.5,0.5866,4555
GEN_0475,THCAKKPLAKHCLHYLACVLLTYFNACLHAKAFAAD,36,2.71,0.7624,0.4923,0.4167,0.3689,0.5,0.5866,4556
GEN_6262,THCAKKPLAKHCLSYLACVLLTYFNACLHTFTKLPK,36,4.61,0.7091,0.4978,0.3519,0.4379,0.5,0.5866,4557
GEN_0122,THCAKKAAAKHCLHYLACVLLTYFINCLKNKVFAIF,36,4.61,0.7684,0.5511,0.4167,0.4525,0.5,0.5865,4558
GEN_2474,THCAKKPLAKHCLSYLACVLLYYFNACLWAKAFAAH,36,3.61,0.7441,0.4956,0.4491,0.4485,0.5,0.5865,4559
GEN_4314,YRCWWKPKAHACLSTSACLWLIIANETLKAKVFAAV,36,3.82,0.7286,0.4685,0.4815,0.4056,0.6,0.5865,4560
GEN_1351,TVSVKKIAAKHCLHYLACVLLTYFNSCLNRKVFAIF,36,4.54,0.7535,0.5517,0.4167,0.4215,0.6,0.5865,4561
GEN_5949,TDYFAKPLAHACLSYLACVLLTYLNGCVRAKVFAVP,36,1.45,0.7122,0.5568,0.5199,0.6293,0.6,0.5865,4562
GEN_2497,THDAKKAAAKHCLHYLACVLLMDFINCLKNFTSLAP,36,1.63,0.7441,0.5801,0.4428,0.5167,0.6,0.5865,4563
GEN_3523,TKCAKRILAKHCLHYLACVDLTYTNACLKTFTNLAD,36,2.53,0.7359,0.5056,0.3,0.3353,0.5,0.5865,4564
GEN_7358,THCLKKAAAKNCYHYLAIVLLTYFGSCLQLFTLLAE,36,1.54,0.6947,0.4519,0.4161,0.3919,0.6,0.5865,4565
GEN_3138,THCAKKPWAHACLSYLACLLLTCLNETYKTFTFLPK,36,2.53,0.739,0.4805,0.3519,0.338,0.5,0.5864,4566
GEN_1840,THCAAKPHAHLALSYMACILLILDNGCIKTFFALPK,36,1.63,0.7492,0.4935,0.5076,0.4243,0.6,0.5864,4567
GEN_1789,THCAKKILAKHCLHYLACVLLTYFSRADKAKVFNIF,36,4.62,0.7495,0.5316,0.3843,0.3642,0.6,0.5864,4568
GEN_1534,TECAKKIAAKHCLHYLACVLLTYFNACVKTYTSAIP,36,2.53,0.7517,0.4551,0.3519,0.2658,0.5,0.5864,4569
GEN_4681,FRCWYKPMKHAELSTLACLLLIILNGSLKAKVFAAR,36,4.83,0.7246,0.6642,0.4815,0.6734,0.7,0.5864,4570
GEN_4346,THCWKKIMAKHSFHYLACVLLTYFNACLTAKAFAAD,36,2.63,0.7283,0.4526,0.4167,0.314,0.6,0.5864,4571
GEN_6148,HHCAKKPLKHACLSYLACVLLTYLNPCVKAKVYAVP,36,4.97,0.7101,0.5393,0.4167,0.5672,0.5,0.5863,4572
GEN_5598,WRCFWKPIAHARLYTLACLNVTILNPKGKKFDKLPKSYGVRFGLR,45,8.82,0.7154,0.6061,0.5423,0.7251,0.6,0.5863,4573
GEN_6943,TRVAARPKAHLCLSYTACILVLLNNGCIKTFPKLHK,36,5.54,0.7009,0.5476,0.3843,0.5034,0.6,0.5863,4574
GEN_1303,THCAKKPLAHACLSYLACVLLTYFNACVHAKVFALP,36,2.62,0.7539,0.476,0.4815,0.4245,0.5,0.5863,4575
GEN_4469,TRCARKPKAHACLFTLWCLLLIDLNGRLKALVIEVR,36,4.46,0.727,0.5398,0.4491,0.4947,0.6,0.5863,4576
GEN_3033,TVSAKKIAAKHCLHYLGCVLLTYFIACLKTFTSLAC,36,3.53,0.7399,0.4575,0.3843,0.3293,0.5,0.5863,4577
GEN_5066,LHSAKKAAAKHSLHYLACVLLTYFIACLKTFTSLIP,36,4.0,0.7206,0.5004,0.4491,0.3767,0.7,0.5863,4578
GEN_7858,THCAKKAAAENCLGYLECVLLTYFNSCLNRKVFAIF,36,1.45,0.6851,0.5239,0.3906,0.5741,0.5,0.5863,4579
GEN_2773,TRYHKKPKYHACLSNLACLLLTILNGCVKAKVFAAP,36,5.54,0.7417,0.4881,0.3843,0.3081,0.6,0.5862,4580
GEN_0059,THCAQKLVAKHCLHYLACVLLTYFNSCLKAKVFLAP,36,3.61,0.7703,0.5082,0.4167,0.3741,0.5,0.5862,4581
GEN_1496,THCAKKILAKHCLHYWACVLLTYFNACLKAKVFAIF,36,4.61,0.7521,0.4926,0.4491,0.423,0.5,0.5862,4582
GEN_5212,HRCWKKPKAHAELSTLACLLLIINNGKGKTFTKLPRSFGIGTISR,45,7.91,0.7192,0.6285,0.4115,0.6218,0.6,0.5862,4583
GEN_5856,KHCAKKIAAKHSLHYLACVLYTYFIACLYTCTIAIF,36,3.97,0.7131,0.4362,0.3843,0.3553,0.5,0.5862,4584
GEN_1611,THCAKKPLAKRCLHYLACVLLTYLNGCVKAKVFAVP,36,5.53,0.751,0.5546,0.4167,0.4966,0.5,0.5862,4585
GEN_4474,FRCWYKPRAAAFLSTLACIQAIILDASKKVIIACNTI,37,3.73,0.7269,0.5224,0.4955,0.5447,0.55,0.5862,4586
GEN_5085,LRYHRKTKYHACLSNLACLDLTPVNGCVKAFTFLPK,36,4.9,0.7204,0.4471,0.3194,0.225,0.6,0.5862,4587
GEN_4971,SHCAKHPLAKHCIHYLACVLLTYNNACLHAKAWNAD,36,1.86,0.7214,0.4485,0.362,0.3339,0.5,0.5862,4588
GEN_8044,TKCAKKPLAHACLSYQACVLLTYLNGCVWVHVFAVP,36,2.53,0.68,0.5156,0.4491,0.6293,0.5,0.5861,4589
GEN_2552,FHCAKKPLAKHCLKYLACVLVTYFNACLKAKVFAIF,36,5.89,0.7435,0.5736,0.4815,0.6099,0.5,0.5861,4590
GEN_4836,TRAAKKPKAHACLTTLARLWLIILNETLCAKVFAAV,36,4.46,0.7229,0.5706,0.5139,0.5522,0.7,0.5861,4591
GEN_4214,TLCAKKAEAKHCTHYIALVLLTYFDACLKTHTELIP,36,0.63,0.7298,0.4581,0.4477,0.3492,0.6,0.5861,4592
GEN_5699,THCAKKPLAKWCLHYIACVILTYLNGCVKAKVFAVP,36,4.53,0.7144,0.5121,0.4491,0.5429,0.5,0.5861,4593
GEN_3612,THYRKKAHNHACLSTLACLLLIILNGCLKAFVFAAH,36,3.71,0.7352,0.4371,0.4167,0.2704,0.6,0.5861,4594
GEN_1041,THCAKKAAAWNCLHYLACLLLTYYINCLKNFTSNAP,36,2.53,0.7566,0.4971,0.3519,0.3218,0.5,0.586,4595
GEN_2647,TRCAHKPNKHACFSTLACLLLIILNVKGKTFTKIPK,36,6.54,0.7427,0.5436,0.3832,0.3964,0.6,0.586,4596
GEN_6701,IHCARKAAAKHCLHYLACVVLTYFNSCINGKLFAIF,36,3.98,0.7041,0.4845,0.4167,0.4877,0.5,0.586,4597
GEN_0142,THCAKKPLAKHCLHYIACVLVTYFNACLKAKVFAIF,36,4.61,0.7679,0.5182,0.4491,0.4278,0.5,0.586,4598
GEN_2958,FRCWYKPKAAACLYTLACHLLIILNGNLKAKVFAAV,36,4.81,0.7405,0.4888,0.5139,0.4405,0.6,0.586,4599
GEN_0199,IHCAKKAADKHCLHYLACVLLTYFNSCLNRKLFAIF,36,3.98,0.7667,0.5378,0.3843,0.3982,0.5,0.586,4600
GEN_1029,DHCAKKIAAKHCLHYLACVLVTYFIACLKNFTKLIP,36,3.98,0.7568,0.5616,0.4167,0.4933,0.5,0.586,4601
GEN_1257,THSAKKILAKHCLHYLACVLLTYFRACLHAKAFAAD,36,3.72,0.7544,0.4855,0.4167,0.3053,0.6,0.586,4602
GEN_5035,IRCWYKPKAHAELSTLACLLLIINNGKGKTFTKLPRPFGIGTISR,45,6.82,0.7209,0.6473,0.3999,0.6369,0.6,0.586,4603
GEN_6408,THCAKIAAKKHCLHYLACVLLTYCIGCLKTFTNPAP,36,3.6,0.7076,0.4416,0.3519,0.4103,0.4,0.586,4604
GEN_4680,FRCWYLTKAHAELSTLACLLLYIKNGKGKTFWRLPRPFGIGTITR,45,6.82,0.7246,0.6722,0.3999,0.6694,0.6,0.586,4605
GEN_3196,FHCRKKPLAKHCLHYAACVLVCYFNAALKAKKFAIF,36,6.97,0.7385,0.4899,0.5059,0.5061,0.5,0.586,4606
GEN_1353,THCYKKPLAKHCLHYSACVLLTYFNACLKTFTKLIP,36,4.61,0.7535,0.5385,0.3194,0.3655,0.5,0.586,4607
GEN_3232,TRYAHKPNKHACFSTLACLLLIILNVKGKTFTKIPK,36,6.55,0.7382,0.5433,0.3837,0.3403,0.7,0.586,4608
GEN_7547,THCAKKILAKHCVQYLACVLLAYFNACLHAHAFAAD,36,1.71,0.6911,0.5056,0.4696,0.6066,0.5,0.586,4609
GEN_8222,FRCWYKPKAAACLSTNACLQAIIDNGKKKTFGKIPKNFGTWGYWR,45,7.72,0.6748,0.5852,0.4005,0.7075,0.5,0.5859,4610
GEN_3558,TRCAKKPKVHSCLSTLACWLLSYFNICVHAKVFAAV,36,4.53,0.7356,0.4641,0.4167,0.3795,0.5,0.5859,4611
GEN_5133,FHCAKKTAAHASLHYLACVLLTYFNSCLKATVFALF,36,2.99,0.72,0.5221,0.4491,0.4784,0.6,0.5859,4612
GEN_5491,THCAKKIAVKHCLHYQACVLLAYFNACLHAKAYAIK,36,4.7,0.7165,0.409,0.3843,0.2999,0.5,0.5859,4613
GEN_1559,FHCAKKPLAKHCLHWLACVLVTWFNACAKAKVFAIF,36,4.98,0.7515,0.5628,0.5463,0.6371,0.5,0.5859,4614
GEN_1271,THCAKKPLAKHCLHYLACVLITFLNACVKAKVFAVK,36,5.61,0.7542,0.5061,0.4491,0.4391,0.5,0.5859,4615
GEN_0991,THCAKKILAKHCYHYLACVLLTWFNACLKNFTKLIP,36,4.61,0.7571,0.57,0.3843,0.4732,0.5,0.5858,4616
GEN_1421,WHCAKKAAAKHCLHYVAAVLLTYMNTCLNRKVFAIF,36,4.99,0.7529,0.5312,0.4491,0.4163,0.6,0.5858,4617
GEN_2214,THCAKKILAKHCLAYLACVLLTYFEACLKWKVFAIF,36,3.53,0.7462,0.505,0.4815,0.4873,0.5,0.5858,4618
GEN_5761,KRCWKKPKAHASLSTLACLQAIILNGKGKTFTKLPK,36,8.82,0.7139,0.4858,0.4839,0.3996,0.7,0.5858,4619
GEN_1200,THCAKKILAKHCLHYLACVLLTYWNACLKAKTSDVP,36,3.61,0.7549,0.4416,0.3519,0.2316,0.5,0.5858,4620
GEN_0012,THCAKKAAAKHCLHYLACVLLTYFNSCLNRKVFAIF,36,4.61,0.773,0.5378,0.3843,0.382,0.5,0.5858,4621
GEN_3869,THCAKKPKAKHCVHYGACVLLTYFNACLRAKAFAFD,36,4.62,0.7332,0.5011,0.3519,0.3817,0.5,0.5858,4622
GEN_3422,THCAKKAAGKDCLHYLACVLLTYFNSCLNRKVFAIF,36,3.53,0.7366,0.5239,0.3519,0.4115,0.5,0.5858,4623
GEN_1091,THCVKKIIAKHCLHYLACVLLTYFINCLNRKVFAIF,36,4.61,0.7561,0.608,0.4167,0.5709,0.5,0.5858,4624
GEN_3065,THCAAKPIAHAALSYMACILLILNNGMIKTATKLIK,36,3.55,0.7397,0.6393,0.4815,0.593,0.7,0.5858,4625
GEN_2350,THCAKKPKPHACLSNLACVLLTYFNACHKAKVFAAH,36,4.7,0.7451,0.4475,0.3843,0.296,0.5,0.5857,4626
GEN_7011,KRCAKKPKAHACPSTLACLLLIILNGCLK,29,5.8,0.6999,0.4964,0.2166,0.1154,0.8,0.5857,4627
GEN_8078,THCAARPKSHACLSAMYCILLTQLNGCVKAKVFAVP,36,3.53,0.6789,0.4697,0.4167,0.5202,0.5,0.5857,4628
GEN_5577,FRCWYEPKAAHCLFTAACLQLIILNVKGKTFTKIPK,36,4.81,0.7156,0.4795,0.4167,0.3842,0.6,0.5857,4629
GEN_1416,THCAKKLVAKHCLHYLACVLLTYFNSCLKATVFALF,36,3.61,0.7529,0.5082,0.4167,0.4115,0.5,0.5857,4630
GEN_1051,THRAQKIAARHCLHYLACVLLTYFIPCLKTFKSLAP,36,4.63,0.7565,0.568,0.4167,0.4365,0.6,0.5857,4631
GEN_6618,THCAKKILAKHCLHYLNCVLLTYFNACLKTFTSLIP,36,3.61,0.7051,0.4944,0.3519,0.435,0.5,0.5857,4632
GEN_3331,THCAKKPLTKHCLHYLACVLLTYFTACLHAKAFAIG,36,3.7,0.7375,0.4629,0.3843,0.3394,0.5,0.5857,4633
GEN_4540,TRYRKKPKAHACLSTLACLLLMILNACGKAKVFAAR,36,7.45,0.7261,0.4649,0.5012,0.4197,0.6,0.5857,4634
GEN_1025,THCAKKIAAKHCLHFLACVLLTYFIACLKTFTILAA,36,3.62,0.7569,0.499,0.4815,0.451,0.5,0.5856,4635
GEN_2530,THAAKKIMGKHCLHYLACVLLTYFNACLQTKVFAIH,36,3.71,0.7438,0.4555,0.3843,0.2456,0.6,0.5856,4636
GEN_5529,FHCAKKAAAKHCLHYNACVLLTYFINCLHAKAFAIP,36,4.06,0.716,0.482,0.4491,0.4858,0.5,0.5856,4637
GEN_1991,THCAKKAAAKHCLHYLACVRLSYINAFLPAKANAVP,36,4.62,0.7478,0.4741,0.4491,0.332,0.6,0.5856,4638
GEN_4676,FRCWYKPKAHAELSTLACLLLIINNGKGKTFTRLPRPFGIGTITR,45,6.83,0.7246,0.6722,0.4,0.6668,0.6,0.5856,4639
GEN_1138,LHCAKKIAAKHCLHYLACVLLTYFINCDQRFTLLAP,36,2.98,0.7555,0.5284,0.4167,0.4384,0.5,0.5856,4640
GEN_4134,WRCWYKPKAHACLSTLACLLLIILNGTNKAKVFAAV,36,4.81,0.7304,0.4875,0.4815,0.4273,0.6,0.5856,4641
GEN_4768,TRCTRKPKAHACLSELACLVLTWNNGVVKAKWFAPR,36,5.45,0.7237,0.4879,0.3843,0.346,0.6,0.5856,4642
GEN_2970,TRYHKKPHYHACLSTLACLLLTILNGCVKAKVFAAH,36,4.71,0.7404,0.4742,0.3519,0.2519,0.6,0.5856,4643
GEN_3372,TLCAKKAAAKLCLHYLACVLHNYFNWCLNRKVFAIF,36,4.53,0.7373,0.5076,0.4491,0.4785,0.5,0.5856,4644
GEN_2039,LHCNKKIAAHHPLHWLACVLLTYFIACLKTFTSLAP,36,3.08,0.7475,0.499,0.4815,0.4063,0.6,0.5856,4645
GEN_3921,FRCAKKPLAKHCLGYIACVLVTYENACLKARVFAIF,36,4.8,0.7328,0.5782,0.4491,0.6066,0.5,0.5856,4646
GEN_7206,THCAKKPLAKHCLHVLACVLLTYFNAPLHARAFAIP,36,3.71,0.697,0.5577,0.5139,0.6545,0.6,0.5856,4647
GEN_1802,THCAKKPLAKHCLHYLACVLLTRFNACSKNFNKLIP,36,5.61,0.7495,0.5457,0.3519,0.4157,0.5,0.5855,4648
GEN_7715,RRCWYKPKAALCLSTLLCLFHGILNGRGKTHTKIAKSFGLWDVWR,45,7.9,0.6882,0.5397,0.4367,0.6334,0.5,0.5855,4649
GEN_6098,TVCAKKFLAHACLSYLAAVLLTIAPGCVKAKVFAVP,36,3.45,0.7107,0.518,0.5787,0.6204,0.6,0.5855,4650
GEN_3187,THCAKKPLAKRCLHYLACVLLTYLSGCVKAKVFAIP,36,5.53,0.7385,0.5546,0.4167,0.5213,0.5,0.5855,4651
GEN_5821,THCAKKPLAKHCIHYLACVLLTFLNCCVKAKVFAVL,36,4.6,0.7133,0.5164,0.4491,0.6157,0.4,0.5855,4652
GEN_4579,LHPAKKISAKHSCHYLGCVLVTNFIACLKTFHSLAP,36,4.07,0.7257,0.483,0.3843,0.3325,0.6,0.5855,4653
GEN_4080,TRCARKPKAHACLSTLACLLLIELNGRLKALVFEVR,36,4.46,0.7309,0.5259,0.4167,0.4243,0.6,0.5855,4654
GEN_4891,TRCWKKPKAHACLSTLACLLLIPLNGCVKAKVFAAK,36,6.44,0.7223,0.509,0.4747,0.5409,0.5,0.5855,4655
GEN_5883,FKCAKKPLGYHCVHYLACVLVTYFDACLKAKVFAIF,36,3.89,0.7128,0.4964,0.4491,0.5168,0.5,0.5855,4656
GEN_1462,THCAKKIAAKHCLHYIACVLLTYFNACLHAKAFAAD,36,2.71,0.7525,0.4847,0.4167,0.3722,0.5,0.5855,4657
GEN_4612,THCAKKPKADACLSYLACLLWIALNGCMKAKVFIAR,36,4.44,0.7254,0.4332,0.4491,0.3815,0.5,0.5855,4658
GEN_5138,VHCAAKPFAHACLSNSACVLLTYLNGCVKAAVKVPK,36,3.86,0.72,0.5466,0.4491,0.5824,0.5,0.5854,4659
GEN_3572,THCAKKIAVKHCLHYLACKLLTYFNACLHAKAFAIG,36,4.7,0.7355,0.471,0.3843,0.356,0.5,0.5854,4660
GEN_5405,TRCWYKPKAHACLSTLACLQAIILNGKGHKFTKLPK,36,6.54,0.7173,0.4268,0.3507,0.2245,0.6,0.5854,4661
GEN_1354,GHCAKKIAAKHCLYYLACVLLTYFIACLKTFTKLIP,36,4.89,0.7535,0.5505,0.4167,0.4785,0.5,0.5854,4662
GEN_1217,FHCARKIAAKHSLHYLACVLLEYFIACLKNFTSLAP,36,2.99,0.7547,0.5403,0.4491,0.4243,0.6,0.5854,4663
GEN_5011,QHCAKKTAAKHSLHYLACVLLTYFIACLKTFTSLAP,36,3.99,0.7212,0.4573,0.3843,0.2998,0.6,0.5854,4664
GEN_6617,KRCAKKPKAHACLSTLACVYSTYFNACVHAKVFAAS,36,5.89,0.7051,0.4772,0.3519,0.4044,0.5,0.5854,4665
GEN_3762,TRCAAKPHAHACLQYLACFLLNYLRGCVKAKVDIIP,36,3.53,0.734,0.5754,0.4167,0.5656,0.5,0.5854,4666
GEN_6710,THCAKKILAKHHLHYLVCVLLTYFNACLKTFTKLIP,36,4.71,0.704,0.5663,0.3843,0.5214,0.6,0.5854,4667
GEN_1963,LHCAKEIAAKHSIHYLACVLLTYFVACLKSFTSLAG,36,1.99,0.7481,0.4752,0.4174,0.2998,0.6,0.5854,4668
GEN_4467,TRCWKKPKAHACLSTLAHLLLIILNACVKAKTKLPE,36,5.54,0.727,0.4951,0.4167,0.3809,0.6,0.5853,4669
GEN_4725,THCSARPKAHANLSYLACVLLHYWNACVHAKVFPAV,36,2.71,0.7241,0.4379,0.4491,0.3246,0.6,0.5853,4670
GEN_6219,FRCWYKPKAAACLTTLNCLQAIIHNAKGKEWIKLPNSFSLGDANR,45,4.82,0.7095,0.5431,0.3519,0.5039,0.5,0.5853,4671
GEN_6761,PKVLCGVLPLDFPRWLGYANDCALAFC,27,-0.07,0.7031,0.5961,0.4297,0.4178,0.9,0.5853,4672
GEN_1072,GHCAKKAAAKHPLHFLACVLLTYFWNCLPAKAFAIL,36,3.99,0.7563,0.5284,0.5463,0.4977,0.6,0.5853,4673
GEN_1074,TVCAKKIAAKHCLHYLACVLLNYFIWCVKTFTLLAP,36,3.53,0.7562,0.5216,0.4815,0.4886,0.5,0.5853,4674
GEN_6869,THCAAKPKAHYALSPMAAILLITNNGCIKTFLKLPK,36,4.55,0.702,0.58,0.4491,0.5463,0.7,0.5853,4675
GEN_2655,THCAKYAKAKHCLHYLACVLLSGFNAFLYAKANAVP,36,3.62,0.7427,0.4694,0.4167,0.3013,0.6,0.5853,4676
GEN_7068,FRCWYKPKAAAALSTLACLQAIFASWCGKVKVFAAV,36,4.73,0.6991,0.5027,0.5463,0.5882,0.6,0.5853,4677
GEN_0527,FHCAKKPLAKHCLHYLACVLLTYFNACLKTFTSLAD,36,2.98,0.7618,0.5083,0.3843,0.3555,0.5,0.5852,4678
GEN_5608,THCAKKPLAHACLSYYACVLLGYFQACVHAKVFAAK,36,3.61,0.7153,0.4482,0.4167,0.3958,0.5,0.5852,4679
GEN_0621,THCAKKLVAKHCLHYLACVLLSYFNACLKNFTSLLP,36,3.61,0.7607,0.5081,0.3843,0.3575,0.5,0.5852,4680
GEN_7369,WRCWKKPKAHACLSTLACLQAIILNGKPHTFTTVPKSFGIGTGSE,45,4.91,0.6946,0.475,0.3259,0.3981,0.5,0.5852,4681
GEN_4628,TRCWKKPNKHMCFSTLACLLLIINNAKGKTFTKLPI,36,6.45,0.7251,0.5871,0.3781,0.4995,0.6,0.5852,4682
GEN_4348,HRCWYKPKAAACYTTLACLQALIHNGKGKTFRACNTI,37,5.89,0.7282,0.4192,0.3,0.2341,0.45,0.5852,4683
GEN_3090,THCAKKPLAHACLSYLACVLLTYFNVCVHAKFFAAC,36,2.61,0.7394,0.4621,0.4491,0.4619,0.4,0.5852,4684
GEN_2384,THCAKKPLAKHCLHYLACVLLYYFNAPLRAKAFAAD,36,3.63,0.7448,0.5196,0.4491,0.4117,0.6,0.5852,4685
GEN_2388,THCTKKIAAKHCLHYLACVLITWFIAALKTFTVLAP,36,3.63,0.7448,0.5055,0.4815,0.4209,0.6,0.5852,4686
GEN_7240,FHCAKKAAAKHFLHYGACVLVTYFNACLHAKVFAMF,36,4.07,0.6965,0.5058,0.4815,0.534,0.6,0.5852,4687
GEN_3810,THCAKKLLAKIYLSYLACVLLTFFNACLHAKAFAAK,36,4.54,0.7335,0.5665,0.4815,0.5488,0.6,0.5852,4688
GEN_5549,THCAIKAAAKHCLHYLACVLLTYFINCLKNFTSLIP,36,2.62,0.7159,0.5697,0.4167,0.5969,0.5,0.5852,4689
GEN_4057,THCAKKPLAKHFLRYLACRLLTYFNACFKPFTKLIP,36,6.54,0.7312,0.6416,0.4479,0.6458,0.6,0.5852,4690
GEN_1431,LHCAKKIAAKHSLHYLACVLVTWCIACLKAKANAVP,36,4.98,0.7528,0.4966,0.4815,0.4538,0.5,0.5852,4691
GEN_2141,THSAKKIAAKHCLHYLACVLLTSFIACLKAKVFAIF,36,4.62,0.7467,0.4972,0.4815,0.4016,0.6,0.5851,4692
GEN_6172,LCCAKKAAAKHSLHYLACVGLTIFNNCLKTFTSIIP,36,3.89,0.71,0.5643,0.3843,0.5687,0.5,0.5851,4693
GEN_7152,KKTKFECCKLALRTLRGHNASIILNGKGKTFTKLPK,36,8.82,0.6978,0.575,0.4646,0.5624,0.7,0.5851,4694
GEN_8047,KHTKEECCKLALRTLRGANLSNFASECGKVKVFVAV,36,3.82,0.6799,0.5863,0.3,0.5248,0.6,0.5851,4695
GEN_7683,THCAAKPSAHACLSYLQCVLLTYLNGCVKAFVFAVP,36,1.53,0.6889,0.5,0.482,0.6085,0.5,0.5851,4696
GEN_5154,WRCWKKPKAHACLSTLACLQAYILNGKGKTFTKLGNSFGLGDANR,45,6.81,0.7198,0.5508,0.3473,0.4868,0.5,0.5851,4697
GEN_1150,SHCAKKISAKHNLHYLACVLLTYFNACLKTFTSLAP,36,3.69,0.7554,0.4944,0.3519,0.2471,0.6,0.5851,4698
GEN_5369,DHCAKKILAKYCLHYLACVLLTYFNLCYHAKAFAIP,36,2.98,0.7178,0.4918,0.4167,0.4624,0.5,0.5851,4699
GEN_1861,FHCAKKAAAKNCLHYLACDLLTYFDTCLNRKVFAIF,36,2.89,0.749,0.5309,0.3843,0.4215,0.5,0.585,4700
GEN_2124,THCAKKIAAKHCLAYLACVLLTYFIACLKTFTSLAP,36,3.53,0.7468,0.4851,0.4491,0.415,0.5,0.585,4701
GEN_3303,TRYHKKPPYHACLSNLACLLLTILNGYVKAKVFAAH,36,4.63,0.7377,0.4867,0.3843,0.3409,0.55,0.585,4702
GEN_6962,TVSAKKIAAKEALHYLACVDLTYFNSCPNRIVFAIF,36,1.46,0.7006,0.5474,0.4866,0.5306,0.7,0.585,4703
GEN_2284,THCAKKILAHHCLHILACVLLAYWNACAKTSTSLIP,36,2.7,0.7456,0.439,0.4167,0.3084,0.5,0.585,4704
GEN_7805,YHCAKKKAAKHCLHYLYCVVLTYFIWCVKTFTLLAP,36,4.97,0.6865,0.5316,0.3843,0.5688,0.5,0.585,4705
GEN_7896,THCAKKPPQKHCLHYLACVLLTGVNGSIKAAVFAAV,36,3.63,0.6842,0.4694,0.4167,0.5362,0.45,0.585,4706
GEN_3801,TRYHKKPHYHAVLSTPACLLLTILNGCVKAKVFAAP,36,4.63,0.7336,0.502,0.4167,0.3081,0.7,0.585,4707
GEN_0750,THCAKKIAAKHCLHYLACVLVTYFNACLHAKAFAIP,36,3.7,0.7595,0.4833,0.4491,0.3822,0.5,0.585,4708
GEN_6899,THCAKKGLADHCLHYSACVKLTYFNACLKTFTKLIP,36,3.61,0.7015,0.5247,0.3,0.4377,0.5,0.585,4709
GEN_7668,KKTKFECCKLLLRSLRGANASNFASWCGKAKVFGVR,36,7.73,0.6891,0.6076,0.4008,0.6392,0.6,0.585,4710
GEN_2771,LHCAKKIAAKHCLHDLACVWLTYFINCLKNFTDILP,36,1.98,0.7418,0.5855,0.4181,0.5629,0.5,0.585,4711
GEN_7390,TMCAKKPVAFHCLHYLACVPLAYLNGCVKAKHFAVP,36,3.61,0.6942,0.4325,0.4815,0.4826,0.5,0.585,4712
GEN_1100,FHCRKKPLAKHCLHYLACVLVTYFNACLKAKVFAIF,36,5.98,0.756,0.5061,0.4491,0.4278,0.5,0.5849,4713
GEN_3288,DHCAKKILAKHCLHYLACVLLTYFNLCLKTFTFAIP,36,2.98,0.7378,0.4727,0.4167,0.3822,0.5,0.5849,4714
GEN_5470,THCAKKPLAKHCLHYICCVLATYFNACLKAKVFAIF,36,4.6,0.7166,0.5043,0.4167,0.5509,0.4,0.5849,4715
GEN_6840,TRCWYKPCAHACLSTLACLQAINLNGKGKTFTKLVKSFGAGTGNR,45,6.44,0.7022,0.5922,0.3257,0.6399,0.4,0.5849,4716
GEN_2502,TVVAKKIAAKHCLHYLACILLTYFNSKLNRKFFAIE,36,4.55,0.744,0.5394,0.4167,0.346,0.7,0.5849,4717
GEN_2733,THCAMRILAKHCGHYLACVLLNWFNACLKAKVFKLF,36,4.62,0.742,0.5394,0.4491,0.516,0.5,0.5849,4718
GEN_8258,THSAKKIAAKHCLHYLLCVLFTYFNACLKTFTSLIP,36,3.62,0.6737,0.5083,0.3843,0.4919,0.6,0.5849,4719
GEN_3342,TRCVKKPNAHACLSYLACLLLIINNPCVKAYTRLPR,36,5.44,0.7374,0.6177,0.3843,0.5926,0.5,0.5849,4720
GEN_2839,TVCAKKIAMKHCLHYTACVLSTYFNRCLKRKGWGIF,36,6.53,0.7413,0.5958,0.3307,0.4931,0.5,0.5849,4721
GEN_0015,FHCAKKTAAKHSLHYLACVLLTYFQSCLKATVFALF,36,3.99,0.7725,0.5101,0.4167,0.2964,0.6,0.5848,4722
GEN_3354,THCAKKPVAKHCLHYLGCVLLTYFNACLKTFTKLIP,36,4.61,0.7373,0.5524,0.3519,0.4512,0.5,0.5848,4723
GEN_4141,TRCAKKPKAHACLSTIACILLTELNACVKAKDFAAH,36,3.53,0.7304,0.4733,0.3843,0.3676,0.5,0.5848,4724
GEN_2021,TVCAKKIAAKHCLHYLACVALTYFINCLKNFTSAAP,36,3.53,0.7477,0.5697,0.4167,0.52,0.5,0.5848,4725
GEN_1772,TVCVKKVAAKHSFHYLACVILTYFIACLKNYTTLQP,36,3.54,0.7497,0.4744,0.3843,0.2577,0.6,0.5848,4726
GEN_1034,VHCAKKIAAKHCLHYLACNLVTYFIACLKTFLSLAD,36,2.95,0.7567,0.4874,0.4167,0.3621,0.5,0.5848,4727
GEN_0238,THCAKKIAAKHCLHYLACVLLTYFIACLKTFTSLIP,36,3.61,0.7659,0.4865,0.4167,0.3393,0.5,0.5848,4728
GEN_1561,THCAKKPKAHACLSYLACLLLTPVNGCVKAKVFPAV,36,4.53,0.7515,0.491,0.4491,0.4125,0.5,0.5848,4729
GEN_7194,THCAKKPKTHACLSNLACLWITPVNGCVKAKVFAIV,36,4.53,0.6971,0.465,0.4167,0.464,0.5,0.5848,4730
GEN_5206,NHCAKKWAAQNCLHYLACVWLTYFNSCLNRKVTLIF,36,3.89,0.7193,0.5153,0.3519,0.4309,0.5,0.5848,4731
GEN_6387,WRCWKKPKAAACLTTLNCLQAIIHNAKGKEWIKLPNSFSLGDANR,45,5.82,0.7078,0.5431,0.3519,0.5039,0.5,0.5848,4732
GEN_0691,THCAKKAFAKDCLHYLACVLLTYFINCLKNFVSLAP,36,2.53,0.7601,0.5697,0.4167,0.4906,0.5,0.5847,4733
GEN_4521,FHCAAKTAAKHSLHYLACVLLTMFNQCLKRTVFADF,36,2.99,0.7264,0.6025,0.4167,0.5569,0.6,0.5847,4734
GEN_3578,TRYHKKPKAHAALSYMACILLILNNGCIKTFTKLPK,36,6.54,0.7355,0.5536,0.3836,0.3549,0.7,0.5847,4735
GEN_3260,THCAQKTAAKHSLHYLACVLLTYFNSCLKRKAFKMG,36,5.62,0.738,0.5193,0.3,0.2747,0.6,0.5847,4736
GEN_7142,FHCAKKPAAKHCLHYHACVLLTLINGCVKAKVFVHK,36,6.15,0.6979,0.4935,0.393,0.4847,0.5,0.5847,4737
GEN_4776,TRCAKFPKGHAHACTLACLLLIQLRENYKTWTKLPK,36,5.54,0.7236,0.5539,0.3194,0.3855,0.6,0.5847,4738
GEN_0894,LRCAKCIAAKKSLHYLACTLLTYFINCLKWHTSAGP,36,4.89,0.7581,0.4974,0.3519,0.3098,0.5,0.5847,4739
GEN_6706,WHCAQKAAAKHCLHPLAAVLATYFNTCLNRKVFAPF,36,3.99,0.7041,0.5565,0.4815,0.5977,0.6,0.5847,4740
GEN_5034,THCAKKAAAKHAIHYLACVLLTYFINCLKNFTSLAP,36,3.62,0.7209,0.5697,0.4167,0.5146,0.6,0.5846,4741
GEN_3831,TRYHKKPHYHTCLSTPACILLTIANGCLRAKVFAAH,36,4.71,0.7334,0.4929,0.3194,0.2607,0.6,0.5846,4742
GEN_3309,TRYHKKPHYHACLSNLACLLLTILNGCVKAKVFAAH,36,4.71,0.7376,0.4742,0.3519,0.2519,0.6,0.5846,4743
GEN_7333,THCAKKIAVKHCLHYLACVLVTYCIGCLKTFTNPAP,36,3.6,0.6952,0.4535,0.3519,0.4498,0.4,0.5846,4744
GEN_5176,MLCAKKLVAKHCAHYLACVLLTYFNSCLKAKVFAIN,36,4.63,0.7196,0.5221,0.4491,0.5374,0.5,0.5846,4745
GEN_0123,FHCAKKAAAKHCLHYLACVLITYFINCLKNFTSLAP,36,3.98,0.7683,0.5816,0.4167,0.4906,0.5,0.5846,4746
GEN_4281,SREAKKPKAHAFLSTLACLLLIILNACAKAKFFAAR,36,5.53,0.7288,0.5108,0.5139,0.4284,0.7,0.5846,4747
GEN_4901,THCAKKIMAKHSLHYFACVLVRYQIACLKTMTSLAP,36,4.62,0.7223,0.5021,0.3843,0.3655,0.6,0.5845,4748
GEN_6739,THCAKKPKAHACLSYIACLLLICNPGCLKMKIFAAH,36,4.6,0.7035,0.4051,0.4167,0.4136,0.4,0.5845,4749
GEN_7548,THCAKKVLAKHCLHYLACVILTYWNQCCKNFTKVIP,36,4.6,0.6911,0.5775,0.3194,0.6324,0.4,0.5845,4750
GEN_3195,THCAKKPSAKHCLHYLAAVLLTQFNACLKTFTKLAR,36,5.62,0.7385,0.6053,0.3519,0.4674,0.6,0.5845,4751
GEN_5061,FRCWYKPKAAACLSSLAAIQVIILNGRGKTFTKIPKSFGSWDAWR,45,6.74,0.7206,0.6374,0.4466,0.6576,0.6,0.5845,4752
GEN_0094,THCAKKAAAKHCLHYLACVLLTYFNACLKAKVFAIF,36,4.61,0.7691,0.4926,0.4491,0.3722,0.5,0.5845,4753
GEN_0326,FHCAKKTAAHHSLHYLACVLLTYFNSCLKRTVFALF,36,4.07,0.7645,0.561,0.3843,0.3652,0.6,0.5845,4754
GEN_4555,TRCWQKPKAHACLPTLAHLLLIIFNACVKAKVFAAK,36,5.54,0.7259,0.515,0.5139,0.5082,0.6,0.5845,4755
GEN_3698,WRLWYKPKAHACLSTLACLLLIILNGCVKAKVFAAK,36,5.81,0.7344,0.5004,0.5139,0.464,0.6,0.5845,4756
GEN_3003,THCIKKIAVKHWVHYLACVLLTYFNACLHKKAFAIP,36,4.71,0.7401,0.5184,0.4491,0.4163,0.6,0.5845,4757
GEN_0529,FHCAKKPLAKHCLHVIACVLVTYFNACLKAKVFALF,36,4.98,0.7618,0.5683,0.5139,0.5804,0.5,0.5845,4758
GEN_5274,TRLAKKPKAHAKLQTIACLWKIILNETLKKKVFAAV,36,7.47,0.7185,0.5697,0.5348,0.5703,0.7,0.5844,4759
GEN_8032,TKCAKKAAAKHCLHMHDCVLLTNFNSCLNKGVFAIF,36,3.62,0.6803,0.5101,0.3519,0.5105,0.5,0.5844,4760
GEN_3996,TRCAKKPKAHACLSTLASLLLMILNACLKAKVFAAR,36,6.45,0.732,0.5149,0.5078,0.4873,0.6,0.5844,4761
GEN_5282,FRCWYKPKAAACESTLACLQCIILNGKGKTFTKLPK,36,5.72,0.7184,0.4506,0.3194,0.29,0.5,0.5844,4762
GEN_1604,TRCAKKPLKHACLSYLACVLLTYLNGCVKAKVFAVP,36,5.44,0.7511,0.6473,0.4167,0.6393,0.5,0.5844,4763
GEN_8550,THCAKKLVPRHCLHYGAMQLLTYFNSCLKAKVFLIP,36,4.62,0.66,0.5291,0.3843,0.555,0.6,0.5843,4764
GEN_4127,TRYHKKPHYHACFSQLACLLLIILNGQGKTFTKLAL,36,4.63,0.7305,0.4776,0.3194,0.1729,0.7,0.5843,4765
GEN_4917,TPCWKKPKAHAELSTLACLLLLINNSPGKTFTKLPR,36,4.46,0.7221,0.6119,0.3843,0.4815,0.7,0.5843,4766
GEN_1121,THCAKKILAHGCLHYLACVLLTYFNACLHAKAFAAD,36,1.71,0.7557,0.481,0.4372,0.3708,0.5,0.5843,4767
GEN_5219,THCAKKDKAHAQTCTLACLLLNILNETPKTFTTLPK,36,2.54,0.7191,0.495,0.3,0.2756,0.6,0.5843,4768
GEN_1832,THCAKKPLAKHCLSYLACVLLTYFNACLKTFTKLAR,36,5.53,0.7492,0.6053,0.3519,0.5081,0.5,0.5843,4769
GEN_1637,THCAKRAAAKHCLHYLACVLLTYFINCLKNFTSLIP,36,3.62,0.7507,0.5559,0.3843,0.4542,0.5,0.5843,4770
GEN_2956,NHCAKKIAAKHNLHYLACVLLTYFIACLKTFTNLIP,36,3.99,0.7405,0.5154,0.4167,0.3761,0.6,0.5843,4771
GEN_1261,GHCAKKPLAKHCLHYLACVLVTYFNACLKAKVFAIF,36,4.98,0.7543,0.5061,0.4491,0.4278,0.5,0.5843,4772
GEN_2919,YHCAKKLAAKHCLHYLACNLLTYFIACLKTWTSLAP,36,3.98,0.7407,0.4735,0.3843,0.3406,0.5,0.5843,4773
GEN_3287,THCAKKIAAKHCLHYYACVILTYFRASLKEFTKLIP,36,4.62,0.7378,0.5879,0.3519,0.4391,0.6,0.5843,4774
GEN_3433,TRYHHKPHYHACLSTLACLLLTILNGCVKAKVFAAH,36,3.8,0.7365,0.4742,0.3519,0.2519,0.6,0.5842,4775
GEN_3980,THCAKRPLAKHVLHFLACVGLTYENACLKTFTKLIP,36,3.63,0.7322,0.5798,0.3843,0.4703,0.6,0.5842,4776
GEN_6655,SHCAKKIAAKHCLHYLSCVLLTYFITCLNRKVFAIF,36,4.68,0.7046,0.5577,0.3843,0.5641,0.5,0.5842,4777
GEN_8342,THCAKKPKKHACLSYLACPMLTPVNGCVKAKVHNAV,36,5.61,0.6701,0.4667,0.3519,0.4607,0.5,0.5842,4778
GEN_0388,THCAKKAAKKHCLHYLACVLLTYFINCLKNFTILAP,36,4.61,0.7635,0.5559,0.3843,0.4237,0.5,0.5842,4779
GEN_6364,FHCAKKGLAKHCLHYINCLLVTYYNACLKAKVFAIF,36,4.97,0.7082,0.4986,0.3843,0.4578,0.5,0.5842,4780
GEN_0111,THCAKKAAAKHCLHYLACVLLTYFNSCLNRKVFAWF,36,4.61,0.7686,0.5378,0.3843,0.382,0.5,0.5842,4781
GEN_0353,THCAQKAAAKNCLHYLACVVLTYFNSCLNRKVFAIF,36,3.53,0.7641,0.5378,0.3843,0.392,0.5,0.5842,4782
GEN_0637,TICAKKIAAQHCLYYLACVLLTYFNACLKTFTNALP,36,2.44,0.7606,0.5326,0.4167,0.4243,0.5,0.5842,4783
GEN_7008,LHCAHKIAAKHSLHYLACKYVKYFIVCLKTFHSLAP,36,5.16,0.7,0.5185,0.3843,0.4424,0.6,0.5841,4784
GEN_3832,VHCAKKIAAKHSLHYLAACLATMFINCLKNFTSLAP,36,3.96,0.7334,0.5573,0.4491,0.4939,0.6,0.5841,4785
GEN_0839,THCAKKAAAKHCLHYLACVLLTYFNKCANRKVFAIF,36,5.61,0.7586,0.5829,0.3843,0.4799,0.5,0.5841,4786
GEN_0973,SHCAKKIAAKHSLHYVACVLLTYFIACLKTFSSLAP,36,3.69,0.7573,0.4712,0.4167,0.2624,0.6,0.5841,4787
GEN_0603,THCAKKILAKHCLHYLACVLYTWFNACLKAKVFALF,36,4.61,0.7609,0.5091,0.4491,0.4164,0.5,0.5841,4788
GEN_7433,TRCWYKDYCHLCLSRLACLQKIKLNGKAKTFTKLPKNYGIWTGNW,45,7.44,0.6932,0.5149,0.3838,0.5851,0.4,0.5841,4789
GEN_2529,THCAKKPLAHLALSYMACILLILSNGCIKTFFKLPK,36,4.54,0.7438,0.5792,0.4491,0.506,0.6,0.5841,4790
GEN_3564,THCAAKPKAHACLSYMACLLLIINNGCLHAKIFAAR,36,3.62,0.7356,0.4128,0.4491,0.3146,0.5,0.5841,4791
GEN_0324,GHCAQKLVAKHCLHYLACVLLTYFNSCLKAKVFLAP,36,3.98,0.7645,0.5082,0.4167,0.3741,0.5,0.5841,4792
GEN_2804,TRYHKKPKYHACLSNLACLLLTPVNGCVKAFSKLAV,36,5.54,0.7415,0.5554,0.3519,0.375,0.6,0.5841,4793
GEN_1035,SRCAKKLVAKHCLHYLACVLLTYFNWCLKAKVFAIF,36,5.59,0.7567,0.5674,0.4491,0.5233,0.5,0.5841,4794
GEN_5992,FHCAKKPLAKHCLHYNACVLVTYFNMCLVAKAFMAD,36,2.98,0.7119,0.4955,0.4491,0.5081,0.5,0.5841,4795
GEN_0379,THCAKKIAAKHCLHYLACVLLTYFIACLKNFTKLIP,36,4.61,0.7637,0.5616,0.4167,0.4638,0.5,0.584,4796
GEN_3026,THCAKKIAARHCAHYLACVALTYFIRCHKTLTTLIP,36,4.7,0.74,0.5327,0.3519,0.4062,0.5,0.584,4797
GEN_6859,FHCAKKTAAKGSLHYLACVLLTYFNSCLKTCTTALF,36,3.89,0.7021,0.4743,0.3194,0.3652,0.5,0.584,4798
GEN_0078,THCAQKLVAKHCLHYLACVLLTYFNACLHAKAFAIP,36,2.7,0.7695,0.4833,0.4491,0.3527,0.5,0.584,4799
GEN_0782,THRAQKYAARHCLHYLACVLLTYFIPCLKTFKSAIF,36,4.62,0.7592,0.5713,0.3843,0.3917,0.6,0.584,4800
GEN_2994,THCAKKPLAHLALSYMWCILLLLNNGCIRTFPKLPK,36,4.54,0.7402,0.6426,0.4491,0.6198,0.6,0.584,4801
GEN_6880,FHCAVKPLAKHCSHYLACVVLTFLNGCVKEKVFAVP,36,2.98,0.7019,0.5636,0.4491,0.6438,0.5,0.584,4802
GEN_1076,THCLVKAAAKNCLHYLACVLLYYFINCAKAKQFAIP,36,3.53,0.7562,0.4974,0.4491,0.407,0.5,0.584,4803
GEN_4596,THCAKKPLAHACLSFLACVLLTYFNACVHAKVFAAK,36,3.62,0.7256,0.4858,0.4815,0.4914,0.5,0.584,4804
GEN_0491,THCAKKPLAKHSLHYLACVLLTFWNACLKAKVFVIF,36,4.62,0.7622,0.5097,0.4815,0.3795,0.6,0.584,4805
GEN_0385,GHCAKKIAAKHCLHYLACVLLTYFIACLKTFTSLIP,36,3.98,0.7635,0.4865,0.4167,0.3393,0.5,0.584,4806
GEN_2318,THCAKKPKAHACLSYLACLLLFILNMTYKTFTKLPK,36,5.53,0.7453,0.5319,0.3843,0.3581,0.6,0.584,4807
GEN_0708,FHCARKIAAKHCLHYLACVLLTNFNSCLNKGVFAIF,36,3.98,0.7599,0.5379,0.4167,0.4337,0.5,0.584,4808
GEN_1849,THCAKKPKAHACLTYLACLLLTPVNGCVKAKVFPAV,36,4.53,0.7491,0.491,0.4491,0.4125,0.5,0.5839,4809
GEN_4374,THCAKKCAAKHSLHYLACVLLTYFHACLNRKVFAVF,36,4.7,0.7281,0.4988,0.3843,0.4095,0.5,0.5839,4810
GEN_5047,FKCWYKPKAAAPLFTLACLQLIIMNVFGKTWTKIPK,36,5.73,0.7207,0.6342,0.5139,0.6484,0.7,0.5839,4811
GEN_0093,THCAKKLVAKHCLHYLACVLLTYFNACLHAKAFAIP,36,3.7,0.7691,0.4833,0.4491,0.3527,0.5,0.5839,4812
GEN_8425,TKYLKTPHNHACLSTPACNCLIIFNGCVKAKVFAAH,36,3.62,0.6666,0.4731,0.3519,0.4773,0.5,0.5839,4813
GEN_1945,AHCAKKEAAKHPWHYLACVLLTYFNSCLNRKVFAIF,36,4.02,0.7482,0.5517,0.4167,0.4162,0.6,0.5839,4814
GEN_8401,THFAKKPLALRCLHYIAFVLITYFNAHLHAKTFAIF,36,3.73,0.6677,0.5555,0.5139,0.641,0.7,0.5839,4815
GEN_6125,THCAKKAAAKHCLHYLVLVLLTYFIACLKTFTSLAW,36,3.62,0.7103,0.4851,0.4491,0.4262,0.6,0.5839,4816
GEN_7804,LRYHRKVKYHAVLNNLACLLLTPVNPCVNEIVFSAV,36,2.91,0.6865,0.554,0.4491,0.5302,0.7,0.5839,4817
GEN_7815,THCARKPVAKHCLHYLACVLSTYFYTDLHNTAIAAD,36,0.72,0.6861,0.4506,0.4092,0.385,0.6,0.5839,4818
GEN_3143,THCAKKISAKHNLPYLACVLLTYFNACLKTFTSLAP,36,3.54,0.739,0.5083,0.3843,0.3328,0.6,0.5839,4819
GEN_2521,TVSLKKIAAKHMLHYLACVLLTYFIACLKTFTSLAP,36,3.55,0.7439,0.5121,0.4815,0.3588,0.7,0.5839,4820
GEN_5705,THCGKPIAAKHCLHYLACVLLTYFITCLKNFSKRIG,36,4.61,0.7143,0.5666,0.3194,0.4899,0.5,0.5839,4821
GEN_6221,THCAGKPLAKHCLHYLACVKLTYLNACVKAKVFAVP,36,4.61,0.7095,0.4923,0.4167,0.474,0.5,0.5839,4822
GEN_7236,THCAKKIAAKHCLHFWACVCLTYFIACIKTFTSLEP,36,2.61,0.6966,0.4711,0.3843,0.5032,0.4,0.5839,4823
GEN_0900,THCAKKAAAKHCLHYIACVLLTYFNKCANRKVFAIF,36,5.61,0.758,0.5829,0.3843,0.4799,0.5,0.5839,4824
GEN_0626,NHCAKKLVAKHCLHYLACVLLTYFNKCLKAKVFAIF,36,5.97,0.7607,0.5626,0.4167,0.472,0.5,0.5839,4825
GEN_1049,THCAKKAEAKHCLHYLALVLLTYFNACLKTFTKLAP,36,3.63,0.7565,0.5663,0.3843,0.3888,0.6,0.5839,4826
GEN_8685,TRYHKKPKYHKCLSNLMCLLLDPVNGCVKAKVPAAR,36,6.54,0.6509,0.4843,0.3507,0.4642,0.6,0.5838,4827
GEN_4371,THCAKKPKAHECLSTLACLKLIILNGCVKAFTRAAV,36,4.53,0.7281,0.5992,0.3843,0.5757,0.5,0.5838,4828
GEN_2631,THCAKKPLAHLALSYMACILLILNNGCIKTFFKLPK,36,4.54,0.7429,0.5792,0.4491,0.506,0.6,0.5838,4829
GEN_6228,TVCAKVIAAKHCLHYLACVLVTYFINCAKNFTNLLP,36,2.53,0.7095,0.5722,0.4491,0.6391,0.5,0.5838,4830
GEN_5110,THCAAKPKAEAALSYMARILLILQNGCIKTFTKLPK,36,4.46,0.7202,0.5814,0.4167,0.4637,0.7,0.5838,4831
GEN_6583,WRAWYKPKAHACLSTAVCLLAAILNGRGKTFTKLPETFPIGTGSR,45,5.83,0.7056,0.5792,0.3778,0.5221,0.6,0.5838,4832
GEN_2430,HHCAKKPLAKHCLHWLACVLLTYLNACLKTFTKLAG,36,5.06,0.7445,0.5618,0.3843,0.4752,0.5,0.5838,4833
GEN_2029,THCAKKIAAKHSLHYLACVLLTYFHACLKTCTYALF,36,3.7,0.7476,0.4464,0.3519,0.2436,0.5,0.5838,4834
GEN_0764,THCAKKPLAKHCLHYLACLLLTYFNAPLKTFTKLIP,36,4.62,0.7594,0.5729,0.4167,0.425,0.6,0.5838,4835
GEN_2241,TRYHKKPKYHACLSNLACLLLTPVNGCVKAKVFPAV,36,5.54,0.746,0.4632,0.3843,0.2413,0.6,0.5838,4836
GEN_7124,THCAKKPDAHACLSHLACLLTTCLNGCLKGFTQLPK,36,2.61,0.6983,0.4974,0.3,0.4581,0.4,0.5838,4837
GEN_7243,NQCAHKPLAKHCIHYIASALVTYFNACLKAKCYAIF,36,3.98,0.6965,0.4889,0.3843,0.4661,0.5,0.5838,4838
GEN_2236,FHCAKKPLAKRCLHYLACVLLTYWNASLHAKTFVAD,36,3.99,0.746,0.5546,0.4167,0.4254,0.6,0.5838,4839
GEN_4307,TRCWKKPKAHACLSTLAHLLLIILNACVKAKTKLPR,36,7.54,0.7286,0.5021,0.5063,0.4675,0.6,0.5837,4840
GEN_7394,THCAAKPHAHACLSYLACVLLTYNNGCIKTFPKLVK,36,3.61,0.6941,0.5858,0.3519,0.5997,0.5,0.5837,4841
GEN_5018,NHCAKNPLGQRCLHYLACVLLNYFNACEKTFTKLIP,36,2.89,0.7211,0.5152,0.3194,0.3867,0.5,0.5837,4842
GEN_4625,PRCAQKPNKHACLSNLACLLWTQVNGLVKAFTKVAG,36,5.01,0.7252,0.604,0.3843,0.5237,0.6,0.5837,4843
GEN_3512,THCARKPIAKHSLHYLACVLLSYFNACLKQFTKLID,36,3.63,0.736,0.5702,0.3519,0.4093,0.6,0.5837,4844
GEN_1897,IHCAKKAAAKQCIHYLACVLLTYYINAIHAKAFAIG,36,3.98,0.7487,0.5077,0.4491,0.3722,0.6,0.5836,4845
GEN_1952,THCAKKPKAHACLSYLACILLTPVNGCVKAKVFPAV,36,4.53,0.7481,0.491,0.4491,0.4125,0.5,0.5836,4846
GEN_0492,FHCAKKPLAKHCLHYLACVNVRYFNACLKAKLFDIF,36,4.98,0.7622,0.5118,0.4167,0.3817,0.5,0.5836,4847
GEN_3853,LHCAKKIAEKHCLHCWACVLLTYFINCLKNFTSAMP,36,2.97,0.7333,0.5559,0.3843,0.5569,0.4,0.5836,4848
GEN_2757,TSMVFKILAKHCLHYLACILLTYMRATLHWKAFAAD,36,2.64,0.7419,0.5159,0.4815,0.3675,0.7,0.5836,4849
GEN_5524,THCALKICAKHCLHYLACVLLTYFIGCLKTFTSAAP,36,2.61,0.7161,0.4644,0.3843,0.4445,0.4,0.5836,4850
GEN_5063,TRCWYKPKAHACLSTLACLQAIILNGKGHKFTKLPKYFGIGTGNR,45,7.53,0.7206,0.5105,0.3895,0.4489,0.5,0.5835,4851
GEN_4996,EECAKKPNKHACFSNLAMLLLRILNGQGKTFTKLAL,36,3.9,0.7213,0.5479,0.3519,0.3386,0.7,0.5835,4852
GEN_1544,FHCAKKPLAKHCLHYLACILLTYFNSRLNRKAFAHK,36,7.07,0.7516,0.5172,0.4144,0.3461,0.6,0.5835,4853
GEN_4715,FRCWYKPKAAACYTTLACLQAIIHNGKGKTFTKLPNSFGLGDANR,45,5.81,0.7242,0.5499,0.3,0.4166,0.5,0.5835,4854
GEN_4135,TRCAKSSHAKACLSVLACFWIIILNETYKAIVFAAV,36,2.45,0.7304,0.481,0.4815,0.4022,0.6,0.5835,4855
GEN_0945,FHCAKKPLAKHCLMYLACVLVTYFNACLKAKVFLIP,36,4.89,0.7576,0.5232,0.5139,0.5082,0.5,0.5835,4856
GEN_2336,TVCAKKIAAKHCLHYLACVLLTYDINCLKTFTSLIP,36,2.53,0.7452,0.5306,0.3843,0.4197,0.5,0.5835,4857
GEN_2706,TRCAKKPKAHACLSTLACASLRILNTHLKAMVFAAT,36,5.54,0.7422,0.5874,0.4167,0.4873,0.6,0.5835,4858
GEN_4275,FRCWYHPKAHAELSTLACLLLIINNGKGKTFTKLPRPFGIGTICV,45,4.9,0.7289,0.6584,0.3778,0.6641,0.5,0.5835,4859
GEN_0380,THCAKKAAAKNCLHYIACVLVTYFNACLKAKVFAMF,36,4.53,0.7637,0.5127,0.4491,0.4116,0.5,0.5835,4860
GEN_1785,LHCNKKIAAHHSLHYLACVLLTYFIACLKTFTSLAP,36,3.07,0.7496,0.4712,0.4167,0.2766,0.6,0.5835,4861
GEN_5378,FRCWYKPKAHDDLSTLACLLIIINNGKGKTFTRLPRPFGIGTICV,45,4.81,0.7177,0.6722,0.3519,0.6877,0.5,0.5835,4862
GEN_7480,SLSCCLIIKAWVVGPWYCLRLKAVRPVVLNLKS,33,4.43,0.6923,0.6054,0.4451,0.5622,0.75,0.5835,4863
GEN_0485,NHCAKKAAAKNCLHYLACVLLTYFNSCLNRKVFAIF,36,4.89,0.7623,0.5378,0.3843,0.392,0.5,0.5835,4864
GEN_2230,LRYHRKTKYHACLSNLACLLLTPVNPCVKAIVFSAV,36,4.9,0.746,0.5094,0.4167,0.3482,0.6,0.5835,4865
GEN_0865,LLHAKKIAAKHSLHYLACVLLTYFIACLKTITWLRP,36,5.0,0.7583,0.5076,0.4815,0.3146,0.7,0.5835,4866
GEN_5145,LHCAKKAAAKNCLHYLVLVLLTYFNSCLKATVFALF,36,3.9,0.7199,0.536,0.4815,0.5184,0.6,0.5835,4867
GEN_3430,THCAKKPEAKHCLHYLACVLLTYFNACLHAKAFATD,36,1.71,0.7366,0.4416,0.3723,0.279,0.5,0.5834,4868
GEN_0648,TVCAKKIAAKHCLHYLACVLLTYFINCMKNFTSLLP,36,3.53,0.7605,0.5478,0.4167,0.4442,0.5,0.5834,4869
GEN_1925,THCAKKPLAKHCLSYLACVLLTYFNACLKTFSKLAR,36,5.53,0.7484,0.608,0.3519,0.5081,0.5,0.5834,4870
GEN_2240,LHCAKKAAAHHCLHYLACCLLTYFINALHARAFAIP,36,3.15,0.746,0.5092,0.4815,0.4791,0.5,0.5834,4871
GEN_0019,THCAKKAAARHCLHYLACVLLTYFINCLHAKAFNAP,36,3.7,0.7722,0.5025,0.4167,0.342,0.5,0.5834,4872
GEN_3478,TRCAKSSKAHACLSTLACLWIIILNETLKAKVFAAV,36,3.45,0.7362,0.4551,0.4491,0.312,0.6,0.5833,4873
GEN_4506,FRCWYKPKAAACLTTLACLQHIIHNGKGKTFTKNKNSFGLGDANY,45,5.9,0.7265,0.4128,0.3,0.1816,0.5,0.5833,4874
GEN_5618,HRCWKKPKAHAELNTLACLLLIINNANGKTFTKLPRSFGIGTISR,45,6.91,0.7151,0.6396,0.3792,0.5982,0.6,0.5833,4875
GEN_1916,FHCAKKPLAKHCHHYLACVLLTYFNACLKTDTSLAP,36,3.06,0.7484,0.4882,0.3519,0.3078,0.5,0.5833,4876
GEN_3109,FHSAKKMLAKHELRYIACVLVTYFNACLKAKVFAIF,36,4.91,0.7392,0.5731,0.4815,0.4672,0.7,0.5833,4877
GEN_0563,THCAKKPLAKHCLHYIACVLLTYVNADLHAKAFACP,36,2.7,0.7614,0.5043,0.4167,0.3689,0.5,0.5833,4878
GEN_1533,THCAAKPKAHAALSYMACILLILNNGCIKTFTKLPK,36,4.54,0.7517,0.5814,0.4167,0.4538,0.6,0.5833,4879
GEN_7197,THCAKKAYAHNCLHYLANVLLTYFNTCLQRKVFMIF,36,3.62,0.6971,0.5194,0.3519,0.413,0.6,0.5833,4880
GEN_1497,FHSAKKPLAKHCIHYLACVLLTYFNACLKDFTKLIP,36,3.99,0.7521,0.5849,0.4167,0.4585,0.6,0.5833,4881
GEN_8365,THCAKKATARHCLLYLACVVLTQFINCLHAHAFNAP,36,2.7,0.6691,0.4994,0.4167,0.5764,0.5,0.5833,4882
GEN_1610,LHCMKKPLAKHCLSYLACVLVTYFNACLKAKVYAIF,36,4.89,0.751,0.4956,0.4491,0.4111,0.5,0.5833,4883
GEN_5220,DHCAKKILSKHCLHYLACVLLTYFNLCLKTKAFAVP,36,3.98,0.7191,0.4779,0.3843,0.391,0.5,0.5832,4884
GEN_6288,THCAQKLVAKHCLHYLACVLLTYFIWCVKTFTLLAP,36,2.62,0.7089,0.4833,0.4491,0.4886,0.5,0.5832,4885
GEN_1306,THCAKKILAKHCLHYLACVLLTYFNACLIAKAFKAN,36,4.61,0.7539,0.4694,0.4167,0.328,0.5,0.5832,4886
GEN_4689,THCAAKPLAHACLSYLACVLLTYFNACVHAKVFAAK,36,2.62,0.7245,0.4875,0.4815,0.4914,0.5,0.5832,4887
GEN_3312,TRCAKKPKAHACLCTLACLLLIIINETYKTWTKLPK,36,5.44,0.7376,0.5584,0.3519,0.449,0.5,0.5831,4888
GEN_3365,LQYHRKTKYHACLSNLACLLLTPVNGSVKAKVFPAV,36,4.91,0.7373,0.444,0.3843,0.1579,0.7,0.5831,4889
GEN_1492,THCAKRPLAHACLSYLACVLLTYLNGCVKAKVFAVP,36,3.53,0.7522,0.5109,0.4491,0.433,0.5,0.5831,4890
GEN_1718,THAAKKILGKHCLHYLACVLLTYFNACLKTFTSLIP,36,3.62,0.7501,0.5083,0.3843,0.3019,0.6,0.5831,4891
GEN_3847,THAAGKIAAKHCWHYLACNLLTYFNACLHLKRFTAD,36,2.72,0.7333,0.4395,0.3519,0.1942,0.6,0.5831,4892
GEN_0249,SHCAKKIAAKHCLHYLACVLLTYFIACLKTITTFIP,36,3.68,0.7658,0.4932,0.4167,0.3393,0.5,0.5831,4893
GEN_4968,HRCAKSSKAKACLSTDACLWIIILNETLKAKVFAAV,36,3.82,0.7214,0.4371,0.4167,0.2826,0.6,0.5831,4894
GEN_4800,TRYHKKAHYHACLSYLACVLLTYLNGFVKAKVFAVP,36,4.63,0.7234,0.5052,0.3843,0.2926,0.7,0.5831,4895
GEN_7070,THCLKKPLGHVCLHYRAFVLLTYFQACLHAKAFAIP,36,3.71,0.6991,0.5154,0.4491,0.4971,0.6,0.583,4896
GEN_0502,THCAKKAAAKHCLHYLACVLLTYFIACTKNFTSLAP,36,3.61,0.7621,0.4555,0.3843,0.2522,0.5,0.583,4897
GEN_5989,THCAKKPKAKAALSYLACLILTPPNGCVKAKVFPAV,36,5.45,0.7119,0.4771,0.4815,0.5356,0.45,0.583,4898
GEN_8647,TVCAKKIAAKHCLHYLMCVLLTYFIMCLKNFTSLLP,36,3.53,0.6536,0.511,0.4491,0.6626,0.5,0.583,4899
GEN_6812,FRCWKCPKAHACLSTLACLLLIKLNGKAHTFTKLPQ,36,5.89,0.7025,0.4426,0.3843,0.3691,0.5,0.583,4900
GEN_1837,SRCAKKLVAKHCLHYLACVLLTYFNWCLKAKVFAIP,36,5.59,0.7492,0.5674,0.4491,0.5333,0.5,0.583,4901
GEN_1876,LHCAKKIAIKHSAHYLACVLLTYFIACLNRKVFAIF,36,4.99,0.7489,0.5662,0.4815,0.498,0.6,0.583,4902
GEN_5310,FHCAKKLVAKHCLHYLGCVLLTYFNACLKTFTSAAP,36,3.98,0.7182,0.4918,0.3843,0.415,0.5,0.583,4903
GEN_0662,LHCAKKIAAKHSLHYLACVLLSYFIACLETFTSLAP,36,1.99,0.7604,0.4828,0.4498,0.2998,0.6,0.583,4904
GEN_6057,THCAKKIAAKHCLHYLACVILTYFIVCIKTFTSLLP,36,3.61,0.7112,0.4804,0.4167,0.4445,0.5,0.583,4905
GEN_8006,THCAKKAAWKHCLRYLACVLLTYFNSCENSKVFAIF,36,3.53,0.6812,0.5472,0.3519,0.5608,0.5,0.583,4906
GEN_0477,THCAKKIAAKHCLHYLACVLLTYFNACLHADAFAIP,36,1.7,0.7624,0.4833,0.4698,0.3822,0.5,0.5829,4907
GEN_0542,FHCAKKPLAKHCLHYIACVLVTYFNACLKKKVYALF,36,5.97,0.7616,0.5077,0.4167,0.3718,0.5,0.5829,4908
GEN_1156,THCAAKILAKHCLSYLACTLLNYFNACLKTFTSVKP,36,3.53,0.7553,0.5019,0.3519,0.3118,0.5,0.5829,4909
GEN_6533,THCAKKPLAKHCLHYLYCVLLTYFNACLHKNAFAIP,36,3.7,0.7061,0.4784,0.3843,0.4197,0.5,0.5829,4910
GEN_0073,FHCAKKIAAKHSLHYLACVLLTYFNSCLQKFTLLAF,36,3.99,0.7698,0.5377,0.4167,0.3357,0.6,0.5829,4911
GEN_7165,WRCWYKVKAIACLATLASLQAAIFNGKGKTFTKLPKSFGIATGNR,45,7.73,0.6976,0.6156,0.4789,0.6965,0.6,0.5829,4912
GEN_1182,THCLKKAAAKNMLHYLACVLLTYFGSCLNRKVFAIW,36,4.54,0.7551,0.5624,0.4167,0.4115,0.6,0.5829,4913
GEN_4003,THCAKKADAKHCLHYLACVLLSYFNSCLNRKVFAIM,36,3.62,0.7319,0.5294,0.3519,0.4115,0.5,0.5828,4914
GEN_3218,TRCAKKPKAHACLSYLACLLLIILNGCLKAKVFAAR,36,6.44,0.7382,0.501,0.4747,0.4726,0.5,0.5828,4915
GEN_5249,FHCAKKTPAKHSIHYLACVLLSYFYTCLKATVFALF,36,3.98,0.7188,0.4864,0.4167,0.3687,0.6,0.5828,4916
GEN_0522,THCAKKIAAKHCLHYLACVLLTYFNACLKTFTSLIP,36,3.61,0.7618,0.5083,0.3843,0.3393,0.5,0.5828,4917
GEN_4391,FRAWYKPKNHACLSTLACLKLIILNGCNKTFSKLAV,36,5.81,0.7278,0.546,0.3843,0.4144,0.6,0.5828,4918
GEN_5351,TRCADKPKAHACLSTLACLGLIILNPCLKAKVFAAF,36,3.44,0.7179,0.4942,0.4815,0.5156,0.5,0.5828,4919
GEN_1798,THCAKKILAKHCLHYLACVLVTYFNACEQAKVFAIF,36,2.62,0.7495,0.4694,0.4167,0.3348,0.5,0.5827,4920
GEN_6444,FRCWYRPKAAASLTTLACLQHIILNDKGKTFTKLAKSFGISNGNR,45,6.82,0.7072,0.5982,0.348,0.5128,0.6,0.5827,4921
GEN_4543,TRCWKKPKAHACLSTLAHLLLIILNACVKAKVFAAK,36,6.54,0.726,0.5229,0.5128,0.5082,0.6,0.5827,4922
GEN_4084,SRAARKLKIHACLSTLACLLLIIVNQCFKAKVFAAR,36,6.51,0.7309,0.5747,0.5114,0.5818,0.6,0.5827,4923
GEN_1660,TCCAKKLVARHWLHYLACYLLTYFNSCLKAKVFLID,36,3.53,0.7506,0.5187,0.3843,0.382,0.5,0.5827,4924
GEN_5190,HRCWKKPKAHAELSTLACLLLIINNGKGKTFTKLPRPFGIGTISR,45,7.91,0.7194,0.6362,0.4374,0.6369,0.6,0.5827,4925
GEN_7616,SLSCCLIIKAWVVGPWKCLRLKAVRPVVLNLKS,33,5.43,0.69,0.6054,0.4451,0.5622,0.75,0.5827,4926
GEN_4010,THCAKKPLAKKCQHYLACVFLWYFNAALRTWTKLAR,36,6.54,0.7318,0.6662,0.4155,0.6366,0.6,0.5827,4927
GEN_1262,THCAKKILKKHCLHYLACVLLAYFNACLKTSTSLIP,36,4.61,0.7543,0.521,0.3519,0.3448,0.5,0.5827,4928
GEN_2662,TRYHKKPHYHACLSTPACLLLTILNGCLKGKIFAAH,36,4.71,0.7426,0.4592,0.3194,0.1704,0.6,0.5827,4929
GEN_0468,THCAKKPLAKHCLHYLACVLLTYFNACLKAKVFAMF,36,4.61,0.7625,0.5061,0.4491,0.3983,0.5,0.5827,4930
GEN_4623,FRCWYRPKAAACLTTLACLQHIINNGKGKTFTKNKNFFPLGDANY,45,5.81,0.7252,0.4505,0.3,0.2424,0.5,0.5826,4931
GEN_1661,FHCAKKPLAKHCLHYLACVLVTYFNACLKWFTSAAY,36,3.98,0.7506,0.5096,0.4167,0.3983,0.5,0.5826,4932
GEN_1988,THCAKKIAAKHCDHYLACVLLTYFNACLHAKAFAIP,36,2.7,0.7479,0.4784,0.4167,0.3527,0.5,0.5826,4933
GEN_5806,THCAVRIAAKHSLHYLACVLETWFIACLKNYTSAAP,36,1.63,0.7135,0.4977,0.4426,0.4243,0.6,0.5826,4934
GEN_3621,THCAAKIKAHAALSYMASILLILQNGCIKTFTRLPK,36,4.55,0.7351,0.6265,0.4167,0.4965,0.7,0.5826,4935
GEN_5553,THCAKKPKAHACLSYLACGILTPVNGAVMAKVFPAV,36,3.54,0.7158,0.4581,0.4815,0.3924,0.6,0.5826,4936
GEN_0028,THCAKKAAAKHSLHYLACVLLTYFNSCLKRTVFALF,36,4.62,0.7719,0.561,0.3843,0.3357,0.6,0.5826,4937
GEN_1695,THCVKKAAAKHYVHYLACVLLTYFIACLKTFSSLGA,36,3.62,0.7503,0.4573,0.3843,0.2129,0.6,0.5826,4938
GEN_3944,THCTAKPKNHAQLSYMACILLILNNGAIKTFTKLPK,36,4.55,0.7325,0.5683,0.3519,0.3406,0.7,0.5826,4939
GEN_0504,THCAKKILAKHCLHYLACVLLTYFNACLHAKAFAAD,36,2.71,0.762,0.4694,0.4167,0.3053,0.5,0.5826,4940
GEN_4343,LHCAKKRAAKHSLHRLACVLLTYFIACLKTYTTLIP,36,5.99,0.7283,0.5916,0.3843,0.4884,0.6,0.5826,4941
GEN_0035,FHCAKKTAAKHSLHYLACVLLTYFNSCLKRTVFALF,36,4.99,0.7715,0.561,0.3843,0.3357,0.6,0.5825,4942
GEN_6766,THCAKKIAAKHCLRYLHCLLVTYFIWPLKTFTSLAC,36,4.61,0.7031,0.582,0.3843,0.597,0.5,0.5825,4943
GEN_2260,THCAAKPHAHACISYLACTLLTYFNACLKTFTSVKP,36,2.62,0.7458,0.4944,0.3519,0.3192,0.5,0.5825,4944
GEN_2435,THCAKKILAKHCFHYLACVLLTYFRACLHAKAFAAD,36,3.71,0.7445,0.4855,0.4167,0.3722,0.5,0.5825,4945
GEN_0090,THCAKKIAVKHCLHYLACVLLTYFNACLHAKAFAIP,36,3.7,0.7692,0.4952,0.4491,0.3627,0.5,0.5825,4946
GEN_0598,TVCARKILAKHCLHYAACVLLTYFNLCLKNFTKLIP,36,4.53,0.7609,0.5658,0.4167,0.4673,0.5,0.5825,4947
GEN_5042,TRCWKKPKAHACLYTLACLLLIILNGQGKTFTKLQKSYGICTGSV,45,6.44,0.7208,0.4955,0.3255,0.4198,0.4,0.5825,4948
GEN_0558,VHCAKKIAAKHCLHYLACVLVTYFIACLKTFLSLAD,36,2.95,0.7614,0.4996,0.4491,0.3883,0.5,0.5825,4949
GEN_0489,THCAQKLVAKHCLHYLACVLLTYFNSPLKAWVFLAP,36,2.63,0.7622,0.5293,0.4815,0.4016,0.6,0.5825,4950
GEN_6615,RITKFGCCKLALRTLRACLLLIINNANGKTFTKLPR,36,7.73,0.7051,0.5749,0.4526,0.5824,0.6,0.5825,4951
GEN_0848,THCAKKLVAKHCLHYLACVLLTYFISCLKAKVFLAP,36,4.61,0.7585,0.487,0.4491,0.3741,0.5,0.5825,4952
GEN_5970,THCALKIAAKHCLHYLACVLLTCFIGCLKYFTSAAP,36,2.61,0.712,0.4694,0.4167,0.4873,0.4,0.5824,4953
GEN_3473,THCAKRILAKHALPYLACVLLTYRNACLKTFTSLAD,36,3.54,0.7363,0.5011,0.3843,0.3177,0.6,0.5824,4954
GEN_0770,THCAKKINAKHCLHYLACVLLNWFNSCLKATVFAAF,36,3.62,0.7594,0.552,0.4167,0.4475,0.5,0.5824,4955
GEN_0842,LHCAKKIQAKHSLHYLACVLLTYFNSCLKRTVFALF,36,4.99,0.7585,0.561,0.3843,0.3652,0.6,0.5824,4956
GEN_1645,THCAAKPHAHLALSYMACILLTYFNACLHAKAFAAK,36,2.71,0.7506,0.4521,0.4815,0.2998,0.6,0.5824,4957
GEN_4727,TRKAARPMAHACLSYTAQILLLLNNGCIKTFPKLPK,36,5.46,0.7241,0.6153,0.4167,0.5021,0.7,0.5824,4958
GEN_1507,THCAKKPLAKHHLHYLACVLLTYFNACLKTFTKLAR,36,5.71,0.752,0.6053,0.3519,0.4224,0.6,0.5824,4959
GEN_2591,LHCAKKIAAKHSLRYLACVLLTYWIACLKTFTSLFP,36,4.9,0.7432,0.5677,0.4491,0.4772,0.6,0.5824,4960
GEN_5008,IRCWYKPKAAACYTTLACLQAIIHNGKGKTFTKLPNSFGLGDANR,45,5.81,0.7212,0.5499,0.3,0.4166,0.5,0.5824,4961
GEN_3400,THCAKKPKAHACLCTLACALLLILNETLKAKAFAAK,36,4.53,0.7369,0.4797,0.4491,0.4115,0.5,0.5824,4962
GEN_0136,THCAKKIAAKHCLHYLACVLVTYFIACLKTFTSLAP,36,3.61,0.768,0.4712,0.4167,0.2919,0.5,0.5823,4963
GEN_7144,THCAKKILGKHCLHWLACKLLTWFIACLKTFTNLIP,36,4.62,0.6979,0.5154,0.4167,0.5293,0.5,0.5823,4964
GEN_3592,THCAKKPKPHACLSNLACVVLTYFNACHKAKVFAAH,36,4.7,0.7354,0.4475,0.3843,0.296,0.5,0.5823,4965
GEN_4043,THCTKKILAKHCLHYLACVLLTYFNVCLKAKVFALF,36,4.61,0.7314,0.4694,0.4167,0.3741,0.5,0.5823,4966
GEN_5130,THCAKKIAAKHCLHYLVCVLLTYFIACLKTFTSLRP,36,4.61,0.72,0.4573,0.3843,0.3481,0.5,0.5823,4967
GEN_4290,FRCWKKPKAHACLSTLACLLLLKLKGRAHTFTKLPK,36,8.9,0.7287,0.503,0.5533,0.5064,0.6,0.5823,4968
GEN_6390,FHCAKKIAALHSLHYLACVLATYFNSCLKATVFVAY,36,2.99,0.7078,0.5193,0.4491,0.4784,0.6,0.5823,4969
GEN_8693,FRGHRKTKYHACASNSACLLLTPVNGCVYAKVFPAD,36,3.9,0.6503,0.454,0.3194,0.3738,0.6,0.5823,4970
GEN_5336,THCADKAAAKHCIHALACVLLPYFINCTKNFTSLMP,36,1.62,0.718,0.5084,0.4435,0.4977,0.5,0.5823,4971
GEN_2906,TKPARKAAAKHCLHYLACKLLTYFINCLYRKVFAIF,36,6.53,0.7408,0.5955,0.4479,0.5266,0.6,0.5822,4972
GEN_3450,THCAKKLAAKNCLHRLACVWLTYFGNCLKVFRSLAP,36,5.53,0.7364,0.568,0.3843,0.494,0.5,0.5822,4973
GEN_4359,THCAKKIAAKHCLHYLACVLLTYFIACLKFYTTNFP,36,3.61,0.7282,0.4555,0.3843,0.3259,0.5,0.5822,4974
GEN_0288,THCAKKTAAKHSIHYLACVLLTYFNSCLKRTVFALF,36,4.62,0.7651,0.5471,0.3519,0.2929,0.6,0.5822,4975
GEN_3883,TRYHVKHHAKACLSNPACLWLTIANGCVKAKVFALP,36,4.63,0.733,0.4687,0.4167,0.3019,0.6,0.5822,4976
GEN_4703,THCAHKALAKHCLHYLACVLLNYWNGCPKAKVFAVP,36,3.7,0.7243,0.4879,0.4167,0.421,0.5,0.5822,4977
GEN_7313,NRYHKKPHYHACLSTPDCLLLTILNGCVKAKVFALP,36,3.99,0.6955,0.4742,0.3519,0.3343,0.6,0.5822,4978
GEN_5861,LACAKKGAAKHSLHYLACVLLLYGNNCLKTFFSLIP,36,3.9,0.713,0.5622,0.4167,0.5046,0.6,0.5822,4979
GEN_2542,TTCAAKPHAHACLSYLACVLLTYLQYIVKAKVFAVP,36,2.54,0.7436,0.5653,0.4815,0.5034,0.6,0.5822,4980
GEN_2522,THCAKKPKAHACLSYLACLLLTPVNGCVKAKVFPVV,36,4.53,0.7438,0.491,0.4491,0.4125,0.5,0.5821,4981
GEN_8489,HRCWWKPKAHFELSTLACLKAIILNGRQKTFTYLPKMFGVGDANR,45,5.91,0.6633,0.5371,0.3519,0.5134,0.6,0.5821,4982
GEN_5259,FRCWYKPRKAAFLSTLACIQAIILDASKKVIIACNTI,37,4.73,0.7187,0.5462,0.464,0.5447,0.55,0.5821,4983
GEN_7020,MRCFKKPKAKVCLSTWACLLASILNGRGKTFTKLPDTFPIGTGRR,45,8.47,0.6998,0.5735,0.4698,0.6736,0.5,0.5821,4984
GEN_7755,FFCWYKPKAAACLTTLAALQAIIHNGKGKTFTKLPNSFGLGDADR,45,3.82,0.6874,0.5832,0.3778,0.5596,0.6,0.5821,4985
GEN_7225,FPCVKKTAAKTSLHYLACVLVTYFNSCLKATRFAIF,36,4.81,0.6967,0.5211,0.4167,0.4739,0.6,0.5821,4986
GEN_2639,TKCARKAAAKHELCYLACLLLTYFQSTLKRNLFAIP,36,4.45,0.7428,0.5549,0.3843,0.3899,0.6,0.5821,4987
GEN_6636,THCFKKPKAHACLSYLACLLLICNNSCLYAKVFAAH,36,3.6,0.7048,0.3943,0.3843,0.3441,0.4,0.5821,4988
GEN_5129,YDCNKKPVAKHCLHYLAMVHVHYFNAVLKAKVFAIF,36,4.08,0.72,0.5061,0.4491,0.3603,0.7,0.5821,4989
GEN_5840,FHCRKKPLAKHCLWYLACVLVTYFNACLHAKVFAIF,36,4.98,0.7132,0.4629,0.4815,0.4687,0.5,0.582,4990
GEN_5670,THCAKKPLAKHCLHYLACLLLTYFNAPLHAKVFAVK,36,4.71,0.7147,0.5061,0.4491,0.4384,0.6,0.582,4991
GEN_0914,THCAKKAAAKHCLHYLACVLLTYFNSCLNRKVFAIP,36,4.61,0.7579,0.5378,0.3843,0.392,0.5,0.582,4992
GEN_5244,THCAKKILAKHCLSYLACVLLTYFRACLHAKAFIIQ,36,4.61,0.7189,0.4855,0.4167,0.4284,0.5,0.582,4993
GEN_4885,TRCAKKPKWHACLSRLACLLLINLNETLKAKCERAR,36,6.45,0.7224,0.4839,0.3455,0.3461,0.5,0.582,4994
GEN_5555,TVAPKKIAAKACLHYLADTLLTYFINCLNVFTSAQP,36,1.46,0.7158,0.5182,0.4868,0.427,0.7,0.582,4995
GEN_5568,THCAKKPDAHACISGLACLLLTCLNGCLKDKIWACH,36,1.6,0.7157,0.4545,0.3475,0.3816,0.4,0.582,4996
GEN_3700,FRCFYRPKAAALLSTLACNKLIILNPQGKPFTKLAV,36,5.74,0.7344,0.5592,0.4815,0.4463,0.7,0.582,4997
GEN_3836,THNAKKPKMHAYLSYLACTLLTCINGCVKAKVFAAP,36,4.54,0.7334,0.4854,0.3843,0.2956,0.6,0.582,4998
GEN_2996,THCATKIGADHCLHYLACVLLTYFIACAKEFTNLIP,36,-0.38,0.7402,0.4961,0.5509,0.5307,0.5,0.582,4999
GEN_8172,TRYHKKPKYHACLSNLACLLPTPVNGCVKAKVFAAH,36,5.62,0.676,0.4504,0.3519,0.3376,0.6,0.5819,5000
GEN_1777,LHCMKKLAAKHSLHYLACVLLTVFIAALKRCNTLIP,36,4.99,0.7497,0.556,0.4815,0.4716,0.6,0.5819,5001
GEN_6124,THCAKKAAAKHCLHYLACVLLSYFVAFLTAAINARP,36,3.63,0.7103,0.4972,0.4815,0.4658,0.6,0.5819,5002
GEN_6895,THCAAKPHAHACLSYYACVLLTYFNACVHAKVFAAK,36,2.7,0.7016,0.4243,0.4167,0.3663,0.5,0.5819,5003
GEN_3935,SRLVVKPHAHAILDTLLCLLLIILNACLKAKVFAAR,36,3.61,0.7326,0.5716,0.5787,0.5683,0.7,0.5819,5004
GEN_1595,TRYHKKPKYHACLSNLACLLLTPVNGCLKAAVFAAV,36,4.54,0.7511,0.4771,0.4167,0.2719,0.6,0.5819,5005
GEN_5106,TRCWKKPHAHAPLSTLASLLLIILNRQGKTFTKLPKSFPIGTGSR,45,7.56,0.7202,0.6123,0.4427,0.5956,0.6,0.5819,5006
GEN_0649,FHCAKKPLARHCLHTIACVLVTYFNACLKAKVFAIF,36,4.98,0.7605,0.572,0.4815,0.5397,0.5,0.5819,5007
GEN_5999,TVCAKKAAAKHPLHYLACVLKTYFNSCWNKKVFAIR,36,6.53,0.7118,0.4683,0.4155,0.348,0.6,0.5819,5008
GEN_0297,LHCAKKLVAKHCLHYLACVLVTYFNACLKAKVFAIF,36,4.98,0.7649,0.5132,0.4815,0.4311,0.5,0.5819,5009
GEN_0528,THCAKKAAAKHCLHYLACVLLTYFNSCLNRKVFAIM,36,4.61,0.7618,0.5378,0.3843,0.382,0.5,0.5819,5010
GEN_7629,FRCFSRRKAHASLSTDACLWCIILNGTGKTFTKLPK,36,5.81,0.6899,0.4987,0.3,0.334,0.6,0.5819,5011
GEN_0647,THSAKKPLAKHCLHYLACVLLTYFNACLKTFTKLIP,36,4.62,0.7605,0.5663,0.3843,0.3655,0.6,0.5818,5012
GEN_1321,TICAKKIAAQKCLYYLACVLLTYFNACLKTFTNALP,36,3.35,0.7538,0.5326,0.4167,0.4243,0.5,0.5818,5013
GEN_4323,THVVKKPYAHACLSYLACLVLTILNGAVKAKVFAPR,36,4.55,0.7285,0.5456,0.4815,0.4366,0.7,0.5818,5014
GEN_3387,THCAKKPKAHACLSYLACLLLIINNACLKAKVFAAR,36,5.53,0.7371,0.4362,0.4491,0.3348,0.5,0.5818,5015
GEN_8125,THCAKKPKTHACLCQLACLLLIILNETYKPFSFHPK,36,3.62,0.6774,0.4466,0.3519,0.3944,0.5,0.5818,5016
GEN_5349,TRCWYKPKAVACLSTLACLLHIILNGQGKTKVFAAR,36,5.45,0.7179,0.4523,0.3843,0.2752,0.6,0.5818,5017
GEN_4229,THCAKKIAAKHCLHYLACVLVTYFIACLKIFTSLAI,36,3.61,0.7296,0.4833,0.4491,0.4311,0.5,0.5818,5018
GEN_4066,FRCWYKPKKHACFSTLACLLLIILNGQGKPFTKVAV,36,5.81,0.7311,0.559,0.4167,0.454,0.6,0.5817,5019
GEN_8555,FRCWYKPKAAACLSVLGCLQAIVLNGKGKTFTHIPKIQGIGTPSE,45,4.82,0.6597,0.4646,0.3519,0.4648,0.5,0.5817,5020
GEN_1892,THCAKKILAKHHLHYLACVLLTYFNACLFAKAFAIP,36,3.71,0.7487,0.484,0.4815,0.3527,0.6,0.5817,5021
GEN_2498,THYRKKAHNHAALSTLACLLLICLNGCVKAFTRLPR,36,5.63,0.744,0.6397,0.3519,0.4932,0.6,0.5817,5022
GEN_0554,THCAKKPLAKHSLHYLACVLLTFFNACLKTFTKLID,36,3.63,0.7614,0.5762,0.3843,0.3795,0.6,0.5817,5023
GEN_1276,THCAKKIAVKHCLWYLACVLLTYANACLHAKAFAIP,36,3.61,0.7541,0.4506,0.4815,0.3508,0.5,0.5817,5024
GEN_0237,THCAKKAAAKHCLHYLACVLLTYFINCLKKFRLLAF,36,5.61,0.7659,0.5985,0.4167,0.5052,0.5,0.5817,5025
GEN_7296,NHCAKKPLAKHCLHYLAIFLLTWCNACLHAKAFAAD,36,3.07,0.6958,0.5061,0.4491,0.5474,0.5,0.5817,5026
GEN_4805,THAAAKFHAHACLSYLACVLLHYWNACNHAKVFAAK,36,2.8,0.7233,0.4243,0.4491,0.2796,0.6,0.5816,5027
GEN_8319,TRLHKKPKYHACISNLACLLLTPVNGCLKAKVFDFH,36,4.63,0.671,0.463,0.3519,0.3683,0.6,0.5816,5028
GEN_3002,PHCAAKPKAHAALSWMAAILLILNNHCIKTATRLIK,36,5.2,0.7401,0.7221,0.5139,0.7343,0.7,0.5816,5029
GEN_0186,FHCAKKTLAKHSLHYLACVLLTYFGSCLNRFTLLAP,36,3.99,0.767,0.5683,0.3843,0.3526,0.6,0.5816,5030
GEN_5346,FHCAKKAAAKNCLHYLASCLLTYFINCLHAKAFAIG,36,3.98,0.718,0.4879,0.4167,0.4321,0.5,0.5816,5031
GEN_1021,THCAKKIAAKHCLHYLACYLLVYFIACLKNFTKLIP,36,4.61,0.7569,0.5616,0.4167,0.4638,0.5,0.5816,5032
GEN_5908,HRCYKKPKAHAELSTLACLLIEINNGKGKTFTKLPRSFGIGTISR,45,6.91,0.7125,0.6063,0.3533,0.5121,0.6,0.5816,5033
GEN_5196,WRCWGKPKAHACLSTLACLQFKVSALADIFQALKKNYS,38,4.81,0.7194,0.5799,0.386,0.5502,0.5,0.5815,5034
GEN_7481,PKVLCGVLPLDFPRWLGYANDCAIAFC,27,-0.07,0.6923,0.5961,0.4297,0.4178,0.9,0.5815,5035
GEN_4960,FRCWDKWKAAACLSTLACLLLIILNGQGKNFTKLPK,36,4.73,0.7215,0.5241,0.4167,0.4164,0.6,0.5815,5036
GEN_5333,THCAKKPKAHACLSTPACLLLTIANGCVKAKVFAAP,36,4.53,0.718,0.4974,0.4491,0.4793,0.5,0.5815,5037
GEN_3357,FHCAKKPLAKHCLHYEACVLVTYFNACLKAKVSLRP,36,4.98,0.7373,0.4677,0.3843,0.3202,0.5,0.5815,5038
GEN_6737,FRYWYKPKAAACLSTLACLQAIWLNWCGKGAVFVAV,36,3.73,0.7036,0.4888,0.5139,0.4964,0.6,0.5814,5039
GEN_0223,FHCAKKLLAKHCLHYIACVLVTYFNACLKAKVFALF,36,4.98,0.7662,0.5169,0.4815,0.4311,0.5,0.5814,5040
GEN_5339,IRCKYKSKAAQCLTTAACRQAIILNNHGKTFTKLPKSFGHGVANR,45,8.9,0.718,0.578,0.469,0.6332,0.5,0.5814,5041
GEN_2646,THCAKKLLAWHNLHGLACVLLTYFNACLKTFTKLIP,36,3.63,0.7428,0.5802,0.4167,0.4598,0.6,0.5814,5042
GEN_0895,LHCWKKAAAKNCLHYLAIVLLAFFNSCLNRKVFAIF,36,4.9,0.7581,0.5468,0.5139,0.4657,0.6,0.5814,5043
GEN_2878,LHCAWKIAAKESLHYLACVLLTYFVACLKTYTTFIP,36,1.9,0.741,0.4996,0.456,0.3688,0.6,0.5814,5044
GEN_0836,THCAKKIAAKHCLHYLACVLLTYFIACLKTKASAVP,36,4.61,0.7586,0.4694,0.4167,0.3053,0.5,0.5814,5045
GEN_7282,FHCPKKPCQKHCLHYLACVLVTNFNACLKAKVFAIF,36,4.97,0.696,0.4694,0.4167,0.5177,0.4,0.5814,5046
GEN_7541,THCAKFAAAKHCLHYLACVLLDYFIFCIKNFTSLIP,36,1.62,0.6913,0.5313,0.4759,0.6243,0.5,0.5814,5047
GEN_6896,VHCAKKIAAKHCLHYLTCVLVTYYIACLKTFTSLAP,36,3.95,0.7016,0.467,0.3843,0.4016,0.5,0.5814,5048
GEN_8281,KHTKFECCKLALRTLRWATASNDASWCGKADVFASV,36,2.82,0.6726,0.6002,0.3194,0.5601,0.6,0.5814,5049
GEN_1831,THCAKKPKAHAVLSYLACLLLYPVNSCVRAKVFAAP,36,4.54,0.7492,0.5625,0.4815,0.4806,0.6,0.5814,5050
GEN_1082,SHCAKKIAAKHSLHYVACVLLTYFIACLKTFSSLWF,36,3.69,0.7562,0.4712,0.4167,0.2471,0.6,0.5814,5051
GEN_2222,LHCAKKIAAWHSLHYLACVLVTWCIACLKAKANAVL,36,3.98,0.7461,0.4742,0.5139,0.4385,0.5,0.5813,5052
GEN_2699,TDCAKKILAKHCLHYLACVALTYFRACLKAKAHAAD,36,3.62,0.7423,0.5022,0.3843,0.3642,0.5,0.5813,5053
GEN_3678,TRYHKKPHYHACLSTLACLFLIILNGCVKAKVFAAH,36,4.71,0.7346,0.4639,0.3843,0.2519,0.6,0.5813,5054
GEN_2526,THCAKKIAAKHCLHYLACQLLTYFNACLKAKVFAIF,36,4.61,0.7438,0.5072,0.4167,0.4016,0.5,0.5813,5055
GEN_6325,TRCAKKPKGHACLSYLACLLCTPNNPCVKAKIFAPR,36,6.43,0.7086,0.4665,0.3769,0.4432,0.4,0.5813,5056
GEN_2523,TRYAKKPKAHACLSYLACLLLTPVNGCVKAKVFPAV,36,5.45,0.7438,0.5004,0.4491,0.3564,0.6,0.5813,5057
GEN_4213,THCAKKILAKHCLHYLACVLLTYFNACSKAKVYAIF,36,4.61,0.7298,0.4555,0.3843,0.3161,0.5,0.5813,5058
GEN_5027,WRCWYKPKAHACLYTLACLNAIILNGKGKTFDKLPKSYGIGFGLR,45,6.81,0.7209,0.5643,0.3732,0.5068,0.5,0.5813,5059
GEN_6031,FHCAKKIIAKFSLHPLACVLLTYFNSCLKATVYALY,36,3.9,0.7114,0.5923,0.4491,0.5849,0.6,0.5813,5060
GEN_7133,KPLCVPSALKGSKRCVLVVALNCGGKIGDCRKKAPKCL,38,7.7,0.6981,0.5214,0.424,0.6726,0.3,0.5813,5061
GEN_3320,QHCAKKNLAKHCLHYIACVLLTYFNACLKTMTSLIP,36,3.98,0.7376,0.5144,0.3519,0.3627,0.5,0.5812,5062
GEN_3253,GHCAKKPLAHACLSWLACVLLTFKNAPVKAHTFLPK,36,4.99,0.7381,0.4859,0.4815,0.377,0.6,0.5812,5063
GEN_6238,HRCWKKPKAHAELNTLACLLLMINNANGKTFTKLPRSFGIGTISR,45,6.91,0.7093,0.6396,0.3792,0.5982,0.6,0.5812,5064
GEN_1376,YHCAKKPLAKHCLHYLACVLLTYFNACLKTFTSVKW,36,4.97,0.7532,0.4944,0.3519,0.2932,0.5,0.5812,5065
GEN_7157,FHCAKKTAAKHSLHFLACVLATYFESCLKATVFCLF,36,2.98,0.6977,0.5042,0.4167,0.5037,0.5,0.5812,5066
GEN_0482,LHCAKKLVAKHCLHYLACVLLTYFNACLKTFTSGAP,36,3.98,0.7623,0.4872,0.3843,0.2919,0.5,0.5811,5067
GEN_5604,THCAKKPLAHACLSYLACVRLTYFNACVHAKVFALP,36,3.62,0.7153,0.4621,0.4491,0.4245,0.5,0.5811,5068
GEN_6924,NHCAKKPKAHACNSYLACINLTPVNACVKAKVFPAV,36,4.89,0.7012,0.412,0.4167,0.3415,0.5,0.5811,5069
GEN_3848,TRCAKKPKAHACLSTLACLLLIILNGCLKAKVFAAR,36,6.44,0.7333,0.501,0.4748,0.4726,0.5,0.5811,5070
GEN_0600,LHCAKKIAAKHCLHYIACVLLTYFINCLKNFVSLAP,36,3.98,0.7609,0.5836,0.4491,0.52,0.5,0.5811,5071
GEN_2247,TGCAKKIAAKHCLHYLACVLLKYFIACLKTFTSLAG,36,4.53,0.7459,0.5224,0.3843,0.3883,0.5,0.5811,5072
GEN_0131,IHCAKKAAAKHCLHYLACVLLTYFINCLKNFTSLAP,36,3.98,0.7681,0.5697,0.4167,0.4477,0.5,0.5811,5073
GEN_5191,WRAWKKPSAHACLSTLAILDAIILNPKGKTFTKLPKSFGLGDANR,45,5.83,0.7194,0.6267,0.4037,0.5772,0.6,0.5811,5074
GEN_3376,TRCAKKPYAHACLCTLACLLLIIVNETYKAKVFRAH,36,4.53,0.7372,0.5102,0.3843,0.3883,0.5,0.5811,5075
GEN_5384,THCAKKIAVKHCLHYLACVLHTYFNACLHAKVFAIP,36,3.79,0.7176,0.4813,0.4167,0.4183,0.5,0.5811,5076
GEN_1361,THCAKKPLAKHVLHYLACVLLTYFNACLKTFTKLIP,36,4.62,0.7534,0.5802,0.4167,0.4324,0.6,0.581,5077
GEN_0969,THCAWKAAAKNCLHYLACVLLTYFNSLLQRKVFAIF,36,3.54,0.7573,0.5823,0.4491,0.4589,0.6,0.581,5078
GEN_4445,TRYHKKPHFHACLSTPACLLLTIWNGCVKAKVFAVP,36,4.63,0.7272,0.4907,0.4167,0.3441,0.6,0.581,5079
GEN_0473,THCAKKILAKHCLHYLACVLVTYFNACLKAKVFAIF,36,4.61,0.7625,0.4926,0.4491,0.3642,0.5,0.581,5080
GEN_0041,THCLKKAAAKNCLHYLACVLLTYFNSCLNRKVFAIF,36,4.53,0.7711,0.5378,0.3843,0.3547,0.5,0.581,5081
GEN_6159,THCAKKILVKHKLHYLACVLLTYFNACIKTPTSLVP,36,4.62,0.7101,0.4773,0.3843,0.3294,0.6,0.581,5082
GEN_7025,WRCWYKMKLHACLSTLACLQAKILNGKGWTFSKLPESFGIGTGNR,45,5.81,0.6997,0.4345,0.3,0.2982,0.45,0.581,5083
GEN_4353,LRYHRKTKYHACLSQLACLRLTPVNGKVKAKVFPAD,36,6.91,0.7282,0.4471,0.3726,0.1589,0.7,0.581,5084
GEN_1662,LHCAKKIAAIHSLHYLACVLLTYFNACLHAKAFAIP,36,3.07,0.7506,0.4844,0.5139,0.3767,0.6,0.581,5085
GEN_3695,THCAKKIAAKHCLHYLACVFVNYNIACAKNFTSLIW,36,3.61,0.7345,0.4591,0.3843,0.3092,0.5,0.581,5086
GEN_5283,DRCAKKPNKHACFSCLASLLLIILNGQGKTFCKLAL,36,4.8,0.7184,0.5812,0.3519,0.5174,0.5,0.581,5087
GEN_0056,THCAKKAAAKHCLHYLACVLLTYFINCLNRKVFAVF,36,4.61,0.7705,0.608,0.4167,0.5052,0.5,0.581,5088
GEN_8070,YHCAKRAAAKDCLHYLACVLLTYFNTCLNRKVDAQF,36,2.89,0.6792,0.5034,0.3194,0.447,0.5,0.581,5089
GEN_0917,WHCAKKAAAKQCIHYLACVLLTYYINAIHAKAFAIG,36,3.98,0.7579,0.5077,0.4491,0.3328,0.6,0.5809,5090
GEN_0116,FHCAKKPLAKHCLHYLACVLVTYFNACLKAKVFAIF,36,4.98,0.7685,0.52,0.4815,0.4278,0.5,0.5809,5091
GEN_0362,THCAKKIAAKHCLHYLACSLLTYFIACLKTFTSLAP,36,3.61,0.764,0.4573,0.3843,0.2363,0.5,0.5809,5092
GEN_8695,THCEKKIIAKHCLHYLACVLLTYFIWCDKTFTLCAQ,36,1.61,0.6502,0.4277,0.3469,0.4819,0.4,0.5809,5093
GEN_3799,TRYHKKPHYHACLSTLACLLLIILNGCVKAKVFAAH,36,4.71,0.7336,0.4639,0.3843,0.2519,0.6,0.5809,5094
GEN_5924,FHSAKKIAAKHSLHYLACVLLMIFNSCLKATVFALF,36,4.0,0.7124,0.5324,0.5139,0.4784,0.7,0.5809,5095
GEN_5907,TMCVKKIAAKQCLHYLACVLLSYFTNCLVAKALAIP,36,3.44,0.7126,0.5139,0.4815,0.5477,0.5,0.5809,5096
GEN_1127,FHCAKRPLAKHCLHYLACTLLTYFNATLKTFTSVKP,36,4.99,0.7556,0.5046,0.3519,0.236,0.6,0.5809,5097
GEN_4363,DRCWKKPKAHACLSTLACKLLTYFSACVHAKLFALR,36,5.89,0.7281,0.4881,0.3843,0.3718,0.5,0.5809,5098
GEN_1277,TVCAKKIAAKHILHYLACVLLTYFIAHLKAKTFAVF,36,4.63,0.7541,0.5597,0.5139,0.4257,0.7,0.5808,5099
GEN_2506,TRCAKKAALPHCLHYLACVNLTYFNSCLKRKGWGIF,36,5.53,0.744,0.479,0.3194,0.2541,0.5,0.5808,5100
GEN_4069,THCAKKPKAHAILSQLACLLLIINNPCVKAFTRLAK,36,5.54,0.7311,0.6627,0.4491,0.6533,0.6,0.5808,5101
GEN_2933,THCAKKNHAKHCLHWLACVLLTYFNACLKTFTKLAR,36,5.7,0.7406,0.5914,0.3194,0.449,0.5,0.5808,5102
GEN_1158,FRCAKKYAAHNCLHYLACVLLTYFINCLHAKAFAIG,36,3.98,0.7553,0.4948,0.4167,0.3508,0.5,0.5808,5103
GEN_6357,LHCAKHIAIKHSLSYLACVLLGYFIACLKTCTNLIP,36,2.98,0.7083,0.4689,0.4167,0.4175,0.5,0.5808,5104
GEN_2886,FHCAKKPLAKHCLHYLACVLLTYFIKCLKTFTNLIP,36,4.98,0.741,0.6068,0.4167,0.5702,0.5,0.5807,5105
GEN_0685,THCAKKIAAKHCLHYLACVLLTYFNACLHAKAFAIP,36,3.7,0.7601,0.4833,0.4491,0.3527,0.5,0.5807,5106
GEN_0951,YHCAKKAAAKHCLHYLACVLLTNFNSCLNKGVFAIF,36,3.98,0.7575,0.524,0.3843,0.3614,0.5,0.5807,5107
GEN_0292,FHCAKKPLAKHCLHYLACVLLTYFNACLKTKAFAIP,36,4.98,0.765,0.5061,0.4491,0.3789,0.5,0.5807,5108
GEN_7695,THCAKKILIKHCLHYLACVLVTWFNACIHGKAFAAD,36,2.71,0.6887,0.4948,0.4167,0.5059,0.5,0.5807,5109
GEN_5045,LHMAKKAAAKHSLHPLACVILNYFIACLKLFTSLIP,36,4.0,0.7208,0.5399,0.5463,0.5019,0.7,0.5807,5110
GEN_5623,THCAKKLVAKHCLHYLACVLLTYFISSLKAGPFLAP,36,3.62,0.7151,0.4833,0.4491,0.391,0.6,0.5807,5111
GEN_3609,FRCQKKPLAKHCLHYLACVLHTYFLACLRTFTSVKP,36,5.98,0.7352,0.4861,0.3519,0.3182,0.5,0.5807,5112
GEN_0758,THCAKKAAAKNCLSYLACSLLTYFGSCLQKFTLLAP,36,3.44,0.7595,0.5147,0.3519,0.3089,0.5,0.5807,5113
GEN_2795,TRCAAKPKAHACLCTLACLLLVILNFQGKTFTKLEL,36,3.44,0.7416,0.4954,0.4167,0.3835,0.5,0.5807,5114
GEN_1045,THCAKKIAAKHCLHYLACVLLTYFIACLKTKANAVP,36,4.61,0.7566,0.4694,0.4167,0.3053,0.5,0.5807,5115
GEN_7319,TICAKKILVKHCLHYLACVLLTYFNGCLKTFTSLIP,36,3.53,0.6954,0.5125,0.3843,0.4872,0.5,0.5807,5116
GEN_3292,THCIKKGAAKHCLHYLACVLLTYFNSCLKRTAFASF,36,4.61,0.7378,0.5332,0.3194,0.3573,0.5,0.5806,5117
GEN_6404,TVCAKKIAAKHCLHKLQCVLLTYFIACAKTFTSAAP,36,4.53,0.7076,0.4972,0.4167,0.4652,0.5,0.5806,5118
GEN_2097,FHCAKKPLAKHCLHYIACVLVTYFNACLKTFLSLAD,36,2.98,0.747,0.5043,0.4167,0.385,0.5,0.5806,5119
GEN_1684,THAAKKPLAHACLSYLACVLLTYFNACVKAKVFAVP,36,3.54,0.7504,0.5204,0.5139,0.4345,0.6,0.5806,5120
GEN_3879,FRTWYKPKAHACLSTLACLLLIILNGCNKTFTKLAV,36,4.81,0.733,0.5561,0.4167,0.4372,0.6,0.5806,5121
GEN_4179,WRLWYKPKAHACLSTLACTVLIMLNPCNKTYTKCAV,36,4.8,0.73,0.4792,0.3843,0.3501,0.5,0.5806,5122
GEN_5264,HRCWKKPKAHAELSTLACLLLIINNGKGKTFTRLPRPFGIGTITR,45,7.91,0.7186,0.6611,0.4375,0.6668,0.6,0.5806,5123
GEN_4432,FRCWYKPKAAACYTTLACLQAIIHNGKGKTFRACNTI,37,5.8,0.7274,0.4327,0.3063,0.2341,0.45,0.5806,5124
GEN_1304,THCAKKPLAKHCLHYLACVLITYFNACLHAQAFAAD,36,1.71,0.7539,0.4923,0.4372,0.3689,0.5,0.5805,5125
GEN_4144,THCAKKAKAHACLSNLACLLLTPVNGCVKAKMDIAA,36,3.53,0.7304,0.4771,0.4167,0.3774,0.5,0.5805,5126
GEN_4607,THCAKKILAKHCLYYLACVLVTSNNACLKTFTKLIP,36,4.53,0.7254,0.5473,0.3519,0.4411,0.5,0.5805,5127
GEN_0497,DHCAKKIAAKHCLHYLACVLLTYFIACLKAKVFAIF,36,3.98,0.7622,0.4972,0.4815,0.4016,0.5,0.5805,5128
GEN_6389,TRCAYGILAKHHLHYLACYLLTYPNACLHAKAFAIP,36,2.71,0.7078,0.4467,0.4167,0.3131,0.6,0.5805,5129
GEN_1751,QDSAKKIRAKHCLHYLACVLLTYFNACLKAHAFAIF,36,3.99,0.7499,0.4787,0.4167,0.2679,0.6,0.5805,5130
GEN_0760,LHSAKKAAAKHCLHYLACILLSYFNAFLYAKANAVP,36,3.99,0.7594,0.5064,0.4815,0.2905,0.7,0.5805,5131
GEN_3876,TRYRKKPHNHACVSTLACLLLIILNGCVKAFTRLPR,36,6.54,0.7331,0.6397,0.3833,0.5423,0.6,0.5805,5132
GEN_3998,WRGCYKPKAHACLSTLACLLRIILNPCVKLKVCAAH,36,5.88,0.7319,0.5613,0.4167,0.5813,0.4,0.5805,5133
GEN_0525,FHCAKKPLAKHCLHYLACVILNYFNACLKAKTSVKP,36,5.97,0.7618,0.5168,0.3843,0.3382,0.5,0.5805,5134
GEN_3291,THCAKKAADKHCLHYLACVLLTYAINCLNRKVFAIF,36,3.62,0.7378,0.5694,0.3843,0.482,0.5,0.5805,5135
GEN_4295,FRCWYKPKAAACLSTLACLLLYILNGQGKTFTKLAV,36,4.72,0.7287,0.5193,0.4167,0.385,0.6,0.5805,5136
GEN_8472,FHSAHKPQAKHCLKYLLCVLLTYFNNCLKNITSAAP,36,3.99,0.6642,0.5528,0.3519,0.527,0.6,0.5805,5137
GEN_5257,THCADKMLAKHCLHYLACVLMTYLNGCVKRKVFAVP,36,3.62,0.7187,0.5094,0.3843,0.4262,0.5,0.5805,5138
GEN_1713,SKCAKKILAKHCLHYLACVLLTYFRACLHAKAGAAD,36,4.68,0.7502,0.4991,0.3843,0.3348,0.5,0.5804,5139
GEN_6038,THAPKHAAAKNCLHYLACVLLTYFNTCLNRKLFAIF,36,3.63,0.7113,0.5451,0.4167,0.4678,0.6,0.5804,5140
GEN_7870,FHCAKKPLAKHCLHYLACVLLTEHQLCLKNFTKLIP,36,4.07,0.6848,0.5501,0.3843,0.5724,0.5,0.5804,5141
GEN_3032,THCAKKILAKHCLHYLACPLVTYNNACLKAKAFAAD,36,3.62,0.7399,0.4465,0.3843,0.2712,0.5,0.5804,5142
GEN_0072,IHCAKKAAAKHCLHYLACVLLSYFINCLKNFTSLAP,36,3.98,0.7698,0.5749,0.4167,0.4477,0.5,0.5804,5143
GEN_2008,FHCAKKPLTKHCLHYLACVLLTYFNACLHAKAFAAD,36,3.07,0.7478,0.4967,0.4167,0.3689,0.5,0.5804,5144
GEN_1135,THCAKKPLAKHCLHYLACALLTYFNACLKTFTSDVP,36,2.62,0.7555,0.4647,0.3519,0.233,0.5,0.5804,5145
GEN_4913,TRCAKKPKAHAPLSMLACLLLIILNETLKAKQFRAC,36,5.45,0.7221,0.501,0.4491,0.4019,0.6,0.5804,5146
GEN_0127,THCAKKAAAKNCLHYLACVLLTYFINCLKNFVSLQP,36,3.53,0.7682,0.5559,0.3843,0.3874,0.5,0.5804,5147
GEN_5934,THCAKKPLAHACLSVLACVLFTYFNACVHAKVFAAK,36,3.62,0.7123,0.4819,0.4815,0.4914,0.5,0.5803,5148
GEN_3208,TRCAKKPKAHACLSTLACALLIILNGCVKVFTRKAV,36,6.44,0.7383,0.615,0.4424,0.6131,0.5,0.5803,5149
GEN_7671,THYAKKPLAIHSLHYLKCVLLTGFNACLDTFTKLIK,36,3.63,0.6891,0.5575,0.3519,0.4084,0.7,0.5803,5150
GEN_2882,THCAKKPKAHAYLSYPACLLLKHVNSCVRAKVFDAP,36,4.62,0.741,0.606,0.3843,0.4672,0.6,0.5803,5151
GEN_0725,GHCAKKIAAKHCLHYLACVLLTYFIACLKTFNSLIP,36,3.98,0.7598,0.4962,0.4167,0.3393,0.5,0.5803,5152
GEN_6810,FHCAKKIAAKHSLHYLAPVLLTYFNSCLKATVFALF,36,4.0,0.7026,0.536,0.4815,0.471,0.7,0.5803,5153
GEN_0462,FHCAKKPLAKHCLHYIACVIVTYFNACLKAKVFALF,36,4.98,0.7626,0.532,0.4815,0.4573,0.5,0.5803,5154
GEN_4131,TFCWKKIAAKHSLHYLACVLLTWFIACLETYTSLID,36,0.54,0.7305,0.4501,0.5185,0.3661,0.6,0.5803,5155
GEN_5629,THCAKKLVAKHCLHYLGCVLLTYANACLCSKAFALF,36,3.6,0.7151,0.4575,0.3843,0.413,0.4,0.5802,5156
GEN_5407,THCAHKHAEKHCLHWLACVLLTYFIACLKTFTNLIP,36,1.79,0.7173,0.5015,0.3987,0.429,0.5,0.5802,5157
GEN_0230,LHCAKKIAAKHCLHYLACVLLTYFIACLKTFTNLEP,36,2.98,0.766,0.4904,0.4167,0.3146,0.5,0.5802,5158
GEN_0500,TGCAKKIAAKHCLHYLACVLLTYFIACLKTFTSLAP,36,3.53,0.7621,0.4712,0.4167,0.2919,0.5,0.5802,5159
GEN_3442,TRCARKPKAHACLSTLACLLLIELNGCLKAHVFEAR,36,3.54,0.7365,0.512,0.3843,0.3869,0.5,0.5802,5160
GEN_6037,THCAKKIVVKHCLKYLACVLLTYFNACLHAKAFAIP,36,4.61,0.7113,0.5506,0.4491,0.5742,0.5,0.5801,5161
GEN_8379,THCAKKILAHHHLHWLACVLLTYFNICLHAKAFVIP,36,2.89,0.6684,0.4677,0.4815,0.5019,0.6,0.5801,5162
GEN_7267,KPLSVPSALKGSKRCVMVVALNCGGKIGNCRKKAPKCL,38,8.71,0.6961,0.5356,0.4828,0.6852,0.4,0.5801,5163
GEN_6496,CHCWKKAAAKNSLHYLAAVLLTYFGSCYQKFTLLAP,36,3.9,0.7067,0.4885,0.3843,0.3504,0.6,0.5801,5164
GEN_6328,THCAKKAAAKNCLYWLACVLLTYFNSCLNRKVYAIH,36,4.53,0.7086,0.5239,0.3519,0.4389,0.5,0.5801,5165
GEN_0689,THCAKKAAGKNSLHYLACVLLTYFDSCLQRKVFAIF,36,3.54,0.7601,0.5258,0.3519,0.2555,0.6,0.5801,5166
GEN_5297,TMCAKKALAKHCLHFLACVLLTYFNACLHAKAFATD,36,2.62,0.7183,0.5169,0.4491,0.5018,0.5,0.5801,5167
GEN_3958,TRCAKKPKAHACLSTLACLLLIELNGCLKAKVFAAR,36,5.44,0.7323,0.4872,0.4167,0.3869,0.5,0.5801,5168
GEN_8286,TRHAARPKTHLCLSYDAPILLILNNGCIKSFTKLPK,36,4.55,0.6725,0.5536,0.3519,0.4393,0.7,0.5801,5169
GEN_4927,WRAWKKPSAHACLSTLACLQAIALFGKGKGFTKLPKSFGIGTGNR,45,7.82,0.722,0.6069,0.4581,0.5859,0.6,0.5801,5170
GEN_5177,TVCAKKIAVKHCRHYLACKLLTYFINCMRNFTSHLP,36,5.61,0.7196,0.5601,0.3194,0.4409,0.5,0.5801,5171
GEN_3585,THCAKKPLAHHVLHYLAAVLVTRFNACLKTFNILID,36,2.73,0.7354,0.535,0.4491,0.3588,0.7,0.5801,5172
GEN_0259,THCAKKIAAKHCLHYLACVLLTYFNSCLKATVFALP,36,3.61,0.7656,0.5082,0.4167,0.3447,0.5,0.5801,5173
GEN_7580,TRCVAKPDARACLWTLFCLLLIILNETYKTFTFLGK,36,2.37,0.6906,0.5472,0.4167,0.5176,0.6,0.58,5174
GEN_5978,THCAKCPLAKRSLHYLVCVLLTYFNAGLKTFTKLLK,36,5.54,0.712,0.5846,0.3519,0.465,0.6,0.58,5175
GEN_1617,THCAKKPAAKNCLHYLACVLLTYEGSCLERFTLLAP,36,1.53,0.7509,0.4694,0.3845,0.2812,0.5,0.58,5176
GEN_0358,THCAKKIAAKHCLHYLACVLLNYFIACLKTFTSLIP,36,3.61,0.764,0.5033,0.4167,0.3393,0.5,0.58,5177
GEN_5090,FRCWYKPKTAACLYNFACLQLIILNVKGKTFTKIPK,36,6.72,0.7204,0.4656,0.4264,0.3213,0.6,0.58,5178
GEN_0225,THCAKKILAKHCLHYLACVLLTYFRACLHAKAFAAD,36,3.71,0.7661,0.4855,0.4167,0.3053,0.5,0.58,5179
GEN_4734,TRCAKKPKAHAGLSRLACLLLIILNGTVKAFTRLPR,36,7.46,0.724,0.6516,0.5019,0.6319,0.7,0.58,5180
GEN_4488,THCAKKPKAHAQTCTLACLLLNILNETPKTFTTLPK,36,3.54,0.7267,0.5089,0.3194,0.2723,0.6,0.58,5181
GEN_3029,LRYHRKTKYHACLSQLACLLLTPVNGCVKAKVFPAD,36,4.9,0.7399,0.461,0.3519,0.193,0.6,0.5799,5182
GEN_0098,TVSAKKIAAKHCLHYLACVLLTYFIACLKTFTSLAP,36,3.54,0.769,0.4851,0.4491,0.2624,0.6,0.5799,5183
GEN_0340,LHCVKKIAAKHSLHYLACVLLSYFIACLKTFTLLAP,36,3.99,0.7644,0.521,0.4815,0.3655,0.6,0.5799,5184
GEN_8629,FHCQKKPLVKHCLHYRACVLLTYFQLCLKCFTKLIP,36,5.97,0.6548,0.5396,0.3519,0.6558,0.4,0.5799,5185
GEN_4306,THCAWLAKAHGCLSMSACLTVIILNETLKAKVFYAV,36,1.54,0.7287,0.4072,0.4812,0.2589,0.6,0.5799,5186
GEN_4505,FRCWYKPKAHAELSTLACLLLIINNGKGKTFTRLPRPFGIGTICV,45,5.82,0.7265,0.6833,0.3778,0.6877,0.5,0.5799,5187
GEN_5712,THCAKKPDAHACLSFLAMLLLWILNQTLKTFTKLPK,36,3.55,0.7142,0.631,0.4491,0.5672,0.7,0.5799,5188
GEN_8152,FHCAKKPLWKHCLHYLACTLLTYFNASLKTFTSVKP,36,4.98,0.6768,0.473,0.3519,0.36,0.6,0.5799,5189
GEN_6484,THYAKKPKAHACLGTLLCLLLIILNETYKTFTTLPK,36,3.55,0.7068,0.4985,0.3519,0.2659,0.7,0.5799,5190
GEN_0176,FHCAKKPLAKHCLHYLACVLLTYFNACLHAKAFAAD,36,3.07,0.7671,0.5061,0.4491,0.3689,0.5,0.5799,5191
GEN_3219,SRLVKKPKAHACLNYLAFLLLIVLNACLKAKVFAAQ,36,5.52,0.7382,0.5827,0.5463,0.5268,0.7,0.5798,5192
GEN_5078,FKCWYKPKAAACLSTLACLYAILLNGKGSTFRKIPKSFGIGNGNL,45,6.72,0.7205,0.6151,0.394,0.603,0.5,0.5798,5193
GEN_7569,FRAMYKPKDAACLDTLAPLQIIILNGCGKVKVFLAV,36,2.74,0.6907,0.5548,0.5139,0.5589,0.7,0.5798,5194
GEN_0777,THCAKKILAKHCLHYLACVLLTYFNACLKAKVFLIV,36,4.61,0.7592,0.4926,0.4491,0.3642,0.5,0.5798,5195
GEN_3843,WRLWYKPKGDACLSTLACLLLIIFNPCVKAKVFAAV,36,3.73,0.7333,0.5287,0.5463,0.5149,0.6,0.5798,5196
GEN_3973,LGYHRKTKYHACLSQLACLLLTPVNLCVKAKVFPAD,36,3.9,0.7322,0.442,0.3843,0.211,0.6,0.5798,5197
GEN_7306,DRCWKKPKAHVCLGTLACLEAIILNPKGRTFMKIPKSFGKNWGSL,45,6.81,0.6956,0.6522,0.3994,0.7286,0.5,0.5798,5198
GEN_1524,TKCAKKIAAKHCLHYLACYLLVYFIACLKNFTKLIP,36,5.52,0.7519,0.5616,0.4167,0.4638,0.5,0.5798,5199
GEN_0966,THCAKKPLAKHCLHYLACVLLTYFNACLKDFTKLIP,36,3.61,0.7573,0.571,0.3843,0.4345,0.5,0.5798,5200
GEN_4804,TRCAKKPKAHDILSGIACASLIILNTCLKAFPRAAV,36,4.45,0.7233,0.6413,0.4491,0.6287,0.6,0.5798,5201
GEN_6462,WRCWYKPKAHACLSTLACLQAIILNGKGKTFTKLSKSFGIGTGNR,45,7.81,0.707,0.5621,0.4056,0.5575,0.5,0.5797,5202
GEN_0197,THCAKKAAAKLCLHYLACVLLTYFNSCLNRKVFAIF,36,4.53,0.7667,0.5517,0.4167,0.4115,0.5,0.5797,5203
GEN_1475,THCAKKAAAKHMLHYLACVLLTYFNSCLNRFTSLLP,36,3.63,0.7524,0.5557,0.3843,0.3526,0.6,0.5797,5204
GEN_4029,TRCATKHNKHAAFSTLACLLLIILNVKGKTFTFAAP,36,4.55,0.7315,0.5418,0.4167,0.3441,0.7,0.5797,5205
GEN_3671,TACAHKPNKHACFSTLACLLMIILNVKGKTFTKIPK,36,5.54,0.7346,0.4656,0.3843,0.2438,0.6,0.5796,5206
GEN_5546,THCAKKPKAHACLSNLACLLLTPVNGCVKAIVFAAV,36,3.53,0.7159,0.5228,0.4815,0.5462,0.5,0.5796,5207
GEN_0307,LHCAKKPLAKHCLHYLACVLVTYFNACLKAKVFAIF,36,4.98,0.7647,0.52,0.4815,0.4278,0.5,0.5796,5208
GEN_1014,TVCAKKIAAKHCLHYLACVLLTYFINCLKNFTSLIE,36,2.53,0.757,0.5715,0.3843,0.4343,0.5,0.5796,5209
GEN_0583,THCAKKIAVKHCLHYLACVLLDYFNACLHAKAFAIP,36,2.7,0.7611,0.4952,0.4491,0.3627,0.5,0.5796,5210
GEN_1409,TSCVFKILAKHCLHWLACILLTYMRATLHAKTFAAD,36,2.63,0.753,0.5148,0.4491,0.3473,0.6,0.5796,5211
GEN_7393,FRCWYKPRAAACLSTLVCLQAIKLNAKGLTFTKLPISFGIGNLSR,45,6.73,0.6941,0.5065,0.446,0.5345,0.5,0.5796,5212
GEN_7885,THCAKKIAAKHCHHYLCCVLLTYFIACLKTFTNLIP,36,3.69,0.6844,0.4876,0.3519,0.4977,0.4,0.5795,5213
GEN_0780,DHCAKKIAAKNCLHYLACVLLVYFIACLKNFTKLIP,36,3.89,0.7592,0.5755,0.4491,0.5,0.5,0.5795,5214
GEN_7181,WYLWYKSKAHACLSTLACLLLIALNPCVKAEVFAAR,36,2.82,0.6973,0.4654,0.5139,0.4592,0.6,0.5795,5215
GEN_6195,FRFWYKPKAAACLSTLACLLLIILNGQGKTFTKLAV,36,4.74,0.7098,0.547,0.4815,0.4672,0.7,0.5795,5216
GEN_0219,TVCAKKIAAKHCLHYLACVLLTYFNSCLNRKVFAIF,36,4.53,0.7662,0.5517,0.4167,0.4115,0.5,0.5795,5217
GEN_2382,THCAKRLLSHACLSYLACVLLTYLNGCVKAKVFAVP,36,3.53,0.7448,0.5568,0.4167,0.4704,0.5,0.5795,5218
GEN_3888,TRYHKNPKYHACLSTVACLLLTHLNGCKKAFTRRAH,36,6.71,0.733,0.4575,0.3415,0.1906,0.6,0.5795,5219
GEN_0896,THCAKKILAKHCLHYLACVLVTYFNACLKAKVFAIW,36,4.61,0.758,0.4926,0.4491,0.3642,0.5,0.5794,5220
GEN_3226,THVAKKPRAHACLSYLACLLLTCLNGCVKNFTRLPR,36,5.53,0.7382,0.6375,0.3519,0.5544,0.5,0.5794,5221
GEN_1547,LHCAKKLVAKHCLHYLACNLLTYFNACLKTFTSAIP,36,3.98,0.7516,0.4918,0.3843,0.3131,0.5,0.5794,5222
GEN_1122,TVCAKKIAAKHCLHYLACVLLTYFINILKNFTSLLG,36,3.54,0.7557,0.5848,0.4167,0.4243,0.6,0.5794,5223
GEN_5918,THCAKKIAAKHCFHCLACVLLTYFNACLVAKAFAAD,36,2.61,0.7125,0.4853,0.4491,0.5247,0.4,0.5794,5224
GEN_2460,THCAKKPKAHACLSYLACLILTPVNGSVKAKVFPAV,36,4.54,0.7442,0.4864,0.4491,0.3194,0.6,0.5794,5225
GEN_6122,HRCWYKPKAAACYTTLACLQALIHNGSKKTITKIPK,36,6.9,0.7103,0.506,0.3523,0.3333,0.6,0.5793,5226
GEN_2281,TRCAKKPKAHACLCTLALLLLIILNETLKTDTFLPP,36,2.46,0.7456,0.501,0.4491,0.4397,0.45,0.5793,5227
GEN_6402,AHCFKKPMMHACLSYLACLLLTCNNGCQKAKIFAPH,36,4.0,0.7077,0.4585,0.3843,0.4257,0.4,0.5793,5228
GEN_5452,TRCAKKPYAHACLKTLACGLLIILNETYKHFTFLPQ,36,3.54,0.7168,0.4963,0.3519,0.3019,0.6,0.5793,5229
GEN_4870,FRCWYCGKAAACLSTLACNLLIILNGQGKPFTKLAV,36,3.72,0.7226,0.5189,0.4167,0.4573,0.5,0.5793,5230
GEN_4957,NHCAKRLVAKHDLHYLAMVLLTYFNACPKTFTSAAP,36,3.0,0.7216,0.4933,0.4167,0.2835,0.7,0.5793,5231
GEN_7543,TRYAKKPKAHACKSYLACLLLTPVSGCVKDKCFPAV,36,5.44,0.6912,0.4618,0.3519,0.3711,0.5,0.5793,5232
GEN_0861,THCAKRILAKHCLHYLACVLLTYFNACLKTSTSLAD,36,2.62,0.7583,0.4681,0.3194,0.1921,0.5,0.5793,5233
GEN_3304,WRLWYKPKAHACLSTLACLLLIILNPCVKAKVFAAH,36,4.9,0.7377,0.5143,0.5463,0.4775,0.6,0.5793,5234
GEN_7836,TGYRKKPHNHACLTTLACLLLIILNGCAKAYTRLPR,36,5.54,0.6856,0.5761,0.3194,0.4753,0.6,0.5793,5235
GEN_7079,TSCAAKPKAHAALSFMACIILILNNGCIKTATKLIK,36,4.45,0.6989,0.6111,0.4491,0.6324,0.6,0.5793,5236
GEN_1692,TVCAKKIKAKHCLHYLACVLLVYFIACLKNFTKLIP,36,5.52,0.7503,0.5755,0.4491,0.5195,0.5,0.5793,5237
GEN_5676,KCCAKKHLAKHCLHYLACVLLTPFNLCLKNFTKLKP,36,6.96,0.7146,0.538,0.4081,0.5657,0.4,0.5792,5238
GEN_8300,WRCQKKPKAHACLSTLACFQWIILNGKGKTFTKWPKSQGIHWGSR,45,8.9,0.6718,0.476,0.469,0.5895,0.45,0.5792,5239
GEN_2943,TRCFWLAKAHACLSMSACLTLILLNHTLKAKVFYCK,36,4.53,0.7405,0.377,0.4167,0.1787,0.5,0.5792,5240
GEN_0301,THCAKKIAAKHCLHYLACVLLTYVNACLHAFTSLAP,36,2.7,0.7649,0.4694,0.4167,0.2758,0.5,0.5792,5241
GEN_2334,THCAKKPLAKHCLHYLACALVTYWNACLKIFTKLHP,36,4.7,0.7452,0.5565,0.3843,0.4343,0.5,0.5792,5242
GEN_3942,TRYHKKPHYHACLSTLACLLLTILNGCVKNKVFAAH,36,4.71,0.7325,0.4588,0.3194,0.1697,0.6,0.5792,5243
GEN_2660,THCAKRIAARHCVHYLAAVLLTYFNACLKLFTSLIP,36,3.63,0.7427,0.5465,0.4491,0.4215,0.6,0.5792,5244
GEN_4829,THCAKKPKNHACLSYLACLLEIILNGCMKAKGFAAR,36,4.53,0.7229,0.4643,0.3519,0.3005,0.5,0.5792,5245
GEN_7120,NHCAKELVAKHCLHFLAAPLLTYFNACLKTFTSAAP,36,1.99,0.6984,0.5196,0.4497,0.481,0.6,0.5792,5246
GEN_0773,SHCAKKIAAKHCLHYLACSLLTYFIACLKTFTSLAP,36,3.68,0.7593,0.4573,0.3843,0.2363,0.5,0.5792,5247
GEN_3841,THCAKKPNAKHCLHYLACVLLTYFNACLHAKAFAIP,36,3.7,0.7334,0.4694,0.4167,0.3494,0.5,0.5792,5248
GEN_4318,TRCAKKIAAKKCLHYLACVLVTNFNACLHAKAFAIP,36,5.53,0.7286,0.5259,0.4491,0.4865,0.5,0.5792,5249
GEN_0643,THCAKKPLAKHVLHYLACVLLTYFNACLKTFTILID,36,2.63,0.7605,0.5337,0.4167,0.326,0.6,0.5792,5250
GEN_0771,FHCAKKIAAKHSLHYLACVLLTYFNSCLQKFQLLAF,36,3.99,0.7594,0.5377,0.4167,0.3357,0.6,0.5792,5251
GEN_0031,THCAKKIAAKHCLHYLACVLLTYFIACLKTFTSLAP,36,3.61,0.7716,0.4712,0.4167,0.2624,0.5,0.5791,5252
GEN_6116,FPCWYKPKAAACLSTLCCLQAIILNGSGKTFTKIPKSFGIGNGNR,45,5.71,0.7104,0.604,0.3259,0.6024,0.4,0.5791,5253
GEN_8122,THCAKHAAAKHCVHYLACVLLDWFINCLKNFTSIGP,36,1.7,0.6775,0.5796,0.405,0.6505,0.5,0.5791,5254
GEN_5062,WRCWYKPKAHAWLFTLACLQLAILNGGNKAKVFAAV,36,4.82,0.7206,0.5014,0.5139,0.3956,0.7,0.5791,5255
GEN_7128,THCADIIAAKHSLHYLACVLLTYFIACLKTFKSAIF,36,1.63,0.6983,0.4851,0.4752,0.4484,0.6,0.5791,5256
GEN_7649,YHCAKHPLAHHCLHYIACVLVTYWTACLKAKVFAIF,36,3.15,0.6895,0.4715,0.4491,0.4865,0.5,0.5791,5257
GEN_0484,THCAKKIAAKHCLHYLACVLLVYFIACLKNFTKLIP,36,4.61,0.7623,0.5755,0.4491,0.49,0.5,0.5791,5258
GEN_0365,THCAKKIAVKHCLHYLACVLLTYFNACLHAKAFAIF,36,3.7,0.764,0.4952,0.4491,0.3527,0.5,0.5791,5259
GEN_6569,FHCATKPLAKHCLHYWACVLLTYNNACLHAKLFAAD,36,2.07,0.7058,0.5135,0.4167,0.4865,0.5,0.5791,5260
GEN_0638,THCAKKPLAKHCLHYIACVLATYFNACLKAKVFAIF,36,4.61,0.7606,0.5182,0.4491,0.3983,0.5,0.5791,5261
GEN_1435,THCAKKPLAKHCLHYLACVLLTYFNACLKTFTSLIP,36,3.61,0.7527,0.5083,0.3843,0.336,0.5,0.5791,5262
GEN_6345,THCAKKPLAKHCIHYLACVELTYYNACLHAKAFAAD,36,1.71,0.7084,0.4624,0.3723,0.35,0.5,0.579,5263
GEN_5921,WRAWYKPKAHACLSTLACLQAKILNGKGKWFTKLPKSFGIGNGNR,45,8.82,0.7124,0.6146,0.4904,0.6458,0.6,0.579,5264
GEN_2326,LHCAKKQAAKHCNHYLACVLLTYFNACLKNFTSLAP,36,3.98,0.7453,0.504,0.3519,0.3128,0.5,0.579,5265
GEN_8431,FHCAKKPLAKHCLHYLQCVLITPFNLCLKNFTWLIV,36,3.98,0.6662,0.514,0.4491,0.6111,0.5,0.579,5266
GEN_7066,THCAKKPLAKHCLHYLACVSLTYFNACLHAHALAGD,36,1.79,0.6992,0.4645,0.3663,0.3689,0.5,0.579,5267
GEN_5057,TRCAKKPKAMACLSDLAALLLIILNGWVKPFSFIPI,36,3.38,0.7207,0.5818,0.5787,0.5936,0.7,0.579,5268
GEN_0829,THCAKKILARHCLHYTACVLVTYFNACLKAKVFAIF,36,4.61,0.7586,0.4922,0.4167,0.3268,0.5,0.579,5269
GEN_6331,FRCWYRPKAAACLTTLACQQHIIHNGKGKTFTKRKNSFGLGDANY,45,6.9,0.7085,0.409,0.3524,0.2409,0.5,0.579,5270
GEN_2781,LRKASKIAAKHSVHYLACVLLTTFIAWLKFESTNFP,36,3.92,0.7417,0.619,0.4491,0.4765,0.7,0.579,5271
GEN_6834,FRLCVPSALKGSKRCVLVVALNCGGKIGDCRKKAPKCL,38,7.71,0.7023,0.5214,0.4241,0.6478,0.3,0.579,5272
GEN_7991,FHCAKKTAAKHNLHYLACVLLTYFNTCLMATVFALF,36,2.99,0.6817,0.4711,0.4491,0.437,0.6,0.579,5273
GEN_4670,FRCWYKPKAAACLSTLACIQALILNGKGKTFGKIPKSFGSWDAWR,45,6.72,0.7247,0.6158,0.42,0.6152,0.5,0.579,5274
GEN_3008,LRYHRKTKYHACLSQLACLLLTPVNGCIKAKVFPAD,36,4.9,0.7401,0.461,0.3519,0.1863,0.6,0.579,5275
GEN_4745,TRCWKKPKAHACLSTLACLNLIILDGCVKAKVFAAK,36,5.44,0.7239,0.4951,0.4167,0.4118,0.5,0.5789,5276
GEN_3156,TRYHKHPKYHACLSNLACLLLTPVNGCVKAKVFPAV,36,4.62,0.7389,0.4632,0.3843,0.2251,0.6,0.5789,5277
GEN_0200,THCAWKAAAKHCLHYLACVLLTYFITCLNRKVFAIF,36,3.62,0.7667,0.5855,0.4491,0.4952,0.5,0.5789,5278
GEN_5482,FHCAKKPLLKHCLHYKACVLVTYFNACLKAKVFAIF,36,5.97,0.7165,0.4926,0.4491,0.4573,0.5,0.5789,5279
GEN_0213,THCAQKLVAKHCLHYLACVLLTYFNACLDAKAFLIP,36,1.62,0.7663,0.4833,0.4759,0.3527,0.5,0.5789,5280
GEN_4720,LHCAKKILAKHCLHYLACVILTYFNGCLKAKVFAIF,36,4.98,0.7242,0.5124,0.4491,0.4726,0.5,0.5789,5281
GEN_0792,THCAKKPLAKHCLHYLACVLLTYLNACLKYFTKLIP,36,4.61,0.759,0.5616,0.3843,0.4083,0.5,0.5789,5282
GEN_0037,FHCAKKPLAKHCLHYIACVLVTYFNACLKAKVFALF,36,4.98,0.7712,0.532,0.4815,0.4278,0.5,0.5789,5283
GEN_3814,VRCARKPDAHECLCYLACLLLTPINGCVKAKVFPAV,36,2.77,0.7335,0.505,0.4491,0.5055,0.4,0.5789,5284
GEN_0171,FHCAKKAAAKHCLHYLACVLLTYFINCLKNFVSLAP,36,3.98,0.7673,0.5836,0.4491,0.4906,0.5,0.5789,5285
GEN_4707,TRCPKKPKAHACLSTLACLLAIILNGCLKAKVKLAV,36,6.44,0.7243,0.4807,0.4747,0.4452,0.5,0.5789,5286
GEN_7766,TDYHKKPKYHACLSVLACLLLTPVNGCIKAKVNAPR,36,4.54,0.6872,0.4563,0.3519,0.3014,0.6,0.5789,5287
GEN_0744,FHVAKKPLAKHCLHYLACVLLTYFNACLHAKAFAAD,36,3.08,0.7595,0.52,0.4815,0.3689,0.6,0.5789,5288
GEN_4685,THCAKKIAAKHCLHYLACVLLTYFILCAKTYAFAIP,36,3.61,0.7246,0.4833,0.4491,0.423,0.5,0.5789,5289
GEN_3191,FHCAKKALAKHCLHYLACVLGTTFNACLKAKVFAIQ,36,4.98,0.7385,0.4841,0.4167,0.3588,0.5,0.5788,5290
GEN_3702,TRCAKKPNKHACFSNLACLLVIILNGGFKAFTGAAV,36,4.45,0.7344,0.6055,0.4167,0.504,0.6,0.5788,5291
GEN_1033,THCAKKPLAKHCLHYSACVLLTYFNACLKTFTKLIP,36,4.61,0.7567,0.5524,0.3519,0.3655,0.5,0.5788,5292
GEN_5741,FRCWYKPRKAAFLSTIACIQAIILNASKKVIFACNTE,37,4.73,0.714,0.5327,0.4324,0.4797,0.55,0.5788,5293
GEN_8157,THTAWKPLAKHCLEYLACVLLTYFNACLHAKAYLND,36,0.63,0.6766,0.4948,0.4801,0.5181,0.6,0.5788,5294
GEN_2046,TSCAKKILAKHCAHYLACVVLALFNACLKTSTSLIP,36,3.53,0.7475,0.4604,0.4167,0.2984,0.5,0.5788,5295
GEN_5371,TRYHKMPHWHACLSTLACLLGTIVNGCVKGKVFAAH,36,3.71,0.7177,0.4794,0.3519,0.268,0.6,0.5788,5296
GEN_7619,FHCAKKPLAKHCVHYIPCILVTYFNACLKAKVFFIF,36,4.98,0.69,0.532,0.4815,0.6166,0.5,0.5788,5297
GEN_1875,GHCAKKIAAKHCLHYLACVLLTWFIACLRTWTSLIP,36,3.98,0.7489,0.5292,0.4491,0.4424,0.5,0.5788,5298
GEN_3787,TRCAQKPKAHACLSTLACLLLIILNGTYKEFNRLPR,36,4.45,0.7337,0.6225,0.3519,0.4693,0.6,0.5788,5299
GEN_1997,TRCAKKPKAHACLCTLACLLLIILNETLKTDTFLPK,36,3.44,0.7478,0.4733,0.3843,0.2871,0.5,0.5788,5300
GEN_8526,TRYHKKPHYHACLSNLACLLVTSDNGCVKAKVFAWC,36,3.62,0.6613,0.4223,0.3,0.3188,0.5,0.5787,5301
GEN_4748,FHCAKKPLGKHCLHCLACTNVRYFNACLKAKLFDIF,36,4.97,0.7239,0.4934,0.3519,0.4097,0.4,0.5787,5302
GEN_6780,FHCAKKPLAGHCLHYLACVKLTYFNACLKDSTKLIP,36,3.98,0.7029,0.4865,0.3519,0.3809,0.5,0.5787,5303
GEN_7109,THCAKKIAAKDCLHYARCVLLNYFNACLKTETSLIP,36,2.53,0.6985,0.5029,0.3194,0.3856,0.5,0.5787,5304
GEN_7281,LHCAKKIAAKHSLHYIACVSENYFIACLKTFTSLIP,36,2.99,0.696,0.4726,0.3843,0.3393,0.6,0.5787,5305
GEN_5768,HRCWKKPKAHAPLSTLACLLLIIQNGKGKTWTKLPRSFGIGTISR,45,8.91,0.7138,0.6386,0.4956,0.6861,0.6,0.5787,5306
GEN_6883,THCAKKIAAKYCLHYLACVLLTFFIASLKCFTSLAP,36,3.53,0.7018,0.4874,0.4491,0.4819,0.5,0.5787,5307
GEN_2405,THYRKKAHNHACLSTLACLLLTPVNGCVKAKVFPAV,36,4.63,0.7447,0.4632,0.3843,0.2102,0.6,0.5787,5308
GEN_3650,TRCAKKPKAQACLSTLACVLLTYFNACVRAKVFAAK,36,6.35,0.7348,0.5288,0.4372,0.4619,0.5,0.5787,5309
GEN_3353,THCAVKPWAKHCLHYAACVLLTYLRGCVKAKVFAVP,36,4.61,0.7373,0.5541,0.4491,0.5102,0.5,0.5787,5310
GEN_1235,LVSAKKIAAKNCLHYLACVLLTYFNSCLNRKVFALF,36,4.81,0.7546,0.5656,0.4491,0.4215,0.6,0.5786,5311
GEN_0526,THCAKKPLAKHCLHYIACVLLTYFNICLKTFTKLIP,36,4.61,0.7618,0.5408,0.3843,0.3655,0.5,0.5786,5312
GEN_1469,THCAKKILAKRHLHYFACVLLTYFNAALHAKAFAIP,36,4.72,0.7524,0.5655,0.4815,0.392,0.7,0.5786,5313
GEN_0383,FHSCKKIAAKHSLHYLACVLLNWFNSCLKATVFAAF,36,3.99,0.7636,0.5659,0.4491,0.4012,0.6,0.5786,5314
GEN_5114,YRCAWRPKAHAELSTLACLLLIINNAKGKTFTKLPRSFGIGNLSR,45,6.83,0.7201,0.6507,0.4,0.5948,0.6,0.5786,5315
GEN_4517,WRLWYKPKAHACLRTLHCLLLIILNGCVKAKVFAAK,36,6.9,0.7264,0.5521,0.5339,0.5497,0.6,0.5786,5316
GEN_4841,DRCWYKPKAAACYTTLACLQAIIHNGCGKTFTKLPN,36,3.8,0.7228,0.479,0.3,0.2692,0.5,0.5786,5317
GEN_5688,THCATKILAKHCLPYLAAVLLTYYFACLKTVDKLPK,36,3.54,0.7145,0.587,0.4167,0.5188,0.6,0.5786,5318
GEN_4673,TRCWKKPKAHACLSTLACLLLIILNGKGKTFTKLPKSFGIGTGNR,45,8.45,0.7246,0.5913,0.4428,0.5946,0.5,0.5786,5319
GEN_5809,HRCWKKPKAHAPLSTLACLLIIIQNGKGKTWTKLPRSFGIGTISR,45,8.91,0.7135,0.6386,0.4956,0.6861,0.6,0.5786,5320
GEN_0024,THCLKKAAAKNCLHYLACVLLTYFGSCLNRKVFAIF,36,4.53,0.772,0.5485,0.3843,0.3547,0.5,0.5786,5321
GEN_0399,TRCAKKAARKHCLHFLACVLLTYFNSCLKRFTSAAY,36,6.53,0.7633,0.6186,0.3502,0.4574,0.5,0.5786,5322
GEN_8653,THCAKKPLAKHCLHYLACALLFYFNAPLHQYTKLHP,36,3.8,0.6531,0.4784,0.3843,0.4477,0.6,0.5785,5323
GEN_0061,FHCAKKPLAKHCLHYIACVLVTYFNACLKAKVFAIF,36,4.98,0.7702,0.532,0.4815,0.4278,0.5,0.5785,5324
GEN_4819,FRCWYKPKAAACLSTLACLQAIILNGKGKTFTKIPK,36,6.72,0.723,0.4868,0.4265,0.3407,0.6,0.5785,5325
GEN_7891,THCMKKAAAKHCYHYLACVLLTYSINCLHAKAFAIP,36,3.7,0.6843,0.4514,0.3843,0.3966,0.5,0.5785,5326
GEN_1108,TRCAKKPLAKHCLHYSACVLLTYFNACLKTFTKLIP,36,5.53,0.7559,0.5524,0.3519,0.3655,0.5,0.5785,5327
GEN_3918,THCAKKPKAHACLSYLACILLTPVNGCIKTFTKLPK,36,5.53,0.7328,0.559,0.3519,0.4298,0.5,0.5784,5328
GEN_0350,THCLKKAAAKNCLHYLASVLLTYFGSCLQKFTLLAP,36,3.54,0.7642,0.5286,0.3843,0.2715,0.6,0.5784,5329
GEN_2423,TRYHKKPHYHACLSTPACLLLTIANLCVKAKVYHAI,36,4.71,0.7446,0.45,0.3519,0.1536,0.6,0.5784,5330
GEN_6589,FHCAKKAAASNCLHYLACVLLTYFNTCLNRKVFAIF,36,3.89,0.7055,0.5451,0.4167,0.5347,0.5,0.5784,5331
GEN_5347,IRCYYKPKAHAGLSTPACLLMSIANGCVKAKRFAAR,36,6.81,0.7179,0.529,0.4316,0.4276,0.6,0.5784,5332
GEN_0275,FHCARKIAAKHSLHYLACVLLTYFIACLKTFISLAP,36,3.99,0.7652,0.5066,0.4815,0.3293,0.6,0.5784,5333
GEN_6801,THCAKHPLAWHCKHYIACVLLTYFNGCLKTFTKLAR,36,4.7,0.7026,0.5957,0.3194,0.5287,0.5,0.5784,5334
GEN_5987,WRCWYKQKAAWCLSTLACLQAIILNGKGKTFTKMGK,36,6.72,0.7119,0.4435,0.3616,0.2618,0.55,0.5783,5335
GEN_4264,THQVKRLLSHACLSYLACVLLTYLYGCVKAKVYAVP,36,3.54,0.7291,0.5735,0.3843,0.4278,0.6,0.5783,5336
GEN_6983,THCAKKAAAKNCLHFLACVLLTYFNSCLQLKVFAIF,36,3.53,0.7004,0.4961,0.4491,0.4969,0.5,0.5783,5337
GEN_4480,FRCWYKPMAHAELSTLACLLLIILNGERSAKVFAAT,36,1.83,0.7268,0.5907,0.4934,0.5042,0.7,0.5783,5338
GEN_4535,FRCWYKPKAAACLTTLACLQHIINNGKAKTFTTNKN,36,5.81,0.7261,0.4391,0.3,0.1266,0.6,0.5783,5339
GEN_1238,SHCAKKISAKHNLHYLACVLLYYFNACLKTFTSLAP,36,3.68,0.7545,0.4944,0.3519,0.2042,0.6,0.5783,5340
GEN_5540,THCAKKIAVKHCLHYLACVLLTYFNACAHAKAFAIP,36,3.7,0.7159,0.4952,0.4491,0.459,0.5,0.5783,5341
GEN_7113,THCAKKPKAHACLSYQACLLLTPVNGCWKAKVFAAV,36,4.53,0.6984,0.4712,0.4167,0.4278,0.5,0.5783,5342
GEN_1583,GHCAKKAAAKHPIHFLACVLLTYFWNCLPAKAFAIL,36,3.99,0.7512,0.5236,0.5463,0.4549,0.6,0.5783,5343
GEN_7311,TTIAAKPHAHACLSYLACVLSTYLNSCVKAKVFAVP,36,2.54,0.6955,0.5156,0.4491,0.4739,0.6,0.5783,5344
GEN_4969,TRYHKKPDAHACLCTLACLLLIILNHTYKPFTFTPK,36,3.63,0.7214,0.4366,0.3519,0.1851,0.6,0.5783,5345
GEN_0835,YHCAKKAAAKHCLHYLACVLITNFNSCLNKGVFAIF,36,3.98,0.7586,0.5352,0.3843,0.3614,0.5,0.5783,5346
GEN_5108,THCAKKPLAKKALHYLACALVTYFNACLKTFTKLHP,36,5.62,0.7202,0.5663,0.3843,0.4357,0.6,0.5782,5347
GEN_6293,THCAKRILAKHCLHYLNCVLLTYFNACLKTFTNLAD,36,2.62,0.7088,0.5064,0.3194,0.364,0.5,0.5782,5348
GEN_5819,TRCAKKPKAHACLTTLACKLLIILNGTVKAFTKFAR,36,7.45,0.7133,0.6144,0.4688,0.6164,0.6,0.5782,5349
GEN_4077,NRCGHKPFAHACLSTLACASLIILNTHLKAKVFAPR,36,4.99,0.731,0.5371,0.4167,0.3939,0.6,0.5782,5350
GEN_0586,THCAKKALAKHCLHYLACVLLTYFNACVKTFYNLDD,36,1.62,0.7611,0.5011,0.3461,0.2602,0.5,0.5782,5351
GEN_8101,THCAKHPLAKLHLHYLECVLLTYFNACLHAKAFAIP,36,1.8,0.6781,0.4567,0.4629,0.4295,0.6,0.5782,5352
GEN_4191,FRCWFKPKAAACLSTLACLLLIILNGERKAKVFAAT,36,4.73,0.73,0.5269,0.5139,0.4767,0.6,0.5782,5353
GEN_0107,SHCAKKIAAKHCLHYLACVLLTYFIACLKTFTSLAP,36,3.68,0.7689,0.4712,0.4167,0.2624,0.5,0.5782,5354
GEN_5362,FHCAKKIAAKHCFHYLACVLLTKFNACLHAKAFAAD,36,4.07,0.7178,0.4859,0.4491,0.439,0.5,0.5782,5355
GEN_2019,THCAKKPLAKHSLHYLACVLLTYFNACLKTFDKLPK,36,4.62,0.7477,0.568,0.3519,0.3421,0.6,0.5782,5356
GEN_3545,TGYRKAPKNHACLSTLACLCLTILNGTVKAFTRLPR,36,5.45,0.7357,0.6099,0.3194,0.4076,0.6,0.5782,5357
GEN_5275,THCAAKPHAHACLSYLACVLLTYFAACLHAKAFAAK,36,2.7,0.7185,0.4255,0.4815,0.3689,0.5,0.5782,5358
GEN_0474,THCAKKPLAKHCLHYAACVLVTYFNACLKAKVFAIF,36,4.61,0.7625,0.4926,0.4491,0.3456,0.5,0.5782,5359
GEN_1966,THCARKAAAKHMLHYLACVLLTYFNSCLNRFTSLLP,36,3.63,0.748,0.5557,0.3843,0.3526,0.6,0.5781,5360
GEN_5723,FRCWYRPHYHANLSTLICLLLTILCGAVKAKVFAAH,36,3.99,0.7141,0.5922,0.4491,0.5574,0.6,0.5781,5361
GEN_6990,TRFHKGPCYHACLSNLACLVLTPVNGCLIAKVTAAG,36,2.53,0.7003,0.4461,0.3843,0.3476,0.5,0.5781,5362
GEN_2212,THCAKKPLAKKCQHYLACVLLTYFNACLKTFTKLAR,36,6.52,0.7462,0.5914,0.3501,0.4485,0.5,0.5781,5363
GEN_4930,WRCWYKPKAAACLSTLACLQAIILNGKGKTFTKIPK,36,6.72,0.7219,0.4868,0.4265,0.3407,0.6,0.5781,5364
GEN_5422,FHCAKKPLAKHCLHYIACVLVTYFIACLKTYTTLIP,36,3.98,0.7172,0.5043,0.4167,0.4378,0.5,0.5781,5365
GEN_4410,FRCWYKPKAAACLITLACIQAIILNGKGKTFTRICSI,37,5.72,0.7276,0.5411,0.4009,0.492,0.45,0.5781,5366
GEN_6337,HRCAKKPKAHCQLSTLGCLLLIINLGKGRTFTKLPRSFGIGTISR,45,8.9,0.7084,0.6569,0.4691,0.7653,0.5,0.5781,5367
GEN_4559,WHCAKKPKAHACMSYLACLVLICNNGCRKGKIFAAH,36,5.97,0.7259,0.4836,0.3519,0.3842,0.4,0.578,5368
GEN_0979,FHCAKKPLARHSLHYLACVLFSYFNACLHAKAFAAD,36,3.08,0.7573,0.54,0.4491,0.3689,0.6,0.578,5369
GEN_2246,FHCAKKPLAKRCLHYLACVLLTLINGCVKAKVFAHK,36,6.98,0.7459,0.5546,0.4735,0.5107,0.5,0.578,5370
GEN_8491,LHHAKKITCKHSLHYLACVWLTYFHACLKTCTTYLF,36,4.15,0.6632,0.4065,0.3,0.283,0.5,0.578,5371
GEN_8464,THCNQKLVAKHCLHYLACVLLTYFNACSHAKAFAIP,36,2.7,0.6648,0.4555,0.3843,0.4457,0.5,0.578,5372
GEN_4167,FHCAKKPLAKHCLHYLACVLVTYFNKCAKAKLFAIF,36,5.97,0.7301,0.5622,0.4491,0.5356,0.5,0.578,5373
GEN_4875,FRCWYKPKAAACLSTLACIQAIILNGKGKTFTRIPSI,37,5.73,0.7225,0.5411,0.4009,0.4366,0.55,0.578,5374
GEN_6234,THCACKPLAKHCLHYLACVLLTLINGCVKAKVFAHK,36,4.69,0.7094,0.4935,0.3843,0.4714,0.4,0.578,5375
GEN_2159,THCAKKIAAKHCLHYLACVLLTYYNACLHAKAFAIP,36,3.7,0.7466,0.4694,0.4167,0.3098,0.5,0.5779,5376
GEN_3119,FRCWYRPKAAACLTTLACLQHIINNGKAKTFTKNKNFFPLGKPDY,45,6.81,0.7391,0.4558,0.3732,0.2608,0.5,0.5779,5377
GEN_6682,THCAQKLVAKHCLHYLACVLLTYFINCLKNFTSLAP,36,2.62,0.7044,0.5559,0.3843,0.52,0.5,0.5779,5378
GEN_7739,THCAAKPKAHACLNYMACIRLIINNGCGVTFTKLGV,36,3.53,0.6878,0.5011,0.3519,0.435,0.5,0.5779,5379
GEN_1770,FHCAKKPLAKHCLHYLACVLLTYFNWCLKTFTKNIP,36,4.98,0.7497,0.5305,0.3843,0.372,0.5,0.5779,5380
GEN_0719,FHCAKKPLAKHCLHYLACVLVTYFNACLKAKLFAIF,36,4.98,0.7598,0.52,0.4815,0.4278,0.5,0.5779,5381
GEN_1506,THCAQKLLAKHCLHYLACVLLTYFNACLHAKAFAIP,36,2.7,0.752,0.4833,0.4491,0.3527,0.5,0.5779,5382
GEN_5054,FRCWYKPKAAACLSSLAHIQALILNGKGKTFGKIPRSYGSWDAWR,45,6.82,0.7207,0.6023,0.3998,0.5078,0.6,0.5779,5383
GEN_0510,THCAKKPLAKHCLHYLACALLTYFNACLKIFTKLHP,36,4.7,0.7619,0.5715,0.3843,0.4116,0.5,0.5779,5384
GEN_4421,THCAAKPKAHAALSNLACLILTPVNGCLKAKVFPAV,36,3.54,0.7275,0.5336,0.5139,0.4915,0.6,0.5779,5385
GEN_0322,LHCAKPIAAKHSLHYLACVLLTYFAACLKTFTSLAP,36,2.99,0.7645,0.5059,0.4815,0.326,0.6,0.5778,5386
GEN_1038,THCAKKHAAKHCLHYLACVLLTMFIACLKTFTNLIP,36,3.7,0.7566,0.5154,0.4167,0.362,0.5,0.5778,5387
GEN_3772,TRYHKKAHNWACLSYLACVLLTYFNACVHAKVFAAK,36,4.62,0.7339,0.5491,0.3843,0.3723,0.6,0.5778,5388
GEN_7709,IRCWYKPKGAACLSTLVCLQAIIISGAGKDFTKLPKSIGIGDANR,45,4.73,0.6884,0.6147,0.3519,0.6223,0.5,0.5778,5389
GEN_3186,TKAAQKFKAHACLSFLACLILIYNNACLKAKIFTAD,36,3.45,0.7385,0.4873,0.4491,0.3234,0.6,0.5778,5390
GEN_4447,TRYMKKPHNHACLSTLACLVLICNNGCLHGKIFAAH,36,3.7,0.7272,0.5352,0.3194,0.3669,0.5,0.5778,5391
GEN_0796,FHCAKKPLAKHCLHYIACVLVTYFNACLKTFTKAAD,36,3.98,0.759,0.552,0.3843,0.385,0.5,0.5778,5392
GEN_4749,LQCAKKILAKHGLHYLACILLMWFIGCLKTWTSARP,36,4.9,0.7239,0.5239,0.4491,0.4182,0.6,0.5778,5393
GEN_4145,NRTWKKPQAHACLSTLACLLLIILNGCVKAFTKLPK,36,5.81,0.7303,0.5805,0.4167,0.4647,0.6,0.5777,5394
GEN_1248,FHCAKKELAKHCLHYLACVLLTYFNACLKAKTSVRP,36,4.98,0.7544,0.4998,0.3519,0.2758,0.5,0.5777,5395
GEN_7763,THCAKKPFAKHCLHYLACVRLEYFNAQLKTFTFAVP,36,3.63,0.6873,0.4823,0.3843,0.3689,0.6,0.5777,5396
GEN_7081,PRCAKKPNKHACLSNLACLLLTIVNGCGHTFTRIPK,36,6.09,0.6989,0.5638,0.3247,0.4847,0.5,0.5777,5397
GEN_6425,THCAKKPLGKHYLHYKGCLLLTYFNACLKTFTKLPK,36,6.62,0.7074,0.5108,0.3362,0.3214,0.6,0.5777,5398
GEN_5510,FHCAKKPLAKHCLHYLACTLLTYFNASLKTFVFAIF,36,3.99,0.7163,0.5061,0.4491,0.4061,0.6,0.5777,5399
GEN_2370,FHCAKKPLAKHMLHYLACVLVTWFNACLKAKVFAIC,36,4.98,0.7449,0.5518,0.5139,0.5469,0.5,0.5777,5400
GEN_0148,FHCAKKPLAKHCLHYIACVLVTYFNACLKAKVFAMF,36,4.98,0.7678,0.532,0.4815,0.4278,0.5,0.5777,5401
GEN_2362,TRYLRKHHYHACLSTPACLLLTILNGCIKAKVKLHL,36,5.71,0.745,0.5128,0.3194,0.2203,0.6,0.5777,5402
GEN_0359,THCAKKIAAYHCLHYLACVLLTYFIACLKNFTKLIP,36,3.61,0.764,0.5616,0.4167,0.421,0.5,0.5777,5403
GEN_1129,THCLKKIAAKHSLHYLACILLSYPNACLKTFTNLIP,36,3.62,0.7556,0.5277,0.3843,0.2851,0.6,0.5777,5404
GEN_4366,THCAKKAEAKECLEYLALVLLTYFNACLKLFGILIP,36,0.46,0.7281,0.4975,0.557,0.4711,0.6,0.5776,5405
GEN_5477,KHCWKKPKAHACLSTLACLQAIILNGKGKTFTKLPK,36,7.9,0.7165,0.4506,0.4301,0.2933,0.6,0.5776,5406
GEN_3774,IHCAKKILEKHCEHYLACVLYTWFNACLKAKVFAIF,36,2.98,0.7339,0.5469,0.4167,0.4666,0.5,0.5776,5407
GEN_4993,TRCWYKPKAHACLSTLACLQAIILNGKGKTFTKLPKSFGIGTGNR,45,7.45,0.7213,0.5712,0.3845,0.504,0.5,0.5776,5408
GEN_2911,THCAKKPKAHACLCTLACVLLIILNQTYKTFTFLPK,36,4.53,0.7408,0.4654,0.3843,0.2818,0.5,0.5776,5409
GEN_4440,FRCWYRPKAAACLTTLACLQHIIHNGKGKTFTKNKNSFGLGDANY,45,5.9,0.7273,0.4201,0.3,0.1541,0.5,0.5776,5410
GEN_6997,THCAKKPKAHACLSYYACILLIINNGCGKTFTKLPK,36,5.52,0.7002,0.5128,0.3,0.3716,0.5,0.5776,5411
GEN_0511,THCAKKILAKHCLHYLACVLLTYFNACLKTPTSLVP,36,3.61,0.7619,0.469,0.3843,0.2384,0.5,0.5775,5412
GEN_0141,THCAKKIAAKHCLHYLACVLLTYFIWCHKTFTLLAP,36,3.7,0.7679,0.4694,0.4167,0.257,0.5,0.5775,5413
GEN_1943,THCAKKMAVKHCLWYLACVLLTYFNACLHQKAFAAD,36,2.62,0.7482,0.4477,0.4167,0.267,0.5,0.5775,5414
GEN_6347,TRFHKKPKYHACLSLGACLLVTILNGCVKAKVFAAP,36,5.54,0.7083,0.502,0.4167,0.3838,0.6,0.5775,5415
GEN_4400,FLCWYKPKAAACLSTLACLQAIILNPKGGTFTKLPKSFGIGTGNR,45,5.72,0.7277,0.5154,0.3778,0.3888,0.5,0.5775,5416
GEN_8500,THCAKCIAAKHCLHYIHCVLLTYFVNCLKTFTSLIP,36,2.69,0.6629,0.5167,0.3519,0.5821,0.4,0.5774,5417
GEN_7829,TRPHKKPHYHGCLSTPACLLLTIANGCVKAKVFHAP,36,4.71,0.6857,0.4558,0.3519,0.2939,0.6,0.5774,5418
GEN_8428,TTYHKKAHNEGCLYFPACLLLTYLNGCVKAKVFALP,36,2.54,0.6664,0.4513,0.3519,0.3316,0.6,0.5774,5419
GEN_5202,IRCWYKPKAAACLSTLVCLQAIIISGAGKDFTKLPKSFGIGDANR,45,4.73,0.7193,0.6158,0.3778,0.5751,0.5,0.5774,5420
GEN_0565,CHCARKILAKHTLHYLACVLLTYFNACLHAKAFAAD,36,3.07,0.7614,0.4774,0.4167,0.2851,0.5,0.5774,5421
GEN_6572,FHCAKHTALKHSLHYLACVLLKYFNSCLKATVFAVC,36,4.06,0.7058,0.5685,0.3843,0.5341,0.5,0.5774,5422
GEN_2062,TRCAQKALAKHCLHYLACVLLTYFNACVKTFYNLSD,36,2.53,0.7473,0.5011,0.3194,0.2602,0.5,0.5774,5423
GEN_1939,THCAKPALAKHCLHYLACVLLTYFNACRHAKLFAAD,36,2.71,0.7483,0.4872,0.4167,0.3315,0.5,0.5773,5424
GEN_5329,THCAKKPDAHACLSHLACLLLTPVNGCVKEKVFPAV,36,1.62,0.7181,0.4934,0.4433,0.4386,0.5,0.5773,5425
GEN_5101,THCAKKPKAHACLSNAACLLLTCLNQCVKAKIFAPK,36,5.52,0.7203,0.5165,0.3843,0.4795,0.4,0.5773,5426
GEN_3358,TRCAKKPKAHACLSTLACLLLTIFNACVKAKVFAAH,36,5.53,0.7373,0.5162,0.4491,0.4378,0.5,0.5773,5427
GEN_0767,THCAKKILAKHCLHYLACVLLTYFNACLHAKAFAAE,36,2.71,0.7594,0.4694,0.4167,0.2758,0.5,0.5773,5428
GEN_0330,THCAKKILAKHCLHYLACVLLTYFNACLKAKVFALF,36,4.61,0.7645,0.4926,0.4491,0.3348,0.5,0.5773,5429
GEN_2202,THCAKKPLAKHCLSYLACVLLTYFNACLITFWKAVP,36,3.53,0.7463,0.4956,0.4491,0.3822,0.5,0.5773,5430
GEN_3154,TRKAKKPNKHLCFSTLACLLLIILNVKQKTFTKLAV,36,7.46,0.7389,0.5944,0.4693,0.4507,0.7,0.5772,5431
GEN_8056,KHTPFDCCKIALRHIRGANAFIFWSWSYKAKVFAAN,36,4.91,0.6796,0.6486,0.4167,0.6265,0.7,0.5772,5432
GEN_6090,THCAKKPLAKHCLHYLVCVLLTYFNACLKTFTKLIP,36,4.61,0.7107,0.5663,0.3843,0.5181,0.5,0.5772,5433
GEN_0422,RHCAKKAAAKNCLHYLACVLLTYFINCLKNFVSLAP,36,4.89,0.7631,0.5697,0.4167,0.4337,0.5,0.5772,5434
GEN_1701,FHCAWKPLAKHCLHVIACQLVTYFNACLKAKVFALF,36,3.98,0.7503,0.5815,0.5139,0.5804,0.5,0.5772,5435
GEN_4096,THCAKKAAAKNCLHYLACVLLTYFGSSVQRFTLAAP,36,3.54,0.7308,0.5689,0.3843,0.4089,0.6,0.5772,5436
GEN_5056,TRCAKKPIVHACLSYLAQLLLIILNKCLKAKVFAAR,36,6.45,0.7207,0.57,0.5077,0.5577,0.6,0.5772,5437
GEN_7224,FACAKKALAKHCLHYIAFVLITFFNAHLKAHTFAMF,36,4.08,0.6967,0.54,0.5463,0.5354,0.7,0.5772,5438
GEN_4895,FRCWYKPKAAACLSTLAKLQLIILNGCLKAKVFAAV,36,5.72,0.7223,0.5319,0.5139,0.4967,0.6,0.5772,5439
GEN_6974,TRCAKKPKAHACLCHLACQRVIILNETYKTFTTLPK,36,5.53,0.7004,0.4707,0.3,0.2985,0.5,0.5772,5440
GEN_3171,TRYAKRPKAYACLSYLALLLLIILNQTLKSDTFLPK,36,4.38,0.7388,0.5189,0.4167,0.2719,0.7,0.5771,5441
GEN_1632,THCAKKILAKHCLHYLACELLTYFRACLHAKAFAAD,36,2.71,0.7508,0.4795,0.3843,0.2791,0.5,0.5771,5442
GEN_4443,FRCWWKPKAHLCLYTLACLNVIILNPKGKKFDKLPKSYGVGFGLR,45,7.81,0.7272,0.5833,0.4833,0.6058,0.5,0.5771,5443
GEN_8404,THCAKKAAAKNCLHYLQCVVLTYFNTCLNRKVFAIE,36,3.53,0.6676,0.5034,0.3194,0.4477,0.5,0.5771,5444
GEN_6379,TRCAKKPKAHACLSTPACLLLTIANGCVKAKVFAAP,36,5.44,0.708,0.501,0.4491,0.4793,0.5,0.5771,5445
GEN_2929,RHCARKAAAKNCLNYLACDLLTYFGTCLQKFTLLAP,36,3.8,0.7407,0.5081,0.3519,0.3178,0.5,0.5771,5446
GEN_3991,THWAKRIAAKHCLHSLACVLLTYFINCLKRKVHAIF,36,5.71,0.7321,0.6209,0.4167,0.5231,0.6,0.577,5447
GEN_4664,THCALKYLAHHVRSYMACILVILNNGCIKGWTKAPK,36,4.62,0.7248,0.5498,0.3519,0.3567,0.6,0.577,5448
GEN_0711,THCAKKILAKHCLHYLACVLLTYWNACLKAKVFVIF,36,4.61,0.7599,0.4833,0.4491,0.3279,0.5,0.577,5449
GEN_3691,TVSAKKIAAKHCLHYIACVLLTNFIACLKTFTSLAP,36,3.54,0.7345,0.5108,0.4491,0.3668,0.6,0.577,5450
GEN_7091,TVCAKKIIAKHCLHYNACALLTYFILCLKTFTSNAP,36,3.53,0.6988,0.433,0.3843,0.3219,0.5,0.577,5451
GEN_4412,FRQWYRPKAAACLTTLACLQHIINNGKAKTFTKNKSFFPLGKPDY,45,6.82,0.7276,0.4653,0.3738,0.2313,0.6,0.577,5452
GEN_8057,THCAAKPKAHAALSFMACILLILNNGCIFTFPKLVK,36,3.54,0.6796,0.5271,0.5139,0.5869,0.6,0.577,5453
GEN_8288,THCAKKPHNHACLSNLACLLLTPVNGCVKADVFAAR,36,2.62,0.6723,0.4632,0.3843,0.4345,0.5,0.577,5454
GEN_4453,FRCWYKPMAHAELSTLACLLRIILNGCLKAKVFAAH,36,3.9,0.7271,0.5944,0.4815,0.5558,0.6,0.577,5455
GEN_2487,THLAMKPLAKHCLSFLACVLLTDWNACLKADAFAAK,36,1.54,0.7441,0.5511,0.546,0.5081,0.6,0.577,5456
GEN_3117,THCYKKALAKHCLHYLACVLLTYFNACVKTFYNLDD,36,1.62,0.7392,0.4872,0.3268,0.2602,0.5,0.5769,5457
GEN_0423,THCAKKAAAKNQLHYLACVLLTYFGSCLQRFTLAIW,36,3.54,0.7631,0.5697,0.3843,0.3324,0.6,0.5769,5458
GEN_0390,THCAKKILAKHCLHYLACVLLTYFNACLKAKVFAIF,36,4.61,0.7634,0.4926,0.4491,0.3348,0.5,0.5769,5459
GEN_2320,THCAAKPKAHAALSYMACILLLYFNLCLRAKAFAAK,36,4.54,0.7453,0.4986,0.5139,0.3855,0.6,0.5769,5460
GEN_3183,THCASKAAAKNCLHYLACDLITYFNSALQRKVFAIF,36,2.54,0.7386,0.5553,0.3843,0.3659,0.6,0.5769,5461
GEN_2746,PRCAKKPNKHACLSNLACLLLTILNGCVKAFTKVAH,36,6.09,0.7419,0.5916,0.3894,0.4902,0.5,0.5769,5462
GEN_6554,NHCAKKPKAHACLSWLACLLLCCPNGCVKADVFAAP,36,2.87,0.7059,0.4333,0.4491,0.4365,0.4,0.5769,5463
GEN_8203,LIAAVSYCLWSLW,13,-0.25,0.6753,0.4853,0.4986,0.244,1.0,0.5769,5464
GEN_7594,TRCARKPKLHACMSYLVCWLLTCNNGCVKAKVFAPR,36,6.43,0.6904,0.4736,0.377,0.4679,0.4,0.5769,5465
GEN_3022,TRCAKKPKAHACLSTLACLLLIILKGCVKAFTHAAV,36,5.53,0.74,0.5731,0.4491,0.5235,0.5,0.5769,5466
GEN_8185,THCAKKAAAKNCLFYFACVLLTYFINCLHATVWAVF,36,2.53,0.6758,0.4959,0.4815,0.5773,0.5,0.5769,5467
GEN_5849,TRCWKKPKAAACLSTLACLQAIILNGKGKTFTKIPK,36,7.36,0.7131,0.4764,0.4313,0.3407,0.6,0.5769,5468
GEN_4324,TRCAAKPDAHACLCTLAKWLLIILNETYKPFTFLPK,36,2.45,0.7285,0.5038,0.4491,0.3675,0.6,0.5768,5469
GEN_1010,LHCAKKAAAKNCLHYLACVLLTWEGSCLQRFNLLAA,36,2.89,0.757,0.4835,0.4167,0.3016,0.5,0.5768,5470
GEN_3011,THCAKRILMKHSLHYLACVLLAYFNASLHAKAFAVP,36,3.72,0.7401,0.5316,0.4815,0.3526,0.7,0.5768,5471
GEN_6413,THCAKKPKAHACLSYTACILDLNNNGCIRTFPKLVK,36,4.53,0.7075,0.6071,0.3,0.5067,0.5,0.5768,5472
GEN_5734,TRVAKKPYAHACLTTYAQLWVIILNETLCAKVFAAA,36,2.46,0.7141,0.5598,0.4815,0.4601,0.7,0.5768,5473
GEN_1397,THCAKKPLAKHCVHYLACVLLTYFNACLKTFTKLAR,36,5.61,0.7531,0.6053,0.3519,0.4485,0.5,0.5768,5474
GEN_6352,WRCWYKPKAHACLSTVACLVLIILNGQPKTFTKEPKSFGIGTGMR,45,5.81,0.7083,0.5397,0.3519,0.4441,0.5,0.5768,5475
GEN_0112,LHCAKKIAAKHSLHILACVLLTYFHACLKTCTTALF,36,4.06,0.7686,0.4741,0.4167,0.259,0.5,0.5768,5476
GEN_5649,SRWPQHPHAHGMLSTLACLLLIILNPCLKAKVFAAR,36,3.7,0.7149,0.4833,0.5139,0.3633,0.7,0.5768,5477
GEN_7561,THCASKPLADHHLHYLACVLLTYFNACLKTFTKLAK,36,2.71,0.6909,0.5602,0.3519,0.4518,0.6,0.5768,5478
GEN_2208,THCAKKLVARHCLRYLACYLLTYFNSCLKAKVFLIP,36,5.53,0.7463,0.5891,0.3843,0.4698,0.5,0.5768,5479
GEN_7269,TRYMKKPLNHACLITIACLLLICNNGSLKGKIFAGA,36,4.45,0.6961,0.6005,0.3843,0.539,0.6,0.5767,5480
GEN_1775,THCAKRILAKHCLHYLACVLLTYYNACLKGFTNLAD,36,2.62,0.7497,0.4895,0.3194,0.2309,0.5,0.5767,5481
GEN_3428,THCAKCILAKHCLPYWACVLLTYPNACLHAKAFAAD,36,1.61,0.7366,0.4429,0.4764,0.4068,0.4,0.5767,5482
GEN_0837,THCAKKAAAKHCLHFLACVLLTYFNSCLQRKVMAIF,36,4.62,0.7586,0.5538,0.4167,0.4146,0.5,0.5767,5483
GEN_7654,FHCAKKIAAIHSLHYLAFLLLHYTQIWLYAKANAVP,36,3.09,0.6894,0.4844,0.5139,0.4237,0.7,0.5767,5484
GEN_1870,THCAARPKAHANLSYMACILLILNNGCIKTFTKLPK,36,4.54,0.7489,0.5675,0.3843,0.3608,0.6,0.5767,5485
GEN_2243,THCAKKIAAKHCLHYLACVLQTYFNSCLKLTVFALF,36,3.61,0.746,0.5038,0.3843,0.3278,0.5,0.5767,5486
GEN_3971,THWAYKPKAKHCLHYIACVLAWYFNACLKAIVFAIF,36,3.62,0.7323,0.5264,0.5139,0.4605,0.6,0.5767,5487
GEN_8115,FHCAKKIAAKHSHHYLAFVLLTYFQSCLKATVFALF,36,4.08,0.6778,0.524,0.4491,0.4522,0.7,0.5767,5488
GEN_0614,LHCAKKIAAKHSLHYLACVLLTYFINCLQRFTLLNP,36,3.99,0.7608,0.6295,0.4167,0.4689,0.6,0.5767,5489
GEN_0514,TVCAKKIAAKHCLHYLACVLLTYFINCLKMFTSLIP,36,3.53,0.7619,0.5492,0.4491,0.4315,0.5,0.5767,5490
GEN_6280,TRYHHKPSYHACLNHLACLLLAILNGCVKAKVFAPR,36,4.71,0.7089,0.4561,0.3843,0.2674,0.6,0.5766,5491
GEN_3712,FRCWYRPKAAACLTTLACLQHIINNGKAKTFTKNKNYFPLGKPDY,45,6.81,0.7343,0.4446,0.3472,0.219,0.5,0.5766,5492
GEN_0214,LHCAKKAAAKNCLHYLACVLLTYFNSCLNRKLFAIF,36,4.89,0.7663,0.5517,0.4167,0.392,0.5,0.5766,5493
GEN_6857,THCAKKPKAHACLCTLACVLLTFKNMCVHARAFAAK,36,5.61,0.7021,0.4928,0.4167,0.5106,0.4,0.5766,5494
GEN_3031,TRYHKKPHAHACCSYMACILLILNNGCIKAKVFAVP,36,4.61,0.7399,0.4459,0.3843,0.2452,0.5,0.5766,5495
GEN_2296,THCAAKPHAHACLSYLACLLLIILNETYKTFTFLPK,36,1.63,0.7455,0.4771,0.4427,0.2758,0.6,0.5766,5496
GEN_7501,LHCAKIIAAKSSLHYLFCVLLTYFIACLKHYTSLIP,36,2.99,0.6919,0.4797,0.4491,0.4116,0.6,0.5766,5497
GEN_0343,THCAKKIAAKHCLHYLACVLLTYFINCLRTFTSLIP,36,3.62,0.7643,0.5764,0.3843,0.4055,0.5,0.5766,5498
GEN_7675,THCAKKPAAHACLSYLACVLHTYHNACVHAKVFAAK,36,3.79,0.689,0.4232,0.3843,0.3256,0.5,0.5766,5499
GEN_5434,THCAKKAAAKHSLHYLACVLLTWFNSCLKATVFLAP,36,3.63,0.7171,0.5287,0.4491,0.4342,0.6,0.5766,5500
GEN_8169,FHCAKKPLARHSLHYLLCVLLTYFNACIKTFDKAHK,36,5.07,0.676,0.5565,0.3519,0.4793,0.6,0.5766,5501
GEN_3399,FRCWYKPKAAAALSTLACLQLIILNVSKKTFTKIPK,36,6.73,0.7369,0.5619,0.4918,0.4195,0.7,0.5766,5502
GEN_0270,THCAKKLVAKHCLHYLACVLLTYFNACLKTFTSAAP,36,3.61,0.7652,0.4918,0.3843,0.2624,0.5,0.5766,5503
GEN_1808,FHCAKKPLAKHSLHYLACVLLTYFNACLKYFDKAPK,36,4.98,0.7494,0.566,0.3843,0.3555,0.6,0.5765,5504
GEN_3045,NHCAKKPLAKHCLTYLACVLWTYFSACLKTFTKLAR,36,5.89,0.7398,0.6053,0.3519,0.478,0.5,0.5765,5505
GEN_1720,THCAKKPLAKHCLHYLACVELTYFNACLKTFTKLIP,36,3.62,0.7501,0.5524,0.3519,0.3655,0.5,0.5765,5506
GEN_5547,LHCAKKILAKHPLHPLALVLLTYFNACARTFDKLIP,36,4.0,0.7159,0.6828,0.5139,0.6918,0.7,0.5765,5507
GEN_2329,THCAAKPKAHACLSYMACILLIINNGCGKTFTKLAV,36,3.53,0.7452,0.5275,0.3843,0.3681,0.5,0.5765,5508
GEN_6174,THCAKKAGAKHCLHYLACVLLTYFNSCLNRKVFAIF,36,4.61,0.71,0.5239,0.3519,0.4115,0.5,0.5765,5509
GEN_1078,TRHAARPKAHACLSYTACVLLTYFNACLHAKAFAAK,36,4.63,0.7562,0.4858,0.4167,0.2384,0.6,0.5765,5510
GEN_3088,NRCWKKPKAHVCLSTLACLDLIILNGCVKAFTRLPH,36,4.89,0.7394,0.6106,0.3843,0.5202,0.5,0.5765,5511
GEN_8113,NPWGSRCAGPISLARILSTTFHVAGPLIALNRRSGKSFG,39,4.84,0.6778,0.5415,0.3718,0.4697,0.6,0.5765,5512
GEN_6604,THCAKKTAAKHSLHYLACKLLTYFNSCLKRTVFALF,36,5.62,0.7054,0.5332,0.3194,0.339,0.6,0.5765,5513
GEN_6183,NACANKPHAHLALLYMNCILLTYFNACLHAKAFGAK,36,2.99,0.7099,0.4382,0.4491,0.2999,0.6,0.5765,5514
GEN_6704,WRLWYGPKAWACLSTVACLLLIIPNPSVKAKVDIAL,36,2.74,0.7041,0.5029,0.5787,0.4838,0.7,0.5765,5515
GEN_3005,TRCAKKPNKHACFSTLACLLLIILNVKGKTFTKIPK,36,7.45,0.7401,0.5778,0.4364,0.4491,0.6,0.5765,5516
GEN_7427,WRCIRKPKAHACLSTLACLKAIISNGRGKTFTYCPKMMGVGDANR,45,7.8,0.6933,0.5035,0.4052,0.5369,0.4,0.5765,5517
GEN_4753,WRHWYKPKAHAPLSTLACLLIIILNSCMKAKVFATK,36,5.91,0.7238,0.4948,0.4815,0.3272,0.7,0.5765,5518
GEN_2665,THWAKKPLAKHCLHYLACVLLTYFNACLKTFTKLIP,36,4.62,0.7426,0.5802,0.4167,0.4277,0.6,0.5765,5519
GEN_2153,FHCAKKPLAKHCLHYLAAILLTYFNSRLNRRAFAHK,36,7.08,0.7467,0.5311,0.4474,0.2998,0.7,0.5764,5520
GEN_2571,TRYHKYPKYHACLSNLACLLLTILNGCVKAKVFAAP,36,4.54,0.7434,0.4881,0.3843,0.2391,0.6,0.5764,5521
GEN_0066,FHCAKKAAAKHCLHYLACVLLTYFNSCLNRKVFAIF,36,4.98,0.7699,0.5517,0.4167,0.382,0.5,0.5764,5522
GEN_6277,THCAKKAAAKHCLHYLACVLLTFFINCLHVKAFAIG,36,3.7,0.709,0.4833,0.4491,0.4429,0.5,0.5764,5523
GEN_5724,TRYHKKKKYGACLTRLACLLLTPVNGCLKAKVYAAH,36,7.53,0.7141,0.5109,0.3895,0.3505,0.6,0.5764,5524
GEN_5033,FHCAKKGAAKKCLHYLACVLLTYFNSCLNRKLFALF,36,5.89,0.7209,0.5378,0.3843,0.441,0.5,0.5764,5525
GEN_6677,TVCAKCIAAKHCLRYLACNLLTYFINCLKTFTSLIP,36,3.43,0.7044,0.5448,0.3843,0.5581,0.4,0.5764,5526
GEN_4326,FHQAKKPLAKDSLHALACVLLTYWDACLKTFNRAPK,36,3.91,0.7285,0.6129,0.4167,0.4477,0.7,0.5764,5527
GEN_6577,THCAKKPCQHACLSWLACLLLTCLCGCVKAKVTPAV,36,3.5,0.7057,0.474,0.3843,0.4367,0.4,0.5764,5528
GEN_5897,TRYHKKPHYHACLTTGACLLLMILNGCVKTKVFAVP,36,4.62,0.7126,0.45,0.3519,0.2145,0.6,0.5763,5529
GEN_8678,EHCQKKPIAKHCLHYLACVLLTWFNACYHAKAFATD,36,2.14,0.6514,0.4763,0.3519,0.468,0.5,0.5763,5530
GEN_2635,TVCAKKAAAKNCLRYLACVLLTYFNSCLHRKVVAIF,36,5.44,0.7429,0.5872,0.4167,0.5039,0.5,0.5763,5531
GEN_7791,IHCGKSAAAKNCLHYLACVLETYFNSCLNRKLFAIF,36,2.89,0.6867,0.4724,0.3519,0.3787,0.5,0.5763,5532
GEN_7110,VHCAKKIASKHCLHYLACVLLTYFIGCLKTFTSLRP,36,4.95,0.6985,0.4704,0.3519,0.3481,0.5,0.5763,5533
GEN_0520,THCAKKILAKHCLHYLACVLLTYFNACLKAKVFAMF,36,4.61,0.7618,0.4926,0.4491,0.3348,0.5,0.5763,5534
GEN_4267,TRCWKKPKAHACLSTLACLLLIILNGCVKAKVFAAK,36,6.44,0.729,0.509,0.4747,0.464,0.5,0.5763,5535
GEN_0096,THCAKKADAKHCLHYLACVLLTYFQSCLKATVFALF,36,2.62,0.7691,0.4962,0.3843,0.259,0.5,0.5763,5536
GEN_3261,FRCWYRPKAAACLTTLACLQHIINNGKAKTFTKNKNFFPLGYPDY,45,5.81,0.738,0.4558,0.3259,0.2055,0.5,0.5763,5537
GEN_6003,NRCALKPKALACWCTLACLLLICNNGCLKAKVFAAH,36,4.78,0.7117,0.4458,0.4491,0.4405,0.4,0.5763,5538
GEN_1608,THCAKKIAAKQCLHYLACVLLTYFNACLHAKAFAAD,36,2.62,0.751,0.4861,0.4167,0.3163,0.5,0.5763,5539
GEN_0269,THCAKKPLAKHCLHYLACVLLTYFNACLHAKAFAIP,36,3.7,0.7652,0.5061,0.4491,0.3494,0.5,0.5763,5540
GEN_1093,FHCAKKMAAKHSLHYLAFVLLTYFQSCLKAAVFQAY,36,3.99,0.7561,0.524,0.4491,0.2667,0.7,0.5763,5541
GEN_4238,TRCAKKANKHACFTTLACLLLIILNGQGKTFTKLAL,36,5.45,0.7294,0.6003,0.3519,0.4257,0.6,0.5763,5542
GEN_5645,FHCKFKPLAKHCIHYIACVLVNYFNACFKAKVFAIF,36,4.98,0.7149,0.5457,0.4815,0.5641,0.5,0.5762,5543
GEN_7153,WRCWKKPKAHAEGSTLACLLLIINNGKGRTFTKLPRPFGIGTISI,45,6.83,0.6978,0.6722,0.4,0.6668,0.6,0.5762,5544
GEN_1613,LHCAKKLVAKHCLCYLACVLLTYFNACLKTFTSAAP,36,3.88,0.751,0.5057,0.4167,0.415,0.4,0.5762,5545
GEN_0910,LHSAKKIARKHSLHYLACLLLTYFHACVKTCTTALF,36,5.07,0.7579,0.5689,0.3519,0.3064,0.6,0.5762,5546
GEN_3432,TRCWKKPKAHACLSYLACLLLIILNGCLKAKVSAAR,36,6.44,0.7365,0.4951,0.4423,0.3904,0.5,0.5762,5547
GEN_1827,THCAKKPLAKHCLHYLACALLTYWNACLKIFTKLHP,36,4.7,0.7493,0.5565,0.3843,0.4048,0.5,0.5762,5548
GEN_5053,FRCWYKYKAAACLTTLACLQAIVHNGKGKTFTKLPNSFGLGDANR,45,5.81,0.7207,0.5499,0.3,0.3764,0.5,0.5762,5549
GEN_5810,THCAKKILAKHCLHYLSCVLLTYFRACLHAKAFAAD,36,3.71,0.7135,0.4705,0.3843,0.3447,0.5,0.5762,5550
GEN_5847,THCAKKAVLKHCLHYLACVLLTYFNSCLKAKVFAIF,36,4.61,0.7131,0.5082,0.4167,0.441,0.5,0.5762,5551
GEN_4923,LHCAKKLLAKHCLHYLACVLVTYFNACLKAKHFAIF,36,5.06,0.7221,0.4993,0.4491,0.4376,0.5,0.5762,5552
GEN_4041,TKCAAKPKAHACLSYMAILLIIINNGCIKTFTKLPK,36,5.45,0.7314,0.5814,0.4167,0.4538,0.6,0.5762,5553
GEN_2612,THCAAKPKLHAALSYMACILLLYFNLCLRAKAFLAK,36,4.54,0.7431,0.4986,0.5139,0.3855,0.6,0.5762,5554
GEN_6803,KHTKRECCKAAKRHLRGANLFHFASWCYRAKVFAAN,36,7.99,0.7026,0.6145,0.416,0.5751,0.6,0.5762,5555
GEN_0508,THCAKKIAVKHCLHYIACVLLTYFQACLHAKAFAIP,36,3.7,0.762,0.5103,0.4491,0.3627,0.5,0.5762,5556
GEN_3241,TRCAKKAARKHCLHGLACVLLTYFNSCLKRFTSAAY,36,6.53,0.7382,0.6047,0.3307,0.4574,0.5,0.5762,5557
GEN_1555,DHCADRIAAKKCLHYLACHLLTYFNSCLKAKVFAIF,36,2.98,0.7516,0.5139,0.3843,0.3278,0.5,0.5761,5558
GEN_2294,THCAKKPKAHACLSYLACLLLIINNPCVKAFTRLHR,36,5.62,0.7455,0.6492,0.3843,0.5676,0.5,0.5761,5559
GEN_2812,TRYHKKPHYHACLSTPACLLLTIANGCVKAKVFHAP,36,4.71,0.7415,0.4558,0.3519,0.1556,0.6,0.5761,5560
GEN_4780,FHCAKKAAAKNCLHYLACVLLTYFINCLHAKAFAIF,36,3.98,0.7236,0.5112,0.4815,0.4858,0.5,0.5761,5561
GEN_0642,THIAKKLNAKHCLHHLACVLLTYFNSCLRAKIFAIF,36,4.71,0.7605,0.5569,0.4167,0.3447,0.6,0.5761,5562
GEN_0656,THCAKKPLAKHCLHYLACALLTYFNACLKTFTKLHP,36,4.7,0.7604,0.5524,0.3519,0.3393,0.5,0.5761,5563
GEN_6225,WRCWKKPHAHACLSRGAALLAAILNGRGKTPTKLPKTFPIGTGSR,45,8.91,0.7095,0.5675,0.5216,0.586,0.6,0.5761,5564
GEN_3575,SHDAKKILAKHHLHFLACVLLTYFNACLHAKAFACP,36,2.86,0.7355,0.4829,0.4491,0.3118,0.6,0.5761,5565
GEN_3642,TRYRKRPHNHACLSTLACLLLIKVNGCVKAFTRYPR,36,7.54,0.7348,0.5818,0.3897,0.419,0.6,0.5761,5566
GEN_0338,FHCAKKPLAKHCLHYLACVLLTYFNACLKTFTKLAD,36,3.98,0.7644,0.5663,0.3843,0.385,0.5,0.5761,5567
GEN_0157,THCAKKIAAKHCLHYLACVLLTYFIACLKTFTSLRP,36,4.61,0.7675,0.4573,0.3843,0.1956,0.5,0.576,5568
GEN_1332,THLAKKAAAKHCLHYLACVLLWYYNAFLYAKANAVP,36,3.63,0.7536,0.4972,0.4815,0.2585,0.7,0.576,5569
GEN_5421,LHCAKKIAAKFSLHYLACVLLTYFIACLYTYTTLIP,36,2.9,0.7172,0.5576,0.4491,0.4785,0.6,0.576,5570
GEN_2173,TVVAKKIAAKHCLHYLACILCTYFNSKLNRKFFAIE,36,4.54,0.7465,0.49,0.3843,0.2328,0.6,0.576,5571
GEN_7508,TQCAKKARAKHCLHYVACVLLWYFINCLKNTVFFLF,36,4.53,0.6918,0.5176,0.4167,0.5049,0.5,0.576,5572
GEN_3177,THCAKKPKARACLSYLACLLLTPVNGCVKAKVFPAV,36,5.44,0.7387,0.491,0.4491,0.383,0.5,0.5759,5573
GEN_6825,FHVAKKPLAKHCLHYLACVLLTYGNACLKTSTILIP,36,3.99,0.7024,0.4923,0.4167,0.3709,0.6,0.5759,5574
GEN_5653,LHCAKKIAGKHSLHYLACVLLTFFIACLWTPTTLIS,36,2.99,0.7149,0.4876,0.4491,0.3661,0.6,0.5759,5575
GEN_5795,TRCWKKPKAAACLSTLAKLQLIILNGCLKAKVFAAV,36,6.36,0.7136,0.532,0.5026,0.4967,0.6,0.5759,5576
GEN_6531,TKCAKKPKAHAWLSTLACLLLIILSGCVKAFTRAAV,36,5.45,0.7062,0.6208,0.4815,0.6411,0.6,0.5759,5577
GEN_2814,THCAKKIAAKHCLHYLACVFVNYNIACLKNFTSLIW,36,3.61,0.7415,0.467,0.3843,0.2718,0.5,0.5759,5578
GEN_7013,TRCWKKPNKHACFSTLACLLLIINNGKGKTFTKLPR,36,7.45,0.6999,0.5583,0.3846,0.4548,0.6,0.5759,5579
GEN_0300,TVCPKKIAAKHCLHYLACVLLTYFNSCLKAKVFAIF,36,4.53,0.7649,0.5221,0.4491,0.3741,0.5,0.5759,5580
GEN_6771,FECAKKAAAKNCKHYLACVLLTYYIATLITKSSSIF,36,3.81,0.703,0.4777,0.3519,0.2803,0.6,0.5759,5581
GEN_8504,THCAWDPLGKICLHYLAFVLLTYFNACYWTFTKLIP,36,0.54,0.6627,0.5236,0.5513,0.6502,0.6,0.5759,5582
GEN_3581,TRCAKKPKAHACLCTLACLLLGILNGCLKAKVFAAH,36,5.52,0.7354,0.4872,0.4167,0.4184,0.4,0.5759,5583
GEN_7059,TPYHKKPHYRACLSTLACLLLTILCGCVKAKVKAAH,36,5.61,0.6992,0.4356,0.3519,0.2851,0.5,0.5758,5584
GEN_2516,THCAAKPIAHAALSYMACILLILNNGCIKTFFKLPK,36,3.54,0.7439,0.5931,0.4815,0.506,0.6,0.5758,5585
GEN_7129,FHCAKKAAAKNCLHYFACVLLTYFNTCLNRKVFAIF,36,4.89,0.6983,0.5451,0.4167,0.5347,0.5,0.5758,5586
GEN_7418,FHCRKKPAAKTCLHYLACVLLSYFNAFLYAKANAIF,36,4.9,0.6936,0.4842,0.4491,0.4097,0.6,0.5758,5587
GEN_2837,THCAKRILAKHCLHRLACVLLTYFNACPHGKAFAIG,36,4.7,0.7413,0.5146,0.3843,0.3512,0.5,0.5758,5588
GEN_1780,THCAKKAAAKNCLHYLAMVLLCYFNSCLQRKVVAIF,36,4.53,0.7496,0.5394,0.4167,0.4052,0.5,0.5758,5589
GEN_8635,TRYRKAPHNHACLSTQGCLCLTILNGTVKAFTRLPK,36,5.54,0.6546,0.5403,0.3,0.4452,0.6,0.5758,5590
GEN_2181,IHCAKKAAAKHCLIYLACVLLTYFNSCHNRDLFPIT,36,2.98,0.7465,0.4716,0.3843,0.2669,0.5,0.5758,5591
GEN_0899,FHCAKKIQAKHSLHYLACVLLTYFGSCLQKFTLLAP,36,3.99,0.758,0.5286,0.3843,0.2689,0.6,0.5758,5592
GEN_6509,THIAAKPKAHACLSYMACIVAIINNGCGKTFTHLAH,36,2.71,0.7064,0.4824,0.3843,0.3119,0.6,0.5758,5593
GEN_0446,THCAKKIAANHCLHYLACVLLTYFNACLKTFTSALP,36,2.62,0.7627,0.4918,0.3843,0.2624,0.5,0.5757,5594
GEN_0352,THCAKKPLAKHCLHYLACVLLTYFNACLKTFTSAAP,36,3.61,0.7641,0.4918,0.3843,0.2591,0.5,0.5757,5595
GEN_0813,THCAKKPLAKHCLHYIACVLANYFNACLKAKVFAIF,36,4.61,0.7588,0.5292,0.4491,0.3983,0.5,0.5757,5596
GEN_0811,THCAKKILAKHCLHYLACVLVTYNNACLKTFTKLIP,36,4.61,0.7588,0.5473,0.3519,0.3314,0.5,0.5757,5597
GEN_3803,TRPHKKPHYHACLSTLACLLLTILNGCVKAKVFRAH,36,5.71,0.7336,0.4742,0.3519,0.2017,0.6,0.5757,5598
GEN_2148,THCAKKILAKHCLHYLACVLLTYMNVCLKTPTSLVP,36,3.61,0.7467,0.4555,0.3843,0.2384,0.5,0.5756,5599
GEN_5345,THCAKKICAKHCLHYLACVLLTYFNACLHAKAFAAD,36,2.7,0.718,0.4555,0.3843,0.3722,0.4,0.5756,5600
GEN_3560,THCAKKPLAKRQLHYLACVLLTWFNACAKTWTKIAR,36,6.54,0.7356,0.6057,0.4156,0.4791,0.6,0.5756,5601
GEN_8116,AGGAMSCALACLAACCGLAHCCGGYSIMA,29,-0.18,0.6777,0.3276,0.369,0.0378,0.7,0.5756,5602
GEN_1903,SHCAKKQAAHNCLHYLACVLLTYFNTCLNRLVFAIH,36,2.77,0.7486,0.531,0.3519,0.3276,0.5,0.5756,5603
GEN_5031,FHCAGKPLAKHCLHYLACVLLTYKNACLHAKAFSAD,36,3.07,0.7209,0.5153,0.3843,0.3983,0.5,0.5756,5604
GEN_0890,THCAKKPLAKHCLHYLACVLLTYFNACVKTFTKLAR,36,5.61,0.7581,0.6053,0.3519,0.4291,0.5,0.5756,5605
GEN_0314,LHCAKKAAAKHCLHYLACVLLTYFIACTKNFTSLAP,36,3.98,0.7646,0.4694,0.4167,0.2522,0.5,0.5756,5606
GEN_4987,FRCWYKPKAAACLSTLACLQAIILNPKGGTFTKLPKSFGIGTGNR,45,6.72,0.7213,0.5043,0.3941,0.3888,0.5,0.5756,5607
GEN_5342,NRCVKKPNAHACLSYLACLLLIINNPCLHAKAFAAK,36,4.89,0.718,0.5341,0.4491,0.5007,0.5,0.5755,5608
GEN_6506,THCAKKPLAMHCLHWLGCVLLTYFNACLHAKAFAIP,36,2.7,0.7065,0.4521,0.4815,0.4228,0.5,0.5755,5609
GEN_2645,THCAKKALAKHCLHYLACVLLSYFNACGHAKAFAPE,36,2.71,0.7428,0.4592,0.3843,0.2528,0.5,0.5755,5610
GEN_5473,THCRKKIGAKHCLHYLACCLLTYFNSCLNRKVFAIP,36,5.6,0.7166,0.4961,0.3,0.358,0.4,0.5755,5611
GEN_6893,FVCWYKPKAAACLSTLACLQAIILNGYGKVKVFVCV,36,3.71,0.7017,0.4552,0.4815,0.4392,0.5,0.5755,5612
GEN_3083,WRLWYKPKAHACLSTLACLLLIILNPSVKAKVDIAL,36,3.82,0.7395,0.5143,0.5463,0.3809,0.7,0.5755,5613
GEN_3193,TRCAKSPKYHACLSNLACLLLTPVNGCVKKKVFAAR,36,6.44,0.7385,0.4825,0.3775,0.2951,0.5,0.5755,5614
GEN_4074,NRCAKKPKAHACLSTLACLLLIILNGCLKAKVFAAR,36,6.8,0.731,0.5074,0.4959,0.4726,0.5,0.5755,5615
GEN_8546,THCAKKILAKHCMFYLSCVLLTYLNPCMKAKPKLIP,36,5.52,0.6601,0.4825,0.4167,0.5163,0.5,0.5754,5616
GEN_2252,THCAKKPLSKLHLHYLACVLLCYFNACLHAKAFAIP,36,3.7,0.7459,0.5408,0.4491,0.4457,0.5,0.5754,5617
GEN_1006,FHCAKKPLAKHCLHYIACVLVTYFNACLKAKVFLIP,36,4.98,0.757,0.532,0.4815,0.4378,0.5,0.5754,5618
GEN_4426,FRCWYKPKAHAELSTLACLLLIICNGKGKSFTRLPRPFGIGTICV,45,5.81,0.7275,0.6833,0.3778,0.722,0.4,0.5754,5619
GEN_1394,THCAKKAAAKHCLHYLACVFLFWFNALLYAKANAVP,36,3.62,0.7531,0.5147,0.5139,0.3835,0.6,0.5754,5620
GEN_0612,SHCAKKTAAKEILHYLACVLLTYFNSCLKASVFALF,36,2.6,0.7608,0.5427,0.4167,0.3152,0.6,0.5754,5621
GEN_7072,THCAKKPLAKRCLHYLACVLLTYMNGSVKTFSYLAR,36,5.54,0.699,0.5129,0.3194,0.3124,0.6,0.5754,5622
GEN_1989,FHCAKKTAKKHSLHYLACVLLTYLGSCLQRFTLEAP,36,3.99,0.7479,0.5373,0.3194,0.2394,0.6,0.5754,5623
GEN_8200,FHCAKKTAAKHSLFYLACVLLTYFNSSLKRTVFALF,36,4.91,0.6754,0.5668,0.4167,0.4883,0.7,0.5754,5624
GEN_5209,THCAKFPLAKHCWSYLACVLLTYFNACLHAKAFAAK,36,3.61,0.7193,0.4665,0.4491,0.3835,0.5,0.5753,5625
GEN_4580,WRCWYKPKAHACLSTLACLNVIILNPKGKKFDKLPK,36,6.81,0.7257,0.5146,0.4315,0.3643,0.6,0.5753,5626
GEN_6740,WRHWKKPKAHACLSTLACLQAIILNGKPKTYTKLPV,36,6.91,0.7035,0.4762,0.4372,0.2914,0.7,0.5753,5627
GEN_6616,TRCWFKPKAHACLSTLACLKAIILNGRGKTFTYLPKMFGVGDANR,45,6.45,0.7051,0.5299,0.3781,0.4514,0.5,0.5753,5628
GEN_2747,THCAKKPKAHACLSYMACILLIINNGCGKTFTKLPK,36,5.53,0.7419,0.5267,0.3194,0.3013,0.5,0.5753,5629
GEN_4872,SRLVKKPKAHACLNYLAFLLLIVLNACVKAFCFAAH,36,4.6,0.7226,0.5827,0.5463,0.6004,0.6,0.5753,5630
GEN_2149,THCAKKPLYKHCLHYLACVLLTYFNACLKTFTKLIP,36,4.61,0.7467,0.5524,0.3519,0.3655,0.5,0.5753,5631
GEN_4512,FMCWYKPKAHACLYTLACLNVIILNPKGKKFDKLPKSYGIGFGVR,45,6.81,0.7264,0.5833,0.425,0.5372,0.5,0.5753,5632
GEN_2627,THCAKKPLVKHCLHYIACVLVTYFNACLKAKVFAIF,36,4.61,0.743,0.5322,0.4491,0.4378,0.5,0.5753,5633
GEN_7456,HRCWKKPSKLALRNLRGINAKCFASWCGKVKVFAFV,36,8.81,0.6927,0.6391,0.5483,0.7658,0.6,0.5753,5634
GEN_6242,THCAKKAAAKHALHYLACVLLTYFNSCLNRKVFAIF,36,4.62,0.7093,0.5517,0.4167,0.4489,0.6,0.5752,5635
GEN_4329,THCAKKPKAHACLSTLACLLEIILNPCVKAKVFAAV,36,3.53,0.7284,0.5082,0.4815,0.4633,0.5,0.5752,5636
GEN_5974,WRCWEKAKAHACLSTLACLQFKVSALADYFQRLKKNYS,38,4.81,0.712,0.5791,0.3246,0.4633,0.5,0.5752,5637
GEN_5663,THCADKMAAKHSLHYLAFVLLTYFQSCLKAAVFQAY,36,1.64,0.7148,0.5101,0.4422,0.3257,0.7,0.5752,5638
GEN_1301,FECAKKPYAKHCLHYLASVLLTYFNACLKAKVFLIP,36,3.9,0.754,0.5052,0.4491,0.2999,0.6,0.5752,5639
GEN_8376,THCAKKLTAKHCLHYLACVLLTYFINCFQHFTLLAP,36,2.7,0.6686,0.5295,0.3843,0.5413,0.5,0.5752,5640
GEN_1404,CHCAKKAAAKHSLHYLACVLLTYFINCLKNFTSLIE,36,2.98,0.753,0.5577,0.3519,0.3585,0.5,0.5751,5641
GEN_4593,THCAKKAALKNCLHYLACVLLTYFNSCLNRKLFAIF,36,4.53,0.7256,0.5378,0.3843,0.4215,0.5,0.5751,5642
GEN_1614,THCAAKPHAHLALSYMACILLILNNGCIKTFFPLPK,36,2.63,0.7509,0.5163,0.4815,0.3575,0.6,0.5751,5643
GEN_7946,LFGSMSCVVKRLALCLGLAHCCGGQNRVYASC,32,2.8,0.6827,0.4926,0.2173,0.2126,0.6,0.5751,5644
GEN_0645,THCAKKILAKHCLHYLACVLLTYFNRCLKAKVFAIF,36,5.61,0.7605,0.6067,0.4167,0.4873,0.5,0.5751,5645
GEN_0999,THWAKRIAAKHCLHYLACVLLTYFNSCLKANLCALF,36,3.62,0.7571,0.5082,0.4167,0.331,0.5,0.5751,5646
GEN_3595,HHCAKKPLAPHCLHWLAAVVLTYFNACLKEFTKLAR,36,4.08,0.7354,0.6462,0.4491,0.5776,0.6,0.5751,5647
GEN_8437,EHCAKKIAAVHPHHYLACVLLTYFHACLKTTVFALF,36,2.24,0.6661,0.488,0.4491,0.4752,0.6,0.5751,5648
GEN_4362,FRCPYKPKYAACLYELACLQLIILNVKGKTFTKIPH,36,4.81,0.7281,0.4656,0.3843,0.2284,0.6,0.5751,5649
GEN_1669,NHCAAKPHAHLALSYMACILLILNNGCIKTFFPLPK,36,2.99,0.7505,0.5163,0.4815,0.3575,0.6,0.575,5650
GEN_3237,THCAAKPKAHACLSYMIAILLILDNGCIKTFTKLPK,36,3.54,0.7382,0.5814,0.4167,0.4298,0.6,0.575,5651
GEN_3366,TRCAKKPKAHACLCTLACLLLIIINETYKSWTKLPK,36,5.44,0.7373,0.5592,0.3519,0.3968,0.5,0.575,5652
GEN_4929,FHCAKKPLAKHRFHYAACVLVTYFSACLKAKLFALF,36,5.98,0.722,0.5094,0.4815,0.4125,0.6,0.575,5653
GEN_6913,THCAKKPLAKHCLSYLACVLLIINNPCVKAFTRLPR,36,5.53,0.7014,0.6779,0.4167,0.7431,0.5,0.575,5654
GEN_5496,WRCWKKPKAHACLSTLACLDAIILNGKGKTFTKLPKSFGIGDANR,45,6.81,0.7164,0.5934,0.3733,0.5238,0.5,0.575,5655
GEN_4898,THCAKKIAAKHCLHYLACVLLTYFLSCLKATVFALF,36,3.61,0.7223,0.4889,0.4491,0.4115,0.5,0.575,5656
GEN_1419,FHCAKKPLAKHCLHYLACVLFTYFNACLHAKAFAAD,36,3.07,0.7529,0.5061,0.4491,0.3689,0.5,0.5749,5657
GEN_3046,TRYHKKPHYHACLSTLACLLLTILNGCVKAKVFAPR,36,5.62,0.7398,0.4742,0.3519,0.1817,0.6,0.5749,5658
GEN_5284,LRYHRQTHFHECLSNLACLLLTPVNGCVKAIAFAAV,36,1.99,0.7184,0.5039,0.4172,0.3467,0.6,0.5749,5659
GEN_0830,THCAKKLVARHCLHYLACVLLTYFNACLKNFTKLIP,36,4.61,0.7586,0.57,0.3843,0.3969,0.5,0.5749,5660
GEN_6301,THCAKKPLAKHCLHYLACVLLTYFNACNHAKAFAIP,36,3.7,0.7087,0.4923,0.4167,0.4163,0.5,0.5749,5661
GEN_2531,TSCVFKILAKHCLHYLAYILLTYMRATLHAKAFLAP,36,3.63,0.7438,0.5287,0.4815,0.3267,0.7,0.5749,5662
GEN_8093,TVCAKFIAAKHSLHYLACVLLTYFNSCLKATVFQAD,36,1.54,0.6785,0.5082,0.4487,0.4784,0.6,0.5749,5663
GEN_4589,EHCADRIAAKHCLHYLACVLETYFYSCLKAKVFAIF,36,1.06,0.7256,0.4741,0.4503,0.3802,0.5,0.5749,5664
GEN_2806,TRCAKKPKAHACLSTLACASLRILNTHLKAMVFAAW,36,5.54,0.7415,0.6013,0.4491,0.4873,0.6,0.5749,5665
GEN_4510,TVCAKKFLAHACLSYLACVLLTYFNACLHAHAFAAK,36,2.62,0.7265,0.4521,0.4815,0.3722,0.5,0.5749,5666
GEN_0698,LHCAKEILAKHCLHYLACVLLTYFNLCLKSKAFYIP,36,2.98,0.76,0.4694,0.4167,0.2583,0.5,0.5749,5667
GEN_4881,THCAKKILAKHCLHYLACVLLTYFNACLKTYTSLCP,36,3.6,0.7224,0.4412,0.3194,0.2679,0.4,0.5748,5668
GEN_3458,THCAKKPLQKHCLHYLACVLLTYFNACLHKKAFEAD,36,2.71,0.7364,0.4441,0.3194,0.1734,0.5,0.5748,5669
GEN_5189,THCAKKIAARHCLHYLACVLRTYFNAMLKTFTPLIP,36,4.63,0.7195,0.5532,0.4167,0.425,0.6,0.5748,5670
GEN_5417,TRTWQKPVAHACLPDLAHLLLIILNACVKAKVFASK,36,3.55,0.7172,0.5981,0.5139,0.535,0.7,0.5747,5671
GEN_1030,THCAKLIAVKHELHYLACVLLTYFNACLRAKAFAIY,36,2.63,0.7568,0.5427,0.4491,0.3527,0.6,0.5747,5672
GEN_4016,SRCAKKPKAHACLSTLACLLLIILNGCVKAKVFAPR,36,6.5,0.7317,0.5018,0.4784,0.4386,0.5,0.5747,5673
GEN_4091,WRLWYKPKKHACFSTLACLLLIILNVKGKTFTKIPK,36,7.82,0.7308,0.5599,0.5228,0.4491,0.7,0.5747,5674
GEN_4449,TRCAKKAKAHACLCDLAALLLIILNETRQTFTFLPK,36,3.46,0.7272,0.5106,0.4167,0.3353,0.6,0.5747,5675
GEN_5961,WTCWKKPKAHACLSTLACLQAIILNGKGKTFTKLPKSFGIGTGNR,45,7.81,0.7121,0.5823,0.4056,0.5458,0.5,0.5747,5676
GEN_4564,WRCWYKPKAHACLSTLACLLLIILNGQGKTFTKLPKSFGIGTGMR,45,6.81,0.7258,0.6045,0.3992,0.5448,0.5,0.5747,5677
GEN_6291,FRCWFKPKAAACFSTLACLLLIILNGQGKTFTKLAL,36,4.73,0.7088,0.547,0.4815,0.504,0.6,0.5747,5678
GEN_5014,TRCAKKPKAHACLSYLACLQHIINNGKAKTFTHNKN,36,6.62,0.7211,0.4113,0.3363,0.1039,0.6,0.5747,5679
GEN_6461,THCCKKPLAKHCLHRLACVLLTYWNACLKTFTKLIP,36,5.6,0.7071,0.5473,0.3519,0.5112,0.4,0.5746,5680
GEN_1447,THCAKKILAKHCLHYLACVLVTWFNACLKAKVFAIW,36,4.61,0.7527,0.5164,0.4815,0.4164,0.5,0.5746,5681
GEN_4465,TRYHKKHHAKACLSNPACLWLTIANGCVKAKVFAAP,36,5.62,0.727,0.4548,0.3843,0.2097,0.6,0.5746,5682
GEN_4675,THCAKKAAAKNCLHYLACVLLTYFNSCLNATVFALF,36,2.53,0.7246,0.4835,0.4167,0.3626,0.5,0.5746,5683
GEN_4174,TVCAKKIAAKHCLHYLACVLLTYFIACLKFYTTNFP,36,3.53,0.7301,0.4694,0.4167,0.3259,0.5,0.5746,5684
GEN_7476,TIYHKKPKYHACLSNLACLVLTPVNGCLKAKVFAAH,36,4.62,0.6923,0.4632,0.3843,0.3047,0.6,0.5746,5685
GEN_3492,LHCAKKIAAKHSLHYLACVLLVYFIACLKTFTSLAP,36,3.99,0.7362,0.4966,0.4815,0.3555,0.6,0.5746,5686
GEN_3513,THCAKKILAKHCLHYLACVLLNFSNACKKEETSLVP,36,2.62,0.736,0.4693,0.3194,0.2148,0.5,0.5746,5687
GEN_4455,THCAAKPFASACLSYGACVLLNYLNWDVKAKVFAPP,36,1.45,0.7271,0.4831,0.5199,0.4926,0.45,0.5746,5688
GEN_6306,FRCWYKPKVAAALSTLACLTLIILNVVKKTFTKIPH,36,5.82,0.7087,0.6288,0.4815,0.5722,0.7,0.5745,5689
GEN_2234,EHCAKKILAKHCAHYLACVLLTYFFACLKTLDHLPK,36,3.14,0.746,0.5326,0.3843,0.3609,0.5,0.5745,5690
GEN_4020,TRCAKKPKARVALCTLACLALIILNETYKTFTFLPK,36,5.37,0.7316,0.5276,0.4167,0.3526,0.6,0.5745,5691
GEN_2567,THCARKPKAHACLCTLACALLIILNQTYKTFTFLPK,36,4.53,0.7434,0.4654,0.3843,0.2557,0.5,0.5745,5692
GEN_8590,THCRHKPLKHACLSYLACVLLTYFNVCVHAKVFAVP,36,3.7,0.6575,0.4292,0.4167,0.428,0.5,0.5745,5693
GEN_3254,THCAAKPKAHAALSYMACILLILLNETYKPFTFLPK,36,2.55,0.7381,0.5076,0.4815,0.302,0.7,0.5745,5694
GEN_5680,THLVIKYKAIACLSFLACLILIYNNACLKAKIFTAH,36,3.54,0.7145,0.4162,0.4815,0.2712,0.6,0.5745,5695
GEN_1236,THCAKKIAAKHCLHYLACVLLTYFNACLKTFTKLID,36,3.62,0.7545,0.5623,0.3519,0.3588,0.5,0.5745,5696
GEN_4871,WRCWYKSNKHACFSTLACLLLIILNGKGKTFTRLPR,36,6.81,0.7226,0.5329,0.3668,0.3322,0.6,0.5745,5697
GEN_4583,WRCWIKPKAHACISTSACLWILILNETLKLKVFAAV,36,3.82,0.7257,0.4965,0.5139,0.4113,0.6,0.5745,5698
GEN_1938,FHCAKAALARHCLHYLAHLLLTYFNACWKDFTKLIP,36,3.08,0.7483,0.5916,0.4491,0.4525,0.6,0.5745,5699
GEN_2170,RHCAKKLNAKHCLHYLACVPLTYFNACLNAKAWAIP,36,4.98,0.7466,0.4602,0.4167,0.2711,0.5,0.5744,5700
GEN_4554,TRCWQKPKAHACLPTLAHLLLIILNACVKAKVFAAK,36,5.54,0.7259,0.515,0.5139,0.4413,0.6,0.5744,5701
GEN_1288,THCAKKPLAKHCLHYLACVLLTYFNACLKTFTPLIP,36,3.61,0.7541,0.5096,0.4167,0.336,0.5,0.5744,5702
GEN_1842,TRKAARPKAHACLSYTACILLLLNNGCIKTFPKLPK,36,6.45,0.7491,0.5646,0.4105,0.3662,0.6,0.5744,5703
GEN_5221,FRCWYKPKAAACLSTLACLQAIILNGKGKTFTKAAV,36,5.72,0.7191,0.4801,0.4167,0.3013,0.6,0.5744,5704
GEN_1957,THCAKKLVAKHCLHYLACVLLTYFISCLKAGVFLAP,36,3.61,0.7481,0.487,0.4491,0.3447,0.5,0.5744,5705
GEN_1571,THCAAKPHAHACLSYLACTLLTYFNACLKTFTSVKP,36,2.62,0.7513,0.4944,0.3519,0.2523,0.5,0.5744,5706
GEN_6169,THCAKYILAKHCLHLLACVYLTYFRACRHAKAFAAD,36,3.71,0.71,0.5391,0.3843,0.4545,0.5,0.5743,5707
GEN_6930,THAAKKKKAHACLCHLACLLIIILNETYKPTTFEPK,36,3.63,0.7011,0.4367,0.3519,0.2055,0.6,0.5743,5708
GEN_0450,THCMKKAAAKHCLHYLACILLTYFNTCLNRKVFAIF,36,4.61,0.7627,0.5312,0.3843,0.3185,0.5,0.5743,5709
GEN_0729,TGCAKKAAAKNCLHYLACVLLTYFNSCLNRAVFAIF,36,3.44,0.7597,0.5517,0.4167,0.392,0.5,0.5743,5710
GEN_8652,THCAAHPHAHACLSYLACVFLTYLNGCVDAKVFAVP,36,-0.29,0.6532,0.4682,0.6097,0.6948,0.5,0.5743,5711
GEN_6029,LHCGKKIAAKHCLFCLACVLLTYFINCLKDFTSLLP,36,2.88,0.7114,0.5744,0.4167,0.6092,0.4,0.5743,5712
GEN_0728,THCAKKLVAKHCLHYLACVLLTWFNACLKTFTSAAP,36,3.62,0.7597,0.5057,0.4167,0.3146,0.5,0.5742,5713
GEN_6660,THCARKAAFKNCLFYLVCVVLAYFNTCLNRWVFAIF,36,3.44,0.7045,0.5485,0.4815,0.58,0.5,0.5742,5714
GEN_1575,LHCAKKIAAKHSLHYLACWLLTYFHACLKAKVFAMF,36,5.07,0.7513,0.4966,0.4815,0.3173,0.6,0.5742,5715
GEN_8068,DHCAKKSLAKHCHHYLACVLLTYFNLCLCNFTKLVP,36,3.05,0.6793,0.4832,0.3194,0.4342,0.4,0.5742,5716
GEN_3546,WRLWYKPKAHACLSTLACLLLIILNPCVKAKVFAAR,36,5.81,0.7357,0.5143,0.5463,0.448,0.6,0.5742,5717
GEN_7871,FRCWYKPKAAACCTTLAWLEAIIENGKGKTFRACNTI,37,3.72,0.6848,0.4498,0.3378,0.3505,0.45,0.5741,5718
GEN_1487,TRCAKKPLAKHCLHYLACVLVTYFNACLKAKVFAIF,36,5.53,0.7523,0.5439,0.4491,0.4278,0.5,0.5741,5719
GEN_0690,THCAKKAAAKNQLHYLACVLLTYFGSCLQRFTLDAP,36,2.54,0.7601,0.5558,0.3519,0.2656,0.6,0.5741,5720
GEN_3144,SRLVKKPKAHACLNYLAFLLLIVLNACVKAKMFAAH,36,5.61,0.739,0.5827,0.5463,0.4872,0.7,0.5741,5721
GEN_3385,FRCWYKPKAAACLYTLACLQLIILNVKGKTFTKIPK,36,6.72,0.7371,0.4795,0.4588,0.2985,0.6,0.5741,5722
GEN_6349,THCAKKPLAKACLSPNACVLLTYLNGIVKAKKFAVP,36,5.45,0.7083,0.5421,0.4491,0.4605,0.6,0.5741,5723
GEN_8409,LHCAHKIAAKHSWPYLACVLLTYFNSCLKATVYALF,36,2.99,0.6674,0.5221,0.4491,0.5222,0.6,0.574,5724
GEN_7557,THCAKKPHNHACVSTLAFLLLIILNGCVKAFTRLPR,36,4.63,0.691,0.6675,0.4167,0.6768,0.6,0.574,5725
GEN_7076,LHTAKKIAAKHSLHRLACVLLTYFIACLRTFTSLLP,36,5.0,0.699,0.5403,0.4491,0.4117,0.7,0.574,5726
GEN_5354,THCAKKLVAKWSLHYLACVLLTYFVCCLDAKVFLAP,36,2.53,0.7179,0.5349,0.4815,0.5247,0.5,0.574,5727
GEN_6147,TRYHKKPKYHACLSTPACLRLTILNGSVKAKVFALP,36,6.55,0.7101,0.4367,0.3837,0.1482,0.7,0.574,5728
GEN_7811,PHCAAKTRWHANLSYLLCFLLHFFMACVKAKEFAAK,36,4.19,0.6863,0.5003,0.4815,0.4741,0.6,0.574,5729
GEN_1704,TVCAAKPHAHLALSYMACILLTYFNACLHAKAFAAK,36,2.63,0.7502,0.466,0.5139,0.2998,0.6,0.574,5730
GEN_7238,FHCARKPLAKHCLHYLLCVLLTYFNACLKTFTSLIP,36,3.98,0.6965,0.5222,0.4167,0.4886,0.5,0.574,5731
GEN_5923,THSAKKILAHHCLHYLACVLLTYFNACLGTYDKLPE,36,0.72,0.7124,0.4068,0.409,0.1843,0.6,0.5739,5732
GEN_8579,THCAAKPHLHLALSYMACILLIGNTGCIHTFFKLPR,36,2.71,0.6581,0.5517,0.4167,0.5597,0.6,0.5739,5733
GEN_8505,THCPKKAAAKNNLHYYACVLLTYFNSCVNRKNFLIP,36,4.54,0.6627,0.51,0.3194,0.3827,0.6,0.5739,5734
GEN_8029,NPWGSRCAGPISLARILSTTFHVAGPLIALNRRSGKISF,39,4.84,0.6805,0.5544,0.4017,0.4969,0.6,0.5739,5735
GEN_7544,THCLHKILAKHHLHYLACVLLTYFNAGLHAKAFAVP,36,2.9,0.6912,0.4905,0.4491,0.3461,0.7,0.5739,5736
GEN_4476,TRYHKKPHYHACLSTLACLLLTIVNGCVKAKMFAAH,36,4.71,0.7269,0.4742,0.3519,0.2056,0.6,0.5739,5737
GEN_5263,LWCACKIAARHRLHYTACVLLTYFIVALDTFTSLAG,36,1.9,0.7187,0.5144,0.4559,0.3956,0.6,0.5739,5738
GEN_0903,TVCAKKIAAKHCLHYLACVLLTYFIACLETFTNLIP,36,1.53,0.758,0.4936,0.4819,0.362,0.5,0.5739,5739
GEN_0816,THCAKKPVAKHCLHYLACVLLTWFNACLKNFTKLIP,36,4.61,0.7587,0.5839,0.4167,0.4458,0.5,0.5739,5740
GEN_2592,TRCAKKPNKHACFSTLACHLLIILNGCLKYKVSAAR,36,6.53,0.7432,0.5639,0.3502,0.3815,0.5,0.5739,5741
GEN_1355,THCAKRILAKHCLHYLACVLLTYFNACVHAKAWAGD,36,2.71,0.7535,0.4959,0.3843,0.2784,0.5,0.5739,5742
GEN_6735,THCAKKAAAKHCLHYLACVLVVYFGSCLNRKVDAIF,36,3.62,0.7037,0.5354,0.3843,0.4604,0.5,0.5739,5743
GEN_6537,NHCAKKPKAHACLSYLACLLLTPVNGCVKAFTFLPK,36,4.89,0.7061,0.4876,0.4167,0.407,0.5,0.5738,5744
GEN_4816,WRCWYKPKAHACLSTLACLALIILNGQGKTFTKLPKSFGIGTGMR,45,6.81,0.7231,0.6045,0.3992,0.5448,0.5,0.5738,5745
GEN_7631,TKCAKKPNAKHCLHYLWCVLLTQFNACLKTFTKLIP,36,5.53,0.6899,0.5524,0.3519,0.4882,0.5,0.5738,5746
GEN_3447,TRYRKAPHNHACLSTLACLCLTILNGTVKAWTRLPR,36,5.54,0.7364,0.5908,0.3194,0.3448,0.6,0.5738,5747
GEN_2858,TRHAARQHAHACLSYTACILLLLNNGCIKTFPKLPK,36,4.63,0.7411,0.5507,0.3519,0.2993,0.6,0.5738,5748
GEN_1495,LHCAKKAKAKNCLHYMAMVLLTYFNSCLKATVFALF,36,4.9,0.7522,0.5221,0.4491,0.323,0.6,0.5738,5749
GEN_2730,TRYAKKPKAYACLSYLACLYLTPVNPCVKAKGFPAK,36,6.36,0.742,0.4779,0.4052,0.2287,0.6,0.5738,5750
GEN_3916,TRCAKKPKAHACLSTLACLLLIILNETLKRKVFRAH,36,6.54,0.7328,0.5633,0.4158,0.4036,0.6,0.5738,5751
GEN_7783,THCAKWALAKHCLHYLACVLLTYFNIPLHNFTKLIP,36,2.71,0.6868,0.5078,0.4491,0.4517,0.6,0.5738,5752
GEN_3965,TRCAKKPNKHACFSTLACLVLIILNVKGKTFTKIPK,36,7.45,0.7323,0.5778,0.4364,0.4491,0.6,0.5738,5753
GEN_3184,THCAAKPKAHAALSYMACILLIILNETYKTFTKLPK,36,3.55,0.7385,0.592,0.4167,0.3722,0.7,0.5738,5754
GEN_5182,WRCWYKPKAHACLSTLACLQAIILNGKGKTFTKLPKSFGIGNGNR,45,7.81,0.7195,0.5823,0.4056,0.5222,0.5,0.5737,5755
GEN_5273,THCAKKAAKKCCLHYLACVLLTYFINCLKAKVFAIF,36,5.52,0.7186,0.5421,0.4167,0.5347,0.4,0.5737,5756
GEN_5776,FRCWFRPKAAACYTTLAVLQFIIANGKARTFTKLPKSFGIGTGNR,45,7.74,0.7138,0.6685,0.479,0.6859,0.6,0.5737,5757
GEN_1782,TRCAKKPKAHACLCTLACLLLIILNETYKTCAFAAK,36,4.43,0.7496,0.4733,0.3843,0.3152,0.4,0.5737,5758
GEN_8182,TVCAKKIAAKHCLWYLACVLLTYFINCLHMFTSLIP,36,2.53,0.6758,0.5138,0.4815,0.5856,0.5,0.5737,5759
GEN_3425,TRYHHKPHYHACLSTLACLLLTILNGCVKAKVFAPR,36,4.71,0.7366,0.4742,0.3519,0.1817,0.6,0.5737,5760
GEN_7356,THCAKTIAAKHCLHYLACVLLTYFINCLKTFTSLIP,36,2.62,0.6947,0.5306,0.3843,0.4724,0.5,0.5737,5761
GEN_3747,THCAKKAPAKNCLHYLACVLLTYFINCLKNFTSNAP,36,3.53,0.7341,0.542,0.3519,0.3668,0.5,0.5737,5762
GEN_4985,TVCAKKIAAKHCLHYLACVLLTYFNSCLNCKVFAIF,36,3.52,0.7214,0.4781,0.4167,0.4215,0.4,0.5737,5763
GEN_4252,NHCAKRGLAKNSLHYLACVLLTYFGSELQRFTLLAP,36,2.91,0.7292,0.5564,0.3519,0.2689,0.7,0.5737,5764
GEN_7793,TRAIAKPKINFCLCTLACLLLFPLNETYKGFTQLPK,36,3.37,0.6866,0.5618,0.4167,0.5087,0.6,0.5737,5765
GEN_7030,KPLCVPSALKGSKRCVLVVALNCGGKIGTCRKKAPKCL,38,8.7,0.6996,0.5355,0.4823,0.7006,0.3,0.5737,5766
GEN_5972,LHCGKKIAAKHSLRYPACVWLIYFHACAKTCTTALF,36,4.98,0.712,0.483,0.3843,0.352,0.5,0.5736,5767
GEN_0207,THCAKKIAAKHCLHYLACVLLQYFIACLKNFNSLIF,36,3.61,0.7665,0.531,0.4167,0.3373,0.5,0.5736,5768
GEN_8033,THCAKHAAAKHCGHYLACVLLTYFNSCLNRKVFATF,36,3.7,0.6802,0.51,0.3194,0.4061,0.5,0.5736,5769
GEN_4258,LRYHRKTKYHAWLNNLACLLLTPVQACVKAIVFAAA,36,4.91,0.7291,0.5192,0.4815,0.336,0.7,0.5736,5770
GEN_2777,THCAKKPLAKRCLHYLACVLLTYFNMCLHAKAFATD,36,3.62,0.7417,0.5407,0.3843,0.3788,0.5,0.5736,5771
GEN_6753,THCALKEYLKHCLHYLACVLLTYFNSCLKATVFALF,36,1.62,0.7033,0.5084,0.4111,0.441,0.5,0.5736,5772
GEN_5375,THCAKKAAAKNCLHYLACVLLTYFGSCLKIFTSLAP,36,3.53,0.7177,0.4928,0.3843,0.3547,0.5,0.5736,5773
GEN_5044,FHCAKKPLGKHCKHYVACVLLTYFNACYHAKAFPAD,36,4.07,0.7208,0.5169,0.3519,0.3555,0.5,0.5736,5774
GEN_4814,TRYHKKPPYHACLSTLACLLLIILNETLKAKVFRAH,36,4.64,0.7232,0.4746,0.3843,0.2787,0.55,0.5736,5775
GEN_6181,THCAYKPKWHACLSYLACLLLTCLNGCVKAKVFAPR,36,4.52,0.7099,0.4656,0.3843,0.3938,0.4,0.5735,5776
GEN_5441,RRCWYKPKAAACYTTLGCLQALVHNEKGKTFRACNTI,37,5.8,0.717,0.4008,0.3,0.1513,0.45,0.5735,5777
GEN_4717,TRSAKKPKAHDCLSTLACLLRIILNGCVKAFTRAAV,36,5.45,0.7242,0.5992,0.3843,0.4499,0.6,0.5735,5778
GEN_7586,FRCWYKPKAAACLSTLACLQLIILQVSKG,29,3.73,0.6904,0.4785,0.2568,0.0,0.9,0.5735,5779
GEN_1905,THCAKHIVAHACLMYLACVLLTLLNGCVKAKVFAIP,36,2.62,0.7486,0.5365,0.5139,0.4847,0.5,0.5735,5780
GEN_7764,IWTLPVPLCNAPTACALLKILHSRGSIFYVDVAK,34,1.83,0.6872,0.5129,0.5018,0.3766,0.8,0.5735,5781
GEN_2877,THCAKKIAAKHCLHYLACVLVTYFNACLKAKVFLAP,36,4.61,0.741,0.4926,0.4491,0.3642,0.5,0.5735,5782
GEN_0440,FHCAKKPLAKHCLHYLACVLLTYFNACLKDFTKLIP,36,3.98,0.7629,0.5849,0.4167,0.4345,0.5,0.5735,5783
GEN_0754,THCAKKHVAKHCLHYLACVLLTRFNACLHAKAFAIP,36,4.79,0.7595,0.5133,0.4167,0.3232,0.5,0.5735,5784
GEN_2049,TNCAWRILAKHCLHYLAVVLLTYFNACLGAKEFAIP,36,1.54,0.7474,0.5689,0.5136,0.4744,0.6,0.5735,5785
GEN_4918,FRCWYKPKAAANLSTLACLQAIWLNGKGKTFTKIPKNFSSWTPSR,45,7.73,0.7221,0.6244,0.453,0.5654,0.6,0.5735,5786
GEN_4591,TRCIKKPKAHACLSTLACLQLIILNETLKAKVFAAV,36,4.45,0.7256,0.5346,0.4491,0.4036,0.6,0.5735,5787
GEN_7246,THCAKKIAAKHCLHYLVMVLLTYFIACLKTFTSLAP,36,3.62,0.6964,0.4851,0.4491,0.3888,0.6,0.5734,5788
GEN_5007,TRCWKKDKAHACLSSLACLLLIILNGQGKTFTKVPKSRGIGTPSR,45,7.45,0.7212,0.4729,0.3846,0.3124,0.5,0.5734,5789
GEN_2560,THCAKKPDAHACLSYLACLLLIILNETLKTFTKLPK,36,2.54,0.7434,0.5988,0.3843,0.4038,0.6,0.5734,5790
GEN_3135,TRYAKKPHNHAPLSTLACLLLTPVNGCVKAKVFPAV,36,4.55,0.739,0.5898,0.4491,0.3973,0.7,0.5734,5791
GEN_5499,TRCWHKPKAHAILSGSACLLLFILNGCLKAKVFAAV,36,4.54,0.7164,0.4877,0.4815,0.3785,0.6,0.5734,5792
GEN_0720,ARCAKKPLIKHCLHYIACVLVTYFNACLKAKVFAIF,36,5.92,0.7598,0.5556,0.4815,0.4573,0.5,0.5734,5793
GEN_5409,HRCWKKPKAHAELSTLACLLLIINNGKGKTFTKLPRPFGIGTQSR,45,7.91,0.7173,0.625,0.4115,0.5358,0.6,0.5734,5794
GEN_5277,TRCWKKPKKHACFSTLACLLLIILNGQGKTFTKLPKSFGIGTGMR,45,8.45,0.7185,0.5913,0.4428,0.5747,0.5,0.5734,5795
GEN_0703,LHCARKIAARHSLHYLACSLLTYFIACLKTFTSLAP,36,3.99,0.76,0.5024,0.4167,0.2363,0.6,0.5733,5796
GEN_6226,THCAKKILAKHCLHYLACVLLTYFIACEKTFTSLIP,36,2.62,0.7095,0.4555,0.3843,0.3098,0.5,0.5733,5797
GEN_5178,FRHWYDPKIAAALRTKACLQLIILNVSKKHFTKIPK,36,6.92,0.7195,0.5386,0.4703,0.378,0.7,0.5733,5798
GEN_8224,SRYHHHPHYHACLSTLACLLLTILNGYVKAKVFAAH,36,2.96,0.6746,0.4728,0.3519,0.2544,0.7,0.5733,5799
GEN_2412,THCAKEPLGKVCLRHLAFVLLTYFNACLKANAFEIP,36,1.54,0.7447,0.5545,0.481,0.4231,0.6,0.5733,5800
GEN_3048,THCARKPKAHACLCTLACALLIILNQTVKAKVFALP,36,4.53,0.7398,0.4821,0.4815,0.3808,0.5,0.5733,5801
GEN_2122,TKCAKKPLAKHCLHYLACVDLSYLQACLKYFTKLIP,36,4.53,0.7468,0.5501,0.3519,0.3473,0.5,0.5732,5802
GEN_5622,THCAKKAAAKHCLHYLACVLLTYFIACLKFYTTNFP,36,3.61,0.7151,0.4555,0.3843,0.2965,0.5,0.5732,5803
GEN_6692,THCAKNPKAHACLSYLACLLLIINNPCVKAETRLPR,36,3.53,0.7042,0.569,0.3843,0.5107,0.5,0.5732,5804
GEN_1821,LHCAKKIAARHSLHYLACVALTYFIACDKTFTSLAP,36,2.99,0.7493,0.5035,0.4167,0.2624,0.6,0.5732,5805
GEN_0717,VHCAKKIAAKHSLHYFACVLLTYFIACLKFYLTNIP,36,3.96,0.7598,0.4828,0.4491,0.2354,0.6,0.5732,5806
GEN_1335,THCAKKAAAKHCLHYLACVLLTYFNSCLSRKVFAIF,36,4.61,0.7536,0.5206,0.3843,0.3152,0.5,0.5732,5807
GEN_0978,THCAKKILAKHCLHYLACVLVSYFNACLKAKVFAIF,36,4.61,0.7573,0.4992,0.4491,0.3348,0.5,0.5731,5808
GEN_7189,THCAKKPLAYHCLHYLACVLITYFNACLHAKAFLTD,36,1.71,0.6972,0.4188,0.4049,0.2965,0.5,0.5731,5809
GEN_2437,LHCAKKIVAKHSLHYLACVLVMYKIACLKTFHSLAP,36,5.07,0.7445,0.5039,0.4491,0.306,0.6,0.5731,5810
GEN_4773,LHCAKKIAAKHCLHPLACVLLTYFIACLKTFTNLAP,36,3.98,0.7237,0.5182,0.4815,0.4772,0.5,0.5731,5811
GEN_3676,SHCAAKPKAHACLSYMAAILLILNNGCIKTFTKLAK,36,4.6,0.7346,0.5983,0.4167,0.4538,0.6,0.5731,5812
GEN_5737,TVCAKKIAAKHCLRYLACVLFIYFIWCVKTWSLLVP,36,4.44,0.7141,0.6161,0.5139,0.6955,0.5,0.5731,5813
GEN_2892,NHCAWKAAAKHCDHYLACVLLTAFITCLNRKVFAIF,36,2.98,0.7409,0.5731,0.4491,0.4952,0.5,0.573,5814
GEN_3052,FRCWYKPKNHACLSTLACLKLIILNGCNKTFSKLAV,36,5.8,0.7398,0.5321,0.3519,0.3322,0.5,0.573,5815
GEN_3988,THCAKKAAAKHCLHYLACVLLTYFNSCLNRKVFFIP,36,4.61,0.7321,0.5378,0.3843,0.392,0.5,0.573,5816
GEN_6725,NHCAKKPLAKGCLHYLACVLLTYFNACLHAHASAIP,36,3.06,0.7038,0.4882,0.4167,0.4083,0.5,0.573,5817
GEN_3784,TRCWKKPNKHACFSTLACLLLIILNGQGKTFTKVAV,36,5.45,0.7338,0.5861,0.3519,0.3696,0.6,0.573,5818
GEN_3453,TRCAKKPNKHACFGNLACMLLIILNGQAKTFTKLAL,36,5.45,0.7364,0.5916,0.3843,0.4055,0.6,0.573,5819
GEN_5889,THCAKKPLAKHCLHYLPCSLLTYFNACLKTFTKLPK,36,5.61,0.7127,0.5385,0.3194,0.3743,0.5,0.573,5820
GEN_3588,TVCAKKIAAKHCLRYLACVALTYFIACLKTWTSLAP,36,4.44,0.7354,0.5809,0.4491,0.5215,0.5,0.573,5821
GEN_4098,FRCWYKPKAAACLSTLACLLLIILNGQGKTFTKLAV,36,4.73,0.7308,0.5331,0.4491,0.385,0.6,0.5729,5822
GEN_0928,FHCAKKPLAKHCLHYLACVVLTYFNACLKTFTKAAD,36,3.98,0.7577,0.552,0.3843,0.3555,0.5,0.5729,5823
GEN_1243,TSCAKKILAKHCLHYLACVLLAYFNACLKTSTSLIP,36,3.53,0.7545,0.4555,0.3843,0.2021,0.5,0.5729,5824
GEN_1017,FHCAKKPLAKHSLHYLACVLLTYFNACLKTFDKAPK,36,4.99,0.7569,0.5652,0.3843,0.3126,0.6,0.5729,5825
GEN_1979,THCAKKAAAKNCLHYLACAYLTYFGMCLQKFTLLAP,36,3.53,0.7479,0.4867,0.3843,0.2695,0.5,0.5729,5826
GEN_2295,THCAAKPKAHACLSYMACILLTYLNGCVKAKVFAVP,36,3.53,0.7455,0.493,0.4491,0.3508,0.5,0.5729,5827
GEN_6161,THCAKKPLAKHCLHPLACVLLTYFNACLKTFTSAAP,36,3.62,0.7101,0.5057,0.4167,0.4217,0.5,0.5729,5828
GEN_2721,SRYRKKPHYHGCLTTPACLLLTIANACLKAKVFAVP,36,5.6,0.7421,0.4665,0.3843,0.1827,0.6,0.5729,5829
GEN_4609,FRCWYKPKAAACLSTLACLQAIILNGKGKTFTKIPKSFGIGNGNR,45,7.72,0.7254,0.604,0.4265,0.5601,0.5,0.5729,5830
GEN_2400,FHCAKKPLAKHCLHYLAQVLLTYFNACLKTFTKMIP,36,4.98,0.7447,0.5664,0.4167,0.3754,0.6,0.5728,5831
GEN_2396,THCAKKAAAKHCLHYLACVLLTYFNSCLKAKVFIAP,36,4.61,0.7448,0.5082,0.4167,0.3447,0.5,0.5728,5832
GEN_8002,LHCNKKIAAHHSLHYLACVLLTYFNSCLKATVFVLF,36,3.07,0.6814,0.5082,0.4167,0.4257,0.6,0.5728,5833
GEN_3541,THCAAKPKAHAALSYMACILLFILNETYKTFTKLPK,36,3.55,0.7358,0.592,0.4167,0.3722,0.7,0.5728,5834
GEN_3855,TRCWKKPNKHACFSTLACLLLIILNGQGKTFTKLAV,36,5.45,0.7332,0.5861,0.3519,0.3696,0.6,0.5728,5835
GEN_4528,TRCAKKPKAKANLSTLACLLLIILNGCVKAFTRLPR,36,7.36,0.7262,0.6675,0.4962,0.666,0.6,0.5728,5836
GEN_0109,THCLKKAAAKNTLHYLACVLLSYFGSCLQKFTLLAP,36,3.54,0.7689,0.5337,0.3843,0.2315,0.6,0.5728,5837
GEN_1081,THCAKKIAAKHCLHYLACVLLTYFIACLKTFTSLLP,36,3.61,0.7562,0.4751,0.4167,0.2624,0.5,0.5728,5838
GEN_1359,AHCAKKIAAKHCLHYLACVLLTYFIACLKNFMNLEP,36,3.01,0.7534,0.5263,0.4491,0.3869,0.5,0.5728,5839
GEN_7043,FHCAHKPLAKHPLHYLACVKLTYFNACLHAKAFAAD,36,3.16,0.6994,0.5181,0.4491,0.4325,0.6,0.5728,5840
GEN_0675,THCAKKILAKHCLHYLACVLLTYFNACLKAKAFAIP,36,4.61,0.7602,0.4926,0.4491,0.3153,0.5,0.5728,5841
GEN_0821,THCAKKMAAKHCLHYLACVLLTYFINCLKTFTSLIP,36,3.61,0.7587,0.5306,0.3843,0.3164,0.5,0.5727,5842
GEN_0211,TSCVFKILAKHCLHYLACILLTYMRATLHAKAFAAD,36,2.63,0.7663,0.5148,0.4491,0.2705,0.6,0.5727,5843
GEN_1395,TCCAKKAAAKHRHHYLACVLLTYFNSCLKRTVFAIG,36,5.61,0.7531,0.5332,0.3194,0.2689,0.5,0.5727,5844
GEN_5267,GHCAGKIAAKHCLHYLACVLLTYFIACLKTFTSLIP,36,2.98,0.7186,0.4865,0.4167,0.3688,0.5,0.5727,5845
GEN_0433,THCAKKPLAKHCLHYLACVLLTYFNACLKTFTKLIP,36,4.61,0.763,0.5663,0.3843,0.3655,0.5,0.5727,5846
GEN_0545,THCAKKPLAKHVLHYLACVLLTYFNACLKTFTILIP,36,3.62,0.7615,0.5476,0.4491,0.336,0.6,0.5727,5847
GEN_8052,RRYHRKTRYHHCLSNLACLVLTPVNGCVKAIVFAAV,36,5.99,0.6797,0.5363,0.3519,0.4109,0.6,0.5727,5848
GEN_4103,DRCWKKPKAHACLSTLACALLTYYNACVHALVFALK,36,3.89,0.7307,0.502,0.4167,0.3663,0.5,0.5727,5849
GEN_2520,THCAKKPLAKHCLHYIACVLANYFNACLKAKTSLAP,36,4.61,0.7439,0.5015,0.3843,0.302,0.5,0.5727,5850
GEN_1501,THCAKKQAAHHCLHYLACITLTYFIACLKTFTSLAP,36,2.7,0.7521,0.4434,0.3519,0.1542,0.5,0.5727,5851
GEN_4947,THCAKKPLAHACLWYLACVLLTYFNACVHAKVFAAK,36,3.61,0.7217,0.476,0.4815,0.4092,0.5,0.5727,5852
GEN_3034,TRYHKKAHYHACLSTPACILLSILNGCVDAKVFGAP,36,2.63,0.7399,0.4723,0.3519,0.1636,0.6,0.5726,5853
GEN_1199,THCLKKAAARNCLHYLACVLLDYFANCLKAKAFAIP,36,3.53,0.7549,0.5638,0.4491,0.445,0.5,0.5726,5854
GEN_1379,CHCARKPLAKHCLHYLACVLLTYFNACLHAKAFKAD,36,4.06,0.7532,0.4784,0.3843,0.3078,0.4,0.5726,5855
GEN_7565,THCAKKIAAKKCLHYLACVLLTYFNACQHADAFAIP,36,2.62,0.6908,0.512,0.4167,0.4752,0.5,0.5726,5856
GEN_1133,THCAKKIAARHCLHWLACVLLTYFNACLKTFTSALP,36,3.62,0.7556,0.5064,0.4167,0.3153,0.5,0.5726,5857
GEN_2300,THCAQKLVAKHNLHYLACVLLTYFNSCLKVKVWLMP,36,3.62,0.7455,0.5054,0.4167,0.2697,0.6,0.5725,5858
GEN_3142,LHCAHRYAAKHSQHYLACVLLTYFIACLKTFTNLAP,36,3.07,0.739,0.5092,0.3843,0.2586,0.6,0.5725,5859
GEN_0523,THCAKKLVAKHCLHYLACVLLTYFNACLKTFTSSPK,36,4.61,0.7618,0.4508,0.3194,0.1099,0.5,0.5725,5860
GEN_6026,TQCAAKPKGHACLSYMACILLIINNGCGKTFTKLPK,36,4.44,0.7114,0.5267,0.3194,0.3536,0.5,0.5725,5861
GEN_6068,WRCWKKPKAHACLSTLACLQAIINNGKGKTFTKLPHSFGIGTISR,45,7.9,0.711,0.5332,0.4108,0.4568,0.5,0.5725,5862
GEN_2608,THCVKKAAAKHCLRYPACVILTYLINCLKNKVFAIF,36,5.53,0.7431,0.5547,0.4167,0.424,0.5,0.5725,5863
GEN_7698,SLECCLIIRAWVVGGWKCLRLKAARPVVINLKS,33,4.43,0.6886,0.558,0.4097,0.3827,0.75,0.5725,5864
GEN_4618,FRCWKKPNKHMCFSTLACLLLIINNAKGKTFTKLPI,36,6.81,0.7253,0.6063,0.4316,0.4995,0.6,0.5725,5865
GEN_1253,NHPAKKAAAKHCLHYLACVLLTYFNSCLNRKVFAIF,36,4.99,0.7544,0.5517,0.4167,0.3252,0.6,0.5724,5866
GEN_3313,THCAKKPKAIAALCTLACALLLILNETLKTFTKLPK,36,4.45,0.7376,0.6265,0.4491,0.5212,0.6,0.5724,5867
GEN_1479,THCAKKIRVKQCLHYLACVLLTYFNACLHAKAFAIP,36,4.61,0.7523,0.4976,0.4167,0.3068,0.5,0.5724,5868
GEN_4810,HRCWKKPKAHAELSTLACLLLIINNGKGKTFTKLPRPFGILTYSR,45,7.91,0.7232,0.6362,0.4374,0.5598,0.6,0.5724,5869
GEN_3549,WRTWYKPKAHACLSYNACLLLIINNPCVKAFTRLPR,36,5.81,0.7357,0.6779,0.4167,0.5791,0.6,0.5724,5870
GEN_5492,WRCWYKPKATACLSTLACLQAIILNDKGKTFTKLPKSFGIGNGNR,45,6.72,0.7164,0.5823,0.3423,0.4568,0.5,0.5724,5871
GEN_6807,FHCAKKPLAKHCLHYLVCVLVTMFNACLKAKVIAIF,36,4.98,0.7026,0.5339,0.5139,0.5804,0.5,0.5724,5872
GEN_6119,FHCAKKPLAKHCLHYLACVLLTYFNLCLKNFVFAVP,36,3.98,0.7104,0.52,0.4815,0.5067,0.5,0.5724,5873
GEN_3529,TMCAKKLMVKECLHYAACVRLTYFNLALKNLTKLIP,36,4.45,0.7359,0.5745,0.4167,0.4063,0.6,0.5724,5874
GEN_1676,THCAKKPLAKHCLSYLACVLLTYFNACLKTFWKAVP,36,4.53,0.7504,0.5582,0.4167,0.4117,0.5,0.5724,5875
GEN_0630,THCAKKIAVKHCLHYLACILITYFNACLHVKAWAIP,36,3.7,0.7607,0.5052,0.4491,0.3318,0.5,0.5724,5876
GEN_1289,THCAKKPLAKHCLHYLACVALTYFNACLHAKAFLIP,36,3.7,0.7541,0.5061,0.4491,0.3494,0.5,0.5724,5877
GEN_2953,NACANKPHAHAALSYMASILLTYFNACLHAKAFYLK,36,3.0,0.7405,0.4382,0.4491,0.1339,0.7,0.5724,5878
GEN_1087,THCAKKIVRKHCLHYIACVLVTYFNACLKAKVFAIF,36,5.61,0.7561,0.5956,0.4167,0.4606,0.5,0.5723,5879
GEN_0866,FHCAKKTAARHSLHYLACVLLTYFNSCLKRGVFALF,36,4.99,0.7583,0.561,0.3843,0.2983,0.6,0.5723,5880
GEN_0954,SVCAKKIAAKRCLHYLACVLLTYFINCLKTFTSLIP,36,4.5,0.7575,0.5546,0.4167,0.3887,0.5,0.5723,5881
GEN_1923,TICAKKAALKQCLHYLACVLLTWFGKCLKNFVSLAP,36,4.44,0.7484,0.6108,0.4491,0.5358,0.5,0.5723,5882
GEN_2443,THCAKKPAGRVCHHYLAFVLLTYNSACLHAKAFAIP,36,3.71,0.7444,0.5606,0.4167,0.3626,0.6,0.5723,5883
GEN_0799,LHCAKKAAAKNCLHYMAMVLLTYFNSCLKAKLFAIF,36,4.9,0.759,0.536,0.4815,0.3525,0.6,0.5723,5884
GEN_1753,GHCLQKLVAKHCLHYLACVLLTYFNNCLKAKVFWAP,36,3.98,0.7499,0.5322,0.4167,0.3694,0.5,0.5723,5885
GEN_3871,TRCWKKPNKHACFHTLACLLLIILNGQGKTFTHLAV,36,4.63,0.7331,0.5861,0.3519,0.3663,0.6,0.5722,5886
GEN_2047,RHCAKKAAAHNCLHYLACVLLTNFINCLKNFVSLAP,36,3.98,0.7475,0.599,0.4167,0.4853,0.5,0.5722,5887
GEN_0753,TVCAKKIAAKHCLHYLACVLLTYFQACLHAKAFAIP,36,3.61,0.7595,0.4972,0.4815,0.3527,0.5,0.5722,5888
GEN_2629,TRYHKKPHYHACLSTPACLLLTIANGCVKAKKFAAP,36,5.62,0.7429,0.4558,0.3519,0.1261,0.6,0.5722,5889
GEN_4027,TRCARKPKAHACLSTLACLLLIELNGCLKAHYFEGR,36,3.53,0.7315,0.4842,0.3194,0.2344,0.5,0.5722,5890
GEN_4000,WRCWYKPKAHACLSTLACLLLIILNGCNKAKVFAAN,36,4.8,0.7319,0.4737,0.4491,0.3456,0.5,0.5722,5891
GEN_5996,AHCAKKAEGKECLEYLALVLLTCFNACLKLIGILIP,36,0.85,0.7118,0.5081,0.5298,0.5301,0.5,0.5722,5892
GEN_2765,TRAAKKPKAHACLCTLLCLLLIILNRTYKTYSKLPK,36,7.45,0.7418,0.5861,0.4363,0.4303,0.6,0.5722,5893
GEN_1110,THCAKKHVAKHCLHYLACVALTRFNACLHAKAFAIP,36,4.79,0.7559,0.5133,0.4167,0.3232,0.5,0.5722,5894
GEN_0674,THCAKKILAKHCLHYLACVLLTYFNACLKTFTSLIP,36,3.61,0.7602,0.5083,0.3843,0.2724,0.5,0.5722,5895
GEN_6844,THCAIKLVAKHCLHYLACVLLTCFSSCLKAKVFKIF,36,4.6,0.7022,0.4958,0.4167,0.4853,0.4,0.5721,5896
GEN_5104,THCVKKAAAKHYVEYLACVLLTYFIACLKTFVFAIF,36,2.54,0.7203,0.5128,0.4815,0.4029,0.6,0.5721,5897
GEN_6330,GRCWKKPKAAACLSTLACLQAIIANGKGKTFTKLPK,36,7.72,0.7085,0.4704,0.4524,0.3307,0.6,0.5721,5898
GEN_4694,FRCWYKPHYHACLSTLVCLLLTILNGCVKAKVFAAH,36,3.98,0.7244,0.5284,0.4167,0.4211,0.5,0.5721,5899
GEN_3662,FHCAKKIAAKHSLHYLACVLLCYFNSCLNRKVLLAP,36,4.98,0.7347,0.5373,0.4167,0.4115,0.5,0.572,5900
GEN_7015,THCASKLLAFHCLHYLACVLLTYFQACLHGRAFAIP,36,1.7,0.6999,0.4431,0.4698,0.3887,0.5,0.572,5901
GEN_3202,TRCPWKIWAKHCLKYLACVLLTYFIACLKNFTFAVP,36,4.44,0.7384,0.552,0.4815,0.492,0.5,0.572,5902
GEN_5557,TRCWKKPKAHACLSTLACLLLIILNGQGKTFTKLQKSFGIGTGSR,45,7.45,0.7158,0.5435,0.3846,0.4333,0.5,0.572,5903
GEN_2496,THCAKKLVAKHCLHYLACVLLTYVNACLHAFTSLAP,36,2.7,0.7441,0.4694,0.4167,0.2758,0.5,0.572,5904
GEN_6212,FRCWGKPKAQACLSTLASLQLIILNGCVKAWTRLPR,36,5.73,0.7096,0.6484,0.4167,0.5883,0.6,0.572,5905
GEN_4718,SRLVKKPHAHACSETLACLLMIIANDCLKAKVFAAY,36,2.6,0.7242,0.5547,0.4491,0.4305,0.6,0.572,5906
GEN_6791,FHCHRKIAAKHCLHYLACVLLTYFINCLKNFTSLIP,36,4.06,0.7027,0.5559,0.3843,0.4837,0.5,0.5719,5907
GEN_3669,TVCAKKIAAKPCLHYLACVVLTYFLNCLKNFTALLP,36,3.44,0.7347,0.5954,0.4815,0.5724,0.5,0.5719,5908
GEN_5818,THCAKKIALHHCLHYLACVLLTYFNSCLKATVFALF,36,2.7,0.7134,0.5082,0.4167,0.4115,0.5,0.5719,5909
GEN_4287,THCAKRIIAKHCLHYLASVLLTYYNACLKTFTKLIP,36,4.62,0.7288,0.5473,0.3519,0.3097,0.6,0.5719,5910
GEN_6008,TSCAKKILAKHCLHYLACVLLTYMRQYLHQKAFAAD,36,3.63,0.7117,0.4842,0.3519,0.2444,0.6,0.5719,5911
GEN_6049,TRYHKKPHYHACLSTPACLLVTAANGCIKAKVKAAP,36,5.62,0.7112,0.45,0.3519,0.1883,0.6,0.5719,5912
GEN_8473,TRCAKKPDKHACFSCLFCLLLIIENGQGKTFTKLGL,36,3.44,0.6641,0.548,0.3,0.4765,0.5,0.5719,5913
GEN_2206,THCQFKAAAKNCLHYLACVWLTYFNSCLQRKVFAIF,36,3.53,0.7463,0.5312,0.3843,0.3406,0.5,0.5718,5914
GEN_7771,THAFKKPSAKHCLHYAACALLTYFNACLKTFTSDVK,36,3.62,0.6871,0.4508,0.3194,0.2129,0.6,0.5718,5915
GEN_1783,THCAKKILAKHCLHELACVLLTYFFACLKTFTKLPK,36,4.62,0.7496,0.5582,0.3843,0.3776,0.5,0.5718,5916
GEN_1978,TYCAKKPLAHHCLHYLACVLLTYFNACLKTFTKLIP,36,3.61,0.7479,0.5663,0.3843,0.395,0.5,0.5718,5917
GEN_0838,THCAKKALAKHCLHYLACVLLTYFNACVKTFTKLAR,36,5.61,0.7586,0.6053,0.3519,0.4029,0.5,0.5718,5918
GEN_2547,TRCAAKPDAHACLCTLACLLLIILNETYKTFTFLGK,36,1.45,0.7436,0.4709,0.4231,0.2851,0.5,0.5718,5919
GEN_7716,FRCWYKPKAAACLNSLAQLQAIILMGKGKTFTKLPKSFGIGDANH,45,5.82,0.6882,0.6156,0.3778,0.5435,0.6,0.5718,5920
GEN_3820,TRCPKKPKAHACLSTLACLLLIILNGCLKAKVFAAV,36,5.44,0.7335,0.4946,0.4815,0.4058,0.5,0.5717,5921
GEN_4448,TRYLRKHHYHACLSTPACKLLTILNGCIKAKVFAAA,36,5.62,0.7272,0.5267,0.3519,0.2772,0.6,0.5717,5922
GEN_7636,THCAKKPKQHACLSFLACLLLIINNGCLKATIFASR,36,4.53,0.6898,0.4475,0.3843,0.3316,0.5,0.5717,5923
GEN_4052,TRSAKKPNKHACFSTLACLLLIILNNQGKTFSKLAV,36,5.46,0.7312,0.5699,0.3519,0.2733,0.7,0.5717,5924
GEN_5570,WRCWKKPKAHACLSTLACLDAIILNGKGKTFTKLPKSFGIGTGSR,45,7.81,0.7156,0.5823,0.4057,0.5175,0.5,0.5717,5925
GEN_5569,NHCAKKIAAKHNLHYLACSLLTYFIACLKTFTSLAP,36,3.99,0.7157,0.4573,0.3843,0.2209,0.6,0.5717,5926
GEN_0191,WHCAKKAAAKHCLHYLACVLITYFINCLKNFTSLAP,36,3.98,0.7668,0.5816,0.4167,0.4083,0.5,0.5717,5927
GEN_6623,THCAKKILKKHCLHDLACVLLAFFNACLKASTSAIP,36,3.62,0.7051,0.5488,0.4167,0.4973,0.5,0.5717,5928
GEN_2728,TRCAKKDAKKLCLYDLACVLLTYFNSCLNRKAFALF,36,4.35,0.742,0.6123,0.3519,0.4524,0.5,0.5717,5929
GEN_0418,THCAKKAAAKHCLHYLACVLLTYFNSCLNRFTSLAP,36,3.62,0.7631,0.5418,0.3519,0.2857,0.5,0.5717,5930
GEN_1958,THCAKKIAAKHCLHYLACVLLTYWIACLKQFTSLAP,36,3.61,0.7481,0.4822,0.4167,0.2854,0.5,0.5716,5931
GEN_3469,TRCAKKPKAHACISTLACHLLIILNGNLKAFSRLPR,36,6.54,0.7363,0.6067,0.4157,0.4525,0.6,0.5716,5932
GEN_0426,FHCAKKPLAKHCLHYIACVLATYFNACLKAKVFAIF,36,4.98,0.763,0.532,0.4815,0.3983,0.5,0.5716,5933
GEN_7903,NRCWKKPKAHVCLSVLECLLDIIVNGCVKAFTRLPK,36,4.81,0.684,0.6106,0.3843,0.6166,0.5,0.5716,5934
GEN_3207,THLAKKAAAKHCLHYLACVLLTYFINCLKNKANAVP,36,4.62,0.7384,0.5511,0.4167,0.3561,0.6,0.5716,5935
GEN_5122,TFCAKKIAAKHCLHFLACVLLTYFNACLHAKAFAIP,36,3.62,0.7201,0.5125,0.5139,0.4984,0.5,0.5716,5936
GEN_8008,KHWKFDCMKIFLRTLRQANVSNFASWCGKVKVFVPK,36,6.82,0.6812,0.6753,0.4322,0.645,0.7,0.5715,5937
GEN_4636,FRCWYNPKAHACLYTLACLNVIILNPKGKKFDKLPKSYGVGFGLR,45,6.81,0.725,0.5722,0.3991,0.4708,0.5,0.5715,5938
GEN_5644,THCAKKPLAKHCLHYLACVLLTYQNACLHAKLFAIP,36,3.7,0.7149,0.4923,0.4167,0.3789,0.5,0.5715,5939
GEN_4128,THCAKKILAKHCAHYLACVLLTYFNACIRAKVFAIF,36,4.61,0.7305,0.5484,0.4491,0.4685,0.5,0.5715,5940
GEN_0472,LLSAKKIAAKQCLHYIACVLLTYFNSCLNRKVFALF,36,4.81,0.7625,0.5656,0.4491,0.3556,0.6,0.5715,5941
GEN_5762,WRCDKKPHAHACLSTLACLRAIILNGRGKTFSYLPKMFGVVDANR,45,5.9,0.7139,0.5342,0.3519,0.3866,0.5,0.5715,5942
GEN_4308,TRCFKKPKAAACLFTLACLQLIILNVKGKTFTKIPK,36,7.36,0.7286,0.5185,0.4961,0.4035,0.6,0.5715,5943
GEN_0596,TVCAKKIAAKHCLHYLACVLVTYFIACLKTFTSLAP,36,3.53,0.761,0.4851,0.4491,0.2919,0.5,0.5715,5944
GEN_2467,LHCAKKIFAKHCLHYLACVLLTYFIACLKTFTNLEP,36,2.98,0.7442,0.4945,0.4167,0.3146,0.5,0.5715,5945
GEN_8277,FRCWYRPKAAACLTTLACLQHPINNGKAKTFTKNKNFFCLGKPDY,45,6.8,0.6728,0.4423,0.3467,0.3908,0.4,0.5715,5946
GEN_4556,TRSWKKPNKHACFSTLACLLLIILNGQGKTFTKLAV,36,5.46,0.7259,0.5785,0.3519,0.2993,0.7,0.5715,5947
GEN_5281,HRCWWKPKAHAELSTLACLLLIINNAKGKTFTKLPRSFGIGNLSR,45,6.91,0.7184,0.6507,0.4051,0.5565,0.6,0.5715,5948
GEN_3623,QHCAKKILAKHCLHYLACVLVTYFNACLKAKVFAIF,36,4.98,0.7351,0.4926,0.4491,0.3642,0.5,0.5714,5949
GEN_3594,THCAAKPKAHACLSVMACILLILNNGCVKAKVFPAV,36,3.53,0.7354,0.4573,0.5139,0.3696,0.5,0.5714,5950
GEN_1384,THCAKKILAKHCLHYAACVLLTYWNLCLKNFTKLQP,36,4.61,0.7531,0.5199,0.3519,0.2704,0.5,0.5714,5951
GEN_2287,THCAKKPKAHACLSYLACLLLIINNPCVKAFTRLAK,36,5.53,0.7455,0.6488,0.4167,0.5676,0.5,0.5714,5952
GEN_4712,FRCWYKPKAAANLSTLACLQAIILNGKGKTFTKIPKNFSSWTPSR,45,7.73,0.7242,0.6244,0.453,0.5461,0.6,0.5714,5953
GEN_2158,THFAKKIAVKHYLWYLACILLTYANACIHAKAFAIP,36,3.63,0.7466,0.4705,0.5139,0.2321,0.7,0.5714,5954
GEN_3866,ARCAKRPQAFLCLCTGAWLLLFSLNETYKTFTKAPK,36,4.76,0.7332,0.5649,0.3843,0.3578,0.6,0.5714,5955
GEN_4049,TRCAFKPNKHACFSNLACLLAIILNGCVKAFTVAAV,36,3.44,0.7313,0.564,0.4815,0.5241,0.5,0.5714,5956
GEN_0681,THCAKKPLAKHCLHYLACVLLTYFNACLKTFTSSPK,36,4.61,0.7602,0.4508,0.3194,0.1066,0.5,0.5714,5957
GEN_6954,FRCWYKPKAAAALSTLACLHLIILNVSKKPFTKIPQ,36,5.82,0.7008,0.5675,0.4815,0.468,0.7,0.5714,5958
GEN_6470,FRCVYKPKAAACYTTEACLQAIIHNGCGKTFTKLPNSFGLGDLNR,45,3.81,0.7069,0.5388,0.3,0.4236,0.4,0.5713,5959
GEN_2811,TRCAKKPKAHACLSYMACILLIINNGCGKTFTKLPK,36,6.44,0.7415,0.5267,0.345,0.3013,0.5,0.5713,5960
GEN_4062,TRCFKKPKAAACLFTLACLQLIILNVKGKTFTKLAV,36,6.36,0.7311,0.5324,0.4702,0.3935,0.6,0.5713,5961
GEN_0248,GHCAKKAAAKHPLHYLACVLLTYFWNCLPAKAFAIL,36,3.99,0.7658,0.504,0.5139,0.3092,0.6,0.5713,5962
GEN_5082,WRCWYKPKAHACLSTLACLQAIILNGKGKTFTKLPKSFGIGTGNR,45,7.81,0.7204,0.5823,0.4056,0.504,0.5,0.5713,5963
GEN_2691,TECAQKTAAKHSLRYLACVLLTYWNSCLKQTVFALF,36,2.45,0.7424,0.535,0.3519,0.2524,0.6,0.5712,5964
GEN_5969,TRYRKRPHNHACLSTLACLLLIKLNPSQKAHIFAAH,36,5.72,0.712,0.4432,0.3519,0.1038,0.7,0.5712,5965
GEN_6934,THCAHRILAKHCLHCLACVLLAYTNASLHYKAFAVP,36,2.79,0.701,0.5123,0.4167,0.4432,0.5,0.5712,5966
GEN_0328,THCAKKLAAKNCLHYLACVLLTYFNSCLQRKVFAIF,36,4.53,0.7645,0.5399,0.3843,0.3083,0.5,0.5712,5967
GEN_3410,TRCAKKPKAHACLSTLACLWLIILNETLKAKVFAAV,36,4.45,0.7367,0.5149,0.4815,0.3623,0.6,0.5712,5968
GEN_1563,THCAKKEAAKHCLHYLACVLLTYFNACLHAKAFAIP,36,2.7,0.7515,0.5112,0.4167,0.3232,0.5,0.5712,5969
GEN_7679,TVCAKHIAAKHCLHYLACVELTYTIGCAKTFTTAAP,36,1.62,0.689,0.4324,0.3786,0.2998,0.5,0.5712,5970
GEN_2808,TVCAKKIAAKHCDHYLACVLVTYFIACLKTFHSLAP,36,2.62,0.7415,0.4784,0.4167,0.2919,0.5,0.5712,5971
GEN_1771,FHCAKKPLAKHCLHYLACNLVTYFNACLKTFTSAAP,36,3.98,0.7497,0.4918,0.3843,0.2624,0.5,0.5712,5972
GEN_1009,THCARKIAAKHSLHYLACVLLTFFIACLKTFISLAP,36,3.63,0.757,0.4986,0.4815,0.2865,0.6,0.5711,5973
GEN_5146,FRCWYKPKAAACLSTLACIQAIILNGKGKTFTKIPKSFGSWDAWR,45,6.72,0.7199,0.6262,0.42,0.5916,0.5,0.5711,5974
GEN_7223,FHVARKPLAKHCLHYIACVYVTGFNACLKAKVFAIF,36,4.99,0.6967,0.532,0.4815,0.4835,0.6,0.5711,5975
GEN_8000,THCAKKAAAKNCLHYLVGVLLTYFNSCLQRKVFVIF,36,4.54,0.6815,0.5399,0.3843,0.4347,0.6,0.5711,5976
GEN_5956,THCAKKCAAKHCLHYLACVLLTYFNSCLNRKVFAIC,36,4.59,0.7121,0.51,0.3194,0.382,0.4,0.5711,5977
GEN_0183,YHCAKKIAAKHCLHYLACVLLTYFIACLKTFTSLAP,36,3.98,0.767,0.4712,0.4167,0.2196,0.5,0.5711,5978
GEN_0495,THCAKKPLAKHCLHYLACVLLTYFNACLKNFNKLIP,36,4.61,0.7622,0.5792,0.3843,0.3783,0.5,0.5711,5979
GEN_1626,THCAKKILAKHCLHYLACVLLTYWNACLKIFTKLHP,36,4.7,0.7508,0.5565,0.3843,0.3674,0.5,0.5711,5980
GEN_1605,HHCAKKPLAKHCLHWLACVLLTYFNACLKTFTKLAR,36,6.06,0.751,0.6192,0.3879,0.4752,0.5,0.5711,5981
GEN_4236,THCAKKPHAHACLSYLACWILTPVNGCVKAKVWPAV,36,3.62,0.7294,0.5059,0.4491,0.3971,0.5,0.571,5982
GEN_1810,LHCAKKRAAKHSLHYLACVLLTYFIWCVKTFTLLAP,36,4.99,0.7494,0.5833,0.4491,0.4128,0.6,0.571,5983
GEN_6543,KHTKRECCKAAKRHLRGANLFHFASWCYRAKVFAAV,36,7.99,0.706,0.6284,0.4355,0.5751,0.6,0.571,5984
GEN_8657,THPVKKPSGKVCLHYLAFVLITYFNACLHAKANAYP,36,3.63,0.6527,0.4808,0.4167,0.3681,0.7,0.571,5985
GEN_3603,THCAKKIVAKHCLKYMACRLLTYFINCLHAHALAIP,36,4.7,0.7353,0.6164,0.4167,0.5347,0.5,0.571,5986
GEN_3976,TVCAKKIAAKHCLHYLACVLLTYFINCLKNFTILIF,36,3.53,0.7322,0.5836,0.4491,0.52,0.5,0.571,5987
GEN_0376,THCAQKLVAKHCLHYLACVLLTYFNSCLKAKVFLMP,36,3.61,0.7637,0.5082,0.4167,0.2884,0.5,0.571,5988
GEN_0250,THCAKKAAARNCLHYLALVLLTYFNSCLQKFTLLAP,36,3.54,0.7658,0.5377,0.4167,0.266,0.6,0.571,5989
GEN_6449,LHCAFKIAAKHSLHYLACVLLTYFIACLKTFTSLIP,36,2.99,0.7072,0.5322,0.4815,0.4584,0.6,0.571,5990
GEN_3640,TCDARKIIAKNCLHYLACVLLTYFNCCLQRKMTGIF,36,3.43,0.7349,0.4883,0.3194,0.2909,0.4,0.5709,5991
GEN_7810,TRYHKKLRYHTCLSTPACAPLHIANGCLRAKVFAAH,36,5.71,0.6863,0.4594,0.3194,0.2233,0.6,0.5709,5992
GEN_0368,THCAKKIAAKHCLHYLACILLTYFNACLKTFTNLIP,36,3.61,0.7639,0.5342,0.3843,0.2984,0.5,0.5709,5993
GEN_7967,FRCWYRPKAAACLTTLACLQCIINNGKAKTFTKNKNFFPLGKPDY,45,6.71,0.6824,0.4535,0.3676,0.4038,0.4,0.5709,5994
GEN_5592,FHCAYHDPAKHCLHYIAWVLVTYFNACLKAKVFAIF,36,2.07,0.7155,0.5379,0.4815,0.4478,0.6,0.5709,5995
GEN_5681,TVCAAKPHAHACLSYLACVLLTYLNPCIKAYVFAAP,36,1.53,0.7145,0.541,0.5469,0.5871,0.5,0.5709,5996
GEN_7868,GMAYVIKKGGWRLCLYTWRKPVSRATSLKQEKLIHKHY,38,7.92,0.6848,0.4938,0.4119,0.3762,0.6,0.5709,5997
GEN_7516,WRCWTKPKAHACLSTLAPLQAIILNGKGKTFTKLPKSFGIGTGLR,45,7.82,0.6917,0.6045,0.4581,0.5907,0.6,0.5709,5998
GEN_3839,THCAKKILAKHCLHYLACVLVTYFNACLKAKVFVIF,36,4.61,0.7334,0.4926,0.4491,0.3642,0.5,0.5708,5999
GEN_0016,IHCAKKAAAKHCLHYLACVLLTYFNSCLNRKLFAIF,36,4.98,0.7724,0.5517,0.4167,0.3392,0.5,0.5708,6000
GEN_1790,GLCAKKIAAKHCLHYLACVLLTYFIACLKTFTSLIP,36,3.89,0.7495,0.5004,0.4491,0.3393,0.5,0.5708,6001
GEN_7469,KHTKFDCCKIALRHLRGANAFNFWSACYKAHVFAPV,36,4.99,0.6924,0.6227,0.3843,0.545,0.6,0.5708,6002
GEN_0168,LHCAKKAAAKNCLHYMAMVLLTYFNSCLKATVFALF,36,3.9,0.7673,0.536,0.4815,0.323,0.6,0.5708,6003
GEN_8250,FHCAKNMLAKHSLHYLAHVHLTYFQSCLRAAVFQAY,36,3.17,0.6738,0.523,0.3843,0.3559,0.7,0.5708,6004
GEN_6358,FHCAKKPLAKHCLHYAACVRYTYFNACLKAKVFALF,36,5.97,0.7083,0.4816,0.4167,0.3718,0.5,0.5708,6005
GEN_1745,TRYHKKPHYHACLSTPACLLLTIANGCVKAKVFAAP,36,4.62,0.7499,0.4696,0.3843,0.1556,0.6,0.5707,6006
GEN_4801,THCAKKLVAKHCLRRLGCVFLTMFNWCLKTFTSAFP,36,5.53,0.7234,0.5937,0.3843,0.4904,0.5,0.5707,6007
GEN_7485,WRCWYKPHATACLSTLACLQAIILNDKGKTFTKLAKSFGISNGNR,45,5.81,0.6922,0.5982,0.3,0.4868,0.5,0.5707,6008
GEN_0897,TVCAKKIAAKHCLHYLACVLLTYFIACLKAKVFALF,36,4.53,0.758,0.5111,0.5139,0.4016,0.5,0.5707,6009
GEN_2642,IHCAARPKAHACLSYTACVLLTYFNACLHAKAFAAK,36,3.98,0.7428,0.4454,0.4491,0.2624,0.5,0.5706,6010
GEN_4912,THLAMKPKAHACLSFLACLLLIYNNGCLKTFTKLPK,36,4.54,0.7222,0.5764,0.4167,0.4298,0.6,0.5706,6011
GEN_8369,TRYLRKKHYHACLSTPACRNNTILNGCVKAKVFAAQ,36,6.54,0.6688,0.4396,0.3313,0.2411,0.6,0.5706,6012
GEN_8188,THCAKKIAPKHCLHYLLCVQLTYWIACLKTFNNLIP,36,3.61,0.6757,0.5094,0.3843,0.461,0.5,0.5706,6013
GEN_1185,THCAKKIAAKHCLHYLACVLVNYFIACLHAKAFAIP,36,3.7,0.755,0.4972,0.4815,0.3527,0.5,0.5706,6014
GEN_3999,ARYHKKPKYHACLYNLACLLLTPVNGCVKAKVFPAV,36,5.93,0.7319,0.4771,0.4167,0.2413,0.6,0.5706,6015
GEN_5337,THCAKKAAAKNCLHYLACVLLTYFNSCLKATVFALF,36,3.53,0.718,0.5082,0.4167,0.392,0.5,0.5706,6016
GEN_2390,TRYRKKPHNHACLSTLACLLLIILNGCVKAFTRLPR,36,6.54,0.7448,0.6397,0.3833,0.4492,0.6,0.5706,6017
GEN_6876,FHCAKKPLGKHCLHYIACVLVTYFNSCLKAKVFLAP,36,4.98,0.7019,0.5082,0.4167,0.4298,0.5,0.5706,6018
GEN_2229,FHCAHKPLAKHCLHYLACVLVTYFNACLKAKVFASF,36,4.06,0.746,0.5181,0.4491,0.3751,0.5,0.5705,6019
GEN_2325,FHCAKKPLAKHCIHYLACVLVTTWNACLKRKVFASF,36,5.98,0.7453,0.5202,0.4167,0.348,0.5,0.5705,6020
GEN_2868,FACAKKPLAKVCLHYLACVLLTYFNLALKNFTKLIP,36,4.81,0.7411,0.6213,0.5139,0.5569,0.6,0.5705,6021
GEN_2562,THCAKKIAVKLCLHYLACVLLTYFNMCLHIKAFAIP,36,3.61,0.7434,0.5227,0.4815,0.4216,0.5,0.5705,6022
GEN_1341,THCAKKPLAKHCLHYLACVLLTYLNACLKYFDKLIP,36,3.61,0.7536,0.5795,0.3843,0.395,0.5,0.5705,6023
GEN_6787,THCAKKPKAHACLMYIACLLLTCLNGCWGAKVFAPK,36,4.52,0.7028,0.4186,0.4167,0.3442,0.4,0.5705,6024
GEN_6702,TLYHKKPHYHACLSTPACLLLTSLTGCAKAKVFAAG,36,3.62,0.7041,0.415,0.3519,0.1374,0.6,0.5705,6025
GEN_6963,THCAKPAAAKNCLHYLACVLLTYFNTCLNRKVFAIF,36,3.53,0.7006,0.5451,0.4167,0.494,0.5,0.5705,6026
GEN_5747,WRCWYEPKAHACLSTLACLQAIILNGCGKVKVFAAV,36,2.81,0.714,0.4385,0.4491,0.3167,0.5,0.5704,6027
GEN_0453,FHCAKKIAAKHSLHYLACVLLTYFNSCLQKFTLLAP,36,3.99,0.7627,0.5377,0.4167,0.2689,0.6,0.5704,6028
GEN_5977,THCAKKILAHHCLHYLACVLLTYFNACLKTYTILIP,36,2.7,0.712,0.469,0.3843,0.3074,0.5,0.5704,6029
GEN_5312,THCAKKAAAKRCLHQLACVILNYFIICLKNFTSLIP,36,4.53,0.7182,0.5919,0.4167,0.5299,0.5,0.5704,6030
GEN_6282,THCAKCASAKHCLHYLACVLLTYFIHCLKNFTSLAP,36,2.69,0.7089,0.5225,0.3519,0.4377,0.4,0.5704,6031
GEN_3443,CRSAKKPNKHASFSNLACLLLIILRGQGKTFTKLQL,36,6.82,0.7365,0.5589,0.3674,0.2491,0.7,0.5703,6032
GEN_8295,WRVWYKPSAHAPLSTLACLLLIILNPCQIAHVFAAH,36,2.0,0.672,0.5736,0.5787,0.6354,0.7,0.5703,6033
GEN_0666,FHCAKKTAKKHSLHYLACVLLTYFGSCLQRFTLLAP,36,4.99,0.7603,0.5558,0.3519,0.2394,0.6,0.5703,6034
GEN_6437,TICAKKIAAKHSLHYCACVLLTYFIACLKTCTTLIP,36,3.52,0.7073,0.44,0.3843,0.3358,0.4,0.5703,6035
GEN_2345,THCAKKIVAKHCLRYLACVPLTYFNACLKNWTFAAP,36,4.53,0.7452,0.567,0.4167,0.4251,0.5,0.5703,6036
GEN_5245,NPWGSRCAGPISLARILSTTFHVAGPLIALNRRSGKILF,39,4.84,0.7188,0.5672,0.4316,0.4352,0.6,0.5703,6037
GEN_4750,WRCWYKPKAHACLSTLACLLLIILNGQGKTFTKLPKSFQIGTGMR,45,6.81,0.7238,0.6055,0.3992,0.5212,0.5,0.5703,6038
GEN_7357,THCAHKLVAKHCLHYLACVLLTYFNSCLKAKVFTIF,36,3.7,0.6947,0.4943,0.3843,0.3883,0.5,0.5702,6039
GEN_1472,THCAKKLVAKHCLHYLACVILSYFNSCLKAGLFAWF,36,3.61,0.7524,0.5294,0.4167,0.3447,0.5,0.5702,6040
GEN_1448,THCAKKIAAKQCLHYIACMLVTYFATCLKTFTSLAP,36,3.53,0.7527,0.4918,0.3843,0.2492,0.5,0.5702,6041
GEN_3901,TRYHKKPHYHACLSTLACLLLIILNGCVKAKVFAPR,36,5.62,0.7329,0.4639,0.3843,0.1817,0.6,0.5702,6042
GEN_2673,TRCAKSSKAHACLSTLACLWIIILNETLKAIVFAAV,36,2.46,0.7425,0.4972,0.4815,0.312,0.6,0.5702,6043
GEN_6960,FRCWYKPKGAACLSTLACLNAIILNGKGKTFTKIPKNFGSWTPSK,45,7.72,0.7006,0.6133,0.4264,0.6153,0.5,0.5702,6044
GEN_2075,THCAKKIAVKHCVHYLACRLLTYFNACLHAKAFAVP,36,4.7,0.7472,0.5269,0.4167,0.3527,0.5,0.5702,6045
GEN_8282,TRYHKKPHYHACFSQLACLLLIIVNGQGKAIVFAAV,36,3.63,0.6725,0.4778,0.4167,0.3121,0.7,0.5702,6046
GEN_6955,TRCAKKPYAYICLSTLACASLIILPTHLKAIVFGAW,36,3.45,0.7007,0.586,0.4815,0.5577,0.6,0.5702,6047
GEN_6556,THCAARPKAHACLSYMMCILLILNNGCIKTFTGLPK,36,3.53,0.7059,0.485,0.3843,0.3467,0.5,0.5702,6048
GEN_1178,THCAKKAAAKNCLHYLACVLLTYFITCLNRKVFAIE,36,3.53,0.7551,0.5577,0.3843,0.3527,0.5,0.5701,6049
GEN_2161,SHCAKKIAAKHCLHYLACVLVTYFDACLHAGVFAIF,36,1.77,0.7466,0.4833,0.4655,0.3293,0.5,0.5701,6050
GEN_4608,FRCWYKSKAAACLTTAACRQAIILNGKGKTFTKLPKSFGIGDANR,45,7.72,0.7254,0.5823,0.4006,0.4793,0.5,0.5701,6051
GEN_7993,THCTKKILLKHCLHYTACVIITYFNACLHAKAFAAD,36,2.71,0.6816,0.4133,0.3519,0.251,0.5,0.5701,6052
GEN_1566,LHCAKKIAARHSAHYLACVLLTYFIACLKTFTSLAP,36,3.99,0.7514,0.5174,0.4491,0.2919,0.6,0.5701,6053
GEN_3934,SRCAKKPKAHACLSTLACLLLIILNGCLKAKVFAAR,36,6.5,0.7326,0.5018,0.4784,0.4058,0.5,0.5701,6054
GEN_4902,TRCWKKPKAHACLSTLACLLLIILNGQGKTFTKLPKSFGIGTGSR,45,7.45,0.7222,0.5823,0.3846,0.4703,0.5,0.5701,6055
GEN_4797,FRCWYRPKAAACLTTLACLQHIIHNGKAKTFTKNKNSFGLGDADY,45,4.9,0.7234,0.4312,0.3,0.1306,0.5,0.57,6056
GEN_5716,SHCAKKIAAKHCLHYLACVLLGYFHACLKTCTTALF,36,3.75,0.7142,0.4416,0.3519,0.2884,0.4,0.57,6057
GEN_6386,FHCAKKPLAKHCSHYLACVILNYFNACLKAKSSVKP,36,5.97,0.7079,0.503,0.3519,0.3382,0.5,0.57,6058
GEN_1296,TRHAARPKAHACLSYTACILLLLNNGCIKTFPKLPK,36,5.54,0.754,0.5646,0.3843,0.2993,0.6,0.57,6059
GEN_1546,THCAKKQLAKHCLHYLACVLLTYFNACLKDFTKLIP,36,3.61,0.7516,0.5571,0.3519,0.3263,0.5,0.5699,6060
GEN_6150,FHCAKKPLAKHCLHYLACVLHTYFGACLKTFTKLIP,36,5.06,0.7101,0.5367,0.3843,0.4211,0.5,0.5699,6061
GEN_2381,LHCAKKIIAKISKHYLACVLLNYFIACLKTFTNLIP,36,4.9,0.7449,0.6265,0.4491,0.4878,0.6,0.5699,6062
GEN_3451,TKCARKAAAKHCLKYLACMLLTYFNSCLNRNVYAIP,36,5.44,0.7364,0.5239,0.3519,0.3064,0.5,0.5699,6063
GEN_4073,TGCAKKIAAKHCLHYLWCVLLTYFIACLKTFSSLAP,36,3.53,0.731,0.4712,0.4167,0.2954,0.5,0.5699,6064
GEN_0849,THCAKKAAAKNCLHYAACVLLTYFNSCLNRKVFAIF,36,4.53,0.7585,0.5378,0.3843,0.3098,0.5,0.5699,6065
GEN_4204,THCAKKGLAKHCLHYLACVALTYFNACLKTFTKLIP,36,4.61,0.7298,0.5524,0.3519,0.3688,0.5,0.5699,6066
GEN_5408,FHCAKPIAAKHCLWYLACVLLWYFINCLHAKAFAIS,36,2.98,0.7173,0.4907,0.5463,0.4901,0.5,0.5699,6067
GEN_5882,TRCAAKPKAHACLLTLACILLILNNGCIKNFTKLPK,36,5.44,0.7128,0.5835,0.4167,0.5248,0.5,0.5698,6068
GEN_1834,EHCAMKIAAKHSLHYLACLLLTYWNACLRVYTKLIP,36,3.06,0.7492,0.578,0.4167,0.3641,0.6,0.5698,6069
GEN_0239,THCAKKIVAKHCLHYLACVLLTYFNACLKTFTFAAP,36,3.61,0.7659,0.4925,0.4167,0.2491,0.5,0.5698,6070
GEN_7084,THCACKILAHHCYHHLACVLLTYFNACLHAKAFAAN,36,1.87,0.6989,0.4206,0.3935,0.3293,0.4,0.5698,6071
GEN_4228,THVAKKPRAHACLSYLACLLLTCLNGCVKNLTRLPR,36,5.53,0.7296,0.6325,0.3519,0.5022,0.5,0.5698,6072
GEN_4208,TRCAKKPKAHACLCTLACLWLIIRTETYKAKVFRAH,36,6.53,0.7298,0.4623,0.3828,0.2491,0.5,0.5698,6073
GEN_0105,TVCAKKIAAKHCLHYLACVLLTYFIACLKTFTSLAP,36,3.53,0.7689,0.4851,0.4491,0.2624,0.5,0.5698,6074
GEN_7288,THCAKRILAKHCLHYLKNVLLTYFNACLHAKSNAIQ,36,4.71,0.6959,0.5168,0.3194,0.289,0.6,0.5698,6075
GEN_4741,THYRKKAHNHACLSTLACLLLIILNGCVEAFTHLPR,36,2.72,0.7239,0.5213,0.3519,0.2638,0.6,0.5698,6076
GEN_3216,TKGVKKIAAKHCLHYLACVLLTYFYACLKTFTNLIP,36,4.53,0.7383,0.5051,0.3843,0.2356,0.6,0.5698,6077
GEN_2174,TRCAKKPKAHACLCTLACLLLIALNETYKTFTFLPK,36,4.44,0.7465,0.4733,0.3843,0.2295,0.5,0.5697,6078
GEN_4937,THCAKKIVDKFCLKEIACVLVTYFNACLKAKVFPIF,36,3.44,0.7218,0.6167,0.4491,0.5906,0.5,0.5697,6079
GEN_5266,THCARKPAAKHCLHYLACVLLTYFNACLHAKAFATD,36,2.71,0.7186,0.4602,0.3843,0.2725,0.5,0.5697,6080
GEN_4721,IRCWYKSKAAACLTTAACRQAIILNGKGKTFTKLPKSFGIGDANR,45,7.72,0.7241,0.5823,0.4006,0.4793,0.5,0.5697,6081
GEN_6418,THCAKKHVAKHCLHYLACVLLTRFNACAHAKAFAIP,36,4.79,0.7075,0.5133,0.4167,0.4195,0.5,0.5697,6082
GEN_8671,ERVIKIHCHQAYMHHAVRLACGCGGAAKLGCVGAIR,36,4.14,0.6517,0.469,0.3194,0.3786,0.5,0.5697,6083
GEN_1754,THCAAKPKAHACLSYMACILLIINNGCGKTFTKLPK,36,4.53,0.7499,0.5405,0.3519,0.3013,0.5,0.5697,6084
GEN_1895,THCLKRAAAKHSLHYLACVALTDFNSCLNRKWFAIF,36,3.63,0.7487,0.5557,0.3843,0.295,0.6,0.5697,6085
GEN_7138,TRYRKKPHYHACLSTEACLLMTILNGCVKSSVFAVP,36,3.54,0.6979,0.4581,0.3194,0.1861,0.6,0.5697,6086
GEN_5303,THCAKKIAVKHCLHYLACVLLTYFIACLKTFTSLIP,36,3.61,0.7183,0.4865,0.4167,0.3493,0.5,0.5697,6087
GEN_4641,THCAGKIAAKHCLHYLACVLQTYFNSCLKLDVFAFF,36,1.62,0.725,0.5038,0.4111,0.3573,0.5,0.5697,6088
GEN_7978,TRCAAKGKAHACLCTCYCLLLAILNETYKTFTQLPK,36,3.43,0.6821,0.5065,0.3,0.417,0.4,0.5696,6089
GEN_7382,WRSVYKPKAHACFSFLAALQAIALFGWGKGFTKLPKSFPIGNGNR,45,6.83,0.6944,0.6402,0.4781,0.6558,0.6,0.5696,6090
GEN_5805,THCACKIALKHCLHYLACVLGTYFILCLKTFTNLCP,36,2.6,0.7135,0.4535,0.3519,0.3067,0.4,0.5696,6091
GEN_3314,THAAKKILAKHCLHYLACVLLTYFNACIKTFFGLPK,36,4.62,0.7376,0.5017,0.4167,0.2624,0.6,0.5696,6092
GEN_3637,FRCWYKPMAHAELSTLACLLLIILNGCLKAKVFAAV,36,2.82,0.7349,0.6185,0.5463,0.5932,0.6,0.5696,6093
GEN_5917,THCAKKSAAKHCLHYLRCALLTYFSACLKTFTTLAP,36,4.61,0.7125,0.5033,0.3194,0.2925,0.5,0.5695,6094
GEN_5515,TVCARKILAKHCLHYAACVLLTFFNLCLVNFTKLIP,36,3.53,0.7162,0.4728,0.4815,0.395,0.5,0.5695,6095
GEN_6685,TVCAKKIAAYHILIYLAMVLLTYFINCLFNFTSLLP,36,1.46,0.7043,0.582,0.5841,0.5741,0.7,0.5695,6096
GEN_1170,THCAKKAAAKHSLHYLACMWLTYFHACLATCWTALF,36,2.7,0.7551,0.4298,0.4167,0.1678,0.5,0.5695,6097
GEN_7694,FHCAKKSAAKNCLHYLVCVLLTYFNTCLNRRVFAVF,36,4.89,0.6887,0.5312,0.3843,0.4589,0.5,0.5695,6098
GEN_5203,FRCWYKPKAAACLSTLACLQAIIANWCGKVKVKLPK,36,6.71,0.7193,0.4611,0.4907,0.3774,0.5,0.5695,6099
GEN_4395,TRCAKSSGWHACLSTIACVWIIILNETLKATVFAAV,36,1.46,0.7278,0.4707,0.4871,0.3033,0.6,0.5695,6100
GEN_0411,FHCAKKPLAKHCLHYAACVLVTYFNACLKAKVFALF,36,4.98,0.7632,0.5094,0.4815,0.3456,0.5,0.5694,6101
GEN_8569,FHCAKKQAAKHSLHYLACQLLTYFNSCLKATHFALF,36,4.07,0.6587,0.5152,0.3519,0.4028,0.6,0.5694,6102
GEN_4852,WRCWYKPKAHACLSTLACLQHIINNGKAKTFTKNKN,36,6.9,0.7227,0.4252,0.3524,0.1039,0.6,0.5694,6103
GEN_8456,KWTKFDACKIALRHLRGANAFTFHSWCYKAKVFAAV,36,5.91,0.6651,0.6495,0.4167,0.6097,0.7,0.5694,6104
GEN_1337,TKCAKKPLAKHCLHYLACVLLTYFNACLKTFTKLIP,36,5.52,0.7536,0.5663,0.3843,0.3655,0.5,0.5694,6105
GEN_7073,TRCAKKIAALHCLHYIACVLLTYFIGCLYTFTNAAP,36,2.53,0.699,0.5312,0.4167,0.4672,0.5,0.5694,6106
GEN_7520,THCAKRILAKHCLHYLACVLLTYFNVCLKTFTNLVD,36,2.62,0.6916,0.5054,0.3519,0.3767,0.5,0.5694,6107
GEN_3995,THFAKKPLAKHSLHYDACVLLTFFNACWKTFTKLID,36,2.64,0.732,0.5696,0.3843,0.2885,0.7,0.5694,6108
GEN_3681,THCAAKPKDHAALSYMACILLILNRMCLHVKAFALD,36,1.63,0.7345,0.5059,0.5073,0.366,0.6,0.5694,6109
GEN_0020,THCAKKAAAKNCLHYLACVLLTYFNSCLQRKVFAIF,36,4.53,0.7721,0.5399,0.3843,0.2789,0.5,0.5694,6110
GEN_2239,FSCVKKTAAKHSLHYYACVGLTYFNSCLKRTVFAIF,36,4.9,0.746,0.5131,0.3194,0.1631,0.6,0.5694,6111
GEN_2156,THCAKKPKAHACLSYLACLILTPVNGCVKAKVFPAV,36,4.53,0.7466,0.5059,0.4491,0.3456,0.5,0.5693,6112
GEN_4206,TRCPWKIAAKHCLHYLACVLLTYFIACLKTYTTLIP,36,3.53,0.7298,0.5074,0.4167,0.3548,0.5,0.5693,6113
GEN_3221,NRCWKKPKAHVCLSTLACLDLIILNGCVKAFTRLPR,36,5.8,0.7382,0.6536,0.3843,0.5464,0.5,0.5693,6114
GEN_4459,SREAAKEKAHACLCTALCLLLIILNETYKTFTFLPK,36,1.52,0.7271,0.4632,0.4178,0.2221,0.6,0.5693,6115
GEN_6055,TYQAKKPLAKHALHYLACLLLTYFNACLHAKAQAIP,36,3.63,0.7112,0.523,0.4491,0.3232,0.7,0.5693,6116
GEN_4523,THCAKKAAAKNCLHYLACMLLTYDQNCLKNFVSDAP,36,1.53,0.7264,0.4958,0.3524,0.279,0.5,0.5693,6117
GEN_5465,FHCAKKAAIKCCLHYLACVLLTYFINCLHAKAFFIA,36,3.97,0.7167,0.5003,0.4815,0.5052,0.4,0.5693,6118
GEN_5751,THRAQKIAARHTLHYLACVLLTYMLPCGKTFKSLMP,36,4.63,0.714,0.5406,0.3843,0.2813,0.7,0.5693,6119
GEN_7474,WRCWPKPKAHAPLSTLVCLLLIFLNSCMKAKVFAAK,36,5.81,0.6924,0.517,0.5463,0.5212,0.6,0.5693,6120
GEN_5590,TKCAKKPLKHACLSYLACVLLTYLNGCLHAKVFAVP,36,4.53,0.7155,0.5962,0.4167,0.5362,0.5,0.5693,6121
GEN_4769,FHWVKKAAAKNALHWLACVLLTYHIATLKTKSPAIF,36,5.01,0.7237,0.5375,0.5139,0.3833,0.7,0.5693,6122
GEN_3059,THCAKKPLAKHALHYLACALWTYFNACLPIFTKLHP,36,3.71,0.7397,0.523,0.4491,0.3226,0.6,0.5692,6123
GEN_1937,THCAKRILAKHCLSYLACTLLTYFNACLKTFTSVKP,36,4.53,0.7483,0.4805,0.3194,0.1691,0.5,0.5692,6124
GEN_7892,THCAKKALSCHCLHYLMCVLLTYLNGCVKAKVFAMP,36,3.6,0.6842,0.4652,0.3843,0.4241,0.4,0.5692,6125
GEN_3906,THCAKKPLAKSCEHYLACVLLTYFNACLHAKAFAAD,36,1.62,0.7329,0.5122,0.4108,0.3487,0.5,0.5692,6126
GEN_5181,THCAKKLVAKHCLHYLACVLLTYFNACLHTFTSAAP,36,2.7,0.7195,0.4555,0.3843,0.2591,0.5,0.5692,6127
GEN_4431,THCAQKLVAKHCLHYLACVLLTYWNSCLKDKVFLMP,36,2.62,0.7275,0.4978,0.3843,0.3111,0.5,0.5692,6128
GEN_0185,THCAKKAAAKHCLHYLACVLLTYFNSCLKRTVFAIG,36,4.61,0.767,0.5471,0.3519,0.2689,0.5,0.5692,6129
GEN_5936,THCAHKILAKHCLHYLACVLLTYFNACLKAKVFAHF,36,3.79,0.7123,0.4787,0.4167,0.3475,0.5,0.5692,6130
GEN_0075,THCAKKAAAKNQLHYLACVLLTYFGSCLQRFTLLAP,36,3.54,0.7697,0.5697,0.3843,0.2656,0.6,0.5692,6131
GEN_4889,THCAKKICAKHCLTYLACLLLTYFIACLKTFTSLAP,36,3.52,0.7224,0.4573,0.3843,0.3219,0.4,0.5692,6132
GEN_3748,FRCWYKPKAAACLTTLACLQHIINNGKAKTFTKNKNF,37,6.81,0.7341,0.4473,0.3536,0.1468,0.55,0.5691,6133
GEN_0455,FHCAKKAAAKHCLHYLACVLLTYFINILKNFVSLGP,36,3.99,0.7626,0.5987,0.4491,0.3949,0.6,0.5691,6134
GEN_0503,THCAKKPLAKHCLHYLACVLLTYFNACLKTFTKLPK,36,5.61,0.762,0.5524,0.3519,0.2886,0.5,0.5691,6135
GEN_6079,LHCAKKAATKYTWHYIACVLLAYFEACLITFTSLIG,36,1.9,0.7109,0.5067,0.4236,0.3367,0.6,0.5691,6136
GEN_5985,LHCMKKLAAKHSLHYLACVLLTVFIAALKRCNTLYP,36,4.99,0.7119,0.5421,0.4491,0.4187,0.6,0.5691,6137
GEN_2820,TSCAKKLVAKHCLHYLACVLLTYFNSCLKAKVFAIF,36,4.53,0.7414,0.5082,0.4167,0.3278,0.5,0.5691,6138
GEN_2163,TRYHKKPKYHACLSNLACLLLTPVNGCLKTFTKLPK,36,6.53,0.7466,0.525,0.3312,0.1917,0.6,0.5691,6139
GEN_2363,TRYHKKPHYHACLSTPACLLLTIANGCVKAKVFLAP,36,4.62,0.745,0.4696,0.3843,0.1556,0.6,0.569,6140
GEN_6700,THCFKKPKAHACLSYLACLLLICFNACHKAKVSAAH,36,4.69,0.7041,0.3943,0.3843,0.2584,0.4,0.569,6141
GEN_6151,FHCAKKPLAKHCLHYLACVLLTYFNSILKAYVFAIF,36,3.98,0.7101,0.582,0.4815,0.5214,0.6,0.569,6142
GEN_4525,THYRRAKHNHACASTLRCLKLTYLIGNVKAFTRLPR,36,7.63,0.7263,0.5485,0.3954,0.2749,0.7,0.569,6143
GEN_6266,TRYHKKPHYCACLSTPACLLLTCLNGCLKGKIFAAH,36,4.6,0.7091,0.4245,0.3,0.2133,0.4,0.569,6144
GEN_4574,TRCAKKAKAHACLSTLACLALIILNGTVKNFTRLPR,36,6.45,0.7257,0.637,0.4106,0.5053,0.6,0.569,6145
GEN_3350,PRCAKKPNKHACLSNLACLLLTIVNGCVKAKVFAAR,36,7.0,0.7373,0.6055,0.4751,0.557,0.5,0.569,6146
GEN_2059,TVCAAKPHAHLALSYMACILLTYFNACLHASAFAAK,36,1.63,0.7473,0.466,0.5401,0.2998,0.6,0.569,6147
GEN_7895,TRCAKKPKAHCCLPQLACLLLIILNETYKTFTKLEK,36,4.44,0.6842,0.5504,0.3194,0.4338,0.5,0.569,6148
GEN_3816,ARCAKRPQAHLKLCTLACYLLFILNETYKTFTKVPK,36,5.85,0.7335,0.5643,0.3519,0.3071,0.6,0.5689,6149
GEN_3860,THCAKKAAAKHCLHYLACVLLTYFNSCLNRKAFAIP,36,4.61,0.7332,0.5378,0.3843,0.3626,0.5,0.5689,6150
GEN_4240,THCAKKALAHACLSYDACVLLTYFNACVWAKVFAAE,36,0.54,0.7294,0.4759,0.5515,0.4352,0.5,0.5689,6151
GEN_2772,DHCAKKKAAKRSLNYLACVLITHFNSCLKANVFAIF,36,4.9,0.7418,0.5955,0.3843,0.3717,0.6,0.5689,6152
GEN_3347,FHCAKKPLAKHCLHYIACVLVTYYNACLKAKVFALF,36,4.97,0.7374,0.5182,0.4491,0.385,0.5,0.5689,6153
GEN_4195,WHCAKKPLAKHCHHYLACVLLTYFNACLKTNTSLAP,36,4.06,0.73,0.4882,0.3519,0.2551,0.5,0.5689,6154
GEN_3689,TRHAARPKAHACLSYQACILLLLNNGCIKTFPKLPG,36,4.54,0.7345,0.5242,0.3843,0.2699,0.6,0.5689,6155
GEN_2450,THCAAKPHAHLALSYMACILLILNNGCIKTFFDLPK,36,1.63,0.7443,0.5503,0.4752,0.3815,0.6,0.5689,6156
GEN_1801,TICAKKIAAKTCLHYLACVEVTYFIACLKTFTWLAP,36,2.44,0.7495,0.4851,0.4491,0.3013,0.5,0.5689,6157
GEN_4136,LHCAKHLVAKHALHYLACVLLTANNACLKTFTSAAP,36,3.08,0.7304,0.4974,0.4491,0.2998,0.6,0.5689,6158
GEN_8696,ILLCSPSRYTHPCIKALKVRFPQSNLADIFEALKKNNS,38,3.83,0.65,0.5609,0.3553,0.4991,0.6,0.5688,6159
GEN_7451,FNYWPKPKAAACWSTLPCLQAIILNACGKVKVHVLV,36,3.81,0.6928,0.445,0.5139,0.3641,0.6,0.5688,6160
GEN_7623,FHCAKPTAAKHTLHYLRCVLATYFQSCLKATVFALF,36,3.99,0.69,0.5416,0.4167,0.4344,0.6,0.5688,6161
GEN_7422,FHCWYKPKAAACLSQLACLLLIIHNGQGKTPTKLAV,36,3.9,0.6935,0.4675,0.4167,0.3027,0.6,0.5688,6162
GEN_7022,IHCAKYPLAQTCLHYLACVLLTYFNATLKDFTKEIP,36,0.9,0.6998,0.5354,0.4611,0.4457,0.6,0.5688,6163
GEN_3540,TRCAAKPKAHACLLTLACLLLIILNETYKTFTFLPK,36,3.45,0.7358,0.4909,0.4491,0.2758,0.6,0.5688,6164
GEN_4903,FRCWYKPKAAACLSTLACLQAIILNGKGKTFTKLPK,36,6.72,0.7222,0.4783,0.4265,0.2639,0.6,0.5688,6165
GEN_6890,THCAKKPKAHACLSYLACLILTGVSGCAKAKVFPAV,36,4.53,0.7017,0.4695,0.4167,0.3536,0.5,0.5688,6166
GEN_4818,FRCWYKPKAAACLSTLACLQAIILNGKGKTFTKIPKSKWSWDAWR,45,7.72,0.723,0.4987,0.4783,0.4476,0.45,0.5688,6167
GEN_5067,FRCWYLTKAHAPLKTLACRLLAIKNGEGKTFWRLPRPFGIGTITR,45,7.83,0.7206,0.6833,0.4843,0.6668,0.6,0.5688,6168
GEN_1206,TTCAKKIAVRHCLHYLAQLLLTYFIACLKTFTSLAP,36,3.54,0.7548,0.5647,0.4167,0.3219,0.6,0.5688,6169
GEN_7813,FRCWYRPKAAACLTTLACLQHVIHDGHGKTFTKNKNSFGLGPAFN,45,4.99,0.6861,0.4423,0.3,0.2284,0.5,0.5688,6170
GEN_0232,THCAKKAAAKNCLHYLACVLLTYFNSCLQRKVFAIP,36,4.53,0.766,0.5399,0.3843,0.2889,0.5,0.5688,6171
GEN_1719,THCAKKNLVKECLHYLACVLLTYFNACLKSFTKLAH,36,3.62,0.7501,0.5389,0.3194,0.2591,0.5,0.5688,6172
GEN_5573,FHCAKKPLAKHCLHYIAAVLVTYFNACTKAIVFALF,36,3.99,0.7156,0.5459,0.5139,0.4784,0.6,0.5687,6173
GEN_4665,SRCYYKAKAALRLSTLACLLLIILNGCLKAKVFAAV,36,5.42,0.7247,0.5667,0.4815,0.4598,0.6,0.5687,6174
GEN_5361,THCAKKIAVPHCLHYLAAVLLNYFNACLHAKAFAIF,36,2.71,0.7178,0.5032,0.5139,0.4022,0.6,0.5687,6175
GEN_7279,KRYHKKPHYHACLSTPACLKLTIANGCVKAKDFLAI,36,5.99,0.696,0.447,0.3194,0.1649,0.6,0.5687,6176
GEN_0456,FHCAAKPLAKHCLHYLACVLLTYFNRCLKAKVFAIF,36,4.98,0.7626,0.6345,0.4815,0.5509,0.5,0.5687,6177
GEN_3445,SRCLKKMAAKHCLEYLACVLLTYFNACLKTSTSLAY,36,3.5,0.7365,0.5057,0.3194,0.2349,0.5,0.5687,6178
GEN_3705,LHSAKKILAKMSLHYLACVLLTYYINCLKNFTSLIA,36,3.91,0.7344,0.5502,0.4167,0.2783,0.7,0.5687,6179
GEN_3718,HRCAHKANKHACFSTLACLLLIIVNVKGKTFTKFPK,36,6.99,0.7343,0.5637,0.4094,0.3602,0.6,0.5687,6180
GEN_3060,THCAKKGLAKRCLHWCACLLLNYFNACLHAAASVKP,36,4.61,0.7397,0.4914,0.3843,0.3352,0.4,0.5687,6181
GEN_7385,MHCAKKIAAKHSLHYLACVLLTYFIACLKTYTTLIP,36,3.73,0.6944,0.4553,0.4167,0.2796,0.6,0.5687,6182
GEN_4463,TWCAKKAAAKNCLHYIACVLVTYFNACEIAKHFAMA,36,2.53,0.7271,0.5127,0.4491,0.398,0.5,0.5687,6183
GEN_6441,YWCEKKPQAHACLCTLAAELLFILNETYKTFAKLPK,36,1.82,0.7072,0.5713,0.3969,0.4235,0.6,0.5687,6184
GEN_5311,FHCAKKPLAKHCLHYIACVIVTYFNACLKPKVFALF,36,4.98,0.7182,0.532,0.4815,0.4835,0.5,0.5687,6185
GEN_0216,LHCAKKLVAKHCLHYLACVLLTYFNACLKTFTSAAP,36,3.98,0.7662,0.5057,0.4167,0.2624,0.5,0.5686,6186
GEN_5476,THCAKKAAAKHCLHYLACVLLTYFNSCLKATVFALF,36,3.61,0.7166,0.5082,0.4167,0.382,0.5,0.5686,6187
GEN_2532,WRLWYKPKAHACLSTLACLLLIILNPCVKAKVFLAL,36,4.81,0.7437,0.5282,0.5787,0.448,0.6,0.5686,6188
GEN_4751,FRCWYKPKAAACYTTLACLQAIIHNGCGKTFTKLAV,36,4.8,0.7238,0.5136,0.3519,0.3099,0.5,0.5686,6189
GEN_3274,LRCAKKEGLKHCLHYLACVLLTYFNSCAKRKVFAIF,36,5.89,0.7379,0.5265,0.3519,0.2983,0.5,0.5686,6190
GEN_7886,VRYHKKPCYHACLSNVACLLLTPNNGCVKAKVWPAV,36,4.86,0.6844,0.494,0.3843,0.4012,0.5,0.5686,6191
GEN_5131,LHCAKRIAAKHSGHYLACVLATYFIGCLKTFTSCRP,36,4.98,0.72,0.4774,0.3194,0.226,0.5,0.5686,6192
GEN_1726,LHCAKRIAAKKCLHYLACVLLTYFINCLKAKVFALI,36,5.89,0.7501,0.5398,0.4815,0.4215,0.5,0.5686,6193
GEN_6907,FHCAKKPLAKHCLHYIACKIATYYNCCLKAKVFHIF,36,6.05,0.7015,0.4765,0.3548,0.3688,0.4,0.5685,6194
GEN_3302,THCAKVAAARNCRHYLALVLLTAFNSCLQKSTLLAP,36,3.54,0.7377,0.5262,0.4167,0.2955,0.6,0.5685,6195
GEN_3419,SHCAKKSAAKHCLHYLACVLLTYFIACNKTFTSLAP,36,3.68,0.7367,0.459,0.3519,0.1881,0.5,0.5685,6196
GEN_3533,FHQAKKPLAKDSLHALACVLLTYFNACLKTFDRAPK,36,3.91,0.7358,0.6237,0.4167,0.395,0.7,0.5684,6197
GEN_2140,FHCAKKPLAHHCLHYLACVGLTYFDACLKTFTKLIP,36,3.06,0.7467,0.5701,0.3843,0.3816,0.5,0.5684,6198
GEN_5348,WRCFKKPKAHACLSTWACLLAAILNGRGKTFTKLPDTFPIGTGRR,45,7.81,0.7179,0.5753,0.4576,0.5306,0.5,0.5684,6199
GEN_7119,NHCAKRILAKHCYHYLACVLLTYFNACLKTSTSLAD,36,2.98,0.6984,0.4542,0.3,0.2161,0.5,0.5683,6200
GEN_4834,FRCWDKPKAAACLSTLACLVLIIINGQHKTFTKLAV,36,3.81,0.7229,0.5312,0.4491,0.3696,0.6,0.5683,6201
GEN_4944,TVCHKKFLALACLSYLAAVLLIILNETYKVFTFCAK,36,2.45,0.7217,0.5184,0.4815,0.3834,0.6,0.5683,6202
GEN_6863,THCAKKLPAKHCLHYLRCVLLSYFNAFLYAKANAIF,36,4.62,0.7021,0.5589,0.4167,0.4318,0.6,0.5683,6203
GEN_6797,THCAKKPLAKHCLSYLACILLTYPNACLHAETFAAK,36,2.62,0.7027,0.4678,0.3843,0.3132,0.5,0.5683,6204
GEN_5026,THCAKKPKAHACLSYLACLLLTCLNGCHKAKVFLPK,36,5.6,0.721,0.4338,0.3519,0.2477,0.4,0.5683,6205
GEN_5998,TACAKKIAAKHCLHYLACVLLTRTINCCKTFTSLIP,36,4.52,0.7118,0.5043,0.3519,0.3867,0.4,0.5683,6206
GEN_1558,QDSAKKILAKHCLHYLACVLLTYFNACLKAHAFAYF,36,2.99,0.7515,0.4897,0.4167,0.201,0.6,0.5682,6207
GEN_5127,TRPIKKPHYHACLSTLACLQAIILNGKGKTFTKIPK,36,6.55,0.72,0.5184,0.3513,0.1901,0.7,0.5682,6208
GEN_7096,THCAKKAAAKHCLHYLCCVLLTYFNSCLKMTVFALF,36,3.6,0.6987,0.4942,0.3843,0.4314,0.4,0.5681,6209
GEN_4644,TCCLKRLVAKHTLHYLACVLLTYFNACLKTFTSLAD,36,2.53,0.725,0.4944,0.3519,0.2718,0.5,0.5681,6210
GEN_8331,NPWGTRCGGPISLARILSTTFHVAGPLIASNRRSGSILF,39,3.84,0.6707,0.5415,0.3718,0.4301,0.6,0.5681,6211
GEN_1046,THCAKKAAAKNCLKYLACVLLTYFINCLQRFTLLAP,36,4.44,0.7566,0.6295,0.4167,0.4877,0.5,0.5681,6212
GEN_2809,FHCAKKPKAKHCLHYLACVLLTYFIACLKTFTSLAP,36,4.98,0.7415,0.4712,0.4167,0.2591,0.5,0.5681,6213
GEN_5195,FHCAKKIAAKKCFHYLACVLLTYFNACLHAKAFAAD,36,3.98,0.7194,0.5287,0.4491,0.439,0.5,0.5681,6214
GEN_4604,TICAKKIAAKHCLHYAACVLNTYFINCLWNFTSLLP,36,2.53,0.7255,0.4807,0.4167,0.3127,0.5,0.5681,6215
GEN_2081,FHCAKKPLAKHCLHYLACILLTYFIWCVKTFTLLAP,36,3.98,0.7472,0.52,0.4815,0.3922,0.5,0.5681,6216
GEN_5453,THCAAKPHAHACLSYLACVLLTYFNACLHAKAFADD,36,-0.29,0.7168,0.4243,0.5771,0.3983,0.5,0.568,6217
GEN_1651,THCAKKAAAKNCLHYLACVWLTYFDSCLQRKVTNFP,36,3.53,0.7506,0.503,0.3194,0.1933,0.5,0.568,6218
GEN_5155,TRCAKKPKAHACLSTLARLHLMILNACLKAKVFCAR,36,7.53,0.7198,0.5246,0.5058,0.4873,0.5,0.568,6219
GEN_1819,TVCAKKILAKHCLHYLACVLVTYFNACLKAKVFAIF,36,4.53,0.7493,0.5065,0.4815,0.3642,0.5,0.568,6220
GEN_6070,THLAKKPAVKHCLHYLLCVLLTYFNACLKTITKLAR,36,5.62,0.711,0.6291,0.3843,0.494,0.6,0.568,6221
GEN_1795,GTCAKKILAHHCLHYLACVILSYFNSCLKAGLFAWF,36,2.98,0.7495,0.5294,0.4167,0.3367,0.5,0.568,6222
GEN_4966,FRCWYKPKAAACLSTLACLLLIILNGQGKTFTKLPK,36,5.72,0.7214,0.5193,0.4167,0.3181,0.6,0.5679,6223
GEN_4328,FRCWYKPKAAACYTTLACLQAIIHNGCGKTFTKLPNSFGLGDLNR,45,4.8,0.7284,0.5499,0.3,0.3694,0.4,0.5679,6224
GEN_6424,FRCWYRPKAAACLTTLACLQHIIHNGKGKTFTKNKNSFVLGDANY,45,5.9,0.7074,0.4312,0.3,0.1541,0.5,0.5679,6225
GEN_3982,FHCEKKPLAKHCLHYLACVLVTYFNACLKMKVQAIF,36,3.98,0.7322,0.4923,0.4167,0.3146,0.5,0.5679,6226
GEN_4100,THLAMKPKAHACLSYMACILLILNNTCIKTGTKLPK,36,4.54,0.7308,0.549,0.3843,0.3135,0.6,0.5679,6227
GEN_4150,THCAKKPKAHACLSYLACLLQIINNGCLKGMVFAVP,36,3.53,0.7303,0.5166,0.4167,0.3594,0.5,0.5679,6228
GEN_3081,TTCAKKIAAKHCLHYLACVLLTYFINCLRTFTSLIP,36,3.53,0.7395,0.5764,0.3843,0.4055,0.5,0.5679,6229
GEN_6175,FHCAKKPLAGHCLYYIACVLVTLFNACLKAKVFAMF,36,3.89,0.71,0.5366,0.5139,0.5375,0.5,0.5679,6230
GEN_2561,TRCAARPKAHGCLSYMACILLILNNGCIKTFSKLPK,36,5.44,0.7434,0.5559,0.3519,0.3299,0.5,0.5679,6231
GEN_4951,TVCAKKIAAKHCLAYLACVLLTYFIACLKTFTSLAP,36,3.44,0.7216,0.499,0.4815,0.415,0.5,0.5678,6232
GEN_3524,THCAWKAAAKHCLHYLACVLLTPFITSLNRKVFAIF,36,3.63,0.7359,0.6072,0.4815,0.4952,0.6,0.5678,6233
GEN_8631,SRDFAVGVVVCHILDLRFSACFGGL,25,-0.47,0.6547,0.4621,0.3129,0.0071,1.0,0.5678,6234
GEN_1756,THCAKKPLAKHCLHWLACVLLTYFNKCLKTFTKLPK,36,6.61,0.7499,0.6334,0.3876,0.4787,0.5,0.5678,6235
GEN_1668,THCAKKAAAKHCLHYLACVLLTYVIACLKTFTSLAP,36,3.61,0.7505,0.4694,0.4167,0.233,0.5,0.5678,6236
GEN_5326,TGCAHKIAAKHCLHYLACVLLTYFIACLKTFTSLAQ,36,2.62,0.7181,0.4874,0.3843,0.306,0.5,0.5678,6237
GEN_1254,FRCATKDAAKWCLHYLACLLLTWFNTCLNRKVFAIF,36,3.8,0.7544,0.606,0.4491,0.4839,0.5,0.5678,6238
GEN_3211,THCAEKPKAHACLCTLACLLLIILNETLKTWTKLPK,36,2.53,0.7383,0.5788,0.3843,0.4116,0.5,0.5678,6239
GEN_5231,WRCWYKPKAHACISTLACLLLNILNGENKIKVFAAV,36,3.82,0.719,0.5129,0.4491,0.345,0.6,0.5678,6240
GEN_6318,WRCWYKKKAHACVSVLACKLLAILNGCNKTFTKLAV,36,6.8,0.7086,0.5422,0.431,0.466,0.5,0.5677,6241
GEN_5170,TLCASKIAAKHCLHYLACVLVTYFNACLKAKVFAIF,36,3.53,0.7196,0.5065,0.4815,0.4311,0.5,0.5677,6242
GEN_5309,TPCAKKIAAKHCLHYLACVLHTVFIACLKTFTSLIP,36,3.62,0.7182,0.5004,0.4491,0.3917,0.5,0.5677,6243
GEN_5677,THCAKKIAVKHCLPWLACVLLTYFNACLHAKAFAIG,36,3.62,0.7146,0.4839,0.4815,0.4055,0.5,0.5677,6244
GEN_6595,THCAKRLLAKHCLHYMKCALLTYFNACKKTRTKLIP,36,7.61,0.7054,0.4484,0.394,0.2802,0.5,0.5677,6245
GEN_7398,TRCAKKPAKHLQLSYLVCVLLTFLNPCVKAKVFAVP,36,5.45,0.6941,0.6976,0.4815,0.7429,0.6,0.5677,6246
GEN_6608,TRYHKKPHYHACLSYMACILLIINNGKGKTFTKLPK,36,6.63,0.7053,0.4166,0.3368,0.0364,0.7,0.5677,6247
GEN_3247,THCAARPKAHANLSYMACILLILNAGCIDTFTKLPK,36,2.54,0.7381,0.5512,0.4167,0.3313,0.6,0.5677,6248
GEN_8421,FKCYYLVCARTGRWCFAQPGIIPKILCCMGPLATP,35,3.71,0.6668,0.5017,0.4333,0.5309,0.45,0.5676,6249
GEN_6855,KRIALTAATLTRFDACTYKALGSCFSQFYVLVAK,34,3.74,0.7021,0.5107,0.3524,0.1493,0.8,0.5676,6250
GEN_5174,FHCARAPLAKHCLHYLACVLLTYFNLCLKNFTKLIP,36,3.98,0.7196,0.5797,0.4491,0.52,0.5,0.5676,6251
GEN_7732,WRCWYKPKAKACLSTLACLQAEILGGKGKTFTKLPHSWGKGTGNR,45,7.81,0.688,0.4915,0.4057,0.4033,0.5,0.5676,6252
GEN_7303,THCAKKPKAHACLTGLACLLLTPAEGCVKAKVFPVA,36,3.53,0.6956,0.4678,0.4491,0.3898,0.5,0.5676,6253
GEN_1438,THCAKKIAAKHCLHYAACVVLTYFNACLKTFTKAAD,36,3.62,0.7527,0.5381,0.3519,0.2766,0.5,0.5676,6254
GEN_6781,THCAKKIALKNCLHYLACVLLTYYNSCLQRKVFLIF,36,4.53,0.7029,0.4794,0.3519,0.295,0.5,0.5676,6255
GEN_0532,THCAKKIAAKHCLHYLACVLLNYFIACLKTFTSLAP,36,3.61,0.7617,0.5033,0.4167,0.2624,0.5,0.5676,6256
GEN_5713,THCAKRALAKHCLHNLACVLLTHFNACLKTFTSLAN,36,3.7,0.7142,0.4944,0.3519,0.293,0.5,0.5675,6257
GEN_3189,FHCAKKPLAKHCLHYLACFLLTNFNACLKTFTKLIP,36,4.98,0.7385,0.5802,0.4167,0.4437,0.5,0.5675,6258
GEN_2794,THCAKKWHAMACLSYLACLLLVLNNPCPKAKIFAAR,36,4.53,0.7416,0.4673,0.4815,0.3133,0.5,0.5675,6259
GEN_6476,TSCAKKPLAHACLSYLECVALTYFMACVHAKVFAAK,36,2.53,0.7069,0.4516,0.4491,0.3353,0.5,0.5675,6260
GEN_2936,TRCARKPKAHACLCGLACLLLIILNETYKVFTFLPK,36,4.44,0.7406,0.5259,0.4167,0.3481,0.5,0.5675,6261
GEN_8361,YHCAKKPKAHVCNSYLACHLLIINNPCVKAFTRLPR,36,5.98,0.6693,0.6501,0.3519,0.6572,0.5,0.5675,6262
GEN_6745,NPWGSRCAGPISLLRILSTTFHVAGPLIALYRRSGKALF,39,4.84,0.7034,0.5731,0.4316,0.4621,0.6,0.5675,6263
GEN_7708,HRCWHDPKAHAELSSLACLLLIINNGKGKTFTKLPRPFGIGTISR,45,5.0,0.6884,0.6362,0.3259,0.4967,0.6,0.5675,6264
GEN_8519,WMCWYKGKAHACLSTLLCLQGIILNGKGKTFTKLPHSFGIGMANR,45,5.9,0.6619,0.5443,0.3259,0.5051,0.45,0.5675,6265
GEN_3647,SRCAKKPKAHAFLSTLACLLLIILNACAKAKFFAAR,36,6.51,0.7348,0.5295,0.5438,0.4284,0.6,0.5675,6266
GEN_7807,QRYHKHPKYHACLSNLACLLLTPVNGCVKTKVFPAV,36,4.99,0.6864,0.4549,0.3519,0.2251,0.6,0.5675,6267
GEN_0667,FHCAKKPLAKHCLHYLACVILTYFNACLHAKAFAAD,36,3.07,0.7603,0.5061,0.4491,0.302,0.5,0.5675,6268
GEN_3576,TRCWKKPKAHACLLYLACLLLIILNGCLKAKVSAAR,36,6.44,0.7355,0.509,0.4747,0.3904,0.5,0.5675,6269
GEN_6332,FRCWYDPKAAACLSTLGCLQAIILNGKGKTFTKLPKSFGIGDANR,45,4.73,0.7085,0.5934,0.3259,0.445,0.5,0.5675,6270
GEN_2870,SHCAKKIAVKHCLHYLACVLLTYFIACLKTFHSLAP,36,3.76,0.7411,0.4813,0.4167,0.2724,0.5,0.5674,6271
GEN_2999,WRLWYKPKAHACLSTLACLLLIILNPCVKAKVFAAV,36,4.81,0.7402,0.5282,0.5787,0.448,0.6,0.5674,6272
GEN_7843,TRYHKKPKYGACLSNDACLLLLPVNGCVKAKVFPAV,36,4.45,0.6854,0.4653,0.3843,0.2762,0.6,0.5674,6273
GEN_5460,THCAKKAAAKNCLHYLACVLLTYFNCCLLRCVFAVF,36,3.51,0.7168,0.5109,0.4167,0.4451,0.4,0.5674,6274
GEN_8321,TRCAAKPRAHACLCTLACLLLIIPNETYKTSTFLPK,36,3.44,0.6709,0.424,0.3843,0.3085,0.5,0.5674,6275
GEN_6843,THCAKKIKAKKCLRELACVLLTYFNACLKAHDFAVF,36,4.53,0.7022,0.6086,0.3843,0.543,0.5,0.5674,6276
GEN_4883,THCLKKAAQKNCLHHLACVFLTYFGDCLQKFTLMAP,36,2.62,0.7224,0.5515,0.3519,0.368,0.5,0.5674,6277
GEN_7931,TRRRKKPHNHACLSNLICLLATPVNGCVHAKVVAAH,36,5.71,0.6834,0.4412,0.3519,0.2088,0.6,0.5674,6278
GEN_2451,TRCAKKPLKHACLSYLACVLLTFLNGCVKAKVFAVP,36,5.44,0.7443,0.6612,0.4491,0.5964,0.5,0.5673,6279
GEN_6156,THCAQKYVAGHCLHYLACVLLSYFNSCLKAKVFLAP,36,2.61,0.7101,0.501,0.3843,0.3447,0.5,0.5673,6280
GEN_5626,FRCWYKPKAAMCLSTLACLQAIILNGKGKGFTRLCKSFGIGDANR,45,6.72,0.7151,0.643,0.3677,0.6195,0.4,0.5673,6281
GEN_3379,ERYHKFKHYHACLSTPACLLLTILNGCLKAKVFAAH,36,4.15,0.7372,0.4742,0.3519,0.1375,0.6,0.5673,6282
GEN_5874,THCAKKAAAKHCLHYLACVLLTYFNSCLKATVFAVF,36,3.61,0.7129,0.5082,0.4167,0.382,0.5,0.5673,6283
GEN_5157,THCAKKPLAKHCLHYLACVLTTYFNACLHAKAFAIF,36,3.7,0.7198,0.4923,0.4167,0.3394,0.5,0.5673,6284
GEN_5808,THCAKKAAAKNCLHYCACVLLTYFNSCLKATVFALF,36,3.52,0.7135,0.4943,0.3843,0.392,0.4,0.5673,6285
GEN_2199,ARCAKKTLIKHCLHYIACVLVWYFNACLKLKVFAIF,36,5.92,0.7464,0.5631,0.4815,0.4606,0.5,0.5673,6286
GEN_4239,TRCAKKPYAHACLSTLACASLIILQTHLKAMVFGAW,36,3.54,0.7294,0.538,0.4491,0.3588,0.6,0.5672,6287
GEN_5252,THCAKKIAAKFCLHYLLLVLLTYFIACLKYFTSLAP,36,3.54,0.7188,0.5478,0.4815,0.4317,0.6,0.5672,6288
GEN_7338,THLMMKPKAHACLSNLACLLLTPVNGCLKAKVFAPH,36,3.63,0.6951,0.5049,0.4815,0.4158,0.6,0.5672,6289
GEN_5151,THCAKRILAKHCLHYVACVLLTYFNACLKTSTKLHP,36,4.7,0.7199,0.4688,0.3194,0.2021,0.5,0.5672,6290
GEN_5826,WRCWKKPKAHAELSTLACLLIEINNGKGKTFTKLPRSFGIGTISR,45,6.83,0.7133,0.6285,0.3482,0.4463,0.6,0.5672,6291
GEN_0541,LHCAKKIAAKHSLHYLACVLVMYFIACLKTFHSLAP,36,4.07,0.7616,0.4966,0.4815,0.2471,0.6,0.5672,6292
GEN_1454,VHCAKKAAARHCLHYLACVLLTYWLNCLHAKAFNAP,36,4.04,0.7526,0.5164,0.4491,0.3352,0.5,0.5672,6293
GEN_5022,TRCWKKDKAHACLSTLACLLLIILNGQGKTFTKLPKSFGIGTPSR,45,6.45,0.721,0.5823,0.3263,0.3959,0.5,0.5672,6294
GEN_4808,WRCFWKPKAHACLYTLACLNVIILNPKGKKFDKLPKSYGVGFGLR,45,7.81,0.7233,0.5833,0.4833,0.5495,0.5,0.5672,6295
GEN_3755,THCAKRILAKHCLVYLAMVLLTWFNACLHAKAFAAA,36,3.63,0.7341,0.5653,0.5463,0.4905,0.6,0.5672,6296
GEN_5855,LHCARKAAAKTSLHYALCVLKTYFPACLHWKAFAIP,36,4.99,0.7131,0.5005,0.4815,0.3661,0.6,0.5672,6297
GEN_5827,TRYHYKPKAAACLTTLACLQHIINNGKAKTFTKNKN,36,6.54,0.7133,0.4113,0.3318,0.0,0.7,0.5671,6298
GEN_8429,FHCAKKELAKHCIHYLWCVLLTYFNACLKVKTSVRP,36,4.98,0.6663,0.4992,0.3519,0.4097,0.5,0.5671,6299
GEN_3773,TQCAKKPLKRACLSYLACVILTYLNGFVKAKVFAVP,36,5.36,0.7339,0.6209,0.4491,0.4854,0.6,0.5671,6300
GEN_5868,WRCWKKPKAHAELSTLACLVIEINNGKGKTFTKLPRSFGIGTISR,45,6.83,0.7129,0.6285,0.3482,0.4463,0.6,0.5671,6301
GEN_7919,THEAKKPKHKHCLHYLACALLFGFNLCLKIFTKCHP,36,4.79,0.6837,0.5007,0.3194,0.3393,0.5,0.5671,6302
GEN_8316,TRFHKTPHFFAELGTPACLLVSILDGCVKAKVCAAP,36,1.54,0.671,0.5268,0.481,0.5073,0.6,0.5671,6303
GEN_5519,KRCAKYPKAHACLSTLACVLLTYFMAAVHAKVFAAK,36,5.9,0.7162,0.5208,0.4815,0.3927,0.6,0.5671,6304
GEN_5370,KHCWYKPKAAACLSTLACLQAIILNGKGKPFTKLPK,36,6.81,0.7177,0.4773,0.4315,0.266,0.6,0.567,6305
GEN_1737,THCAKKAAAKHCLKYLACVLLLYFINCLQRFTDLAP,36,3.53,0.75,0.6186,0.4167,0.4777,0.5,0.567,6306
GEN_4309,TRYHKKGHYHACLFSLACLQLIILNGCVKAKVFAAH,36,4.71,0.7286,0.466,0.3519,0.142,0.6,0.567,6307
GEN_3557,HRCAMKPKAHACLSTLACLLLIILKGCVKAFTHAAV,36,4.98,0.7356,0.587,0.4815,0.5235,0.5,0.567,6308
GEN_1553,FHCAKKPLARHCLHYLACVLLTYFNACLKTFTSLAD,36,2.98,0.7516,0.5268,0.3843,0.2886,0.5,0.567,6309
GEN_0405,TRCAKKILAKHHLHYLACYLLTYPNACLHAKAFAIP,36,4.71,0.7632,0.5606,0.4167,0.2836,0.6,0.567,6310
GEN_7926,FRCWYKPKAAACLSTLACEQAAILNGKGKTFTKLPKSFGIGDANR,45,5.73,0.6835,0.5934,0.3259,0.5002,0.5,0.567,6311
GEN_8573,GHIAVKHLFCWIAGLALRPEDG,22,-0.07,0.6585,0.5164,0.3148,0.0858,1.0,0.567,6312
GEN_0820,THCAKKILAKHCLHYLACVLLTYFNACIRAKVFAIF,36,4.61,0.7587,0.5484,0.4491,0.3722,0.5,0.5669,6313
GEN_4055,NRCWKKPKAHVCLSTLACLLLIILNGCVKAMTRLPK,36,6.8,0.7312,0.5962,0.4635,0.5302,0.5,0.5669,6314
GEN_2221,THCAKKLVAKNCLIFAACVLLKYFNACLKTFTSAAP,36,4.44,0.7461,0.5803,0.4491,0.4545,0.5,0.5669,6315
GEN_3240,THCAKKPWAKHCLHYLACVLLTYFNACLKTFTKLAR,36,5.61,0.7382,0.6053,0.3519,0.4177,0.5,0.5669,6316
GEN_7666,THCAAKPKAHACLSYMACRLLIINNGCGKTFTKLPK,36,5.53,0.6892,0.5267,0.3194,0.3681,0.5,0.5669,6317
GEN_6276,TVSAVTIAAKHCLHYLACVKLTYFSACLKTFTTLAP,36,2.54,0.709,0.496,0.4167,0.3019,0.6,0.5669,6318
GEN_7572,NHCHKKPHYHLCLSNLAVLLLTPVNACLKAKVTAAG,36,4.07,0.6907,0.4582,0.3843,0.2491,0.6,0.5669,6319
GEN_6179,HRCWKKPKAHLELSTLACLLLIIQSGKGKDFTKLPRSFGIPTISR,45,6.91,0.7099,0.6372,0.3792,0.4977,0.6,0.5669,6320
GEN_7674,IRCWYKPKAAACLSTLVCLQAIIISGAGKDFTKLPKSFGAGDVNR,45,4.73,0.689,0.6158,0.3778,0.5751,0.5,0.5668,6321
GEN_4657,FRCWYKPKAHACLSTLACLLLIILNGDNRTFEKLAV,36,2.82,0.7248,0.5685,0.4167,0.385,0.6,0.5668,6322
GEN_3834,FHCAKKIGAKHSLHYLACVLLSYFSSCLKAPVFALF,36,3.99,0.7334,0.5145,0.4491,0.3073,0.6,0.5668,6323
GEN_6829,THCAAKPHAHACLHYLAWVLITYFNACLHAKAFAIP,36,1.8,0.7023,0.4684,0.5279,0.3822,0.6,0.5668,6324
GEN_1387,THCAKKMAAKHCLHYIACVLVTYFNACLKAKVFAGF,36,4.61,0.7531,0.4847,0.4167,0.2456,0.5,0.5668,6325
GEN_5498,IRCWYKPKAAACLSTLACLQAIILNGKGKTFTKLPK,36,6.72,0.7164,0.4783,0.4265,0.2639,0.6,0.5668,6326
GEN_1427,TRCAKKIAAKKCLHYLACVLVTYFIACLKTFTSLAP,36,5.44,0.7528,0.512,0.4167,0.2919,0.5,0.5668,6327
GEN_3715,FRCAKKPKAHRCLCTLACLLLIILNENWKTCAGIAP,36,4.8,0.7343,0.5508,0.4167,0.4664,0.4,0.5668,6328
GEN_1843,THCAKKPVAKHCLHYLACVLLTYFNACLHATAEAAD,36,0.71,0.7491,0.4784,0.4746,0.302,0.5,0.5667,6329
GEN_0778,FDCAKKPLAKHCLHYLACVLLTYFNACLKTFTSLIP,36,2.89,0.7592,0.5222,0.4167,0.2932,0.5,0.5667,6330
GEN_0988,TVCAKKIAAKHCWHYLACVWLTYFIACLKNFNTLIF,36,3.53,0.7572,0.512,0.4491,0.3134,0.5,0.5667,6331
GEN_0299,TVCAKKAAAKHCLHYLACVLLNYFNSCLNRKVFAIF,36,4.53,0.7649,0.5834,0.4167,0.382,0.5,0.5667,6332
GEN_8117,TRYHKKPHYHTCLSTPACLLLTIANGCLVAKVFAAP,36,3.63,0.6777,0.4302,0.3843,0.2313,0.6,0.5667,6333
GEN_7767,THCHKKPRYHACLSNLACLLLTPVNGCVKAKVFAAV,36,4.62,0.6871,0.4632,0.3843,0.3308,0.5,0.5667,6334
GEN_5787,THCAKKAAALCSLHYLACVLLTYFNSCLNRKLFAIF,36,3.53,0.7137,0.5517,0.4167,0.4489,0.5,0.5667,6335
GEN_4822,LHCAKKCAAKHSLHYLACDLVTYCIACLKTFTNPAP,36,2.97,0.723,0.4334,0.3519,0.2316,0.4,0.5667,6336
GEN_2188,THCAAKPHAHLALSYMACILLILNNGCIKTFPKLVK,36,3.63,0.7464,0.6275,0.4491,0.4638,0.6,0.5666,6337
GEN_3583,TRCMRKAGARACLSYLACLLLTCNNGCVKAKVYAPR,36,6.34,0.7354,0.5613,0.3395,0.4032,0.4,0.5666,6338
GEN_1670,TRCAKKPLAKHCLHYLACVLLTYFDACLHAKAFAAD,36,2.62,0.7505,0.53,0.4167,0.326,0.5,0.5666,6339
GEN_8405,THCARKPKAHACLCTLACALLIIMNQMWKTFTYKPK,36,5.53,0.6675,0.5126,0.3843,0.4584,0.5,0.5666,6340
GEN_0203,THCLKKVAAKNCYHYLACVLLTYFGSCLQKFTLLAP,36,3.53,0.7666,0.5147,0.3519,0.1986,0.5,0.5666,6341
GEN_3754,THCAKKGLAKHCLHYLACALLTYFNACLKTFTILIP,36,3.61,0.7341,0.4786,0.3843,0.2463,0.5,0.5666,6342
GEN_1743,THCAKKIAAKHCLHYLACVLVTYFNACLKAKVFAPF,36,4.61,0.75,0.4926,0.4491,0.2974,0.5,0.5666,6343
GEN_4698,FHCAPKAAAKNCLHYLACVLLTYFNTCLNRKVFAIF,36,3.89,0.7244,0.5589,0.4491,0.4678,0.5,0.5666,6344
GEN_6648,WRCSKKPKAKACLSTIACLDAIILNGWGKTFTKLPKSMGWGDANR,45,6.73,0.7046,0.5696,0.3683,0.4843,0.45,0.5666,6345
GEN_4781,THCAKRILAKHCLHYLACVLLTYFNACLHTKTSLAD,36,2.71,0.7236,0.4681,0.3194,0.1888,0.5,0.5666,6346
GEN_7452,FRSWYRPKAAACLTTLACLQHNIWNGKGMTFTKDKNSFGLRDANY,45,4.82,0.6928,0.4345,0.3,0.1181,0.6,0.5666,6347
GEN_0967,THCAKKILAKHCLHYLACVLLTYWNACLKAKTCDVP,36,3.6,0.7573,0.4416,0.3519,0.1647,0.4,0.5666,6348
GEN_3819,SRCIKKPKAHACLSTLACLLLIILNGCLKAKVFAAR,36,6.5,0.7335,0.5347,0.4784,0.4352,0.5,0.5666,6349
GEN_1949,DHCAKKILAKHCLHYLACVLLTYFNACLHAKAFAIP,36,3.06,0.7482,0.4833,0.4491,0.2858,0.5,0.5666,6350
GEN_1339,THCAKKPLAKHCLHYLACVLLTYFNACDKTFPKLIP,36,3.61,0.7536,0.5373,0.3843,0.2986,0.5,0.5666,6351
GEN_1688,ARCAAKPHAHLALSYMACILLILNNGCIKTFFDLPK,36,2.94,0.7503,0.5642,0.4815,0.3815,0.6,0.5665,6352
GEN_3351,TRYHKKPHYHACLSTLACLLLIILNGTVKAFTKLAV,36,4.63,0.7373,0.5513,0.3843,0.2257,0.7,0.5665,6353
GEN_3624,NHCAKKIAAKRCLHVLAPVLLTYFRICLKTFTKLIP,36,6.9,0.7351,0.6343,0.5015,0.5534,0.6,0.5665,6354
GEN_5576,WRCWYKAKAHACLSTLACLQAIILNGKGKTFTKLPKSFGIGTGNR,45,7.81,0.7156,0.5823,0.4056,0.4831,0.5,0.5665,6355
GEN_6146,FRVWYKPKAAACLTTLACLQAIIHNGKGKEFTKLPNSFGWIDANR,45,4.83,0.7101,0.5849,0.3778,0.4053,0.6,0.5664,6356
GEN_6192,LHCAKKIAAYHSLHYLACVLLTYFIACLKTCTTLIP,36,2.98,0.7099,0.4539,0.4167,0.293,0.5,0.5664,6357
GEN_1856,THEAKKPKAKHCLHYLACALLFYFNACLKIFTKLHP,36,4.71,0.749,0.5715,0.3843,0.2984,0.6,0.5664,6358
GEN_6442,THCAKKPLAKHCPHYLACALVTYFSACLKTFTKLHP,36,4.7,0.7072,0.5347,0.3519,0.3688,0.5,0.5664,6359
GEN_1060,THCFKRILAKHCLHYLACVRLTYFNRCLHAKAFALP,36,5.7,0.7564,0.5253,0.3843,0.271,0.5,0.5664,6360
GEN_6564,THQAKKPLAHHCLAPLACVLLTYYNACLKTFTKLIP,36,3.62,0.7058,0.575,0.4167,0.4378,0.6,0.5664,6361
GEN_5552,TRYHKKPHYHACLSVLACLLLIILNGCVKAKVFAAH,36,4.71,0.7158,0.4778,0.4167,0.2519,0.6,0.5664,6362
GEN_7794,THCAYKIAVKNCLHYLACELLTYQNACLHAKAFAIP,36,1.62,0.6866,0.4567,0.4111,0.3465,0.5,0.5664,6363
GEN_3371,FACAKKPLAKHCLHYLACVALTYFNAWLHARAFAAD,36,2.99,0.7373,0.5339,0.5139,0.3929,0.6,0.5664,6364
GEN_7032,TRAPKHPKAHLCLCTLLCLLLIILNRTYKTYLKSPK,36,6.54,0.6996,0.573,0.3831,0.4142,0.6,0.5663,6365
GEN_3010,LRYHRKTKYKACLSNLACLLLTPVNGCLKAKVFPAV,36,6.81,0.7401,0.472,0.4315,0.1997,0.6,0.5663,6366
GEN_8662,DHCADRIAGKKCTHYLACHLLTYFNSCLKAHVTAIF,36,2.07,0.6524,0.4722,0.3,0.3405,0.5,0.5663,6367
GEN_1517,THCAKWIAAKHCLHYLACVLLTYFIACLKTKANAVP,36,3.61,0.7519,0.4833,0.4491,0.2758,0.5,0.5663,6368
GEN_4536,NKCWKKPHEHVCLSTLACLLLIILNGCKKAFTRLPK,36,5.89,0.7261,0.5792,0.3519,0.3985,0.5,0.5663,6369
GEN_3234,WRLWYKPKAHACLSTLACLVLIILNPCNKTYTKCAV,36,4.8,0.7382,0.5164,0.4167,0.3296,0.5,0.5662,6370
GEN_6552,HRCWKKPKAHAQLSNLACLKLIIRNGKGKTFTKLPWRFGILTYSR,45,10.91,0.7059,0.6119,0.5862,0.6667,0.6,0.5662,6371
GEN_3164,NRYHKKPHYHACLSTPACLLLTILNGCVKAKAFLAK,36,5.98,0.7388,0.4742,0.3519,0.1261,0.6,0.5662,6372
GEN_0651,FHPAKKAAAKHCLHYLACVLLTYFNSCLNRKVFAIF,36,4.99,0.7605,0.5656,0.4491,0.3252,0.6,0.5662,6373
GEN_5113,LHCAKKLLAKHCLHYVACVLVTYFNACLKAKVFAIF,36,4.98,0.7202,0.5132,0.4815,0.4311,0.5,0.5662,6374
GEN_0970,FHNAKKPLAKHCLHYLACVLLAYFNACLHGKAFAIP,36,4.07,0.7573,0.5462,0.4815,0.3326,0.6,0.5662,6375
GEN_8238,FRCWYRPKAHASLSTLACLQCIIVNGKKKVIRACNS,36,6.8,0.6742,0.5587,0.3663,0.4992,0.5,0.5662,6376
GEN_4015,TRCWKKPKAHACLSTLACLLLIILNGCLKAKVFAAR,36,6.44,0.7317,0.509,0.4748,0.3904,0.5,0.5662,6377
GEN_5021,THAAKKAAAKHCLHYLACVLLTYFNSCLKAKVFLAP,36,4.62,0.7211,0.5221,0.4491,0.3447,0.6,0.5662,6378
GEN_3619,SRLHEWPKAHACLSTLACVLMIILNACLKAKVFAAR,36,3.6,0.7351,0.4884,0.5139,0.3201,0.6,0.5661,6379
GEN_7465,THCAKKIAVKHCLHYLACVLLTYFFACIHAKSFLID,36,2.71,0.6925,0.4813,0.4167,0.3767,0.5,0.5661,6380
GEN_5236,TRCWKKPKAHALSSTLACLLMIILNGCLKAKRFAAV,36,6.45,0.7189,0.5374,0.4754,0.4003,0.6,0.566,6381
GEN_3704,THCAAKPKAHACLSMTACILLILNNGCIKTFPKLPH,36,3.62,0.7344,0.538,0.4167,0.3729,0.5,0.566,6382
GEN_2383,THCAKKILAKHCAHYLACVLLTYFNACLKTFDKLPD,36,2.62,0.7448,0.568,0.3519,0.3342,0.5,0.566,6383
GEN_7669,SLACCLIIKLWVVGGWKCLRLKAVRPVGLNLKS,33,5.43,0.6891,0.5887,0.4097,0.3895,0.75,0.566,6384
GEN_3296,TRYHKKPHYRACLSTPACLLLTILNGCVKAKVFALP,36,5.54,0.7377,0.4924,0.3843,0.1902,0.6,0.566,6385
GEN_3006,THCAAKPKAHACLSYMACLLLIINNGCLKAHIFAAR,36,3.62,0.7401,0.4175,0.4491,0.1915,0.5,0.566,6386
GEN_0682,THCAKKPLAKHCLHYLACAILTYFNACLKTFTKLHP,36,4.7,0.7601,0.5524,0.3519,0.2724,0.5,0.566,6387
GEN_0623,LHCAKKVAAKHSLHYLACVLVTYCIACLKTFTNPPP,36,3.98,0.7607,0.4636,0.4167,0.3541,0.25,0.566,6388
GEN_0304,THCAMKILAKHCLHYLACVLLTWFNACLKAKVFALF,36,3.62,0.7647,0.5303,0.5139,0.3869,0.5,0.566,6389
GEN_3363,WRCWYKPKAHACLSTSACLWLIILNETLKAKVFAAV,36,3.82,0.7373,0.4875,0.4815,0.28,0.6,0.566,6390
GEN_1002,THCAKKAAAKNCLHTLACLLLTYFWSCLKRKVFALF,36,5.53,0.7571,0.5826,0.4167,0.394,0.5,0.5659,6391
GEN_1458,FHCAKKIAAKRSLHYLAHVLLTYFNSCLKAMVFALF,36,5.0,0.7526,0.6022,0.4815,0.3685,0.7,0.5659,6392
GEN_4330,NRCAAKPKAHACLCTLACLLTIIANETYKTFTFLPK,36,3.81,0.7284,0.4632,0.3843,0.2295,0.5,0.5659,6393
GEN_5537,WRCWYKPKAKVTESTLACLDLIILNGCVKAFTRLPR,36,4.73,0.7159,0.6536,0.3843,0.509,0.6,0.5659,6394
GEN_4831,YKCARIPLAKHCLHYLACVLLTYFNGCLRNFTKLIP,36,4.89,0.7229,0.624,0.3843,0.5099,0.5,0.5659,6395
GEN_4259,FHCAHKELAKGCLHYLACVYLTYFNACLKAKSSARP,36,3.98,0.7291,0.4927,0.3194,0.2118,0.5,0.5659,6396
GEN_4627,FRCWYKPKAAACLSTLACLQAIILNGCGKVKVFVAV,36,4.72,0.7251,0.4749,0.4815,0.3541,0.5,0.5659,6397
GEN_1835,THCAKKIAAKHCWHYLACVLLTYFNACLHLKRFAAD,36,3.71,0.7492,0.4698,0.3843,0.1909,0.5,0.5658,6398
GEN_5428,TCCAKKCAAKHCLHYLACVLLTYFIHCLKTFTSAAP,36,3.59,0.7172,0.4953,0.3519,0.3427,0.4,0.5658,6399
GEN_1706,TMAAKKPLAHACLSYLACVLLTYFNACVKAKVFAVP,36,3.45,0.7502,0.5343,0.5463,0.3917,0.6,0.5658,6400
GEN_4854,MKCAKKRLGKHCLHYLACVLLTYFNARVKTFTKLAR,36,8.64,0.7227,0.572,0.4733,0.4456,0.6,0.5658,6401
GEN_5788,FRAWYKPKDAACLSTLACLQAIILNGCGKVKVFAAV,36,3.73,0.7137,0.5489,0.4815,0.4363,0.6,0.5658,6402
GEN_0252,FHCAKKTAAKHSLHYLACVLLTYFGSCLQKFFLLAP,36,3.99,0.7658,0.5425,0.4167,0.2394,0.6,0.5658,6403
GEN_6743,THCATKPHAHLALSYMACILIILNNGCIETFFKIPK,36,1.63,0.7035,0.5365,0.4426,0.4008,0.6,0.5658,6404
GEN_4529,NRCWKKPQAHACLSTLAVLLLCILKGCVKAFSKLPK,36,6.8,0.7262,0.6098,0.4634,0.5565,0.5,0.5657,6405
GEN_8042,WRCWYKPKAHACLSSVACLQAIILNGKGKTFTVLPKSFGIFNGNR,45,6.81,0.68,0.5025,0.3992,0.4215,0.5,0.5657,6406
GEN_0841,TSCAKKILAKHCLHYLACVLLTYMRAFLHAKAFAAQ,36,4.62,0.7585,0.5232,0.4491,0.2557,0.6,0.5657,6407
GEN_2957,THCAKKIAAKHCLHYLACVLLTYFNSCLKADAFPLP,36,2.62,0.7405,0.5082,0.4167,0.3073,0.5,0.5657,6408
GEN_2718,LECAKKIAAKHWLHYLACILLTYFIACLKTYTTQIP,36,2.9,0.7421,0.5017,0.4167,0.2262,0.6,0.5657,6409
GEN_1702,TVYAKKIAAKHCLHYLACVLVTWCIACLKAKANAVP,36,4.53,0.7503,0.4972,0.4815,0.3309,0.5,0.5657,6410
GEN_6656,FRCWYKPKGAACLTTLACLQAIIHCGKGKTFTKLPNSFGLGDANR,45,5.8,0.7046,0.5499,0.3,0.4107,0.4,0.5657,6411
GEN_7882,QHCAKKPLAKHCLHYLACILITYFSACIHAKGFAND,36,3.07,0.6845,0.4645,0.3519,0.2998,0.5,0.5657,6412
GEN_3115,PHCAARIRWHANLSYLACFLLHFFNACVKAKEFAAK,36,4.19,0.7392,0.5422,0.4815,0.3644,0.6,0.5656,6413
GEN_1829,FHCLKKPLAKHCLHYIACVLVTYFNACLKAKVFAIF,36,4.98,0.7493,0.532,0.4815,0.3904,0.5,0.5656,6414
GEN_6976,THCAKRPKPHACLSNLACLLLTPVNGCLKAKVTAAG,36,4.53,0.7004,0.4632,0.3843,0.2926,0.5,0.5656,6415
GEN_5103,THCAKKPKAHACLTYLACLLLTPVNGCLKTFTKLPK,36,5.53,0.7203,0.5527,0.3519,0.3629,0.5,0.5656,6416
GEN_8572,LHCAKCTAAKHSLHYLQCVLLTYFNTCLKRTVFASF,36,3.98,0.6585,0.5267,0.3194,0.4308,0.5,0.5655,6417
GEN_0429,THCAKKIAAKHILHYLACVLLTYFNSCLKATVFALF,36,3.62,0.763,0.532,0.4491,0.259,0.6,0.5655,6418
GEN_5589,THCAKKAAAKHCLHYLACVLLTYFNSCLYAKVFAIF,36,3.61,0.7155,0.4694,0.4167,0.2998,0.5,0.5655,6419
GEN_5636,TVCAKKFLLHACLSYLAAVLLTYLNGVVKAPVFAVP,36,2.46,0.715,0.5841,0.5787,0.5206,0.7,0.5655,6420
GEN_0161,THCAKKAAAKHCLHYLACVLLTYFNSCLKRKVFAIF,36,5.61,0.7674,0.561,0.3843,0.2983,0.5,0.5655,6421
GEN_3139,THCAKKGKTQACLSYMACILLILNNGCIKTFTKLPF,36,4.44,0.739,0.499,0.3194,0.197,0.5,0.5655,6422
GEN_1282,THCNKKPLAKHCLHYLACVLLTYFNACLKTFTKLIP,36,4.61,0.7541,0.5524,0.3519,0.2833,0.5,0.5655,6423
GEN_8025,YRCWYKPKAAECLSTLANLQAIIPNASKKVIKACNTI,37,4.73,0.6805,0.5919,0.3694,0.5047,0.55,0.5655,6424
GEN_3987,TVCAKKIAHKHCLQYLACVLLTYFIACLGTFTELTP,36,1.53,0.7321,0.4779,0.4171,0.2752,0.5,0.5655,6425
GEN_7093,TRYHKKPHYHACLSTLACLCLTIFNGCVFAKVFAAH,36,3.7,0.6987,0.45,0.3519,0.2419,0.5,0.5655,6426
GEN_8575,THCAKKPKAHLCNCHLACLLLIILNETYKPFTFLPK,36,3.62,0.6583,0.4659,0.3843,0.3942,0.5,0.5654,6427
GEN_4334,FQCWYKPKAKACSSTLACVLLIILNGCNKWFTKLAV,36,4.71,0.7284,0.5695,0.4167,0.4353,0.5,0.5654,6428
GEN_6873,WRHWKKPKAHAELSTLACLAIEINNGKGKTFTKLPRSFGIGTISR,45,6.92,0.7019,0.6285,0.3539,0.4666,0.6,0.5654,6429
GEN_7779,TRYHKKPKYHACHSNAACLILTPVGGCAKAKVFAAR,36,6.62,0.6869,0.4228,0.3558,0.1601,0.6,0.5654,6430
GEN_4457,FRCWYKPKAHACLYTLACLNVIILNPKGKKFDKLPKSYGIGFGLR,45,7.81,0.7271,0.5722,0.4574,0.4837,0.5,0.5654,6431
GEN_5260,THCAAKPIAIACLSYLACVLLTYLNGCVKAFVYAVP,36,1.44,0.7187,0.5278,0.553,0.5243,0.5,0.5653,6432
GEN_4742,SHCAAKPKAHLALSYMACILLIAPNGCIKTFTKLPK,36,4.6,0.7239,0.5952,0.4491,0.4538,0.6,0.5653,6433
GEN_7782,YHLAMKPKAHACLSFLACLLLIYNNGDLKAPVFPVH,36,2.0,0.6868,0.4319,0.514,0.2666,0.7,0.5653,6434
GEN_6396,FHCAKKPLAKHCLHYIACVLLTYFIFCVKTFTILAA,36,3.98,0.7077,0.532,0.4815,0.4853,0.5,0.5653,6435
GEN_5204,TRCAKKPNKHACFGNLACMLEIILNGQAKTFTKLAL,36,4.45,0.7193,0.5778,0.3519,0.3386,0.6,0.5653,6436
GEN_2331,TRYHKKPKAHACLCTLACLLLIILNETYKTFTFLPK,36,4.54,0.7452,0.4493,0.3519,0.0637,0.6,0.5653,6437
GEN_7826,FRCWYRPKAAACLTVLACLQHIICNGKGKTFTKNKNSFGLGDANY,45,5.8,0.6857,0.4312,0.3,0.2542,0.4,0.5653,6438
GEN_4185,TRWHKKPKYHACLSNLACLLITPINGCLKVKDNLMR,36,5.54,0.73,0.4931,0.3194,0.14,0.6,0.5653,6439
GEN_5520,THCAKKIAAKHCLHYLACRLDTYFMACNKTFESLAP,36,2.62,0.7162,0.4303,0.3194,0.1339,0.5,0.5653,6440
GEN_4835,TRCWKVPKAKACLSYLACLLLIILNGCLKAKVSAAR,36,6.35,0.7229,0.4476,0.4696,0.2974,0.5,0.5653,6441
GEN_4677,FRCWYKPKAAACLSTLACLQAIILNGKGKTFTKIPKNFGSWGYWR,45,7.72,0.7246,0.6244,0.4523,0.5705,0.5,0.5652,6442
GEN_2951,THCWKKAAAKHCLHSLACVLLTYFINCLKRKVFAIF,36,5.61,0.7405,0.6209,0.4167,0.4919,0.5,0.5652,6443
GEN_7988,TVCAKPIAAKHCEHYLACVLLTFFINCLKIFTSLIP,36,1.53,0.6818,0.5578,0.5143,0.6211,0.5,0.5652,6444
GEN_7159,LHCAKKIAAKHCFHYLACVLLTYFNACLHATAFASE,36,2.07,0.6976,0.4716,0.4167,0.3427,0.5,0.5652,6445
GEN_2577,TRCAKKPNKHACFSNLACLLVIILNGCVKAFTRAAV,36,5.44,0.7433,0.613,0.4167,0.4719,0.5,0.5652,6446
GEN_0202,THCLKKAAAKNCLHYLAIVLLTYFGSCLQRFTLLAP,36,3.54,0.7666,0.5836,0.4167,0.301,0.6,0.5651,6447
GEN_0902,LHCAKKIAAKHCLHYLACVLLTYLIACLKTFTSLLP,36,3.98,0.758,0.489,0.4491,0.2624,0.5,0.5651,6448
GEN_4507,FRYWYKPKAAACWSTLACLQAIILNACGKVKVHVLV,36,4.81,0.7265,0.4749,0.4815,0.2784,0.6,0.5651,6449
GEN_8441,KHCWKPPKAHASGSNLACLQCIIFNGMGKTFTKLPK,36,5.9,0.6658,0.548,0.3194,0.48,0.45,0.5651,6450
GEN_7420,TRPHKPPKFKWCLSNLACLLLTPVNGCVKAKVYAAV,36,5.45,0.6936,0.491,0.4491,0.4495,0.45,0.5651,6451
GEN_5888,THCAKKLLAKHCCHYLACVLVTYFNACLKAKVFAWF,36,4.6,0.7127,0.4787,0.4167,0.3848,0.4,0.565,6452
GEN_3009,LRYHRKTKYHACLSNLACLLLTPVNAPYKTFTFLPK,36,5.91,0.7401,0.461,0.3519,0.0269,0.7,0.565,6453
GEN_0174,THCAKKIAAKHCLHYLACHLLTYFIACLKTFTSLAP,36,3.7,0.7672,0.4573,0.3843,0.1231,0.5,0.565,6454
GEN_4037,TLCAKKIAAKHCLHYLACVLLTYFVACLKTFTNLIP,36,3.53,0.7314,0.5293,0.4491,0.3915,0.5,0.565,6455
GEN_2860,THCAKKLVAGHCLHYMAAVLVTYFNACLKTFTNAAP,36,2.63,0.7411,0.5326,0.4167,0.2751,0.6,0.565,6456
GEN_5188,TFPAAKPKAHAALGYMACIRLILNNGCIKTFTKLPW,36,4.46,0.7195,0.5685,0.4815,0.3836,0.7,0.565,6457
GEN_7092,RRCWYKPKAAAALSTLACLFLIILNVSKYTFTSIPQ,36,4.74,0.6987,0.489,0.4491,0.267,0.7,0.565,6458
GEN_7227,TRCALKPKAHACLCTLACLLLVILCFQGKTFTHLEL,36,2.52,0.6966,0.4245,0.4167,0.3313,0.4,0.5649,6459
GEN_2136,TRCAKFPKAHACLCTLACLLLIILNENYKTWTKLPK,36,4.44,0.7467,0.5286,0.3843,0.2891,0.5,0.5649,6460
GEN_5419,TRYHKKPHYHACLSTPACVLLTYLNGCVKTFTKLAR,36,5.62,0.7172,0.5679,0.3,0.2726,0.6,0.5649,6461
GEN_7776,TVCACKIVAKHCLKYLECVLLTYFIWCVKTFTLLIP,36,2.43,0.6869,0.5673,0.4491,0.6244,0.4,0.5649,6462
GEN_6084,THCAKKAAAKNCLRYLACVLLTYFNSCLNCKVFAIF,36,4.43,0.7108,0.5733,0.3843,0.5139,0.4,0.5649,6463
GEN_1357,THCAKRILAKHCLHYLACVRLTYFNRCLHAKAFALP,36,5.7,0.7534,0.4959,0.3843,0.2188,0.5,0.5649,6464
GEN_6165,FRCWYKPKAAACLSTLACLQAIILNGKGKTFTHIPKSFGIGNGNR,45,6.81,0.71,0.5592,0.3733,0.4144,0.5,0.5649,6465
GEN_7722,LHLAKKIVVKHSLHYLACVLLTYPIACLHTFTSLFP,36,3.08,0.6882,0.4887,0.4815,0.3226,0.7,0.5649,6466
GEN_0336,FHCAKKPLAKHCLHYLACVLLTYFNACLKTFTKLIP,36,4.98,0.7644,0.5802,0.4167,0.3655,0.5,0.5648,6467
GEN_6340,TKCAKKVLKHACLSFLACVLLTYLNGCVKAKVFAVP,36,5.44,0.7084,0.6486,0.4491,0.6426,0.5,0.5648,6468
GEN_7490,FRCWYKPKQAACLSLLACLLLIIINGQGKNFTKLPN,36,4.73,0.6922,0.5386,0.4167,0.3979,0.6,0.5648,6469
GEN_1465,THRAKKAAAKHCLHYLACVLLTYFNSCLKRKVFAIF,36,6.62,0.7525,0.561,0.4206,0.2983,0.6,0.5648,6470
GEN_4700,FRCWYKPKAAACLSTLACLLLIILNGQGKTFTKLPKSFGIGTGMR,45,6.72,0.7243,0.6156,0.42,0.5212,0.5,0.5648,6471
GEN_2023,THCAKKAAALNLLHYLACVLLTYFNDCSRRKVFAIF,36,3.54,0.7477,0.5954,0.4167,0.3632,0.6,0.5648,6472
GEN_4111,THCAKKPKARACLCTLACLLLIILNETLKTYTKLPK,36,5.44,0.7307,0.5368,0.3519,0.3073,0.5,0.5648,6473
GEN_1882,THCAKKPLAKACIHYLACVLLTYFNACLHHKAFTKD,36,3.7,0.7488,0.4553,0.3519,0.1286,0.5,0.5648,6474
GEN_2054,THCAAKPKAHAALSYMACILLILQNGCIKTFTKLPK,36,4.54,0.7474,0.5814,0.4167,0.3406,0.6,0.5648,6475
GEN_0133,FHCAKKMAAKHSLHYLACVLLTYFNSCLKATVFLAP,36,3.99,0.7681,0.5221,0.4491,0.226,0.6,0.5648,6476
GEN_4332,TRHGARPKAHACLSQTACILLLLNNGCIKTFPKLPK,36,5.54,0.7284,0.5507,0.3519,0.2685,0.6,0.5648,6477
GEN_1476,THCAKKILAKHCLHYLACVLLTYFFACLKTVDKLPK,36,4.61,0.7523,0.5731,0.3843,0.3495,0.5,0.5648,6478
GEN_4568,TRIGKKPKAHACCCTLACLLLIALNEIYKDFTFLPK,36,3.44,0.7258,0.5237,0.3843,0.328,0.5,0.5647,6479
GEN_6719,WNCYYKPKAHACLSTLACLQLIILNGCNKAKVFAAV,36,3.8,0.7038,0.4199,0.4167,0.2389,0.5,0.5647,6480
GEN_0887,DHCAKKKAAKRSLNYLACVLLTYFIACLKFYTTNFP,36,4.81,0.7581,0.5817,0.3519,0.2501,0.6,0.5647,6481
GEN_7286,TRYHKKPHYHACLFTLACLQLIILNVKGHTFTKIPK,36,5.72,0.6959,0.4361,0.3194,0.0537,0.7,0.5647,6482
GEN_7658,THCAKKIAACHCFRYAQCVLLTYFNACLHAKAFAAD,36,2.61,0.6894,0.505,0.3843,0.4485,0.4,0.5647,6483
GEN_8495,THCAKKALRKHYLHWLFCVLLTYFNACVKTFTKLMR,36,6.62,0.663,0.6059,0.3882,0.5488,0.6,0.5647,6484
GEN_2599,FHCAKKPLAKHCMHYLACVLLTYFNHCLHAKAFAAD,36,3.15,0.7432,0.4972,0.4167,0.2762,0.5,0.5647,6485
GEN_4335,THCAKHYKAKECLHYLACVILTYLNGSVKTFTKLAR,36,4.62,0.7284,0.5467,0.3,0.2094,0.6,0.5647,6486
GEN_0466,THCAKKILAKHCLHYLACVLLAYFNACLKTFTSLIP,36,3.61,0.7625,0.5222,0.4167,0.2724,0.5,0.5647,6487
GEN_2918,FHCAKKGSAWHCLHIAACVLLTYFRACLHAKAFAGD,36,3.07,0.7407,0.4844,0.4167,0.2605,0.5,0.5647,6488
GEN_4909,FRCWYKPKAAACLTTLACLQAIIHNGKGKTFTKLPNSFGLGDANR,45,5.81,0.7222,0.561,0.3259,0.3395,0.5,0.5646,6489
GEN_0134,FHCAKKTAAKHSLHYLACVLLTYFGSCLQRFTLLAP,36,3.99,0.768,0.5697,0.3843,0.2394,0.6,0.5646,6490
GEN_3851,TRYHKIPKYHACLSNIACLLLTPVNGCVRAKVFAAR,36,5.54,0.7333,0.5129,0.3843,0.2257,0.6,0.5646,6491
GEN_5052,LHCAKKIAAKHSLHYLACVLLTAFIACLKTCTTLIP,36,3.98,0.7207,0.4828,0.4491,0.3358,0.5,0.5646,6492
GEN_0734,THCAKKIAARHCLHYLACVLLTYFNACLKTFTSALP,36,3.62,0.7597,0.4918,0.3843,0.1956,0.5,0.5646,6493
GEN_6448,FYCAKKPLAKHCLHYLACVLLTYFINCLKNFTSLIP,36,3.89,0.7072,0.5697,0.4167,0.4804,0.5,0.5646,6494
GEN_4268,THCAKRILAKHCLKYLAAVLLAYFNACLHAKAGAVP,36,4.62,0.729,0.5561,0.4815,0.4042,0.6,0.5645,6495
GEN_7673,PKVLCGVLPIDFLRWLGYANWCALAEC,27,-0.07,0.689,0.5452,0.4295,0.2275,0.9,0.5645,6496
GEN_3897,TMCAKKIAVKHCLHYLACVLLRWYNLCLKNWTKLIP,36,5.53,0.7329,0.5561,0.4167,0.3966,0.5,0.5645,6497
GEN_6674,TRCWYKDYAHACLSTLACLQAIKLNGCNKAKVFAAV,36,3.44,0.7044,0.467,0.3519,0.2498,0.5,0.5645,6498
GEN_6515,TNEALKPKLHACLSTLACLLLIILNGCVKAFTRAAV,36,2.46,0.7063,0.6408,0.4815,0.5984,0.6,0.5645,6499
GEN_0392,FHCAKKPLAKHCLHYLACVVLTYFNACLKTFTKLIP,36,4.98,0.7634,0.5802,0.4167,0.3655,0.5,0.5645,6500
GEN_4203,THCAAKPKAHAALSYMACILRILFIGCVKAKVFAVR,36,5.54,0.7298,0.5663,0.5139,0.4512,0.6,0.5644,6501
GEN_8339,THCAKFIAAKHCLHYLACVLLTFFINSLKTFTSLIP,36,2.63,0.6701,0.5429,0.4491,0.4864,0.6,0.5644,6502
GEN_4719,TRSAKKPKAHACLSFLACLLLTCNNAAVKADIFAPC,36,3.44,0.7242,0.4918,0.4491,0.3415,0.5,0.5644,6503
GEN_6040,WRCWGKPKAHACLSTLACLQAIILNGKGKTFTKLPKSFGIGTGSR,45,7.81,0.7113,0.5823,0.4057,0.4793,0.5,0.5644,6504
GEN_3919,THIAAKNKAHAAISYMAAILLILNNGCVKTFTKLPK,36,4.56,0.7328,0.5903,0.4491,0.3521,0.7,0.5644,6505
GEN_5794,TRCWHKIKAYAILSGNACLLVFILNGCKKAKVFAAV,36,5.45,0.7136,0.532,0.4491,0.3665,0.6,0.5644,6506
GEN_6596,TICAKKIAAKHCIHYIACVLLTYFIDCVITFTLLAP,36,1.53,0.7054,0.5228,0.5144,0.5026,0.5,0.5644,6507
GEN_0801,FHCAKKPLAKHCLHYLACVLLTYWIACLKTFTSLRP,36,4.98,0.7589,0.4923,0.4167,0.2283,0.5,0.5643,6508
GEN_6367,THCAKKPLAHACLSYLRCVLLTFFNACIHAKLFTAP,36,3.62,0.7082,0.504,0.4491,0.3983,0.5,0.5643,6509
GEN_7036,FHCAKDPLAKHCIHYLACYLVTYFNACLKAKVFAIF,36,2.98,0.6996,0.4926,0.4491,0.3995,0.5,0.5643,6510
GEN_1981,TRCVKKPNAHACLSYLACLLLIINNPCVKAFTRLPR,36,5.44,0.7479,0.6779,0.4167,0.5631,0.5,0.5643,6511
GEN_8149,FRCWYKPKAAACLSTVACRQAIIYNGKGKTFTKLPKSFGIGDANR,45,7.72,0.6769,0.5823,0.4005,0.5537,0.5,0.5643,6512
GEN_0241,TVSAKKIAAKHCLHYLACVLLTYFIACLKTFTSLAC,36,3.53,0.7659,0.4712,0.4167,0.1767,0.5,0.5643,6513
GEN_7519,THCAKKPKAKACLSYLACLLLIINNPCVKAQTRLPR,36,6.44,0.6916,0.5636,0.4099,0.4974,0.5,0.5643,6514
GEN_4624,TRCWKKPNKHACFSTLACLLLRILNGQGKTFTKLAI,36,6.45,0.7252,0.5722,0.3457,0.3027,0.6,0.5643,6515
GEN_8184,TRCAKKPNKHACFSCWACLLLVIDNGEGKTFTKLEL,36,2.45,0.6758,0.55,0.3,0.4017,0.5,0.5643,6516
GEN_1806,TRYHKKPHYHACLSTPACLLLTILNGCVKAKVFGLP,36,4.62,0.7494,0.4742,0.3519,0.0887,0.6,0.5643,6517
GEN_4759,THCARKAAAFNCLHYLACVLLTYFNSCLKATVFALF,36,2.53,0.7238,0.5221,0.4491,0.392,0.5,0.5642,6518
GEN_0068,LHCAKKAAAKNCLHYLACVLLTYFIACLKTFTSLAP,36,3.89,0.7699,0.4974,0.4491,0.243,0.5,0.5642,6519
GEN_0672,FHCAKKTAAKHCQHYLACVLLTYFGSCLQRFTLLAP,36,3.98,0.7603,0.5558,0.3519,0.2656,0.5,0.5642,6520
GEN_4422,THCAKRILTKHLLHYLAQILLTYFMACLKTFNSLAD,36,2.64,0.7275,0.5514,0.3843,0.2328,0.7,0.5641,6521
GEN_4114,THCAVKAAAKHCLHYLACVLLTYFNSCLNRKVFAIF,36,3.62,0.7307,0.5517,0.4167,0.392,0.5,0.5641,6522
GEN_1031,THCAKKPLAKHCLHYLACVLLTYFNACLKTFTKLAR,36,5.61,0.7567,0.6053,0.3519,0.3555,0.5,0.5641,6523
GEN_4904,NRCWYKPKAHACLSTLACLQLIILNGCNKAKVFAAV,36,4.8,0.7222,0.444,0.4167,0.2324,0.5,0.5641,6524
GEN_2557,LRYHRKTKYHACLSNLACLLLTPVNAPVKAHTFLPK,36,6.0,0.7435,0.4749,0.3843,0.0685,0.7,0.5641,6525
GEN_7140,THCAANLIAHLILSYMACYLLILNNGCIKTFFKLPK,36,2.54,0.6979,0.5792,0.4491,0.4798,0.6,0.5641,6526
GEN_2373,TRCAKKPKAHACLSTLACLLLIILNGCVKAFTRAAV,36,5.44,0.7449,0.6269,0.4491,0.5167,0.5,0.5641,6527
GEN_3940,WRCWYKPKAHACLSTLACLLLIILNGCNKAKVFAAV,36,4.8,0.7325,0.4875,0.4815,0.3456,0.5,0.5641,6528
GEN_7573,THCHRKTKYHACLSNLACLLLTPVNGCVKAIVFAAV,36,3.62,0.6907,0.4811,0.3843,0.3345,0.5,0.564,6529
GEN_1036,THCAKKPLAKHCLHYLACVLLTYFSACLKTFTKLAR,36,5.61,0.7566,0.6053,0.3519,0.3555,0.5,0.564,6530
GEN_2697,THCAKKPKAHACLSYLACLLLTCLQGCVKAKVFAAP,36,4.52,0.7423,0.4817,0.4167,0.314,0.4,0.564,6531
GEN_3979,QRCAKRAQAHLCLCTLACLLLFILNYTWKTFTKLVK,36,5.8,0.7322,0.5826,0.3843,0.4067,0.5,0.564,6532
GEN_6258,TRCAKKPNKHACFSTLACVLLTYFNACVHAKVFALK,36,5.53,0.7091,0.5916,0.3843,0.476,0.5,0.564,6533
GEN_1597,TKCAKKILAKHCLHYLACVLLTYFNACLKAKVFAIF,36,5.52,0.7511,0.5269,0.4491,0.3348,0.5,0.564,6534
GEN_5467,FRVWYKPKAAACLTTLACLQAIIHNGKGKTFTKLPNSFGWIDANR,45,5.82,0.7167,0.5832,0.3778,0.371,0.6,0.564,6535
GEN_1573,THCAKKILAAHCLHNLACVLLTYFNACLHAKAFAAP,36,2.7,0.7513,0.492,0.4815,0.3088,0.5,0.564,6536
GEN_3596,THCAAKPKAHAALSYMACIALILNNACLHVKAFALD,36,1.63,0.7354,0.4757,0.5398,0.3098,0.6,0.564,6537
GEN_2232,TRCAAKPDAHACLCTLACLLLIILNETYKPFTFTPK,36,1.45,0.746,0.4702,0.4555,0.2578,0.5,0.5639,6538
GEN_3120,SRCAHKPKIHACLSTLACLLLIIVNACFKAKVFAAR,36,5.59,0.7391,0.465,0.4815,0.2914,0.5,0.5639,6539
GEN_8454,LRYHRKTKYHVCKSQLACLLLTPVNGCLLRKVFPAD,36,5.9,0.6651,0.4693,0.3194,0.2425,0.6,0.5639,6540
GEN_3367,TRCAAKPKAHAALCWLACLLLVILNDQIKTFRKLEL,36,3.46,0.7373,0.6508,0.4815,0.5389,0.6,0.5639,6541
GEN_0561,THCAKRILAKHCLHYLACVLLTYFNACLKTFTNLAD,36,2.62,0.7614,0.5203,0.3519,0.2014,0.5,0.5639,6542
GEN_4856,LHCAKKNLAKHCLHYLACVHVTYFNACLKARVFAIF,36,5.06,0.7227,0.5293,0.4167,0.3722,0.5,0.5639,6543
GEN_8130,AHCPKKISAKKPFHYLWCVLLTYFNACLHAKFFAAD,36,4.03,0.6773,0.522,0.4491,0.4313,0.6,0.5639,6544
GEN_1576,LHCAKKAAAKNCLHYLAMVLLTYFNSCLQRFTLNAP,36,3.9,0.7513,0.5716,0.4167,0.3089,0.6,0.5639,6545
GEN_2005,TRCARKPDAHACLCYLACLLLTPVNGCVKAKVFPAV,36,3.43,0.7478,0.5452,0.4491,0.4386,0.4,0.5639,6546
GEN_7644,THCAKKIAAKHCLHYLACVLLFYFNSCDRATVFGLF,36,2.62,0.6896,0.4562,0.3843,0.295,0.5,0.5639,6547
GEN_5669,SHCAKKILAKHCLHYVACVLLTYFNACIRAKVFAQF,36,4.68,0.7147,0.5346,0.4167,0.3983,0.5,0.5638,6548
GEN_4351,TRCAKKPNKHACFSNLACLLVIILNGCVKVFTRAAV,36,5.44,0.7282,0.615,0.4167,0.5014,0.5,0.5638,6549
GEN_4289,THCAKKIGVFHCLHYLACVLIDAMNACLHAKAFAIP,36,1.7,0.7288,0.4755,0.5022,0.3527,0.5,0.5638,6550
GEN_5363,LHCAKKILAKHCLHYLACVLLTYFIWCYKWFTLLAP,36,3.98,0.7178,0.5178,0.4815,0.4284,0.5,0.5638,6551
GEN_4110,TRYHKKPKYHACLSMSACLTLIILNHTLKAKVFYAV,36,5.63,0.7307,0.4367,0.3519,0.0,0.7,0.5638,6552
GEN_3370,THCAKKNLVKECLHYLACVLLSYFNACLKSFSKLAH,36,3.62,0.7373,0.5408,0.3194,0.2591,0.5,0.5638,6553
GEN_5072,TRCAATPKAHAALCDVACLLLIILNDQIKTFRKLEQ,36,1.46,0.7205,0.6231,0.4546,0.504,0.6,0.5638,6554
GEN_1725,FHCARRPLAKHALHYIACVLLYYFNLCFLNFTKLIP,36,3.99,0.7501,0.576,0.4815,0.3826,0.6,0.5637,6555
GEN_3526,TRCAKFPKAHACLGTLACLLLIILNETYRTFTFLPK,36,3.45,0.7359,0.5279,0.4167,0.2709,0.6,0.5637,6556
GEN_3131,TKYAKKPSAKHCLHVLACAILTYFNACLKTFTKLHN,36,5.62,0.7391,0.5385,0.3194,0.1837,0.6,0.5637,6557
GEN_5013,FRCWYKPKAAACLSTLACIQAIILNGKGKTFTKIPKNFGSWTPSR,45,7.72,0.7211,0.6244,0.4524,0.5681,0.5,0.5637,6558
GEN_0872,THCAKKILAKHCLHYLACVLLTYFNACLKMFTSVKP,36,4.61,0.7582,0.5131,0.3843,0.2283,0.5,0.5637,6559
GEN_4605,THCAAKPKAHACLSYMACILAILNNGCIKNWTKLPK,36,4.53,0.7255,0.5497,0.3843,0.3654,0.5,0.5637,6560
GEN_6222,FHCAKKPLALHCLHYLACTLLTYFNASVKTFTKLAR,36,4.99,0.7095,0.5978,0.3843,0.4161,0.6,0.5637,6561
GEN_4424,LHCAKKLLAKHCLHYLACVLVTYFNACLCAKHFAIF,36,4.05,0.7275,0.4993,0.4491,0.4082,0.4,0.5637,6562
GEN_0552,FHCAKKAAAKNCLHYLACVLLTYFNTCLNRRVFAIF,36,4.89,0.7615,0.5451,0.4167,0.3064,0.5,0.5637,6563
GEN_7576,THLAMKPKAHACLSFLACLLLIINNGCGKTFTKLPR,36,4.54,0.6906,0.6162,0.4167,0.5228,0.6,0.5636,6564
GEN_7582,THCAHKIAAKHCLHYLACVDLTYFIACLKTFTSLIP,36,1.7,0.6905,0.4726,0.405,0.3388,0.5,0.5636,6565
GEN_4019,TQCAKKILDKHCLHYLACVLLTYFNACLKTFDKLPK,36,3.53,0.7316,0.5542,0.3194,0.2935,0.5,0.5636,6566
GEN_5624,THFAKKAAAKNCLHYLACVLLTYFGSCLQYFTLLAP,36,2.54,0.7151,0.4835,0.4167,0.2447,0.6,0.5636,6567
GEN_5239,NRCAKKPKAHMCLCNLACLLLIILNEMYRTFWFLPK,36,4.81,0.7189,0.5515,0.4491,0.4477,0.5,0.5635,6568
GEN_3978,NRCWKKPKAHVCLSTLACLDLIILNGCRKAFTRLPR,36,6.8,0.7322,0.6379,0.3988,0.5102,0.5,0.5635,6569
GEN_5511,SHCAKKAAAKLCLHYLACVLLSYFNSCLHRKVFAIF,36,4.68,0.7163,0.5459,0.4167,0.4115,0.5,0.5635,6570
GEN_4868,WRCWYKPKAHACLSTLACLQAIILGGKGKTFTKLPKSFGHGTGNR,45,7.9,0.7226,0.5712,0.4107,0.4332,0.5,0.5635,6571
GEN_5786,THCAKKIAAKHCLHYAACVPLTYFINCLHLRALAIP,36,3.7,0.7137,0.4552,0.4491,0.2993,0.5,0.5635,6572
GEN_1591,TRAAKHRLAKHSLHYLACVLLTFWNACLKAKVFVIF,36,5.63,0.7511,0.6008,0.4815,0.3533,0.7,0.5635,6573
GEN_2297,FHNAKKPLAKHCLHYLACVLLTYFRACLHAKAFAAD,36,4.08,0.7455,0.5323,0.4491,0.2866,0.6,0.5635,6574
GEN_6284,TRGWKPPKAHALSTTLACLLMIILNGCLKAKRFAAA,36,5.46,0.7089,0.5513,0.4815,0.4692,0.55,0.5635,6575
GEN_3926,TRCAKKPNKHACFETLACLQLIILNGCVKAKVFAAH,36,4.53,0.7327,0.5916,0.3843,0.4177,0.5,0.5635,6576
GEN_5089,FRCWYRPKAVACLTTLACLQHIINNGRAKTFTKLKNFFPLGKPDY,45,6.81,0.7204,0.525,0.3992,0.3501,0.5,0.5635,6577
GEN_6507,THCAKKIAVKHCLHYLACVLLLYFNACLHAKAFAAD,36,2.71,0.7065,0.4952,0.4491,0.3822,0.5,0.5634,6578
GEN_2789,ARCAKRPLAHACLSYLAAVLLTYLNGCVKAKVFAVP,36,4.85,0.7416,0.6522,0.5139,0.5594,0.6,0.5634,6579
GEN_1678,THCAKDILKKHFLHYLACVLLTYFRACLRAKAFAAD,36,3.63,0.7504,0.5917,0.4167,0.3413,0.6,0.5634,6580
GEN_4194,LRYHRKTKYHACLSNLACLLLIILDETLKTFTKLPK,36,4.91,0.73,0.5739,0.3194,0.1956,0.7,0.5634,6581
GEN_4030,TRYHKKPKYHACLSNLACLLLIILNETVKTFTKLPK,36,5.55,0.7315,0.571,0.3194,0.1869,0.7,0.5634,6582
GEN_8530,NHCAKEPKAHACLSYLRCLLLIILNETYKTFTFLPK,36,2.9,0.661,0.4623,0.3519,0.2684,0.6,0.5633,6583
GEN_4764,TRCWKKGSAMACLTTLADLLLIILNACAKAKTKLPM,36,4.36,0.7237,0.5479,0.4491,0.3623,0.6,0.5633,6584
GEN_5225,FRCWYKPKAAACLSTLACLQAIILNGCVKAKVFAAH,36,4.8,0.719,0.4749,0.4815,0.3508,0.5,0.5633,6585
GEN_2442,THCAKKPLAKHVLHYLACVLLTYFNACLKAKAFALP,36,4.62,0.7444,0.5614,0.4815,0.3689,0.6,0.5633,6586
GEN_6136,WRCWKKPKAHVALSTLACIQGIILNPKGKTFNKLHKSFGIGWASR,45,8.91,0.7102,0.6253,0.5215,0.595,0.6,0.5633,6587
GEN_6624,THCVVKIAVKHCLHYLACVLVTYFIAGLKTFRSLAP,36,3.63,0.7051,0.5473,0.4491,0.405,0.6,0.5633,6588
GEN_5779,THCAKKPLAKHCLHWLACVLLLYFNACLKAHVFAVF,36,3.7,0.7138,0.549,0.5139,0.5181,0.5,0.5632,6589
GEN_4967,TRYHKKPHYHACLSTLACLQAIILNAKGKTFTKLPI,36,5.63,0.7214,0.4453,0.3194,0.0,0.7,0.5632,6590
GEN_3014,TRCAKKPKAHACLSTLACLLLIILNGTVKAFSRLAV,36,5.45,0.74,0.6256,0.4491,0.4532,0.6,0.5632,6591
GEN_1118,SHDAKKILAKHHLHYLACVLLTYFNACLHAKAFACP,36,2.86,0.7557,0.469,0.4167,0.1232,0.6,0.5632,6592
GEN_2540,THSAKKIAAIECLHYLACSLLTYFIADLKTFTSLLP,36,0.55,0.7437,0.4656,0.518,0.18,0.7,0.5632,6593
GEN_1763,THCAKKAAAKHCLHYLACVLLTYFNACLKAKVFAIE,36,3.62,0.7498,0.4787,0.4167,0.2196,0.5,0.5632,6594
GEN_5612,LVCAKKPKAHACLSYLACLLLTCLNGCVKAHVFAAP,36,3.88,0.7152,0.5073,0.4815,0.4793,0.4,0.5632,6595
GEN_0995,SHCAKKIAAKHCLHYLACHLLTYFIACLKTFSALLF,36,3.76,0.7571,0.4712,0.4167,0.1899,0.5,0.5632,6596
GEN_0556,TRCAKKAALKHCLHYLACVLLTYFNSCLKRKVFAIF,36,6.53,0.7614,0.561,0.4149,0.3278,0.5,0.5632,6597
GEN_5872,TRYHKKAHYHACLSTCACILLSILNGCVDASVFGAP,36,1.62,0.7129,0.4585,0.3462,0.201,0.5,0.5631,6598
GEN_8408,WHCARKPLAKHCLHYLVCVLLTYFNLCCHNFTKLVP,36,4.05,0.6674,0.4807,0.3843,0.4485,0.4,0.5631,6599
GEN_3664,SRCAHKLKIHACLSTLACLLLIIVNACFKAKVFAAR,36,5.59,0.7347,0.4819,0.4815,0.3241,0.5,0.5631,6600
GEN_5459,YHCAKKAAAKRCLYYLACVLITNFNSCLNKGVFAIF,36,4.8,0.7168,0.5352,0.3843,0.3579,0.5,0.5631,6601
GEN_7818,TRCAREPNKHACFSTKACLLLIILNGQGKTFTKNAL,36,4.45,0.6859,0.5655,0.3,0.3293,0.6,0.5631,6602
GEN_4299,TRWIKKPKYHACLSYLACLLLMCQIICLKGKIDAAG,36,4.44,0.7287,0.5355,0.3843,0.3307,0.5,0.5631,6603
GEN_5704,THCAKKIAVKFCLHYLACGSLTYFNACLHAKAFAIP,36,3.61,0.7143,0.4999,0.4167,0.3365,0.5,0.563,6604
GEN_3398,THCAAKPHAHLALSYMACILLYYFNACLWAKAFAAH,36,1.71,0.7369,0.4531,0.534,0.2564,0.6,0.563,6605
GEN_5478,LRCWKKPNKHACLSTLACIQALILNGKGKTFGKIPK,36,7.81,0.7165,0.5767,0.4251,0.4012,0.6,0.563,6606
GEN_5543,LHCAKKIAAKHNLHILACVLLTYFHACLKTCSTALF,36,4.06,0.7159,0.4741,0.4167,0.2899,0.5,0.563,6607
GEN_6865,TRCWGKPKAHACDSTLACLMLDILNGCLHAKDFAAV,36,0.53,0.702,0.4523,0.4869,0.3563,0.5,0.563,6608
GEN_5922,WRCWYKPKAHACLTTLACLQAIALNGKGRTFTKLPKSFGIGNGNR,45,7.81,0.7124,0.6331,0.4057,0.5521,0.5,0.563,6609
GEN_6926,CRCAKKPNKRASFSNLACLLLLLLRGQGKTYNKAGL,36,7.72,0.7012,0.5691,0.4006,0.3997,0.6,0.563,6610
GEN_0684,FHCAKKELAKHCLHYLACVLLTYFNACLKAFTSAAP,36,2.98,0.7601,0.5276,0.4167,0.2758,0.5,0.563,6611
GEN_3339,THKGHKIAAKHCLHYYACVLLTYYITCLKNFTKRIP,36,5.71,0.7375,0.5434,0.3,0.1708,0.6,0.5629,6612
GEN_6579,TKCAKKVAAKNCLHGLLCCLITYFSSCLQKFTLLAP,36,4.43,0.7057,0.5213,0.3519,0.3932,0.4,0.5629,6613
GEN_2348,THCAKRILAHACLMYLACVLLTYLNGCVKAKVFAIP,36,3.53,0.7451,0.5593,0.4815,0.4277,0.5,0.5629,6614
GEN_7753,THCAKKAAAGHCHHYLACVLLTYFINCLANFTSLAP,36,1.7,0.6875,0.5167,0.405,0.4148,0.5,0.5629,6615
GEN_8317,THCAKKIAAKHCLHYLACVELTYFIACLHTFTSLIP,36,1.71,0.671,0.4463,0.4049,0.336,0.5,0.5629,6616
GEN_2659,TRYAKKPKAYACLCTLACLLLFILNETYKSFTFAAD,36,2.37,0.7427,0.4779,0.3843,0.1341,0.6,0.5629,6617
GEN_4450,TVCYDKAAAKHCLHYLAAVLLTYFINCTKRFNSLAP,36,2.54,0.7272,0.5696,0.3843,0.323,0.6,0.5629,6618
GEN_8490,WCCWKKPKAHVCLSTLACLQAIIINPRGKNFNFLPKSFGIIWASR,45,6.8,0.6632,0.5439,0.4765,0.6549,0.4,0.5629,6619
GEN_3160,TVCAHKIAAKMCLHYLACFLLTYFINCLKNFTSLAG,36,2.53,0.7389,0.5697,0.4167,0.3948,0.5,0.5629,6620
GEN_2802,THCAKKAAAKHCLHYLACVLLTYFGSCLQGFTLLAP,36,2.62,0.7416,0.4598,0.3843,0.1725,0.5,0.5628,6621
GEN_2894,TRYRKAPHNHACLSTLACLCLTILNGTVKAFTRLPR,36,5.54,0.7409,0.6099,0.3194,0.2926,0.6,0.5628,6622
GEN_4876,TLCWHKPHIHASLSYLACHLLIILNGCLKAKTSAPR,36,3.71,0.7225,0.4322,0.3843,0.104,0.6,0.5628,6623
GEN_4634,THCAKKLVAKHCLHYLACVLLTYFIACLKTFTSLAP,36,3.61,0.7251,0.4712,0.4167,0.2624,0.5,0.5628,6624
GEN_4230,TRCAKKPRIHACLCTLACLWLAIRTETYKAKVFRAH,36,6.53,0.7295,0.4623,0.3828,0.2029,0.5,0.5628,6625
GEN_5314,FRCWYKPKAAACLTTLACLQAIIHNGKGKTFTKLPKSFGIGNGNR,45,7.81,0.7182,0.5823,0.4056,0.452,0.5,0.5628,6626
GEN_6397,THCAKKAAAKHCLHYLACVLTTFSNSCLKRTVFALF,36,4.62,0.7077,0.4641,0.3519,0.226,0.5,0.5628,6627
GEN_8271,THHAARPKAHACLSYTACILIDLNNGCIKTFPKLVK,36,3.63,0.6731,0.5858,0.3519,0.4431,0.6,0.5628,6628
GEN_2663,TTCAARPKAHACLSFMACILLILNNGCAKTWSKLPK,36,4.44,0.7426,0.554,0.4167,0.3594,0.5,0.5628,6629
GEN_4047,THCAKHIAAKHCLEYLACSLLTWFIACLKTFTSLAP,36,1.62,0.7313,0.4618,0.4433,0.259,0.5,0.5628,6630
GEN_2337,THCAKKAAAKMSLKCMACVLLTYFIACLKTYTTPIP,36,4.44,0.7452,0.4675,0.4167,0.2093,0.5,0.5628,6631
GEN_3895,PHCAAKPKAHAARSWMAAILLILNNHCIKTATRLIK,36,6.2,0.733,0.7083,0.4929,0.5817,0.7,0.5628,6632
GEN_4140,NRCWKKPKAHAVLSTLACLLLIILNGCVKAFTRLPR,36,6.81,0.7304,0.6814,0.4965,0.6133,0.6,0.5628,6633
GEN_0132,THCAKKAAAKNCLHYLACVLLTYFNSCLKRTVFALF,36,4.53,0.7681,0.561,0.3843,0.2789,0.5,0.5628,6634
GEN_1473,FLCAKKPLAKHCLHYLACVVLTYFNACLKTFTKAAD,36,3.89,0.7524,0.5658,0.4167,0.3555,0.5,0.5627,6635
GEN_5915,FHCAKKPLAKHCLHYLACVLLTYFNSCLKATVFALF,36,3.98,0.7125,0.5221,0.4491,0.4082,0.5,0.5627,6636
GEN_5567,NRCWQKPKAHACLSTLACLVLIILNGCVKAFTRGPK,36,5.8,0.7157,0.5992,0.3843,0.464,0.5,0.5627,6637
GEN_0832,THCVKKAAAKHYVHYLACVLLTYFIACLKTFSSLAP,36,3.62,0.7586,0.4712,0.4167,0.1166,0.6,0.5627,6638
GEN_2582,TRCAKKPKAHACLSTLACLLLIILNGTVKAFTRLPR,36,6.45,0.7433,0.6516,0.443,0.4793,0.6,0.5627,6639
GEN_5870,THCAKKPKARACDATLICLLLNILNETLKTFTKLPK,36,4.45,0.7129,0.5849,0.3519,0.3481,0.6,0.5627,6640
GEN_6187,TRCAKKPNKHACFSTLACLLLIILNGQGKCFTALAV,36,4.44,0.7099,0.5916,0.3843,0.4652,0.5,0.5627,6641
GEN_4207,THCAKKAAAKHCLHYLACVLLTYFLSCLKNKVFAIF,36,4.61,0.7298,0.5189,0.4167,0.3293,0.5,0.5626,6642
GEN_1336,TRHAARPKAHACLSYTACILILLNNGCIKTFPKLVK,36,5.54,0.7536,0.5997,0.3843,0.3093,0.6,0.5626,6643
GEN_6168,TCCAKRPKAHACLSYCACLLLTCLIGCVKAKVFAPR,36,5.41,0.71,0.4214,0.3843,0.2471,0.4,0.5626,6644
GEN_1927,THCAKKILAKHCLHYLACVLLTYFRACLHAKAFLIP,36,4.7,0.7484,0.4994,0.4491,0.2858,0.5,0.5626,6645
GEN_2914,FRCWYKPKAAACLFTLACLQLIILNVKGKTFTKIPK,36,6.72,0.7407,0.4934,0.4913,0.2691,0.6,0.5626,6646
GEN_2051,THCAKKIAVKHCMHWIACVLLTYFNACLHAKAFAAD,36,2.71,0.7474,0.5064,0.4491,0.2995,0.5,0.5626,6647
GEN_6906,HHCAKKLVAKHCLHYLACVLLTYFNSCLMAKVFAIF,36,4.06,0.7015,0.4833,0.4491,0.3687,0.5,0.5626,6648
GEN_4666,FRCWYRPKAAACLTTLACLQHIINNGKAKTFTKNAR,36,6.81,0.7247,0.4576,0.3668,0.1223,0.6,0.5626,6649
GEN_0759,THCAKKIAAKHCLHYAACVLLTYFINCLRTFTSLIP,36,3.62,0.7594,0.5764,0.3843,0.3233,0.5,0.5625,6650
GEN_4796,TRCAKKILKHACLSYLACVLLTRVNGEVKAKVFAVP,36,5.45,0.7234,0.698,0.4167,0.5757,0.6,0.5625,6651
GEN_3051,IHCMKKIAGKNSLHILACLLLNYFIACLKSYTSLIP,36,3.9,0.7398,0.491,0.4167,0.192,0.6,0.5625,6652
GEN_4777,THCLAKPHAHACLSYLACVLLTYFNACLHAKAFAAD,36,0.71,0.7236,0.4382,0.5395,0.3315,0.5,0.5625,6653
GEN_2426,THAAKKIAAHHCLHYLACVLLRYFIACLKEFTNLIP,36,2.71,0.7446,0.6168,0.4491,0.4231,0.6,0.5625,6654
GEN_4581,FRCWYRPKASACLTTLACLQHIINNGKAKTFTKNKQFFPLGKPDY,45,6.81,0.7257,0.4623,0.3473,0.1743,0.5,0.5625,6655
GEN_1268,LHCAKKIAAKHILHYLACVLLTYFIACLKTYTTLIP,36,3.98,0.7543,0.532,0.4491,0.2591,0.6,0.5625,6656
GEN_7981,TPCAKKPKAHASESYLACLLATPVNGCVKAKVFPPV,36,3.45,0.682,0.4901,0.4491,0.4575,0.45,0.5624,6657
GEN_0363,THCAKKAAAKNCLHYLACVWLTYFNSCLQRKVFAIF,36,4.53,0.764,0.5312,0.3843,0.236,0.5,0.5624,6658
GEN_1312,TRCAKKAALPHCLHYLACVLLTYFNSCLKRKGWGIF,36,5.53,0.7539,0.5471,0.3519,0.2541,0.5,0.5624,6659
GEN_7364,THCAKKPKYHACLSNLACLLLTPVNGCVKAKVFPAV,36,4.53,0.6947,0.4771,0.4167,0.3401,0.5,0.5624,6660
GEN_5813,FRCWYKPKAAACKATLACLQAIIHNGKGKTFTKLPNSFGLGDANR,45,6.81,0.7134,0.561,0.3733,0.393,0.5,0.5624,6661
GEN_3753,THCAGKPLKHACLSYLACVLLTYFNACLWAKAFAAK,36,3.53,0.7341,0.5295,0.4491,0.3683,0.5,0.5624,6662
GEN_1061,THIAKKLVAKHCLHYLACVLLTYFNECLHAKFFAIA,36,2.71,0.7564,0.4938,0.4491,0.1901,0.6,0.5624,6663
GEN_0668,LHCAKKIAAKHCLHYLACVLLTYFNACLKTFTSLAP,36,3.98,0.7603,0.5222,0.4167,0.2624,0.5,0.5624,6664
GEN_6202,TGCAHKPNAHCCLSTLACLLLIFLNACHKAKVFVAR,36,3.61,0.7098,0.4381,0.4167,0.306,0.4,0.5623,6665
GEN_3074,TRYHKKAHYHACASTPACLLLTILNGSRKAKVFALP,36,5.63,0.7396,0.4888,0.3519,0.0558,0.7,0.5623,6666
GEN_8387,THCAWKAAGKHCHHFEACVALSYFINCLRNFTSLLP,36,1.71,0.6681,0.5764,0.3724,0.5231,0.5,0.5623,6667
GEN_4704,THCAKKFAVKHCLHYLACVLLTYFNACLHAKAFAIP,36,3.7,0.7243,0.4952,0.4491,0.3332,0.5,0.5623,6668
GEN_4714,THCAKKIAAKHCLHYLACVLLTYFIACLKTCTSLIP,36,3.6,0.7242,0.4555,0.3843,0.269,0.4,0.5623,6669
GEN_0616,THCAKRILAKHCLHYLACVLLTYFNACLKTFTSLAD,36,2.62,0.7607,0.4944,0.3519,0.1492,0.5,0.5623,6670
GEN_2042,TRYHKKAHYHACLSTPACLLLTILNGSVKAKVFALP,36,4.63,0.7475,0.4862,0.3843,0.0658,0.7,0.5623,6671
GEN_7487,THCAAKPKAHACLSNLACLLLTPVNGCIKAKMNAPR,36,4.53,0.6922,0.4841,0.4167,0.3561,0.5,0.5622,6672
GEN_5694,FHCLKKPLAKHCLHYLACVLLTYFNSCLKAKVFAIF,36,4.98,0.7144,0.5221,0.4491,0.4003,0.5,0.5622,6673
GEN_5839,TKCAKKIAALHCLHYCACVALTYFIACLKAKTSVIA,36,4.52,0.7132,0.4831,0.4167,0.3722,0.4,0.5622,6674
GEN_7126,THCFKKPKAHACLSNLACLLLTPVQAPVKAHTFLPK,36,4.63,0.6983,0.4809,0.4491,0.3027,0.6,0.5622,6675
GEN_3854,TRCWKKPKAHACLSTLACLLLIILNGCLKAKVFAAV,36,5.44,0.7332,0.5229,0.4815,0.3904,0.5,0.5622,6676
GEN_6845,THCGKKIAAKHCLHYPACVLLTYFIACLKTFTNAIP,36,3.61,0.7022,0.4907,0.3843,0.3113,0.5,0.5621,6677
GEN_1993,TRCAKKPKAHACLSTLACASLIILNTCVKAFPRAAV,36,5.44,0.7478,0.6413,0.4491,0.5202,0.5,0.5621,6678
GEN_1141,THCAKKIKAKHCLHYLACVLLTYFIACLKTFANLFR,36,5.61,0.7555,0.594,0.3843,0.3588,0.5,0.5621,6679
GEN_2555,TRCAKKPNKHACFSCLACLLLVILNGQGKTFTKLEL,36,4.44,0.7435,0.5639,0.3194,0.2718,0.5,0.5621,6680
GEN_4844,WRCWYKPKAHACLSTLACLQLIILNGSNKAKVFAAV,36,4.81,0.7228,0.4737,0.4491,0.2324,0.6,0.5621,6681
GEN_0386,THCAKKLVAKHCLHYLACVLLAYFNACLHAKAFAVP,36,3.7,0.7635,0.4972,0.4815,0.2758,0.5,0.5621,6682
GEN_5015,TRYHKKPHYHACLETPACLLLTLANGCVKAKVFLAP,36,3.63,0.7211,0.4639,0.3843,0.1556,0.6,0.5621,6683
GEN_6961,FHCAKKSLAKRCIHHLACVLLTFLNGCVKAIVFAVP,36,4.98,0.7006,0.606,0.4815,0.6042,0.5,0.5621,6684
GEN_8350,TKYHKKPHYEACLYTPLCLLLTILNGCNKAKVFALP,36,3.54,0.6695,0.4749,0.3519,0.262,0.6,0.5621,6685
GEN_3104,FRCWYKPKAAACLFTLACLQLIILNGCVKAKVFAAH,36,4.8,0.7392,0.4888,0.5139,0.3508,0.5,0.562,6686
GEN_3307,THCAKKIAAKHCLHILACGLLTYFRACLHAKAFAAN,36,4.7,0.7377,0.4844,0.4167,0.2496,0.5,0.562,6687
GEN_1705,FRCAKKPKAHACLCTLACLLLIILNENWKTCAFIAK,36,4.8,0.7502,0.5037,0.4491,0.3512,0.4,0.562,6688
GEN_5186,TRPHHKPHYHACLSTLACLLLTILNETLKAKVFRAR,36,4.73,0.7195,0.4963,0.3519,0.1133,0.7,0.562,6689
GEN_2962,THCAKKPKAHACLCTLACLLLIIANETYKTFTKLPK,36,4.53,0.7404,0.5587,0.3519,0.3018,0.5,0.562,6690
GEN_0700,THCAKKIAAKHCLHYLACILLTYFNACLKTITNLLP,36,3.61,0.76,0.5442,0.3843,0.2644,0.5,0.562,6691
GEN_3656,THCAWKPLAKHCLHYLACVLLTYFDSCLKAKAFAAD,36,1.62,0.7347,0.5114,0.4433,0.328,0.5,0.562,6692
GEN_0692,FHCAKKPLAKHCLHYLACVLLTYFNACLKTFTSLAP,36,3.98,0.7601,0.5222,0.4167,0.2591,0.5,0.5619,6693
GEN_4301,TVCAKKIFAKHCLHYLACVLLTYFNSCLNRKAFAIF,36,4.53,0.7287,0.5517,0.4167,0.382,0.5,0.5619,6694
GEN_8407,TRCAAKPKAHACLDTAACLLLVILNETYKTCTENPK,36,1.45,0.6674,0.4583,0.3581,0.3105,0.5,0.5619,6695
GEN_2261,LHCAKKIAMRHSAHYLACVLLMYFVACLKDFTSLAP,36,2.99,0.7458,0.5307,0.4815,0.3049,0.6,0.5619,6696
GEN_3091,TRYHKKPHYHACLSTPACLLLTILNGCVKTFTKLKK,36,6.62,0.7394,0.5111,0.3363,0.1422,0.6,0.5619,6697
GEN_5355,WRCWKKPKAHACLSTWACLLAAILNGRGKTFTKLPETFPIGTGSR,45,6.82,0.7178,0.5681,0.3994,0.4178,0.5,0.5619,6698
GEN_1085,WHCAKKAAAKQCIHYLACMLLTYYINAIHAKAFAIG,36,3.98,0.7562,0.4975,0.4491,0.1935,0.6,0.5619,6699
GEN_3021,THCWKKAAAKHCLHYLACVLLTYFNSCLNRKVFAIM,36,4.61,0.74,0.5378,0.3843,0.2998,0.5,0.5619,6700
GEN_4202,TVCAMKPHAHLALSYMACILLNYFNACLHAKVFAAK,36,2.63,0.7298,0.5032,0.5139,0.3293,0.6,0.5619,6701
GEN_5783,THCAKKPDAMACLSDLAELLLIILNESLKTFTKLPK,36,0.47,0.7137,0.6077,0.5239,0.484,0.7,0.5619,6702
GEN_1677,TKCAKKPLAKHCIHYLACVILTYFNACLKTFTKLIP,36,5.52,0.7504,0.5663,0.3843,0.3226,0.5,0.5618,6703
GEN_7203,FRCWYKPKAAACLSTLACLQAIILNGKGKGFTKLPKSFGIGTGNR,45,7.72,0.697,0.5958,0.4265,0.5383,0.5,0.5618,6704
GEN_7200,PHCRKKHLCKHCLHYLACVLVTYFNACLKAKVFAIF,36,6.25,0.697,0.4903,0.3989,0.4016,0.4,0.5618,6705
GEN_0397,THCAKRILAKHCLHYLACVLLTYFNACLKTFTSAAY,36,3.61,0.7633,0.482,0.3519,0.1198,0.5,0.5618,6706
GEN_7384,THCAKKAAAKHLLHYLQCVLLSWFNSCLKRKVFAIF,36,5.62,0.6944,0.5733,0.4167,0.4308,0.6,0.5618,6707
GEN_3244,TRCAAKPKAHACLCTLACLLLVILNFQGKTFRKLEL,36,4.44,0.7381,0.5662,0.4167,0.3835,0.5,0.5618,6708
GEN_3359,THCAKKIAAKHCLHYLACVLLVYFIACLKTFTSLLP,36,3.61,0.7373,0.489,0.4491,0.2886,0.5,0.5617,6709
GEN_7380,PHCSKKAAAKHCLHYLACVLLTYFINCLKNFFSAAP,36,4.17,0.6944,0.5697,0.4167,0.4906,0.5,0.5617,6710
GEN_5672,THCAFKIAAKHCLHYLACVLLTYFNSCLKATVFALP,36,2.62,0.7146,0.5221,0.4491,0.3968,0.5,0.5617,6711
GEN_5738,THCAKKAAAKHCLWYLACVLLTYFINCLKTFCSLAP,36,3.52,0.7141,0.5424,0.4167,0.4659,0.4,0.5617,6712
GEN_4375,TRYHHKPHYHACLSTLACLLLTILNMCVKAKVFAAR,36,4.71,0.728,0.484,0.3843,0.1702,0.6,0.5617,6713
GEN_4383,TRYHHKPHYHACLSTLACLKLIILNGCNKTFSKLAV,36,4.71,0.7279,0.5043,0.3,0.1201,0.6,0.5617,6714
GEN_0082,THCAKKAAAKHCLHYLACVLLTYFNSCLKRTVFALF,36,4.61,0.7694,0.561,0.3843,0.2689,0.5,0.5617,6715
GEN_7182,THCAWKPKLHACLSYLACWCLTPVNGCVKAKVFPAS,36,3.52,0.6973,0.4375,0.4167,0.3302,0.4,0.5617,6716
GEN_6267,THCAKKIAAKHCLHYLACVVVTYFIACLKTFTSLAP,36,3.61,0.7091,0.4712,0.4167,0.2919,0.5,0.5617,6717
GEN_6593,LHCAKKIAARHSLHYTACVLLTYFIACLKTCTTLIP,36,3.98,0.7055,0.4896,0.3843,0.2984,0.5,0.5617,6718
GEN_3604,TRYHKKPKYHACLSNLACLLLIILNGCVRAFTRYPH,36,5.62,0.7353,0.6221,0.3194,0.3189,0.6,0.5617,6719
GEN_5544,WRCWYKGKAHACLSTLACLQAIILNGKGKTFTKLPHSFGIGMANK,45,6.9,0.7159,0.5443,0.3783,0.3594,0.5,0.5617,6720
GEN_7589,THIAKRAQAKHKLHYLGLVLLTYFNACLSTFTTSPK,36,4.64,0.6904,0.4082,0.3194,0.0,0.7,0.5617,6721
GEN_5389,GHSAKKIANKHCLHDLACYLLAYFNACLKMSTDVIP,36,1.99,0.7176,0.4829,0.3527,0.1606,0.6,0.5616,6722
GEN_8493,THCNHKPLVKHCLRYIACVLLTYLNVCVKAKVHAVP,36,4.7,0.6631,0.6099,0.3843,0.5973,0.5,0.5616,6723
GEN_2637,LHCAKRILAKHCLHYLACALLTYFNLCLKSKAFGIP,36,4.98,0.7428,0.5406,0.4167,0.3285,0.5,0.5616,6724
GEN_2429,TRCFWLAKAHACLSMSACLTLILLNHTLKAKVFYAV,36,3.54,0.7445,0.4048,0.4815,0.0965,0.6,0.5616,6725
GEN_4248,FRCWKKPKAHACLSTLACLLLIILNGCNKAKVFAAN,36,5.8,0.7292,0.5128,0.4491,0.3456,0.5,0.5615,6726
GEN_3680,VHCAKKPLAKTSLRYLACILLAYYNAGLHAKAIAPP,36,4.88,0.7346,0.5945,0.4815,0.4679,0.55,0.5615,6727
GEN_2152,THCAKKPLAKHCLHYLACVLLTVFNACLHAKAFAIP,36,3.7,0.7467,0.52,0.4815,0.3494,0.5,0.5615,6728
GEN_2291,THCWKKAAADNCLHYLACVLLTYFNSCLPRKVFAIF,36,2.53,0.7455,0.5268,0.4167,0.2986,0.5,0.5615,6729
GEN_5475,LHHAKKIAIKKSLHYLACVLLTYFIACLLTFTSAAP,36,4.0,0.7166,0.5458,0.4815,0.3293,0.7,0.5615,6730
GEN_4004,EHWAKKPAAKNWLHYLACVLLSYFHSCLQKFTLLAP,36,3.07,0.7319,0.5572,0.4491,0.2802,0.7,0.5615,6731
GEN_4092,TRYLRKKHYHACLSTPACLLLTILNGCIKAKVFAAA,36,5.54,0.7308,0.4951,0.3843,0.1809,0.6,0.5615,6732
GEN_2228,THRAKKILAKHCVHYLACWLLAYFNACLKTSTSLLP,36,4.62,0.746,0.5159,0.3843,0.1802,0.6,0.5615,6733
GEN_2585,THCAKKPTAKHCLHYLALVLRTFFNACRHAKLFAAD,36,4.72,0.7433,0.6531,0.3843,0.415,0.6,0.5615,6734
GEN_7219,THCAKRILAKHCLHYLVCVLLTGFYLCLHAKAFAAD,36,2.71,0.6967,0.5097,0.4167,0.384,0.5,0.5615,6735
GEN_8272,THCAKKPVAKHCLHYLACVLLTYMNGCVTAKVFAVP,36,3.61,0.6731,0.4923,0.4167,0.4098,0.5,0.5615,6736
GEN_4396,TRCAKKPKAHACLCTLACLLEIALNETYKTFTFLPK,36,3.45,0.7278,0.4594,0.3519,0.1626,0.5,0.5615,6737
GEN_5344,THCAKKILAKHCLHYLACVLLTYFFACLKTVDKIPK,36,4.61,0.718,0.5851,0.3843,0.4264,0.5,0.5614,6738
GEN_3043,TRCAKKPMARAELCTLACVLLTYFQACLHAKLFAAK,36,4.44,0.7398,0.5959,0.4491,0.4584,0.5,0.5614,6739
GEN_5458,LHLVKKIAAKHNLHYLACVLLTYFIACLKFYTTSFP,36,3.99,0.7168,0.4983,0.4491,0.2162,0.7,0.5614,6740
GEN_4503,THCRKRILAGRCLHYLARVLLGYFNACLKTFTNLAD,36,4.54,0.7265,0.6347,0.3194,0.3573,0.6,0.5613,6741
GEN_6253,TVCAKLIAAKHCLHYCACVLLTYFINCLKNFTSLLP,36,2.52,0.7092,0.5697,0.4167,0.52,0.4,0.5613,6742
GEN_7662,TRCAAKPIAHAPLCTLLCLLLIILNETYKTFSFLPK,36,2.45,0.6893,0.5774,0.4815,0.5106,0.6,0.5613,6743
GEN_2698,NHCAKKVANKHCLHYLACLLVTYFNACMRTWTKLIP,36,4.98,0.7423,0.5754,0.3519,0.3206,0.5,0.5613,6744
GEN_6630,FRCWYKPKCAACKATLACLQAIFHNGKGKTFTKLPNSFGLGDANR,45,6.8,0.7049,0.5499,0.3468,0.4273,0.4,0.5613,6745
GEN_0950,FRCAKKPLAKKCLHYIACVLVTYFNACLKAKVFAIF,36,6.8,0.7575,0.5551,0.5281,0.4278,0.5,0.5613,6746
GEN_7143,CHCAKKVVAKRHLHYLHCVLLTYFNSCLKAKVFAIF,36,6.06,0.6979,0.5195,0.3879,0.3672,0.5,0.5613,6747
GEN_1266,THCAKRILTKHALHYLACVLLTYFMACLKTFTSLAD,36,2.63,0.7543,0.5244,0.3843,0.1733,0.6,0.5613,6748
GEN_7635,THCAPKFAAKHCLHYLICVLLTYFNSCLNRKVFAII,36,3.62,0.6898,0.5517,0.4167,0.4677,0.5,0.5612,6749
GEN_5224,TPCWKKPKAHAELSTLACLLLLINNSPGKTFDRLPR,36,3.47,0.719,0.6724,0.3843,0.4353,0.7,0.5612,6750
GEN_7963,THCAKKPLGKVCLHYLQFVLITYFNACLHAKVFAVP,36,3.62,0.6825,0.5215,0.4491,0.4003,0.6,0.5612,6751
GEN_6160,FHCARKPLAKHCLHYLACVLLFYFNLCLKNFTKLIP,36,4.98,0.7101,0.5797,0.4491,0.4999,0.5,0.5612,6752
GEN_7875,TVCPDKIAAKGCLHYKACTLLTYFINCLKNFTSAAP,36,2.44,0.6847,0.542,0.3519,0.3989,0.5,0.5612,6753
GEN_2251,FHCAKKPLAKHCLHYLACVLLTYFNACLHAKAFAIP,36,4.06,0.7459,0.52,0.4815,0.3494,0.5,0.5612,6754
GEN_4200,THCAGKILAKHCLHYLACVLLTYFNACIRAKVFAIF,36,3.62,0.7299,0.5484,0.4491,0.4016,0.5,0.5612,6755
GEN_0798,THCAKKAAAKACLHYLACVLLTYFLSCNQKFFVIAP,36,3.53,0.759,0.4846,0.4491,0.2262,0.5,0.5611,6756
GEN_3180,WRCWYKPKAHVCLSTLACLDLIILNGCVKAFTRLPR,36,4.8,0.7386,0.6675,0.4167,0.5464,0.5,0.5611,6757
GEN_7643,THCTKKIAAKHCLHYLACVLVTYCIACLKTFTNHAP,36,3.69,0.6896,0.4277,0.3194,0.2309,0.4,0.5611,6758
GEN_5885,FRCWYKIKAAACLSTLACEQAIILNAKGKTFTKIPKSFGSWDAWR,45,5.73,0.7127,0.6262,0.3778,0.499,0.5,0.5611,6759
GEN_1959,FHCAKRPLARHHLDYLACVLLTYFNACLKTFTKLIP,36,3.99,0.7481,0.5802,0.4167,0.3118,0.6,0.5611,6760
GEN_0641,LHCAKKIAGKHCLHYIACVLLTYFGSCLQKFTLLAP,36,3.98,0.7606,0.5286,0.3843,0.2315,0.5,0.5611,6761
GEN_6298,FHCAKKPLAKHCLHYIACVLVTYFIACLKTFTNLIP,36,3.98,0.7088,0.5293,0.4491,0.4177,0.5,0.5611,6762
GEN_1711,THCAARPKAHACLSYMACILLILNNGCIKAKVFAVP,36,3.53,0.7502,0.4274,0.4815,0.1842,0.5,0.5611,6763
GEN_4974,TRCAKKPKAKACLSTLACLWLIILNETLKAKVFAAV,36,5.37,0.7214,0.5163,0.4815,0.3328,0.6,0.5611,6764
GEN_2364,TRHAARPKAHACLSYTAHILLLLNNGCIRTFRKLPK,36,6.64,0.745,0.6652,0.3889,0.3662,0.7,0.561,6765
GEN_1242,QDSAKKILAKHCLHYLACVLLTYFNACLKAHAFAIF,36,2.99,0.7545,0.5036,0.4491,0.201,0.6,0.561,6766
GEN_6292,TRCAKKPKAHACLCTLACLLLIILVETYKTFTFLGK,36,4.44,0.7088,0.4733,0.3843,0.259,0.5,0.561,6767
GEN_8191,TRCAHKPNKHACFSTCACLLLIILNVKGKTFTKIPK,36,6.53,0.6756,0.5298,0.3502,0.3964,0.5,0.561,6768
GEN_5581,FHCAKKPLAKHCLCYLACVLLTYFIACLKTFTSLAP,36,3.88,0.7156,0.4955,0.4491,0.4117,0.4,0.561,6769
GEN_6699,FRNWYKPKAAACLSTLACLQLIILMVSKKVISASNSI,37,4.74,0.7041,0.5179,0.464,0.3236,0.65,0.5609,6770
GEN_3813,TRYHKKPHYHAALSTPACLLLFILNKCKKAYVFAAP,36,5.63,0.7335,0.4782,0.4167,0.1081,0.7,0.5609,6771
GEN_1482,YHCAKKIAAKHCLHYLACTLLTYFIACLKTLTSLAP,36,3.98,0.7523,0.453,0.3843,0.1231,0.5,0.5609,6772
GEN_6315,TSCVFKILAKHCTHYLACILDTYMRATLKAKAFAAD,36,2.54,0.7087,0.5414,0.3843,0.3058,0.6,0.5609,6773
GEN_8586,THCAMKPKAHACLSYLPCLLLTPVNVSVKAKVFPAV,36,3.54,0.6576,0.4769,0.5139,0.446,0.6,0.5608,6774
GEN_8362,TRYHKKPHYHACLSTPICLLLTILNGCVKAHVFAAP,36,3.71,0.6692,0.4881,0.3843,0.3081,0.6,0.5608,6775
GEN_4151,THCAKKAAAKHCLHYLACVLLTYFNSCLNRKVFAAP,36,4.61,0.7303,0.5378,0.3843,0.3152,0.5,0.5608,6776
GEN_6078,THCAKKLVSKHCLPYLACVLLAYFNACLHAKAWAVP,36,3.61,0.7109,0.5115,0.4815,0.4137,0.5,0.5608,6777
GEN_5444,TVCAKKLVAKWCLHYLACVLLTYFNSCLKAKVFAIF,36,4.44,0.7169,0.536,0.4815,0.441,0.5,0.5608,6778
GEN_1781,TRCAKKPKAHACLCTLACLLLIILNETYKTFTFLPK,36,4.44,0.7496,0.4733,0.3843,0.1626,0.5,0.5608,6779
GEN_4679,WRCFYKPKAHACLYTLACLNVIILNPKGKKFDKLPKSYGIGFGLR,45,7.81,0.7246,0.5722,0.4574,0.4589,0.5,0.5608,6780
GEN_0636,THCAKKLVAKFCLHYLACVLLTYFNACLKTFTSAAP,36,3.53,0.7606,0.5293,0.4167,0.2624,0.5,0.5608,6781
GEN_6580,IYCWCKSKAAACLTTAACPQAIILQGKGKTYTKLPKSFGIGDANR,45,5.71,0.7056,0.5356,0.3,0.3513,0.4,0.5608,6782
GEN_7453,THCAKKPRAHACLPYLACLLLTPVNGSVKAKVFPAV,36,4.54,0.6928,0.4857,0.4815,0.3456,0.6,0.5607,6783
GEN_2179,LHCAKKHVAKHCLHYLACVLLTYFNACTKTFTSAAP,36,4.06,0.7465,0.4855,0.3519,0.1572,0.5,0.5607,6784
GEN_5479,TRCAKKPKAHACLCTLACLLLGILNGCLKAIVFAAH,36,4.52,0.7165,0.5021,0.4491,0.4184,0.4,0.5607,6785
GEN_4120,WRLWYKPKAHACLSTLACLLLIILNGCMKAKVFAAR,36,5.81,0.7306,0.5004,0.5139,0.3146,0.6,0.5607,6786
GEN_0962,THCAKKPLARHCLHYLACVLLTYFNACLKTFTKLIP,36,4.61,0.7574,0.5663,0.3843,0.2986,0.5,0.5607,6787
GEN_7187,SHCAKKAAAKHCLHYLACVQLTYFINCLKNFTSCAP,36,3.67,0.6972,0.5281,0.3194,0.3774,0.4,0.5607,6788
GEN_5631,WRCWYKPKAHACLSTLACLQAIILNGKGKTFTKLPHSFGIGMANR,45,6.9,0.715,0.5554,0.4043,0.399,0.5,0.5606,6789
GEN_3328,NRCVKKPNAHACLSYLACLLLIINNPCVKAFTRLPR,36,5.8,0.7375,0.6779,0.4167,0.5631,0.5,0.5606,6790
GEN_6877,TECAKKPKAHACLSYLACLLLICTNGCKKAKVFAPR,36,5.43,0.7019,0.4428,0.3519,0.2558,0.4,0.5606,6791
GEN_3838,THCAKRILAKHELHYLACVALTYFNACLKDFTKLIP,36,2.63,0.7334,0.571,0.3843,0.2951,0.6,0.5606,6792
GEN_7137,FRCWYKPKAAACLMTSACLLLIILPGRGKTFKKLAV,36,6.72,0.6979,0.4749,0.5237,0.3576,0.6,0.5606,6793
GEN_5172,SRCAKKPKAHAFCSTLACLLLIILNACAKAKFFAAR,36,6.5,0.7196,0.5156,0.5108,0.4284,0.5,0.5606,6794
GEN_7620,SLACCLIIKAWVVGGWKCLRLKAVRPVVLNLKS,33,5.43,0.69,0.6054,0.4451,0.4149,0.75,0.5606,6795
GEN_5438,NHCAKMILAKHSLHWLACVLLTYFNACLKAKLFAIF,36,3.99,0.717,0.5204,0.5139,0.3787,0.6,0.5606,6796
GEN_7148,KHIYFEACKQAARTLRCGNASLFASWCGKAKKFAAV,36,5.81,0.6978,0.6535,0.3519,0.4833,0.6,0.5606,6797
GEN_6716,NHRAKKPLAHACLSYSACVLLTCFNACVHAKVFAAP,36,3.98,0.7039,0.5284,0.4491,0.4245,0.5,0.5606,6798
GEN_8637,CRCCKKHNKHSSWSNLACLLLIILRGQPKTYTKLHL,36,6.98,0.6544,0.4489,0.3569,0.3155,0.5,0.5606,6799
GEN_0079,THCAKKAAAKNCLHYLACVLLNYFNSCLQRKVFAIF,36,4.53,0.7695,0.5718,0.3843,0.2789,0.5,0.5606,6800
GEN_2544,THCGKKALAKNALHYLACVLLTYFGSCLQRFTLLAP,36,3.54,0.7436,0.5697,0.3843,0.2689,0.6,0.5605,6801
GEN_6007,FHCAKKTGWKHNLHYLACVLLTYFINCLWNFVSLAP,36,2.99,0.7117,0.5289,0.4167,0.3073,0.6,0.5605,6802
GEN_1886,TDCAKKIAAKHSLHYMACVLLSYFIACLKTFTSLLP,36,2.54,0.7488,0.4768,0.4167,0.1339,0.6,0.5605,6803
GEN_8017,HRCWYKAKAALRLCFLKCLQLIIGQVSKKVNRAHLSI,37,7.9,0.6808,0.6448,0.4801,0.6696,0.55,0.5605,6804
GEN_6446,FHCAKKPLAKDCLHYLRCVLLTYFNACLRAKALAHD,36,3.98,0.7072,0.55,0.3843,0.3877,0.5,0.5605,6805
GEN_4291,NRCWKKPKAHVCLNTLACLLLIILNGCVKAFTRLPL,36,5.8,0.7287,0.6384,0.4491,0.5497,0.5,0.5605,6806
GEN_1833,FHCARKPLAKHCLHNLACCLLGYFNACLRAKAFAAD,36,3.97,0.7492,0.5022,0.4167,0.3088,0.4,0.5605,6807
GEN_4973,FRCWYKPKAAACLSTLACIQAIILNGKGKTFTKIPKVFGIGTPSR,45,7.72,0.7214,0.6141,0.4783,0.5554,0.5,0.5605,6808
GEN_5222,THCAKKIAAKHCLHYLACVLLTYFIACLKTCTTLIP,36,3.6,0.7191,0.4555,0.3843,0.269,0.4,0.5605,6809
GEN_7199,THCAHKIAAKHCLHYLACVLLTYFIACLKTFTSLDP,36,1.7,0.697,0.4573,0.405,0.2766,0.5,0.5604,6810
GEN_7437,TRCAKKPKAHACLSTLQCLLLIILNGSVKAFTRLPR,36,6.45,0.6931,0.6317,0.4106,0.5154,0.6,0.5604,6811
GEN_2142,THCAKKIAARHALHYLACVLLTYFIACLKTFGSLAP,36,3.63,0.7467,0.5318,0.4491,0.2624,0.6,0.5604,6812
GEN_2286,TRYMKKPHNHACLSNLACLLLTPVNGCVKAKVFAAV,36,4.54,0.7455,0.5768,0.4167,0.3081,0.6,0.5604,6813
GEN_3744,TRCQAKPKADACLCTLACLLLIILNETWKTFTFLPK,36,2.36,0.7341,0.4807,0.4167,0.241,0.5,0.5604,6814
GEN_2471,THCAAKPIAHAALSYMACVLLTYFNACLHAKAFAAD,36,0.63,0.7442,0.5281,0.6098,0.4224,0.6,0.5603,6815
GEN_5137,TRAHRIIKYHACLSMLACLILNPINGCAKAMVYAAH,36,3.63,0.72,0.5919,0.4491,0.4244,0.6,0.5603,6816
GEN_5637,THCAKKPLLKHCLHYLACVLLTYFNACLKTFTKLIP,36,4.61,0.715,0.5663,0.3843,0.395,0.5,0.5603,6817
GEN_5395,THCAKKAAAKNCLHYLACVLLTYFHACLKTCTTALF,36,3.6,0.7175,0.4557,0.3519,0.2395,0.4,0.5603,6818
GEN_8205,TRYRKHPHNHACLSTLACLLLIILNGCVKAWTRFPR,36,5.63,0.6753,0.6244,0.3519,0.4852,0.6,0.5603,6819
GEN_1618,THCAKKFLAKHCLSYLACVLLMYFNACLKTFTKLAR,36,5.53,0.7509,0.6192,0.3843,0.3997,0.5,0.5603,6820
GEN_5243,LHCAKKPLLKHCLHYLACALLTYFNACLHAKAFAAD,36,3.07,0.7189,0.5195,0.4491,0.3722,0.5,0.5602,6821
GEN_5572,THCAKKIAVIHCLHYLACVLLTYFNACLHAKAFAIP,36,2.7,0.7156,0.4579,0.4815,0.3098,0.5,0.5602,6822
GEN_0170,TACAKKIAAKHCLHYLACVLLTYFINCLKTFTKLIP,36,4.53,0.7673,0.6108,0.4167,0.3788,0.5,0.5602,6823
GEN_6733,THCRKRILAKHCLHFLACVLLTYFNACLHAKVFAAD,36,3.71,0.7037,0.5226,0.4167,0.3807,0.5,0.5602,6824
GEN_7579,PRCAKKPNKHACLSNHACLLLTIVNGCVKAKVFAAR,36,7.09,0.6906,0.5916,0.4477,0.557,0.5,0.5602,6825
GEN_2117,THCAKKPKAHACLSYLACLLLTCLNGCVKAFTRLPR,36,5.52,0.7468,0.6397,0.3519,0.476,0.4,0.5601,6826
GEN_7376,FHCASKPLAKHCLHYLACVLLTPFNLCLKNFEKLIP,36,2.98,0.6945,0.5901,0.4491,0.5462,0.5,0.5601,6827
GEN_3452,NRCWKKPKAHVCLSTLACLLLIILNGCVKAFTRLPK,36,6.8,0.7364,0.6245,0.4635,0.5202,0.5,0.5601,6828
GEN_6268,TVAAKRIAAKHCLHFLACVLSTYFAACLHTFTSLAW,36,2.63,0.7091,0.5265,0.4815,0.3719,0.6,0.5601,6829
GEN_6732,THCAKKILAKACLHPDACVLLTYFNAWLKTFTSLAP,36,2.54,0.7037,0.5602,0.4491,0.4083,0.6,0.5601,6830
GEN_2444,THCAKKIAAKHCLHYLACVLLTTFNACLKWFSNLIP,36,3.62,0.7444,0.5552,0.4167,0.3393,0.5,0.5601,6831
GEN_2485,TVSAKKIAAKHCLHYLACQLLTYFIACLKTFTSLAC,36,3.53,0.7441,0.4768,0.3843,0.1767,0.5,0.5601,6832
GEN_5374,THCAKKIALKHCCHYLACVLLTAFNACLHAKAFAFH,36,3.78,0.7177,0.4701,0.4167,0.3258,0.4,0.56,6833
GEN_1504,THYAKKAAAKHCLHYLACVLLTNFNSCLNKGVFAIF,36,3.62,0.752,0.524,0.3843,0.1694,0.6,0.56,6834
GEN_6215,THCAKHPLAKHCLHYLACVLLTYFNACLHAKAFAIP,36,2.79,0.7096,0.4839,0.4491,0.3332,0.5,0.56,6835
GEN_3937,TRYRRAKHAHACASTLACLCLTYLIGTVKAFNRLPR,36,6.54,0.7326,0.6275,0.3509,0.3539,0.6,0.56,6836
GEN_0844,FHCAKKTAAKHSLHYLACVLLTYFINCLQRFTLLAP,36,3.99,0.7585,0.6295,0.4167,0.3626,0.6,0.56,6837
GEN_2800,THCAKKGLAKRCLHWCACLLLNYFNACLHAAAFAAD,36,2.61,0.7416,0.5052,0.4167,0.3285,0.4,0.56,6838
GEN_3199,TRCAVKPKAHACLCTLACLLLIILNETEKNFTFLPK,36,2.45,0.7384,0.4641,0.4167,0.2008,0.5,0.56,6839
GEN_6763,THCAKKILGKHCLHYLACVLLTYPKACLHVAAFAAD,36,2.71,0.7031,0.4694,0.4167,0.2919,0.5,0.56,6840
GEN_2127,THCAARPKAHACLSYMACILLILNNGCIKAKVFAAP,36,3.53,0.7468,0.4274,0.4815,0.1842,0.5,0.5599,6841
GEN_2016,TRCAAKPPAHAALSYMACILLILNHGCLKTGTKLPK,36,4.54,0.7477,0.5406,0.4167,0.3388,0.45,0.5599,6842
GEN_2168,TVCAKKILAKHCLRYLACVLVTYFNACLKAKVFAIF,36,5.44,0.7466,0.6022,0.4815,0.4761,0.5,0.5599,6843
GEN_2626,THCAKKKLQKHVLHYLACVLLTYFNACLKTFTILIP,36,4.62,0.743,0.5458,0.3843,0.2261,0.6,0.5599,6844
GEN_8260,THCMKKVAAKHCLHYLACILLTYFNTMLYRHMFAIF,36,3.71,0.6735,0.5197,0.4167,0.3772,0.6,0.5599,6845
GEN_4738,THCAKKHAAKHCLHYLACVLLTYFNACLLAKVFAIF,36,3.7,0.724,0.5102,0.4491,0.3427,0.5,0.5599,6846
GEN_5440,WRCWYKPKAHACQSTLACLALIILNGQNKTFTKLPKSFGIGTGMR,45,6.81,0.717,0.5849,0.3733,0.4078,0.5,0.5599,6847
GEN_4423,QDSAKRIRAKHCLHYLACVLLSNFNACLKAHAFAIF,36,3.99,0.7275,0.4755,0.4167,0.1774,0.6,0.5599,6848
GEN_2189,FHCAKKPLAKHCLHYLACVLLTYFNACLHALAFAAG,36,3.06,0.7464,0.52,0.4815,0.3394,0.5,0.5599,6849
GEN_1946,THCAARPKAHACLSYMACILLTYLNGCVKAKVFAVP,36,3.53,0.7482,0.493,0.4491,0.2577,0.5,0.5599,6850
GEN_1891,TACAKKILAHHCLHYLACVLLTYYNACLGTYDYLPK,36,1.61,0.7487,0.4007,0.3465,0.0,0.5,0.5599,6851
GEN_8227,FRCWYRPKAAACLTPLACLQHIIYNGKAKKFTKNKNSFGAGCVDY,45,6.8,0.6746,0.4537,0.3467,0.3276,0.4,0.5598,6852
GEN_1644,THCAKKPKAHACLSYLACLLLIINNPCVKAFTRLPR,36,5.53,0.7506,0.6779,0.4167,0.5269,0.5,0.5598,6853
GEN_5944,WRCWYEPKAHACLSSLACLQAIILNGCGKVKVFAAV,36,2.81,0.7122,0.4385,0.4491,0.2498,0.5,0.5598,6854
GEN_4824,TRCAKKPKAKACLSTLACLWIIILNETLKAIVFAAV,36,4.37,0.723,0.5302,0.5139,0.3756,0.6,0.5598,6855
GEN_4965,TRCWKKPKAHACDSTLACLLLIILNGCLHAKDFAAV,36,2.53,0.7214,0.4951,0.4167,0.2908,0.5,0.5598,6856
GEN_6170,FHKAKKPLAKHCLHWLACVLVTYFNACASAKVFLIF,36,4.99,0.71,0.588,0.5139,0.5027,0.6,0.5598,6857
GEN_5995,TGCAKKPKAIACLSTLACLLLIILEETLYAKVFRAR,36,3.37,0.7118,0.4852,0.4491,0.2624,0.6,0.5598,6858
GEN_2689,TRCFWLAKAHACLSMSACLTLIILNHTLKAKVFYAV,36,3.54,0.7424,0.4093,0.4815,0.0965,0.6,0.5598,6859
GEN_0958,TACAKKILAHHCLHYLACVLLTYYNACLHAKAFAAD,36,1.71,0.7574,0.4424,0.4373,0.1393,0.5,0.5598,6860
GEN_2218,TRCVKKPKAHACLSYLACLLLIINNPCVKAFTRLPR,36,6.44,0.7462,0.6779,0.4424,0.5631,0.5,0.5598,6861
GEN_4592,THCAKRILAHHCLWYLACSLLTKFNACLGIYDKLPK,36,3.62,0.7256,0.453,0.3519,0.1461,0.5,0.5598,6862
GEN_8559,LRYHRKTKYHACLSNLVCLLLTPVNAPYKTFTFLPK,36,5.91,0.6594,0.461,0.3519,0.1794,0.7,0.5597,6863
GEN_0000,THCAKKAAAKNCLHYLACVLLTYFGSCLQKFTLLAP,36,3.53,0.7775,0.5286,0.3843,0.1825,0.5,0.5597,6864
GEN_1275,THCAKKILAKHCLHWLACVLLTYFNKCLKTFTKLPK,36,6.61,0.7541,0.6334,0.3876,0.4151,0.5,0.5597,6865
GEN_8302,WRCWKHPKPHAGLSTLACLQAIILNPKVLTFTKLPPSFGIGTGSR,45,5.91,0.6718,0.4789,0.4037,0.399,0.45,0.5597,6866
GEN_4325,TREHKKPHYHACLSTPACLLLTIANGCVKAKVFPAV,36,3.63,0.7285,0.4696,0.3843,0.1315,0.6,0.5597,6867
GEN_3764,WNCAKKLVAKHCLHCLACVLLTGFNACLKTFTSALP,36,3.88,0.734,0.5057,0.4167,0.3448,0.4,0.5597,6868
GEN_2976,TLCAKKIAAKHSLMYMACVLLSYFIQCLKTFTALLP,36,3.45,0.7404,0.5792,0.4815,0.383,0.6,0.5596,6869
GEN_6085,FRCWYGPKAAACLSTLACLQAIIWNGKGKTFTKLPKSFGIGDANR,45,5.73,0.7108,0.6045,0.3519,0.4315,0.5,0.5596,6870
GEN_5523,FHCAKIPLAKHCLHYLACVLVTYFNACLKAKVFAIF,36,3.98,0.7161,0.5204,0.5139,0.4411,0.5,0.5596,6871
GEN_1954,THCAKKPTAKHFLHYLACVLRTFFNACRHAKLFAAD,36,4.72,0.7481,0.6531,0.3843,0.3915,0.6,0.5596,6872
GEN_6625,THCAKKAAAKHCLHYLACVLLTYFNSCLNLRVFAIF,36,3.62,0.705,0.4698,0.4167,0.2857,0.5,0.5596,6873
GEN_6970,FHCAKYPLAKHCLHYLACVLVTPFNGCLKWFTSAAR,36,3.98,0.7005,0.5725,0.4167,0.4672,0.5,0.5596,6874
GEN_5979,LHCAKKAAAKNCLWYLAMVLLTYFQSCLKATVFALF,36,3.81,0.712,0.5517,0.5139,0.4362,0.6,0.5596,6875
GEN_0499,LHCAKRILAKHCLHYLACVLLTYFNLCLKSKAFAIP,36,4.98,0.7621,0.5545,0.4491,0.3252,0.5,0.5595,6876
GEN_3793,TRCWKKPNKHACFSTLACLLLIILNGQGKRFTKIPK,36,7.45,0.7337,0.5722,0.404,0.3093,0.6,0.5595,6877
GEN_2256,TRCAKKPKAHACLCTIACLLLIILNETYKTFTFLPK,36,4.44,0.7458,0.4733,0.3843,0.1626,0.5,0.5595,6878
GEN_8366,LHCAKKIADKHSLHYLACVLVTFFIQCLKTFHYLAP,36,3.07,0.669,0.5293,0.4167,0.4011,0.6,0.5595,6879
GEN_7725,KPLQVPSALKGSCRCMIVVALNVGGKIGNCRKKAPKCL,38,7.71,0.6881,0.5224,0.4553,0.5171,0.4,0.5595,6880
GEN_6758,WRSWFKPKGHACLSTAACLQAIILNGKGRTFTKLPKSFGIGNGNR,45,7.82,0.7032,0.6331,0.4063,0.4841,0.6,0.5595,6881
GEN_1578,THCAAKPKAHAALSYMACILLILNNACLHVKAFALD,36,1.63,0.7512,0.4757,0.5398,0.243,0.6,0.5595,6882
GEN_1814,NACANKPHAHLALSYMACILLTYFNACLHAKAFGAK,36,2.99,0.7493,0.4382,0.4491,0.0945,0.6,0.5595,6883
GEN_0676,TVCPKKIAAKACLHYLACVLLTYFINCLKNFTSLIP,36,3.44,0.7602,0.5836,0.4491,0.3775,0.5,0.5594,6884
GEN_3791,TSCVKKILAKHCQHYLAAVLLTYMRACLHAMAFAAD,36,2.63,0.7337,0.5272,0.4491,0.2785,0.6,0.5594,6885
GEN_6599,DRCWYKPKAAACLSTLACRQNIFLNCSGKTIRFAAV,36,4.72,0.7054,0.517,0.3519,0.2966,0.5,0.5594,6886
GEN_3562,THCAKKIAAKESLHYLACVLLTYFIACLKTCTILIP,36,2.53,0.7356,0.4634,0.4167,0.2021,0.5,0.5594,6887
GEN_0356,TKCARKAAAKHCLHYLACLLLTYFNSCLNRNLFAIP,36,4.53,0.7641,0.5378,0.3843,0.2267,0.5,0.5594,6888
GEN_3886,WRCWYKPKAHAPLSTLACLLLIILNSCMKAKVFAAK,36,5.81,0.733,0.5014,0.5139,0.3018,0.6,0.5594,6889
GEN_8014,FRAWYKPKAAAALSTLACLQLIILNGTVVAYMGLPR,36,3.75,0.6808,0.5038,0.5463,0.3935,0.7,0.5594,6890
GEN_4118,THCAKKPKAHACLSYLACLAWIILNGSVKAFTRLPR,36,5.54,0.7306,0.6456,0.4167,0.4499,0.6,0.5593,6891
GEN_8380,THDAKKAAAKHCLHYLACVFRSYFNFFLYAKANAIP,36,3.63,0.6684,0.5447,0.4167,0.36,0.7,0.5593,6892
GEN_3151,TVCAKKIAATHCLHYLACVLLTYFIACLKTFTSLAP,36,2.53,0.7389,0.4851,0.4491,0.2624,0.5,0.5593,6893
GEN_2983,YHSAKKAAAKHCLHYLACCLITYFGSGLNRFTLLAC,36,3.98,0.7403,0.5539,0.3194,0.2442,0.5,0.5593,6894
GEN_3905,TRRAKKPKAHACLSTLACASLIILNGCLKAHIFAAR,36,6.54,0.7329,0.473,0.4481,0.1881,0.6,0.5593,6895
GEN_2145,TRCAAKPDAHACLCTLACLLLIILNETYKTFTFLAK,36,1.45,0.7467,0.4881,0.4555,0.2557,0.5,0.5593,6896
GEN_2558,TRCAKKPKAHACLCTLACLLLIILNETYKAKVFAAP,36,4.44,0.7435,0.501,0.4491,0.2778,0.5,0.5593,6897
GEN_5223,HRCWKKPKAHAELSTLACLLLNINNGKGKTFTKLPRPFGILTYSR,45,7.91,0.719,0.625,0.4114,0.4378,0.6,0.5593,6898
GEN_6800,LHCAKKAAAKNCLHYLWCLLLTYFNSCLNRKLFTIF,36,4.89,0.7027,0.5378,0.3843,0.3693,0.5,0.5593,6899
GEN_2108,THCAKKIAAKHMLHYLACVLLTMFIACLKTFTSPIP,36,3.63,0.7469,0.5121,0.4815,0.2536,0.6,0.5592,6900
GEN_4286,THYHKKPHYHACLSTLACLILTIVNGCVKAKSFAAH,36,3.8,0.7288,0.4757,0.3194,0.0732,0.6,0.5592,6901
GEN_4085,WRLWYKPKAHACLSPLACLTLIILLGQGKTFTKLAV,36,4.82,0.7309,0.5034,0.4815,0.2097,0.7,0.5592,6902
GEN_8305,WSCWKKPKAHACLSTLNCLQAIILNGKGKTHTKLPKSPPIGTGNR,45,7.9,0.6716,0.4369,0.4107,0.3996,0.35,0.5592,6903
GEN_1664,THCAKKPLAKHCLHYLACVLLTYFNACLKTFDKLPK,36,4.61,0.7505,0.568,0.3519,0.2752,0.5,0.5592,6904
GEN_5338,FRFWYKPKAAACLSTLACLQAIILNGKGKSFTKIPKNFGSWTPSR,45,7.73,0.718,0.6355,0.4789,0.5241,0.6,0.5592,6905
GEN_4823,WKCWYKPKAHAPLSTLACLRLIILNSCMKAKVFAAK,36,6.81,0.723,0.4394,0.5288,0.2349,0.6,0.5591,6906
GEN_7741,TRYEKKPHYHACLHNLACLLLTILNGCAKAEVMAAH,36,1.72,0.6877,0.4709,0.3716,0.2124,0.6,0.5591,6907
GEN_4408,THQAAKPHIHACLSWLACVWLTYLNGCLKAKVFPIP,36,2.63,0.7276,0.4924,0.4815,0.2651,0.6,0.5591,6908
GEN_4595,FRCWYKPKAAWALSTLACLQLIILNMSHKTLTKIPK,36,5.82,0.7256,0.5577,0.4491,0.2798,0.7,0.5591,6909
GEN_7944,NHCAKKAAAKHCLHYLACVLLTFFNSQLNRCVFAIF,36,3.98,0.6828,0.5391,0.4167,0.4491,0.5,0.5591,6910
GEN_8105,LRYHRRTKYHACLSNLAELLLEPSNGCVCAIVFAAV,36,1.91,0.6781,0.5032,0.3907,0.3078,0.6,0.5591,6911
GEN_7249,FHCTKDAAAKMCLHYLACVLITYFINCGKNFKSLAP,36,2.89,0.6964,0.5378,0.3843,0.3832,0.5,0.5591,6912
GEN_5527,THCAKKPLAKHCLHYLACVLLTYFSACLHAKAFAIP,36,3.7,0.716,0.5061,0.4491,0.3494,0.5,0.5591,6913
GEN_2667,TRYRKKPHNHACLSTLACLLLIILNGCVKAFSRLPR,36,6.54,0.7426,0.6428,0.3833,0.3824,0.6,0.5591,6914
GEN_6551,WRCWFKPKGHACLSTAACLQAIILNGKGRTFTKLPKSFGIGNGNR,45,7.81,0.7059,0.6331,0.4057,0.5403,0.5,0.559,6915
GEN_4394,FHCAKKPLAKHCLHYLACVLLTYFNACLKTKAFYIP,36,4.97,0.7278,0.4923,0.4167,0.2657,0.5,0.559,6916
GEN_4402,TRCWKKPKAHACLSTLACLLLIILNGQGKVIRACNTI,37,5.44,0.7277,0.5503,0.3694,0.3488,0.45,0.559,6917
GEN_4223,FRCWYKPKAAACLSTLACLQAIILNAKGKTFTKLPISFGIGNLSR,45,6.72,0.7296,0.5065,0.446,0.3144,0.5,0.559,6918
GEN_6327,THCAKKAAAKHCLHYLACVLLSYFNAFLYAPANAVV,36,2.62,0.7086,0.4972,0.4815,0.3167,0.6,0.559,6919
GEN_3951,TRYLRKHHYHACLSTPACLLTTILNGCIKAKVFAAA,36,4.63,0.7324,0.5267,0.3519,0.1809,0.6,0.559,6920
GEN_1307,THCAKQILAKHCLHYLACVLLTYFRACLHAKAFAAD,36,2.71,0.7539,0.4855,0.4167,0.1937,0.5,0.559,6921
GEN_1157,THCAKKLLAWHNLHYLACVLLDWFRACLCASTSVKP,36,2.62,0.7553,0.5404,0.4167,0.2813,0.5,0.559,6922
GEN_4028,FRAWYKPKAAAALSTLACLQLIILNGTVKAFTRLPR,36,5.75,0.7315,0.6933,0.5139,0.5561,0.7,0.559,6923
GEN_5627,THCAKLPLAKHCLSYLACVLLTYFTACLHAKAPAAK,36,3.61,0.7151,0.4724,0.4491,0.2946,0.5,0.559,6924
GEN_3099,THCAKKALAKNCLNYLACVLLTYFGSCLQRFTLLLP,36,3.44,0.7393,0.5697,0.3843,0.3351,0.5,0.559,6925
GEN_4992,SHCAKKAAAKNCLHYLACVLLTYGVSCLNRLVFAIF,36,3.59,0.7213,0.5591,0.4167,0.392,0.5,0.559,6926
GEN_6927,THCAKKIGAKHCLHYLGPVAVTYFYACLKTFISLAP,36,3.62,0.7012,0.4666,0.3843,0.1855,0.6,0.5589,6927
GEN_1221,THCAKKPLAKHCLHYLACVLWTYFSACLKTFTKLAR,36,5.61,0.7547,0.6053,0.3519,0.3255,0.5,0.5589,6928
GEN_3598,LHCAMKIWAKHCLHYLACVILTYFIRSLKAVTTLIP,36,3.99,0.7354,0.6232,0.4815,0.4638,0.6,0.5589,6929
GEN_5550,SHCAKKAAAKHCLHYLACVLLTYFINCLKNFTSCAP,36,3.67,0.7159,0.542,0.3519,0.3774,0.4,0.5589,6930
GEN_0765,FHCAKKPVAQTCLHYVACVLLTLFNATLKACTKAIP,36,3.89,0.7594,0.5177,0.4491,0.2657,0.5,0.5589,6931
GEN_4663,THCAAKPLGNACLSYLACLLLTYFNACLHLKAFAAK,36,2.53,0.7248,0.4929,0.4491,0.3053,0.5,0.5589,6932
GEN_4640,THSAKHILAKHCLHYLACVLVTYFNACLKAKVFAIY,36,3.71,0.725,0.4787,0.4167,0.1822,0.6,0.5589,6933
GEN_7245,TRCWKKPRAHACLSTLACLLLIILNGCLAGEVFAAR,36,3.45,0.6964,0.5001,0.4491,0.3838,0.5,0.5589,6934
GEN_2445,PHCAKKPLAKHCLHYLACVALTYLNACLKYFDKLIP,36,4.17,0.7444,0.5933,0.4167,0.395,0.5,0.5589,6935
GEN_6966,FHCARKTKALHSKHYAACVLLTYFNSCLKATVFAPF,36,4.99,0.7005,0.4943,0.3843,0.233,0.6,0.5589,6936
GEN_6783,TRCMRKAGFRACLSYLACKILTCNNGCVKAKVYAPR,36,7.34,0.7028,0.5233,0.3783,0.4032,0.4,0.5589,6937
GEN_6417,THCAKKAAAAHCLHYLACVLLTYFNSCLNRKVFAIF,36,3.62,0.7075,0.5517,0.4167,0.4115,0.5,0.5589,6938
GEN_5084,GRDFKKPNKLACLSNLACLLLTILNGCVKAKRFAAR,36,6.73,0.7204,0.5968,0.4266,0.3997,0.6,0.5589,6939
GEN_4265,THCAKKILAKHCLHYLACVLLTYFRACLHAKLFAIF,36,4.7,0.7291,0.4994,0.4491,0.3053,0.5,0.5588,6940
GEN_1817,GHCAKKIAAKHSLHYLACLLLTYFNACLRTFTKTIP,36,4.99,0.7493,0.5727,0.3519,0.2168,0.6,0.5588,6941
GEN_7318,THLAMKPKLHACLSFLACLLLTFLNGCVKAKVFAVP,36,3.54,0.6954,0.5527,0.5463,0.5034,0.6,0.5588,6942
GEN_8293,FHCAKKPVAQTCLHEVACVLLTLFNVTLKACTKAIP,36,2.89,0.6721,0.5051,0.4491,0.4477,0.5,0.5588,6943
GEN_4545,THCAKKPLAKKCLKYLAQVLLWYMNACLHAKAFAAD,36,4.54,0.726,0.6334,0.4491,0.4687,0.6,0.5587,6944
GEN_8007,THCAKHHVAAHCLHYLACVLLTRFNACLHAKAFAIP,36,2.88,0.6812,0.4614,0.4491,0.3527,0.5,0.5586,6945
GEN_4261,THCAKFAAAKNCLHYLARVLLTYFNSCLQRKVFAIF,36,4.54,0.7291,0.6196,0.4167,0.4052,0.6,0.5586,6946
GEN_1231,THCAKRILAKHCLHYLACVLLTYFNACKKAKVFAAF,36,5.61,0.7546,0.5097,0.4167,0.2295,0.5,0.5586,6947
GEN_2306,LHCAKKIAAKSCIHYLACVLLTYFINCDQRFTILAP,36,2.89,0.7454,0.5284,0.4167,0.2823,0.5,0.5586,6948
GEN_5875,FHCAKKPLAKHCLHYIACVLVTYFNACLKAKVFLIF,36,4.98,0.7129,0.532,0.4815,0.4278,0.5,0.5585,6949
GEN_6911,TRCAKKPNKPACFSTLACLLLIFANGQAKTFTKLAV,36,5.36,0.7014,0.607,0.4167,0.4485,0.6,0.5585,6950
GEN_6346,FRCWYKPKAAACLSTLACVQAIIMNGKGKMFFKIPKSFGSWDAWR,45,6.72,0.7083,0.6254,0.4719,0.6516,0.4,0.5585,6951
GEN_5994,THCAAKAAAKNCLHILACVLLTYFINCLKTCTTGLF,36,2.52,0.7119,0.5108,0.3843,0.3647,0.4,0.5585,6952
GEN_4413,NRIWKKPQAHACLSSLACLLLIILNGCVKAKVRLPR,36,6.81,0.7276,0.5497,0.4965,0.3718,0.6,0.5585,6953
GEN_5582,THCACKIAVKHCLHWLALVLLCYFNACLHAKAFAIP,36,2.69,0.7156,0.4932,0.5139,0.4562,0.4,0.5585,6954
GEN_2843,PRCAKKPNKHACLSNLACLLLTIVNVCVKAFTKAAV,36,6.0,0.7412,0.6194,0.4491,0.4754,0.5,0.5585,6955
GEN_4611,SRCAKWPKATACLSTLACLELIIVNACLKAKVFGAN,36,3.42,0.7254,0.4748,0.4491,0.2712,0.5,0.5585,6956
GEN_1712,TACAKNPLAKRSLHYYACVLLTYFNMCLKTYTKLIP,36,4.45,0.7502,0.5042,0.3519,0.0977,0.6,0.5584,6957
GEN_1729,THCAKKAAAKHSLHYLACMWLTYLRACLKTVWTALF,36,4.62,0.7501,0.534,0.4167,0.2126,0.6,0.5584,6958
GEN_4405,TRSAKSSKAHACLSTLACLWIIILNETLKAKVFAAP,36,3.46,0.7276,0.451,0.4491,0.0926,0.7,0.5584,6959
GEN_4828,FRCWYKPKAHACLSTTACLLLIILNGDNRSFEKLAV,36,2.82,0.7229,0.5529,0.3843,0.2752,0.6,0.5584,6960
GEN_1714,TRCAKKINAAFSLHYLACVLVNYCIACLKTFTNLAP,36,3.44,0.7502,0.5956,0.4167,0.3815,0.5,0.5584,6961
GEN_2094,LWCAKKIAAKHSLHYLAMVWLTYFHACLRTCTTALF,36,3.99,0.7471,0.5213,0.4491,0.2308,0.6,0.5584,6962
GEN_1708,THCAKKIAAKHCLHYLACVALTYFIACLKYFTRLIP,36,4.61,0.7502,0.5959,0.4167,0.3822,0.5,0.5584,6963
GEN_6958,FRCWYCPKAGACLSTLKILQAIILNGDGKTFTKLPKIFGIGTPSR,45,5.73,0.7007,0.5891,0.3519,0.421,0.5,0.5584,6964
GEN_4269,TRCFKKPKAAACLFTLACLQLIILNVGGKTFTKIPK,36,6.36,0.7289,0.5745,0.4378,0.3506,0.6,0.5584,6965
GEN_7788,KHIYFECCKQAARTLRGANASRFASWCGKAKVFAAV,36,5.82,0.6867,0.6425,0.3519,0.4754,0.6,0.5583,6966
GEN_6002,WRCWYKPKAHACLSTRACLQAIILNGKGKTFTKLPKSFGIGTGNR,45,8.81,0.7117,0.5874,0.4639,0.504,0.5,0.5583,6967
GEN_4737,THCAKKIAVKHCLHYLACVLLIYFNACLHAKAFAIP,36,3.7,0.724,0.5091,0.4815,0.3627,0.5,0.5583,6968
GEN_6622,THCCKKLVAKHCLHYLACLLLTYFNACLKTFTSAAE,36,2.61,0.7051,0.464,0.3194,0.2363,0.4,0.5583,6969
GEN_5914,THCAKKVEAKHCLHYLAIVLLTPFNACLKTFTILLP,36,2.63,0.7125,0.5059,0.4491,0.2845,0.6,0.5582,6970
GEN_5599,FRCWYRPKAAACLTTLACLQHIINNGKEKTFTKNKNFSPLIKPDY,45,5.81,0.7154,0.5041,0.3,0.1922,0.5,0.5582,6971
GEN_7854,THCARKIANKHCLHYLACVTLTYFNCCLQRKITKIF,36,5.6,0.6852,0.5454,0.3,0.3983,0.4,0.5582,6972
GEN_5098,FHCARKIAAKHSLHYLACVALTYFIACLATFTSLAP,36,2.99,0.7203,0.5066,0.4815,0.2998,0.6,0.5582,6973
GEN_0339,TRCAKKIAAKHCLHYLACVLLTYFIACLKTFTSLAP,36,4.53,0.7644,0.545,0.4167,0.2624,0.5,0.5582,6974
GEN_3391,THDAKKPLYKRCLHYLACVLLTYSNACLKTFTRLIP,36,4.54,0.737,0.5809,0.3194,0.2228,0.6,0.5582,6975
GEN_6952,LHCAKKAAAKNCLHYLACVLLTYFGSCHQRHTLLAP,36,4.06,0.7008,0.4629,0.3519,0.2087,0.5,0.5581,6976
GEN_6356,TVCVKKIAAKHCLHYLACVLLTFFIACLKTFTSLTP,36,3.53,0.7083,0.4833,0.4491,0.3226,0.5,0.5581,6977
GEN_5080,WRCWYKVKAHACLSTLACALMIILNGCNKTFTKLAV,36,4.8,0.7205,0.5561,0.4167,0.3829,0.5,0.5581,6978
GEN_8217,NHCAKKPLWHHCLSWLACVLLNYFNACVHANVFAVK,36,3.07,0.6749,0.4755,0.4491,0.3877,0.5,0.5581,6979
GEN_6724,THCAKKPKLHACLPYLACLLLTPVNGCVKAKVFPAT,36,4.53,0.7038,0.491,0.4491,0.3456,0.5,0.5581,6980
GEN_2604,THCAQKPLKHACLSYLACVLLTYFNACLWAKAFAAK,36,3.53,0.7431,0.5416,0.4491,0.3388,0.5,0.5581,6981
GEN_6495,THCAKKIPAKHCLHYLACVGLTFFSSCLKATIFALF,36,3.62,0.7067,0.4718,0.4167,0.2744,0.5,0.5581,6982
GEN_0289,THCLQKAAAKNCLHYLACVLLTYFGTCLQRKAFLYP,36,3.53,0.7651,0.5295,0.3519,0.1691,0.5,0.558,6983
GEN_5500,NRCWKKPKAHACLSTLACLQLIALNGCNKAKVFAAV,36,5.8,0.7164,0.5006,0.4167,0.2993,0.5,0.558,6984
GEN_7493,TRGAARPKAHACLHYTACILLLLNNGCITTFPKLPK,36,4.54,0.6921,0.4923,0.3843,0.2431,0.6,0.558,6985
GEN_8144,WRCYYKPKAHACLSTLDCCCAIILNGKGRSFTKLPKSFGIGNWNR,45,6.79,0.6769,0.6105,0.3462,0.6376,0.3,0.558,6986
GEN_4922,THAAKKPLKHACLSYLACVLLTYFNACLKTFTKLAR,36,5.54,0.7221,0.6192,0.3843,0.385,0.6,0.558,6987
GEN_2652,TRCAKKPKAHACLCTLACLLLIIINETYKTFTKLPK,36,5.44,0.7427,0.5783,0.3519,0.3018,0.5,0.5579,6988
GEN_4053,NRCWKKPQAHACLSSLACLLLIILNGCVKAKVFAAK,36,5.8,0.7312,0.5209,0.4491,0.3302,0.5,0.5579,6989
GEN_1347,TKCAKRILAKHCLHYLACVLLTYFNACLKTFTNLAD,36,3.53,0.7536,0.5333,0.3519,0.2014,0.5,0.5579,6990
GEN_2180,FHCAKKPLAKHCLHYIACVLVTYFNACLRAKAFAAD,36,3.98,0.7465,0.5427,0.4491,0.3315,0.5,0.5579,6991
GEN_3651,TRYHKKPHYHACLSTPACLFLTILNGCIKAKVFAAA,36,4.62,0.7348,0.4965,0.3843,0.1489,0.6,0.5578,6992
GEN_1580,FECAKKPYAKHCLHYLASVLLTYFNACLKAFTSLAP,36,2.9,0.7512,0.5268,0.4167,0.1936,0.6,0.5578,6993
GEN_6809,THCAKKAAAKHCLHYLACVPLTYFNSCLNRKVFAIF,36,4.61,0.7026,0.511,0.3843,0.3152,0.5,0.5578,6994
GEN_4067,TRYHKKPKYFACLSNLACLLLTPVNGCTKAKVFPAV,36,5.45,0.7311,0.4828,0.3843,0.1347,0.6,0.5578,6995
GEN_6866,THCAKKPLAKHVLHYCACVLLTYFNACLKTFTILIP,36,3.61,0.702,0.5031,0.4167,0.336,0.5,0.5578,6996
GEN_5410,FRCWYKPKAAACYTTLACLQAIIHNGKGRTFTKLPKSFGIGTGNR,45,7.81,0.7173,0.622,0.4056,0.4874,0.5,0.5578,6997
GEN_7366,TNCAKKAAAKHCPHYLACALLNQFNSCLNRKVFAIF,36,4.53,0.6947,0.593,0.3843,0.4704,0.5,0.5578,6998
GEN_8329,TRCVKHPNAHVCLSYLACLLLIINNPCVKAFTRLPR,36,4.53,0.6707,0.6779,0.4167,0.6995,0.5,0.5577,6999
GEN_7642,THCAHRPVAHHCLLYLACVLLTWFNACLKNFTKLII,36,2.7,0.6896,0.5978,0.4491,0.5543,0.5,0.5577,7000
GEN_5046,LHCACKIAAKHSLHYLACVLLTYFNSCLKAKVFAIF,36,3.98,0.7208,0.5221,0.4491,0.3553,0.5,0.5577,7001
GEN_1461,THCAHKPLVKHCLRYIACVLLTYLNACVKAKVFAVP,36,4.61,0.7525,0.6376,0.4491,0.4742,0.5,0.5577,7002
GEN_2406,THCAKKPKAHACLCTLACLLLIILNETYRTFTFLPK,36,3.53,0.7447,0.514,0.3843,0.2213,0.5,0.5577,7003
GEN_6762,FHCAKHPLAKHCIHYLACVLVTYFPVCLKAKVFAIF,36,4.06,0.7031,0.5179,0.5139,0.4545,0.5,0.5577,7004
GEN_3336,ARCAKRPQAHLCLCTLAVALLFILNETYKTFTKLPK,36,4.85,0.7375,0.592,0.4167,0.3338,0.6,0.5577,7005
GEN_3986,THCAKKILAKKCLHYLACVLLTYFNACLKAKVFAIF,36,5.52,0.7321,0.5259,0.4491,0.3348,0.5,0.5576,7006
GEN_5703,NHCAAKPHAHACLTYLACILLTYFNACLHAKAFAIP,36,2.07,0.7143,0.4521,0.4815,0.2858,0.5,0.5576,7007
GEN_1375,FRCAKKPLAKHCLHYIACVLVTYFNACLKAKVFAMF,36,5.89,0.7533,0.5921,0.4815,0.4278,0.5,0.5576,7008
GEN_8616,FKCYYLVCARTGRWCFAQPGIIPKRHVGPPSKCHS,35,5.89,0.6559,0.4341,0.3,0.2769,0.4,0.5576,7009
GEN_8322,WHCAKKPAYKHNLHQIACVLVTYFDACLKAKVSLAP,36,3.99,0.6709,0.4825,0.4167,0.3062,0.6,0.5576,7010
GEN_4587,THCAKKGLAKHCLHYLACLLLTYFNRPLKTFTKLIP,36,5.62,0.7256,0.6713,0.3519,0.4283,0.6,0.5576,7011
GEN_4746,NRCWKKPKAHACLTTLACLLVIILNGCLKAKVFAAV,36,5.8,0.7239,0.5283,0.4815,0.3904,0.5,0.5576,7012
GEN_7274,FRCWYKPKAAACLSTLACPTAIILNWCSKVKVFVAV,36,4.72,0.696,0.4888,0.5139,0.4216,0.5,0.5576,7013
GEN_7841,THCAKKIAVWHCVHYLACRTLTYFNACVHAKAFAVP,36,3.7,0.6855,0.492,0.4167,0.3535,0.5,0.5575,7014
GEN_6821,TRCAAKPDLHACLCTLACLLLTPVNGCLKAKVNAAR,36,3.43,0.7024,0.4771,0.4167,0.3561,0.4,0.5575,7015
GEN_6048,TRYHKKPHYHACLSTPACLLLTILNKQGKTYTKLHL,36,5.72,0.7112,0.4657,0.3,0.0,0.7,0.5575,7016
GEN_7239,THCAKKIAVKHCLHYLECVLLTYFNACLHAKAFAIP,36,2.7,0.6965,0.5126,0.4167,0.3627,0.5,0.5575,7017
GEN_2104,TRCAAKPKAHACLCTLACLLLIILNQTYKTFTFLPK,36,4.44,0.7469,0.4793,0.4167,0.1888,0.5,0.5574,7018
GEN_7037,SHCAKKAAAKNCLHYLACVLLTYFQSCFNAKVFAIF,36,3.59,0.6996,0.4835,0.4167,0.3064,0.5,0.5574,7019
GEN_7123,THYRKKAHNHACLSTLACLLLIILNGCVFAFTRLPR,36,4.63,0.6983,0.5159,0.3843,0.2638,0.6,0.5574,7020
GEN_2249,THCATKPLAKHCLHYLACVLLTYFNACLKTFMKLPK,36,4.61,0.7459,0.5574,0.3843,0.2886,0.5,0.5574,7021
GEN_1326,TRYHKKPHYHACLSTPACLLLTILNGCVKAKVFALP,36,4.62,0.7537,0.4881,0.3843,0.0887,0.6,0.5574,7022
GEN_6647,KPLCVPSALRGSKRCVLVVALNCGGKIGDCRKKAPKCL,38,7.71,0.7046,0.5713,0.4241,0.5813,0.3,0.5574,7023
GEN_5937,LKCAIKVAAKHSLHILVAVLVTYCIACLKTFTNPAP,36,3.9,0.7123,0.5828,0.5139,0.4726,0.6,0.5574,7024
GEN_3063,THCAKKILWKHCLHYLACVLLTYYNACLIARAFKAN,36,4.61,0.7397,0.4973,0.3843,0.2029,0.5,0.5574,7025
GEN_5695,THCAKKAAVKHCLHYLACVLLTYFNACLHAKAFAIF,36,3.7,0.7144,0.4952,0.4491,0.3232,0.5,0.5574,7026
GEN_5276,THCAKKCLAKHCKFYLACVLLTYFNACLKTFTKLIP,36,5.52,0.7185,0.5524,0.3519,0.3787,0.4,0.5574,7027
GEN_5561,WRCWKKPKAHACLSTLACLQAIILNGKPKTFTKLPKSFGIGTGSE,45,6.82,0.7157,0.5884,0.3737,0.4007,0.5,0.5574,7028
GEN_5436,WRCWKKPKAHACLSTLACLQAIILNGKGKTFTKLPKSFGIGTGNR,45,8.81,0.717,0.5985,0.4639,0.504,0.5,0.5573,7029
GEN_5039,YHCAAKPLAKHCLHYLACVLLTYFNACLHAKAFAAD,36,2.07,0.7208,0.5061,0.4491,0.326,0.5,0.5573,7030
GEN_3627,THAAMKPHAPACLAYLACVLVRYLNGCVKAKVFAIP,36,3.54,0.735,0.6594,0.5463,0.5791,0.6,0.5573,7031
GEN_7796,WHCWYKPKAEACISTLACLWLTILNGQGKNFTKLPKSFQIGTGMR,45,4.81,0.6866,0.5933,0.3259,0.4613,0.45,0.5573,7032
GEN_7439,THCAKKPLAKHCHHYLACVLLTYFNACLKTFTHLIP,36,3.79,0.6931,0.5038,0.3519,0.2897,0.5,0.5573,7033
GEN_8020,GFWGSRCAGGISLARILSTTSRVAGGLICVNRRSGKILF,39,5.74,0.6807,0.5972,0.312,0.3668,0.6,0.5572,7034
GEN_8484,FRCFWKYKNHACLYTLACLNVTILNPKGKMFDKLPKSYGVGFGVR,45,6.81,0.6635,0.5712,0.3732,0.4915,0.5,0.5572,7035
GEN_6749,THCAAKPWACAALSYMACILLHLNNACIATGTKLPK,36,2.53,0.7034,0.4478,0.4491,0.2684,0.5,0.5572,7036
GEN_0733,THCAKRILAKHCLHYLACVLLTYFNACLHGKAFAIP,36,3.7,0.7597,0.5097,0.4167,0.2086,0.5,0.5572,7037
GEN_8594,THCAKKAAPKHCLHYLACVLLTSFMNCLKNFTSLIP,36,3.62,0.6573,0.5611,0.3843,0.5006,0.5,0.5572,7038
GEN_8045,THCAYRPVAKHCLMYLACVLSTYFNWCLKTFTKNIP,36,3.53,0.68,0.5166,0.3519,0.3411,0.5,0.5572,7039
GEN_5665,TKCQAKPKADACLCTLACLLMIILNETWKTFTWLPK,36,2.36,0.7147,0.4978,0.4167,0.2932,0.5,0.5572,7040
GEN_8054,DRYHRKTKCHACLSNLACLLLTPVNGSVKAKVFPAV,36,4.9,0.6796,0.4875,0.3519,0.2269,0.6,0.5572,7041
GEN_5368,TRYRHKPHNHACLSTLACLLLIMLNWCVKAFSWLPR,36,4.63,0.7178,0.5509,0.4167,0.308,0.6,0.5572,7042
GEN_6093,TECAKKISAKHCLHWAACVLLTYFIACLKTFTSLAP,36,2.53,0.7107,0.4712,0.4167,0.2577,0.5,0.5571,7043
GEN_5873,THCAKRILAKHCLHYLACVLLTYIINCLKNFTSLIF,36,3.62,0.7129,0.5655,0.3843,0.3774,0.5,0.5571,7044
GEN_6919,KHTKFGCCKLALRTLRACLQAIILNGKGKTFTKLPK,36,8.81,0.7013,0.5916,0.4639,0.4613,0.6,0.5571,7045
GEN_3553,WRCWYKPKAHACLSTLACLWLIILNETLKAKVFAAV,36,3.82,0.7357,0.5014,0.5139,0.28,0.6,0.5571,7046
GEN_4470,TVCAKKIALKHCLHYLACVLLTYFIACLKTFTSLAP,36,3.53,0.727,0.4952,0.4491,0.2919,0.5,0.5571,7047
GEN_2480,FHIAKKPLAKHCLHYLACVLLTYFNACLHRKAVAAD,36,4.08,0.7441,0.5136,0.4491,0.2163,0.6,0.5571,7048
GEN_0536,SHCAKKIAAKHCLHYLACVLLTYFGSCLQKFTLLAP,36,3.68,0.7617,0.5286,0.3843,0.202,0.5,0.5571,7049
GEN_5291,WRCWYKPKAHACLSTLACLQAIILNGKGRTFTKLPKSFGIGNGNR,45,7.81,0.7184,0.6331,0.4057,0.4986,0.5,0.5571,7050
GEN_6294,THCAQKLVAKHCLHYLACVLLTYFIACLKTFTSLAP,36,2.62,0.7088,0.4712,0.4167,0.2624,0.5,0.5571,7051
GEN_4899,SRCWYRPKAAACLTTLACLQHIINNGKAKTFTKNKN,36,6.51,0.7223,0.4252,0.3298,0.0,0.6,0.557,7052
GEN_3271,TRAAKKPKAHACLTTLACLWLIILNETLCAKVFAAV,36,3.45,0.7379,0.5365,0.5139,0.3328,0.6,0.557,7053
GEN_2979,LHCAKKAAAKNCLHYGACVLLTYFGSCLCRFTALAP,36,3.88,0.7404,0.5507,0.3843,0.3547,0.4,0.557,7054
GEN_4486,THKAKKIAVKHCLHYLACVLLTYFNACLIAKAFAIP,36,4.62,0.7268,0.5091,0.4815,0.2805,0.6,0.557,7055
GEN_5334,LRCAKKAQAHACLCTLAALLLFILNEQYKTFTKLPK,36,4.81,0.718,0.5597,0.4167,0.3206,0.6,0.557,7056
GEN_6434,TRCNKKPKAHACLCTLACLLLIILAETYKTFTFLGK,36,4.44,0.7073,0.457,0.3519,0.1767,0.5,0.557,7057
GEN_6126,GRCWKKPKAHACLSTLACLLAIILNGKGKTFTKLPKSFGIGTGSR,45,8.81,0.7103,0.5985,0.4639,0.5175,0.5,0.557,7058
GEN_5609,FHCAKKPLAKHCLHYLACVLLTYFIACLKTFTSLIP,36,3.98,0.7153,0.5061,0.4491,0.336,0.5,0.5569,7059
GEN_2036,THCAKKPLAAHCLHYLACVLLTYFNACLKTFTKLAR,36,4.61,0.7475,0.6192,0.3843,0.385,0.5,0.5569,7060
GEN_8075,TRYHKKPHYHACLNTLACLLLVILNGCIVAKVFAAH,36,3.71,0.679,0.4778,0.4167,0.2747,0.6,0.5569,7061
GEN_6336,THCAKKLVAKHCLHYLACVLLTYFIACLKTCTTLIP,36,3.6,0.7085,0.4555,0.3843,0.269,0.4,0.5568,7062
GEN_3531,TRCAKKPKAHACLSTLACLLLIILNPSVKAKMDIAL,36,4.45,0.7358,0.5149,0.4815,0.2683,0.6,0.5568,7063
GEN_7168,THAAKKPLAKHCLHYIACTTLTFLQCCVVAKVWAVL,36,3.62,0.6975,0.5182,0.4491,0.3974,0.5,0.5568,7064
GEN_5199,THCAKKPLAKICLHYLACVLLTYFIACLKTFTSLIP,36,3.53,0.7194,0.5303,0.4491,0.3655,0.5,0.5567,7065
GEN_5074,THCAKKILAKHCLHYLACVLLTYFNACLHALAFLAD,36,1.71,0.7205,0.4833,0.4696,0.3053,0.5,0.5567,7066
GEN_6671,FRPWYKPKAHACLSTLACLQAIELNGKGKTFTKIPKSFLSWEAWR,45,5.83,0.7044,0.6262,0.3778,0.4229,0.6,0.5567,7067
GEN_2105,THCAKRILAKHGLHYLACVLLTYFNACLKAKVFAAP,36,4.62,0.7469,0.5266,0.4491,0.2281,0.6,0.5566,7068
GEN_0924,THCAKKIAVKHCLHYLACVLLTYFNACLRAKAFAIP,36,4.61,0.7578,0.5427,0.4491,0.2958,0.5,0.5566,7069
GEN_3474,TMCVKKILLKHCLHYLACIGLTYMRACLEVKAFAAD,36,2.53,0.7363,0.4913,0.4167,0.2284,0.5,0.5566,7070
GEN_5402,THCAKKPLAKHCLHYLACVLLTYFNACLKTFTLLPC,36,3.6,0.7174,0.4786,0.3843,0.2853,0.4,0.5566,7071
GEN_5111,THCAAKRHAHACLNYLACVLLFYANGCPKLSNFAAK,36,3.62,0.7202,0.504,0.3843,0.2536,0.5,0.5565,7072
GEN_3049,THCAKKPLAKRCLHWLACVLLTYWNACLKTFTKCIP,36,5.52,0.7398,0.5404,0.3843,0.3357,0.4,0.5565,7073
GEN_5316,FHCAKKPLARHSLHYLACVLDSYFNACLHAKAFAQD,36,2.08,0.7182,0.5122,0.3843,0.2056,0.6,0.5565,7074
GEN_4926,THCAKKAAAKHCLHYLACVLLTYFIACLKFYTTNIP,36,3.61,0.722,0.4555,0.3843,0.1686,0.5,0.5565,7075
GEN_3152,TACAQKLVAKHCVHYLACVLLTYYNACLHAKAFAIA,36,2.61,0.7389,0.4833,0.4491,0.2403,0.5,0.5565,7076
GEN_8438,FRCWYKPMAAACLSTAACLNAIIHNGKGKTFTKLPNSFGLGDDNR,45,3.81,0.666,0.561,0.3259,0.4168,0.5,0.5565,7077
GEN_0570,TLCAKKIAAKHSLHYMACVLLSYFIACLKTFTSLLP,36,3.54,0.7613,0.4907,0.4491,0.1339,0.6,0.5565,7078
GEN_6947,RRCWYKPKAAACLSTLLSLQGGILNYRGKTFSKIAKSFGSWDAWR,45,7.73,0.7008,0.6108,0.4012,0.427,0.6,0.5565,7079
GEN_8180,TRCWKKPKCHKWSSTLGCLLMIILNGCLHAKRFAAV,36,6.53,0.6758,0.4698,0.3826,0.2985,0.5,0.5564,7080
GEN_5514,THCAKKILAKHCLHYDACVLLTYFNACLKAKVFAIF,36,3.61,0.7162,0.4787,0.4167,0.2525,0.5,0.5564,7081
GEN_2196,THCAKKILARHCLHYYACVLLTYFNACRHAKAFAAD,36,3.71,0.7464,0.4764,0.3519,0.1133,0.5,0.5564,7082
GEN_2120,IHCAKRPLAHACLSYLACVLLTYLNGCVKAKVFAVP,36,3.89,0.7468,0.5651,0.4815,0.3902,0.5,0.5564,7083
GEN_3349,SRCPKKPHAHACLSTLACLLLIILNPCLKAKVFAAR,36,5.59,0.7373,0.5113,0.4815,0.3229,0.5,0.5564,7084
GEN_8139,WRCWKKPKAHACLSTWACLQAIILNGKPKTFTKLPKSFGIGTGSE,45,6.82,0.677,0.5884,0.3737,0.4842,0.5,0.5564,7085
GEN_0858,TVCPKKAAAKHCLHYLACVLLTYFINCNKRFTSLAP,36,4.53,0.7584,0.5336,0.3843,0.2135,0.5,0.5564,7086
GEN_5925,LHCLKKANAKNCLHYLACVLLTYFASCIQIFTLLAP,36,2.89,0.7124,0.4974,0.4491,0.3252,0.5,0.5564,7087
GEN_3566,WRYRKKAHNHACLSTLACLLLLILNGCVKAFTRLPR,36,6.9,0.7356,0.6536,0.4368,0.4525,0.6,0.5564,7088
GEN_2448,TRCAKKPFAKHCLHYLACVLLTYFNACLHAKAWAIP,36,4.61,0.7444,0.5482,0.4491,0.3347,0.5,0.5563,7089
GEN_7131,TRYHKKPKYRACLSNLACLLLTPVLGCVKDIVFACV,36,4.44,0.6982,0.5004,0.3843,0.298,0.5,0.5563,7090
GEN_3751,TRCAKKPKAHACLCTIACLLLIIVNGCIKTFFKLPK,36,6.43,0.7341,0.5765,0.4417,0.4651,0.4,0.5563,7091
GEN_7383,ARVAKHPQAHLCLCTCACLGLFILNETYKTFAFAAK,36,2.93,0.6944,0.502,0.4167,0.3418,0.5,0.5563,7092
GEN_5943,THCAARHKAHACESYMWCILLALMNGCIKTFTKLPK,36,3.62,0.7123,0.5536,0.3519,0.3214,0.5,0.5563,7093
GEN_7263,TRYHKKPHYHACLSTPACLLLTILNGCVFAKVFAAH,36,3.71,0.6962,0.4639,0.3843,0.175,0.6,0.5563,7094
GEN_6802,THCAKKIAVKHCLHVLACVLLTFFPGCWHAKAFAIP,36,3.7,0.7026,0.5264,0.5139,0.4605,0.5,0.5563,7095
GEN_8611,THCAKKPLAEHCLHYLACVYLSYFNACLKVFTHLIP,36,1.7,0.6561,0.5266,0.405,0.4607,0.5,0.5563,7096
GEN_5984,FHCAKGPLAKHCIHYIACVLVTLFNACLKAKVFAIF,36,3.98,0.7119,0.5366,0.5139,0.4551,0.5,0.5562,7097
GEN_6304,FTPWYKPKAAKCLSTLACLQAIILNASKKVWRQCNS,36,5.72,0.7087,0.6391,0.3843,0.437,0.6,0.5562,7098
GEN_7065,GHDAKKIPAYHTLHYLACVLLTYFNACLQTFTSLIP,36,1.0,0.6992,0.4752,0.4544,0.19,0.7,0.5562,7099
GEN_5780,THCAQKLVAKHCLHYLACVLLIYFNACLHAKAFAIP,36,2.7,0.7138,0.4972,0.4815,0.3527,0.5,0.5562,7100
GEN_1066,RHCLHKAAVKNCLHYLACVLLTYFGSCLNRKVFAIS,36,4.98,0.7564,0.5346,0.3519,0.1861,0.5,0.5562,7101
GEN_3953,TRCAAKPAAEACLCTLARLLLIILNETYQTFTFLAK,36,1.37,0.7324,0.5568,0.4931,0.3526,0.6,0.5561,7102
GEN_4537,THCAMRPKAHACLSYMACILLTYLNGCVKAKVFAVP,36,3.53,0.7261,0.493,0.4491,0.2839,0.5,0.5561,7103
GEN_0715,LHCLKKIAAKHSFHYLACVLLTYFIACLRTFTSLRP,36,4.99,0.7598,0.5065,0.4167,0.1287,0.6,0.5561,7104
GEN_7942,WRCWKKPKPHACLSTLACLQYIILNGKGKTYTKLPKFWGIGWGSR,45,8.81,0.6829,0.5208,0.4638,0.4793,0.45,0.5561,7105
GEN_8622,THCAKKILARSCLHYVASVLHTYFNAPLKAFTELAH,36,2.72,0.6553,0.527,0.3843,0.3073,0.7,0.5561,7106
GEN_6468,FHCAKKTAACHSLHYLACVCLTYFNTCLKATVFALF,36,2.97,0.707,0.4504,0.3843,0.259,0.4,0.5561,7107
GEN_0575,THNLKKAAAKNCLHYLACVLLTYFGSCLQKFTLLVP,36,3.54,0.7613,0.5286,0.3843,0.1298,0.6,0.5561,7108
GEN_3179,TRYRRAKHNHACASTLACLCLTYLIGTVKAFTRLPR,36,6.54,0.7386,0.596,0.3314,0.2422,0.6,0.5561,7109
GEN_2926,THCAKHIAAKHCLHYLACVLVTYFNACLKAKVFAIF,36,3.7,0.7407,0.4926,0.4491,0.2491,0.5,0.5561,7110
GEN_3016,LRYHRKTKYHACLNNLACLLLIPVNAPVKAHTFLPK,36,6.0,0.74,0.4888,0.4167,0.0785,0.7,0.5561,7111
GEN_1828,AHCAKKPLARHCLHYLACVLLTYFNACLHAKAFAAD,36,3.1,0.7493,0.5546,0.4491,0.3315,0.5,0.556,7112
GEN_7029,FRCWFKPKAAACLSTLACLLLIELNGCLKAHVFEAR,36,2.81,0.6997,0.463,0.4815,0.3274,0.5,0.556,7113
GEN_4541,TRYHFKPHYHACLSTLACLLLIILNGTVKAFTRLPR,36,4.64,0.7261,0.6377,0.3843,0.326,0.7,0.556,7114
GEN_0602,THNLKKAAAKNCLHYLACVLLTYFGSCLQKFTLLAP,36,3.54,0.7609,0.5286,0.3843,0.1298,0.6,0.556,7115
GEN_7921,IRCWYKSTAAACLTTAACRQAIIANGKGRTFTKLPKSFGIGDANR,45,6.73,0.6836,0.6331,0.3424,0.5092,0.5,0.556,7116
GEN_8352,TPCWKKPKAHAELSELACLLLLINNSPGKTFTKLPR,36,3.47,0.6695,0.6119,0.3843,0.4146,0.7,0.5559,7117
GEN_7328,FLCWYKPKAAACLSTLACLQAIILNPKGGTFTKLPKSFVIGTGNR,45,5.72,0.6952,0.5265,0.4037,0.3652,0.5,0.5559,7118
GEN_2310,FHCAKKPLAKHCLHYLACVLLTYFIACLKTFTSLAP,36,3.98,0.7454,0.5061,0.4491,0.2591,0.5,0.5559,7119
GEN_4584,FHCAKKPLAKHCLHYLACVLLTYFIACLETFTSLIP,36,1.98,0.7257,0.5061,0.4505,0.3065,0.5,0.5559,7120
GEN_6773,THCATKIPAKHCLHYLACVLVGYFIACLKTFTSLAP,36,2.62,0.703,0.4694,0.4167,0.2645,0.5,0.5559,7121
GEN_5697,TRYHKKPKYHACSSMSRCLALICLNHTLKAKVFYAV,36,6.62,0.7144,0.4629,0.3363,0.08,0.6,0.5559,7122
GEN_1822,TRYHKKPHYHACLSTPACLLLTILNGCVKAKVFAVP,36,4.62,0.7493,0.4881,0.3843,0.0887,0.6,0.5559,7123
GEN_5727,THMAAKLKMHACLSYMACILLILNNETLKTDTFLPK,36,1.55,0.7141,0.3871,0.448,0.0,0.7,0.5559,7124
GEN_8413,FRCWYKPKAAACLSTLACLQAIALNPHGKTFTYIPKSFGSWDYWR,45,4.81,0.6672,0.5562,0.3778,0.4542,0.5,0.5559,7125
GEN_8480,THCAKHPKAHACLCTLHCLLLIILNETLHTFTKLPK,36,2.79,0.6637,0.5333,0.3519,0.3975,0.5,0.5558,7126
GEN_5517,THCAKKIAAAHCLHYLACVLLTYFIACLKTFTSLAP,36,2.62,0.7162,0.4851,0.4491,0.2919,0.5,0.5558,7127
GEN_7089,THCAKHAAAKHCLHYLACVLLTDFINCLKNFLSLAP,36,1.7,0.6988,0.6027,0.4374,0.5167,0.5,0.5558,7128
GEN_8596,TSEAKWILAKHCKHYLACVLLTYMRAWLHAHAFAAQ,36,2.72,0.6572,0.5036,0.4491,0.326,0.7,0.5557,7129
GEN_6445,THCAKKPLCHACLSYLACVLLTILNGCVKAKVFAVP,36,3.52,0.7072,0.5159,0.4491,0.4297,0.4,0.5557,7130
GEN_6585,THCAKKPHYHACLSTPACLLLTIANGCVKAKKFAAP,36,4.61,0.7056,0.4696,0.3843,0.225,0.5,0.5557,7131
GEN_2313,IHCAKRPLAHACLSYLACVLLTCLNGCVKAKVFAVK,36,4.88,0.7454,0.5512,0.4491,0.4002,0.4,0.5557,7132
GEN_6217,THCLKKAAAKNCLHYLKCVLLTYFGSCLQRFTLLAP,36,4.53,0.7096,0.5558,0.3519,0.3272,0.5,0.5557,7133
GEN_5100,TRGPKKPKAHACLSYLACLALIILNACLKAKVFAAR,36,6.45,0.7203,0.4995,0.5077,0.2974,0.6,0.5557,7134
GEN_5261,THCAIKLVAKHCLHYLACVLLTYFNACLHAKAFAIP,36,2.7,0.7187,0.5236,0.4815,0.3822,0.5,0.5557,7135
GEN_3325,ERYHKFKHYHACLSTPACLLLTILNGCVKAKVFAAP,36,4.06,0.7375,0.4881,0.3843,0.1147,0.6,0.5557,7136
GEN_1209,FHWAKKAAAKNCLHYLACVLLTYFHSCLQKFTLLAP,36,3.99,0.7548,0.5515,0.4491,0.2447,0.6,0.5556,7137
GEN_1621,THCAKRILAKHCLHYLACVLLTYFNACLHQKAFAAD,36,2.71,0.7509,0.4959,0.3843,0.1626,0.5,0.5556,7138
GEN_7075,TRCAKKPRAHACLCTLACLLLTPVNGCVKAKVFPAD,36,4.44,0.699,0.4796,0.4167,0.3549,0.4,0.5555,7139
GEN_2989,TFCAKKDLAKHCLHYLACVLLTVFNACLHAKKFDGP,36,2.62,0.7403,0.5205,0.3843,0.2275,0.5,0.5555,7140
GEN_0706,TRCLKKIAAKHCLHYLACVLVTYCIACLKTFTNLAP,36,4.52,0.7599,0.5554,0.3843,0.3067,0.4,0.5555,7141
GEN_5379,FRCWKKPKAHACLSTLACLHLIKLNVSKVVIRFAAV,36,6.9,0.7177,0.6038,0.534,0.5015,0.6,0.5554,7142
GEN_2441,TRCAKRPLAKHVLHYLACVLLTYENACLKTFTKLIP,36,4.54,0.7444,0.5815,0.3843,0.2523,0.6,0.5554,7143
GEN_5391,THCAAKPKAKACLSWMACILLIINNGCGKLFTKLPK,36,5.44,0.7175,0.5816,0.4167,0.4144,0.5,0.5554,7144
GEN_2898,SRLDQKPKAHACLSTLACLLLIFLNACHKAKVFVAR,36,4.6,0.7408,0.452,0.4491,0.1099,0.6,0.5554,7145
GEN_2146,THCAKRILAKHCAHYLACVLLTYFNACLKTFTKLAK,36,5.61,0.7467,0.5602,0.3519,0.2456,0.5,0.5554,7146
GEN_6171,LHCAKRILAKHCLHYIACVLLTYFNNLSKAYVFFIF,36,3.99,0.71,0.5545,0.4491,0.3526,0.6,0.5554,7147
GEN_7251,FACWYKAKAAACLSTLAPLQAIILNGKGKSFTKIPKNFGSWTYSR,45,6.73,0.6964,0.6355,0.4205,0.4909,0.6,0.5554,7148
GEN_1172,THCAKKIAAKHCLHYLACVLLTYFRACLKTFTKLIP,36,5.61,0.7551,0.6262,0.3843,0.3688,0.5,0.5554,7149
GEN_2185,TRCAKKPKAHACLCTLACVLLTYFNACLHAKAFAAK,36,5.52,0.7464,0.4872,0.4167,0.2557,0.4,0.5553,7150
GEN_5070,FHCAKKPLAKHCLHYLACVLLTYFNICLLAKAFAAD,36,2.98,0.7206,0.52,0.4815,0.3689,0.5,0.5553,7151
GEN_2982,THCAKKILAKHCLHYLAQVLLTFFNACLKTFTKMIP,36,4.62,0.7403,0.5664,0.4167,0.269,0.6,0.5553,7152
GEN_2024,TRYHKKPHYHACLSTPACLLLTILNGCVKAKVFAAP,36,4.62,0.7476,0.4881,0.3843,0.0887,0.6,0.5553,7153
GEN_5671,TICAKKVAAKHCLHYLACVLVTYFIACLKTFHSLAP,36,3.61,0.7146,0.4851,0.4491,0.2919,0.5,0.5553,7154
GEN_5774,DHCAKKPLAKRCLIYVACVLLTYFNACLKTFTDLIP,36,2.8,0.7138,0.5533,0.4167,0.3754,0.5,0.5553,7155
GEN_4130,WRLWYKPKAHACLSLLACLVLMILNPCNKTYTKCAV,36,4.8,0.7305,0.5302,0.4491,0.3296,0.5,0.5552,7156
GEN_2303,TRYLRKHHYHACLSTPACLLLTILNGCIKAKVFAAA,36,4.63,0.7454,0.5406,0.3843,0.1809,0.6,0.5552,7157
GEN_3952,TRYHKKPKAHACLCTLACLLLIILNETYKTFTKLPD,36,3.54,0.7324,0.5504,0.3194,0.1622,0.6,0.5552,7158
GEN_4658,TRCATKHNKHACFSCLACLLLIILNGQGKTFTKLAL,36,4.53,0.7248,0.5002,0.3194,0.1634,0.5,0.5552,7159
GEN_0635,THCAKKILAWHCLHYLACVLLTWFRACLHAKAFAGD,36,2.71,0.7606,0.5219,0.4491,0.2458,0.5,0.5552,7160
GEN_6841,THCAKKPYAHACLSGLACLLLTPVNGCVKAKVFPAV,36,3.53,0.7022,0.491,0.4491,0.3302,0.5,0.5552,7161
GEN_6774,FRCFYKPKAAACLSKLACLQAIILNGAGKTFTKLPHSFGIGDANR,45,5.81,0.7029,0.5679,0.3778,0.3849,0.5,0.5551,7162
GEN_4840,THCLQKAAAKNCLHYLACVLLSYFYTCLKATVFALF,36,2.53,0.7229,0.4864,0.4167,0.2415,0.5,0.5551,7163
GEN_6339,TRCAAKPKAHACLSTPACLLLTILNGCVKAKVFALP,36,4.44,0.7084,0.5298,0.4815,0.4125,0.5,0.5551,7164
GEN_3200,THRAKKPLAHLALSYMACIYLIYFNACLHAKLFAVP,36,3.63,0.7384,0.5826,0.5139,0.3293,0.7,0.5551,7165
GEN_1744,TRCAAKPKAHACLCTLACLLLIILNETYKTFTFLPK,36,3.44,0.7499,0.4771,0.4167,0.1626,0.5,0.5551,7166
GEN_5387,TRCIRKPYAHACLTYLACPLLSCNNGCVKAKVFAPR,36,5.43,0.7176,0.5593,0.3519,0.377,0.4,0.5551,7167
GEN_7170,WRWWKRPKAHACLSTWATLLAAQLNGRGKTFTSLPKTFPIGTGSR,45,7.83,0.6975,0.5488,0.4588,0.4132,0.55,0.5551,7168
GEN_4444,TRCAKKAKAHACLSTLACLLLTIFNACVKAKVFAAV,36,5.44,0.7272,0.5384,0.4815,0.3822,0.5,0.555,7169
GEN_7932,WKCWYKPKAHVPASTLPCLLLIILTSCMKAKVFAAK,36,5.81,0.6833,0.4762,0.5139,0.3468,0.6,0.555,7170
GEN_4209,WRCFWLTKAHACLSMSACLTLIIINETLKAKVFYAV,36,2.82,0.7298,0.4351,0.4815,0.1372,0.6,0.555,7171
GEN_6220,TRCAKKCKASACLSTLACLLLAPLNGCVKAFTRDAV,36,4.35,0.7095,0.5795,0.3843,0.4611,0.4,0.555,7172
GEN_5638,FRCWYKSKAAACLTTLACLQAIILNGKGKTFTKLPKSFGIGDANR,45,6.72,0.715,0.5934,0.3682,0.3887,0.5,0.555,7173
GEN_5560,TRMHKKPKYHACLSNIQCLLLTPVIGCLKAKVNAAR,36,6.54,0.7158,0.448,0.3832,0.0932,0.6,0.555,7174
GEN_7566,WRCWYKPKAGACLSTLACLCLIIINGCNKARVFQAV,36,4.71,0.6908,0.4469,0.4167,0.3161,0.4,0.555,7175
GEN_7840,GPWGSRCAGGISLGRILNTTRRAAGGLIALNRSSDKILF,39,4.75,0.6855,0.6202,0.312,0.3791,0.6,0.5549,7176
GEN_7678,TVYHHKPHYHACLSTLACLLLTILNGCVKAKVFAVH,36,2.8,0.689,0.4881,0.3843,0.2224,0.6,0.5549,7177
GEN_2419,IHCAKKAAAKRCLHYLACVLLTYDNPCLNRKLFAIP,36,4.89,0.7446,0.5546,0.4167,0.3032,0.5,0.5549,7178
GEN_7609,KWLCVPSALRGSKRTVLVQALNCGGKIPDCRKKAPKCL,38,7.72,0.6901,0.5668,0.4246,0.5254,0.4,0.5549,7179
GEN_3075,THCAKKIAAKHCLHYLACVLLTEFNACLKTFTKLIP,36,3.62,0.7396,0.5663,0.3843,0.3019,0.5,0.5549,7180
GEN_4038,THCAKKIAAKKCLHYLACVLLNYFIACLKTFTSLAP,36,4.53,0.7314,0.512,0.4167,0.2624,0.5,0.5549,7181
GEN_7283,THCAKKAAAKHCLHYLACVLLTYFNSCLNTFISLAP,36,2.62,0.696,0.488,0.3843,0.2723,0.5,0.5548,7182
GEN_2184,TRCAKKPNKHACFSCLACLLLIILNGQGKTFTKLAL,36,5.44,0.7464,0.5778,0.3519,0.2718,0.5,0.5548,7183
GEN_4014,FRCWYKAKAALRLSTLACLLLIILNGCLKAKVFAAV,36,5.73,0.7317,0.6098,0.5463,0.4873,0.6,0.5548,7184
GEN_7372,THCNKKPLAKHCLHYLACVLLTYFNACLKTFTSLIP,36,3.61,0.6946,0.4944,0.3519,0.2538,0.5,0.5548,7185
GEN_1724,FHCAKKPLAKHCLHYLACVLLTYFNACLRAKAFAAD,36,3.98,0.7501,0.5427,0.4491,0.302,0.5,0.5548,7186
GEN_6808,LHCAKKQAAKHCLHYDCCVLLTYFNACLKTFTSQAP,36,2.97,0.7026,0.4369,0.3,0.1543,0.4,0.5548,7187
GEN_4660,THCAKKGAIKNCTHYLACVLLTHMGSCLQRFTLLAP,36,3.62,0.7248,0.5385,0.3194,0.2246,0.5,0.5548,7188
GEN_4360,FRCWFKPKAAACLSTLACLLLIILNGDNRTFEKLAV,36,2.73,0.7281,0.5963,0.4815,0.4077,0.6,0.5547,7189
GEN_5353,THCAKKILAKHCLHYLACVLVTYFIACLKTFTSLAP,36,3.61,0.7179,0.4712,0.4167,0.225,0.5,0.5547,7190
GEN_4008,TRCAKKPKAHACLCTAACLLAIILNETYKTFTFLPK,36,4.44,0.7318,0.4733,0.3843,0.1626,0.5,0.5546,7191
GEN_1675,ARCAKRPQAHLCLCTLACLLLFILNDTYKSFTFGAD,36,1.85,0.7504,0.5528,0.395,0.2629,0.5,0.5546,7192
GEN_5988,THCAKYAHNHACLSTLACLLLIILNGCLKAFVFAAH,36,1.7,0.7119,0.4657,0.4698,0.282,0.5,0.5546,7193
GEN_1346,THCAKKPLKHACLSYLACVLLTYFNACLQAKAFAAK,36,4.53,0.7536,0.5401,0.4167,0.2557,0.5,0.5546,7194
GEN_6574,FHCAKKPLAPHCLHYLACVLLTYFNACLHAKAFAAD,36,2.07,0.7057,0.462,0.4815,0.302,0.5,0.5546,7195
GEN_6338,FRKWYKFKAHAELSTLACLQLIILNVSKKVIRACNSI,37,5.82,0.7084,0.6626,0.4009,0.4494,0.65,0.5546,7196
GEN_6650,THCAKKPKAGACLSYLACLILTPVNGCVKAKVFPAV,36,4.44,0.7046,0.5059,0.4491,0.3456,0.5,0.5546,7197
GEN_3322,VHCAKKILAKGCLHYLACVLMTYFIACLKNFTSLAP,36,3.86,0.7376,0.5434,0.4491,0.3301,0.5,0.5545,7198
GEN_5965,THCAKKPLAKHCLHYLACVLLPYFNACLHAKAFATD,36,2.71,0.7121,0.4923,0.4167,0.2725,0.5,0.5545,7199
GEN_8396,THCIKKAAPKHCLHYLACVLLSYFNAFLYAKANAVP,36,3.62,0.6678,0.4951,0.4491,0.3461,0.6,0.5545,7200
GEN_4070,FRCWKKPHYHACLSTLACLLLTILNGCVKAKVWAAH,36,4.98,0.731,0.5479,0.4167,0.3208,0.5,0.5545,7201
GEN_0738,FHCAKKPLAKHCLHYLACVLATYFNACLHAKAFALP,36,4.06,0.7596,0.52,0.4815,0.2725,0.5,0.5545,7202
GEN_2466,RHCAKKIAAKHCLHYLACVLLTDFIACLKTFTSLRP,36,4.98,0.7442,0.4865,0.3843,0.1549,0.5,0.5544,7203
GEN_4833,THCAKKAAAKNCLHYLACVLLTYFNSCLQRKTSLAP,36,4.53,0.7229,0.5121,0.3194,0.1825,0.5,0.5544,7204
GEN_6132,GYCAKKQAAYHCLHFLACVLLTYFIACLKTFDSLIP,36,1.89,0.7103,0.4983,0.4244,0.2932,0.5,0.5544,7205
GEN_2041,TRYHKQPKYHACLSNLACLLLTPVNGCLKAAVFAAV,36,3.54,0.7475,0.4771,0.4167,0.0968,0.6,0.5544,7206
GEN_0929,LHCAKKIAAKHCLHYLACVLLTVFINCTKRFTSLAP,36,4.98,0.7577,0.5604,0.4167,0.2789,0.5,0.5544,7207
GEN_7352,THCAKKKAAKHCLHYLSCVACSWFHWCVKTFTLAAP,36,4.69,0.6949,0.5178,0.3519,0.3559,0.4,0.5544,7208
GEN_4561,AKCAHKLVFKHCLHYLACVLLTYFNACLKTFTSAAP,36,4.01,0.7259,0.5057,0.4167,0.2619,0.5,0.5544,7209
GEN_8206,NHCAKKIAARHCSHYLACVLLTYFINCLRHFTSLIP,36,4.07,0.6753,0.5674,0.3519,0.4175,0.5,0.5544,7210
GEN_6641,RRCWKKPKAHAKLNTLACLDAIILNGFGKTFKKAPKIYGIGTESR,45,8.82,0.7047,0.6117,0.4646,0.4687,0.6,0.5543,7211
GEN_7132,NHPAKKAAVKHCLHYLACVLLTYFNSCLNRKLFAIF,36,4.99,0.6982,0.5517,0.4167,0.3352,0.6,0.5542,7212
GEN_0807,SHCAKKISAKHCLHYLACVLLTYFGSCLQRFTLLAP,36,3.68,0.7589,0.5558,0.3519,0.202,0.5,0.5542,7213
GEN_5050,TRYRRAKDNHACASSLACLCLTYEIGTVKAFTRLPR,36,4.46,0.7207,0.5822,0.3,0.2168,0.6,0.5542,7214
GEN_3467,TRCARKPHAHACLCYLACLLLTPVNGCVKAKLFPAV,36,4.52,0.7364,0.5522,0.4491,0.4125,0.4,0.5542,7215
GEN_6837,FCCWYKPKAHAPLSTLACLLLIILNGCNKTFTKLAV,36,3.8,0.7023,0.57,0.4491,0.4553,0.5,0.5542,7216
GEN_3027,TRCAKKPNKHACFSTLACLLLIILNVKQKTFTKLAV,36,6.45,0.7399,0.5916,0.4105,0.2981,0.6,0.5542,7217
GEN_7210,FRCWYKPHAAACLSTLACLGAVILNGPGKTFTKIAKSKWNWDAWR,45,5.81,0.6969,0.5974,0.4037,0.5011,0.45,0.5542,7218
GEN_1707,THCAKRILGKHCLHYLACVLLTYFNACLHAKAFAEA,36,2.71,0.7502,0.5008,0.3843,0.1626,0.5,0.5541,7219
GEN_5682,FRCWYKPKAAACLSMLACLQAIILNGKGKTFTKIPKSKWSWDAWR,45,7.72,0.7145,0.5098,0.5042,0.4476,0.4,0.5541,7220
GEN_0077,THCAKKAANKNCLHTLACLLVTYFWSCLKRVVFALF,36,4.53,0.7696,0.5983,0.4167,0.3118,0.5,0.5541,7221
GEN_4222,THCAKKPKAHACLCTLACALALIINETLKTFTKLPK,36,4.53,0.7297,0.6134,0.3843,0.3982,0.5,0.5541,7222
GEN_2634,LHCAKKIAAKKSLHYLACVLVMYFIACLKTFHSLAP,36,4.98,0.7429,0.5229,0.4815,0.2471,0.6,0.5541,7223
GEN_2271,THCLKKAAPRNWLHYLACVLATYFGSCLNTFTLRAP,36,3.54,0.7457,0.5239,0.3843,0.1445,0.6,0.5541,7224
GEN_7717,THCAAKPKWPAFLPYMACILLILNNGCIKTFTKKPK,36,5.45,0.6882,0.5301,0.4491,0.3542,0.6,0.5541,7225
GEN_5032,LHMAKKIAAKHSLHYLACVLLTYFIACLRFYTTNIP,36,4.0,0.7209,0.4789,0.4491,0.1257,0.7,0.5541,7226
GEN_0198,THCAKKAKAKNCLHYLACVLLTYFGSCLQRFTLLAP,36,4.53,0.7667,0.5558,0.3519,0.1825,0.5,0.554,7227
GEN_6184,THCAKKPLAKRCLHYLACVLLTYFNGCIKTFPKLVP,36,5.53,0.7099,0.5755,0.3843,0.3802,0.5,0.554,7228
GEN_6198,YCCAVKIAAKHCLHYLASVLLTWFIACLKTFSSLAP,36,2.89,0.7098,0.5191,0.4815,0.3841,0.5,0.554,7229
GEN_5495,THCAKKILAKHCLHFLACVKLTYFNACLRTFTKLIP,36,5.61,0.7164,0.6164,0.3843,0.4336,0.5,0.554,7230
GEN_4333,WRCWYKPKAHACLSTLACLQLIILNGCNKAKVFAAV,36,4.8,0.7284,0.4737,0.4491,0.2324,0.5,0.554,7231
GEN_2115,LHCAKKIAAKHWLHYLACVLLRYFIGCLKTFTSCRP,36,5.98,0.7469,0.5763,0.3843,0.2951,0.5,0.554,7232
GEN_6870,TKCAKKIAAKHSAHYLACVILTQFIACLWTFTSLLP,36,3.54,0.702,0.5084,0.4491,0.2848,0.6,0.554,7233
GEN_4880,FRCWYKPKAAACLSTLACLQAIILNGKGKTFTKLPKSFGIGDANR,45,6.72,0.7224,0.6045,0.3941,0.4097,0.5,0.554,7234
GEN_6100,FRCWYKPKAARCLTTLACLQAIIHNGKGKTFTKLWNSFGLPDANR,45,6.81,0.7106,0.5846,0.3733,0.3825,0.5,0.5539,7235
GEN_8501,FRCWYKPRLAAFLSTEACKQAIILDASKKVIIACETI,37,2.73,0.6628,0.4954,0.4324,0.3711,0.55,0.5539,7236
GEN_3962,FHCAKKPLAKRCLHQIACVLQTYFNALLKAKVFHIF,36,5.99,0.7323,0.6151,0.4491,0.3914,0.6,0.5539,7237
GEN_2826,THCAKRILAKHCAHYLACVLLAYFNACLHAKAFAGD,36,2.71,0.7413,0.5097,0.4167,0.2295,0.5,0.5539,7238
GEN_5143,LHCAKKIAAKHCLHYPACVLLTYFNSCLKAKVFAIF,36,4.98,0.7199,0.5221,0.4491,0.3313,0.5,0.5538,7239
GEN_6478,THCWKNAAARHCLHYLACVLLTYFGSCLNRKVDAIF,36,2.62,0.7069,0.5346,0.3519,0.2851,0.5,0.5538,7240
GEN_2187,THCAKKPLAKHALSYMACILLILNNACLHVKAFALD,36,2.63,0.7464,0.5089,0.4815,0.2135,0.6,0.5538,7241
GEN_6454,MHCAKKPLAKHCLKWLACVLLTYTNACLHAKATAAD,36,3.72,0.7071,0.5592,0.4167,0.3908,0.5,0.5538,7242
GEN_6030,TVYAKKIAAKHCLHYLACVLVTWCIACLKAVVFQAF,36,3.53,0.7114,0.5111,0.5139,0.3978,0.5,0.5538,7243
GEN_6102,LHSAKKVAAKHSLHILACVLVVYCIACLKTFTNPAP,36,3.99,0.7106,0.5013,0.4815,0.2839,0.6,0.5537,7244
GEN_5365,WWCWDKPKAHACLSTWACLLAAILNGKPKTFTKLPKTFPIGTGSR,45,5.81,0.7178,0.6202,0.4037,0.487,0.45,0.5537,7245
GEN_7260,THCAKKAAAKHCLHYLACVLFTYFNSCPSRKVLAIF,36,4.61,0.6962,0.4783,0.3843,0.2483,0.5,0.5537,7246
GEN_2774,THCAKKPKAHACLSYMACILLILNNGCIKTFTKLPK,36,5.53,0.7417,0.5536,0.3519,0.2344,0.5,0.5536,7247
GEN_0402,SHCAKKIAAKHCLHYLACHLLTYFIACLKTFSSLAP,36,3.76,0.7633,0.4573,0.3843,0.0562,0.5,0.5536,7248
GEN_6483,WRCWYKPKAHVCLSTLACFDLIILNGCVKAFTRLPR,36,4.8,0.7068,0.6675,0.4167,0.5704,0.5,0.5536,7249
GEN_6415,THCAKRIAAKHCLHYLACVLVTYFIACLKTFTSLGP,36,3.62,0.7075,0.4758,0.3843,0.2161,0.5,0.5535,7250
GEN_0254,TRCAWKIAAKHCLHYLACVLLTYFIACLKTFTSLAP,36,3.53,0.7657,0.5458,0.4491,0.2624,0.5,0.5535,7251
GEN_7198,TRCAKKPKWHACLSTYACVLHFYFNACVHAKVFAAK,36,5.61,0.697,0.4636,0.3843,0.2203,0.5,0.5535,7252
GEN_5343,THCALKILAKHCLHYLACVLLTYFNACLKTFTSLIP,36,2.62,0.718,0.5222,0.4167,0.3019,0.5,0.5535,7253
GEN_6526,THCAKRILAKHCLHYLACVLLTYTNACLWTFTNLAD,36,1.62,0.7062,0.482,0.3784,0.2236,0.5,0.5535,7254
GEN_6018,GWCWKKPKAHACLSTWACLLAAKLNGKGKTFTKLPKTFPIGTGSR,45,8.81,0.7115,0.6077,0.4898,0.5324,0.5,0.5535,7255
GEN_5004,THSAKKPYAHACLSRLACVLLTYFNACVCLKVFAAK,36,4.53,0.7212,0.5285,0.4167,0.3049,0.5,0.5535,7256
GEN_2434,THCAKKPLAKTSLRYLACILLAYFNACLHAKAIAVP,36,4.54,0.7445,0.5945,0.4815,0.3582,0.6,0.5535,7257
GEN_6584,FLCWYKPKAAACLSTLACLQAIILNPKGGTFTKLAV,36,3.73,0.7056,0.4552,0.4815,0.2162,0.6,0.5534,7258
GEN_7819,TRYHKHDKYHACLSNLACLLLLPVPGCVKAKVFAAV,36,3.63,0.6859,0.452,0.4167,0.1924,0.6,0.5534,7259
GEN_4542,THCAKKILAKHCLHYLACVLLTYFNACLVAKVFAIF,36,3.61,0.7261,0.4972,0.4815,0.3053,0.5,0.5534,7260
GEN_7799,THCAKKPKAHACWSYVACNLAIINNPCVKAFTRLPR,36,5.53,0.6865,0.664,0.3843,0.5784,0.5,0.5534,7261
GEN_2596,THCAKKPLAHLALSYMACILLTYFNACLHAKVFAVP,36,2.63,0.7432,0.5161,0.5139,0.2624,0.6,0.5534,7262
GEN_1622,FHCAKKPLAKHCLHYVACVLVTYFNACLKAKMFAIF,36,4.98,0.7509,0.52,0.4815,0.2851,0.5,0.5534,7263
GEN_3518,TRVIARPKANACLSTLACLLLFILNETYKTFTDLPK,36,2.38,0.736,0.5644,0.4167,0.1961,0.7,0.5534,7264
GEN_7268,TRYHKSPKYHDCLCTLACLLLIILNETYKTFTFLPK,36,2.54,0.6961,0.4215,0.3,0.0,0.6,0.5533,7265
GEN_4802,LHCAKKIAAKHSLHYLACRLLTYFIACLKTCTTLIP,36,4.98,0.7234,0.555,0.3843,0.3097,0.5,0.5533,7266
GEN_4241,LRYHRKTKYKACLTYMACILLILNNGCIKAKVFAAP,36,6.81,0.7294,0.472,0.4315,0.138,0.6,0.5533,7267
GEN_1641,THCLKKAAAKDCLHYLACVLLTYFGSCLQKFTLLAF,36,2.53,0.7507,0.5286,0.3843,0.202,0.5,0.5533,7268
GEN_0892,TVCPKKIAAKACLHYLACVLLTYFINCLKNFAFAAD,36,2.44,0.7581,0.5975,0.4815,0.3969,0.5,0.5533,7269
GEN_5388,THCAKRILAKHCLHYLASVLLTYFNACLHAKAFLIP,36,3.71,0.7176,0.5236,0.4491,0.2695,0.6,0.5533,7270
GEN_8643,ACAPPVGLLYMGRTWRCV,18,1.78,0.6539,0.5755,0.1972,0.0861,0.85,0.5533,7271
GEN_2293,THCAKKPKAHACLCTLACALLLILNETLKTFTKLPK,36,4.53,0.7455,0.5988,0.3843,0.3313,0.5,0.5533,7272
GEN_3488,THCAAKPRAHACLSYLACVLLTYLNNCVKAFSRVRR,36,5.53,0.7362,0.6434,0.3519,0.3949,0.5,0.5533,7273
GEN_2908,FRCWYKPKAHACLSTLACLLLIILNGCNKTFTKLAV,36,4.8,0.7408,0.5561,0.4167,0.3027,0.5,0.5532,7274
GEN_1742,THSAKKILAKHCLHYAACVLLTYINSCLKNFTKLQP,36,4.62,0.75,0.5838,0.3194,0.164,0.6,0.5532,7275
GEN_7884,LHCAKKAAAPHSLHYLACVLLTYFLACLKTMTSIIH,36,3.07,0.6845,0.5021,0.4491,0.3098,0.6,0.5532,7276
GEN_1964,THCAAKPKAHACLSYMACILLILNNGCIKTFTKLAK,36,4.53,0.748,0.5845,0.3843,0.3013,0.5,0.5532,7277
GEN_6211,FRCWYKPKAAACLSTLACLLLIILNGCLKAKVFAAR,36,5.72,0.7096,0.4888,0.5139,0.3609,0.5,0.5532,7278
GEN_2428,NRCAAKPKAHACLCTLACLLLIILNETYKTFTFLPK,36,3.81,0.7445,0.4771,0.4167,0.1626,0.5,0.5532,7279
GEN_3406,TRCAKKPNKLACFGNLACMLLIILNAQAKVFTKLAL,36,5.36,0.7368,0.6428,0.4815,0.4551,0.6,0.5532,7280
GEN_1401,THCAKKAAAQNCLHYLACVLLTYFGSCLQRFTQLAP,36,2.53,0.7531,0.5558,0.3519,0.2087,0.5,0.5532,7281
GEN_3172,LHCDKKPAWKNCLHYLATVLLTYFGSCLQRFTLLAP,36,2.9,0.7388,0.5697,0.3843,0.2308,0.6,0.5531,7282
GEN_6489,DRCWKKPKAHVCLGTLACLQAIILNPKGKTFNKLPKSFGIGWGSL,45,6.81,0.7067,0.6206,0.3992,0.4713,0.5,0.553,7283
GEN_7768,WRCWYRPKAHACLSTLACLQAIILNGKGKTFTKLPKSIGIGTGNR,45,7.81,0.6871,0.5924,0.4057,0.4765,0.5,0.553,7284
GEN_4061,WRCWKKPKAHACLSTLACLLLIILNGCLKAKVFAAV,36,5.8,0.7311,0.5377,0.5139,0.3904,0.5,0.553,7285
GEN_2483,TKCAKKIAAKHCLHYLGTVLLTYFLACLKRFTRLAP,36,6.54,0.7441,0.6292,0.4155,0.348,0.6,0.553,7286
GEN_5507,FRCWYKPKAFACLSTAAYLQAIILNPKGRTFTKIPKSFGSWDAWR,45,6.73,0.7163,0.6883,0.4465,0.5422,0.6,0.553,7287
GEN_4949,TRSWKKPKARACLSYLACLLLIILNGCLKAKVSAAR,36,7.36,0.7216,0.5149,0.4961,0.2906,0.6,0.553,7288
GEN_5144,LHCARKIAAKHSLHYLACVLLTPFIACLKTFTSLAP,36,3.99,0.7199,0.5044,0.4815,0.2624,0.6,0.553,7289
GEN_5265,FRCWYKIKAAACLSTLACLQAIILNGKGKTFTKIPKSFGSWDAWR,45,6.72,0.7186,0.6262,0.42,0.4738,0.5,0.553,7290
GEN_0007,THCLKKAAAKNCLHYLACVLLTYFGSCLQKFTLLAP,36,3.53,0.774,0.5286,0.3843,0.1451,0.5,0.5529,7291
GEN_0584,FFCARKAAAKNCLHYLACVLLTAFNTCLNRWVFAIS,36,3.8,0.7611,0.5666,0.4815,0.3358,0.5,0.5529,7292
GEN_0655,LSCAKKIAAKHCLHYLACVLLTYFIACLKTFTNLAP,36,3.89,0.7604,0.5043,0.4491,0.2014,0.5,0.5529,7293
GEN_4621,TRYHKFYHYHACLSTLACLLLTILNGCVKAKVFAAH,36,3.71,0.7252,0.4742,0.3519,0.0697,0.6,0.5529,7294
GEN_6519,WRCWYKPRAHICLSTLACLQAIILNGGGKTFTKLPKSFEIGTGQR,45,5.82,0.7063,0.5823,0.3,0.3086,0.5,0.5529,7295
GEN_3300,THCAKKPLAKHILHYLACVYLTGFNACLKTFTKLAR,36,5.62,0.7377,0.6053,0.3519,0.2586,0.6,0.5529,7296
GEN_6730,TRCAKKPNKHASFSCLACVLLTYFNACVHAKVFAAK,36,5.53,0.7037,0.5949,0.3843,0.4191,0.5,0.5528,7297
GEN_8443,TMYMKKPHNHACLITLACLLLICNSGSLRGKIFAGP,36,3.54,0.6657,0.4323,0.3843,0.1703,0.6,0.5528,7298
GEN_0047,IHCAKKAAAKHCLHYLACVLLTYFNSCLQRKVFAIF,36,4.98,0.7708,0.5538,0.4167,0.226,0.5,0.5527,7299
GEN_7472,NRCKQKPKAHVCLSTKACLLLIILNGCVKAFTRLPK,36,7.8,0.6924,0.5967,0.4569,0.5203,0.5,0.5527,7300
GEN_6847,HRCWKHPKAHACLSTLACLQAIILNGKGKTFTKLPKSFGIGTGSR,45,7.99,0.7022,0.5712,0.4158,0.414,0.5,0.5527,7301
GEN_6426,THCAKIIAAKHCLHYLACSLLTYFIACLKTFTSLAP,36,2.62,0.7074,0.4712,0.4167,0.2363,0.5,0.5527,7302
GEN_8259,THCAKKPLAKHCLHYLACTLETRFNACSKNFNKLIP,36,4.62,0.6735,0.5179,0.3,0.2763,0.5,0.5527,7303
GEN_3448,TRCAKKPDKHACMSTLACLLLTILNGCVKAKVFAPR,36,5.44,0.7364,0.5897,0.3843,0.3328,0.5,0.5526,7304
GEN_3808,THCAKKPNRHACFSCMACLLVIILNGQGKTFTKLAL,36,4.53,0.7335,0.5242,0.3519,0.198,0.5,0.5526,7305
GEN_6998,FFCAKKPLAKHCLHYLACVLLTYFNACLHAHAFAAD,36,2.07,0.7002,0.52,0.4815,0.3983,0.5,0.5526,7306
GEN_2183,TRCAKKPKAHACLCTLACLLLIILNETYKTFTKLPK,36,5.44,0.7464,0.5643,0.3519,0.2349,0.5,0.5526,7307
GEN_1283,THCAKKPLAKHCLHYLACVLLAYFNACLHARAFAVP,36,3.7,0.7541,0.52,0.4815,0.2725,0.5,0.5526,7308
GEN_5720,FHCAFKPLAKYCLHYLACPLLTYFNCCLKTFTKLIP,36,3.88,0.7142,0.5918,0.4167,0.4872,0.4,0.5526,7309
GEN_4656,FRCWYRPKAAACLTTLACLQHIINNGCVKAKVFAAH,36,4.89,0.7248,0.4931,0.4167,0.2308,0.5,0.5525,7310
GEN_0786,THCAKKILAKHCLHYLACVLLAYFNACLKTFYNLDD,36,1.62,0.7591,0.515,0.3786,0.1492,0.5,0.5525,7311
GEN_2849,TRCFWLAKAHACLSMSACLTLIILNETLKAKVFYAV,36,2.45,0.7412,0.421,0.4815,0.0703,0.6,0.5525,7312
GEN_6430,WRCWKHPKAHACLSTLACLQAIILNGKGKTFTKLPKSFGIGTGSR,45,7.9,0.7073,0.5823,0.4108,0.414,0.5,0.5525,7313
GEN_4434,THCAKKPLAKHCLHYMACILYILNNGCIKTFTKLPK,36,5.61,0.7274,0.5397,0.3194,0.2049,0.5,0.5525,7314
GEN_7672,SLACCLIIKAWVVGGWKCLRLKAVRPVVLNLSS,33,4.43,0.689,0.5735,0.4451,0.3098,0.75,0.5525,7315
GEN_0080,THCAKKVAAKNCLHYLACVLLTYFSSCLQKFTLLAP,36,3.53,0.7695,0.5243,0.3843,0.1451,0.5,0.5524,7316
GEN_7461,TRYRKKPHNHACLSTLACLLLLILNGCVKAFTRLPR,36,6.54,0.6926,0.6397,0.3833,0.4492,0.6,0.5524,7317
GEN_1246,FHCAKNIAAKHCLHDLACTLVTYFIACLKTFLSLAD,36,0.98,0.7545,0.4857,0.4878,0.2194,0.5,0.5524,7318
GEN_7169,MHCAKKAAAKHCLHYLKCVLLTYFNSCLNRKFFAIF,36,5.72,0.6975,0.5378,0.3843,0.3357,0.5,0.5524,7319
GEN_0854,THCAKKILAKHCLHYLACVLLTYFNACLKTFDKLPK,36,4.61,0.7584,0.568,0.3519,0.2117,0.5,0.5524,7320
GEN_2603,THCAKKPKAHACLCHLACLLLIILNETYKPFTFLPK,36,3.62,0.7431,0.4798,0.4167,0.1648,0.5,0.5524,7321
GEN_2058,TRCAAKPDAHACLCTLACLLLIILNETYKTFTFLPK,36,1.45,0.7473,0.4771,0.4555,0.1888,0.5,0.5523,7322
GEN_8344,THCAQKLVAKHCLHYLACVLLTYFNACYHTFTLLAP,36,1.7,0.67,0.4555,0.4051,0.2832,0.5,0.5523,7323
GEN_6121,KHCWHKPKDHACLSTLANLVAIILNPWGKTFPKLPK,36,5.0,0.7103,0.6012,0.4167,0.31,0.7,0.5523,7324
GEN_1367,THCAKKPLAKRCLHYLACVLLTYFNACLKTFTKLIP,36,5.53,0.7533,0.5663,0.3843,0.2523,0.5,0.5523,7325
GEN_0128,LHCAKKAAAKNCLHYLACVLLTYFASCIQRFTLLAP,36,3.89,0.7682,0.6145,0.4491,0.3626,0.5,0.5523,7326
GEN_8264,FHCAKKPLAKHCLHYIACVLVTYFNACLTTYITCIP,36,2.97,0.6735,0.4904,0.3843,0.3789,0.4,0.5523,7327
GEN_6153,THCAKKIAVPHCLHYLACVLLTYFNACLHAKAFAIP,36,2.7,0.7101,0.4677,0.4815,0.2858,0.5,0.5523,7328
GEN_0727,THCAKKILAKHCLHYLACVLLTYFSRCLKAKVFNIF,36,5.61,0.7597,0.5845,0.3843,0.2679,0.5,0.5523,7329
GEN_0283,THCAKRILAKHCLHYLACVLLTYFNACLHAKAFAAD,36,2.71,0.7651,0.5097,0.4167,0.1626,0.5,0.5522,7330
GEN_6614,DHCAKKAAAKHCLHYLACVLLTCFNSCLNRKVFAIF,36,3.97,0.7052,0.5372,0.3843,0.382,0.4,0.5522,7331
GEN_3069,LRTAKKPNKHACFSCLACLLLVILNGQGKTFTKLEL,36,4.82,0.7396,0.5785,0.3519,0.2049,0.6,0.5522,7332
GEN_8607,THEAKKAAGKNSTHYLACVLLNSFDSCLQRKVFAIF,36,2.55,0.6564,0.552,0.3194,0.2555,0.7,0.5522,7333
GEN_1549,TRHAARPKAHACLSYTACILLLLNNGCIRTFPKLPK,36,5.54,0.7516,0.6149,0.3843,0.2699,0.6,0.5522,7334
GEN_2797,TRCAAKPKAHACLCTAACLLLIILNETYKTFTFLPK,36,3.44,0.7416,0.4771,0.4167,0.1626,0.5,0.5522,7335
GEN_3554,TRCAKKPKAHACLSTLVCLLHIILQGSVKAFTRLAV,36,5.54,0.7357,0.6063,0.4167,0.3252,0.6,0.5522,7336
GEN_5165,TRCAAKPDAHACLCTLAKWLLHILNETYKPFKFLPK,36,3.54,0.7197,0.575,0.4167,0.31,0.6,0.5521,7337
GEN_6086,THCAQVLVAKHCLHYLACVLLTYFNSCLKARVFLAP,36,2.62,0.7108,0.5221,0.4491,0.3414,0.5,0.5521,7338
GEN_6422,EHCAKKIAAKHCLHYLARVLVTYFIACNKTFTSCDP,36,3.05,0.7074,0.562,0.3194,0.2865,0.5,0.5521,7339
GEN_2355,THCLKKAAGRNWLHYLACVLLTYFGSCLQKFTLRAP,36,4.54,0.7451,0.5147,0.3519,0.0854,0.6,0.5521,7340
GEN_3030,THCAKKPKAHACLSYLACFALIILDLCVKTFTRLPR,36,4.53,0.7399,0.6462,0.4167,0.4479,0.5,0.5521,7341
GEN_7499,FRCWLKPKAHALQSTLACLALIILNGQSKTFTKLPCSFGIGSGMR,45,5.81,0.6919,0.5287,0.3778,0.3251,0.5,0.5521,7342
GEN_5980,LTCAKKPQAHACLCNLACLLLFIPNETYKTFTKLPK,36,3.8,0.7119,0.5726,0.3843,0.3581,0.5,0.5521,7343
GEN_4763,FRCWYRPKGAACITTLACLQLIILNGCNKAKVFAAV,36,4.72,0.7237,0.5121,0.4491,0.2944,0.5,0.5521,7344
GEN_2705,TRYHKKPHYHACLSTPACLLLTILNGCVKAFTKLAV,36,4.62,0.7422,0.5528,0.3519,0.1556,0.6,0.5521,7345
GEN_0650,TPCLKKAARKNCLHYLACVLLTYFGSCLQKFTLLAP,36,4.44,0.7605,0.5286,0.3843,0.1713,0.5,0.5521,7346
GEN_4643,TRYRRKPHNHACLMNLACLLLVPVQGCLKAKVFAAH,36,5.63,0.725,0.4914,0.4167,0.1574,0.6,0.552,7347
GEN_4462,FHCAKKILAKHCLHYIKCILVTYFNACLLAKVFALF,36,4.98,0.7271,0.5753,0.4815,0.4238,0.5,0.552,7348
GEN_6817,THCAARPKAHACLSYTACILLLLNNGCIKTFPKLPK,36,4.53,0.7025,0.5646,0.3843,0.3662,0.5,0.552,7349
GEN_7381,WRCWYKPGAHACLSTLACLQAIILNGKGRTFTKLPKSFGIPNGNR,45,6.81,0.6944,0.6442,0.3733,0.5066,0.5,0.552,7350
GEN_1284,THCAKKIAAKHCLHYLACVLLNYFNACLKTFTFAAP,36,3.61,0.7541,0.5297,0.4167,0.2196,0.5,0.552,7351
GEN_5837,THCAKKPLAKHCLHYLACVLLTYFNACLHAKPFAIP,36,3.7,0.7132,0.5061,0.4491,0.3087,0.5,0.552,7352
GEN_6401,THYRNKAHNHACLSTLACLLLIILNETYKPFTFLPK,36,2.64,0.7077,0.452,0.3519,0.0,0.7,0.5519,7353
GEN_1174,TVCPKKIAAKACLHYLACTLLTYFINCLKNFTSAGP,36,3.44,0.7551,0.5559,0.3843,0.2281,0.5,0.5519,7354
GEN_7951,THCCKKAAAKHCLHYLACVLLTRFINCLYNFTSLIP,36,3.61,0.6827,0.6198,0.3519,0.538,0.4,0.5519,7355
GEN_2438,THCAKKPKAHACLCTLACLLLIILNETYKTFTKLPK,36,4.53,0.7444,0.5643,0.3519,0.2349,0.5,0.5519,7356
GEN_7597,THCVHKPLAKHCLHYLACVLLTYFNACLWTFTKIPK,36,3.7,0.6903,0.4784,0.3843,0.2499,0.5,0.5519,7357
GEN_2873,THLAKKPLAKWCLHYLACVLLTYFNACLKTFTKLAR,36,5.54,0.741,0.6331,0.4167,0.3555,0.6,0.5519,7358
GEN_6133,THCASKKAAKKCLHYLACELLTYFIACTKNFTSLAP,36,3.53,0.7103,0.5308,0.3194,0.226,0.5,0.5519,7359
GEN_5900,THCARKAAAKNCLHYLACVLLTYFIACLKTCTTLIP,36,3.52,0.7126,0.4696,0.3843,0.2495,0.4,0.5518,7360
GEN_5064,THCAKKILAKHCLHYLACVLLTCFNACLKAKVFAIF,36,4.6,0.7206,0.4931,0.4491,0.3348,0.4,0.5518,7361
GEN_8318,THCAHHPKAHACLSYLACLLLIINNPCVKEFTRLAV,36,1.71,0.671,0.6185,0.4372,0.5809,0.5,0.5518,7362
GEN_1320,FHCHKKPLAKHCLHYIACVLVTYFNACLKAKVFAIF,36,5.06,0.7538,0.5182,0.4491,0.2324,0.5,0.5518,7363
GEN_7207,THCLKKIAAKHCLHYLACVLVTYFITCLRTFTSLAP,36,3.62,0.697,0.5245,0.3843,0.3107,0.5,0.5518,7364
GEN_1531,THCAKKILAKHWLHYLACVLLTYFNACLKAHAFAAC,36,3.7,0.7518,0.5057,0.4491,0.2162,0.5,0.5518,7365
GEN_7160,THSAKKAAAKNCLHYLACVLLTPFNSCLNRKVFAVF,36,4.54,0.6976,0.5546,0.4167,0.3252,0.6,0.5518,7366
GEN_8541,THAPKKAAAKNCLHYLACVLLTYWNTCFSRFVFAIF,36,3.54,0.6604,0.5468,0.4491,0.4315,0.6,0.5518,7367
GEN_7222,THYAKKPLAKACLHYLHCVLLTYFNACFKTTTKLSP,36,4.62,0.6967,0.4772,0.3194,0.1006,0.6,0.5517,7368
GEN_4761,THYRKKAHNHACASTLACLLLIILNGCVKAFTRLPR,36,5.63,0.7238,0.6397,0.3519,0.3407,0.6,0.5517,7369
GEN_3786,TRCAKKPKAHACLSTLACLWLIILNPCLKAKVFAAR,36,6.44,0.7337,0.5149,0.5072,0.3316,0.5,0.5517,7370
GEN_3220,TRYHKRPKFHACLSNIACVLLTPVIGCAKAKVNAAR,36,6.54,0.7382,0.4559,0.4156,0.0637,0.6,0.5516,7371
GEN_1999,TFCAKKPLFKHHLHYLACVLLTYMNACHKTFTKLAK,36,5.71,0.7478,0.5422,0.3519,0.1211,0.6,0.5516,7372
GEN_0860,THCAKNPLAKRCLHYLACVLLTYFNACLKTFTKLIP,36,4.53,0.7583,0.5663,0.3843,0.2361,0.5,0.5516,7373
GEN_5443,FHCAKKPLAKHCLHYIACVLVTYFFACLKAKVFAIF,36,4.98,0.717,0.5459,0.5139,0.4278,0.5,0.5516,7374
GEN_2672,YHCAAKPLAKHCLHYLACILLTYFNRCLKAKVFDIF,36,3.98,0.7426,0.6067,0.4167,0.3722,0.5,0.5516,7375
GEN_6603,LHCAKKIAAKHSLHYLRCVLLTYFIACLKRCTTLIP,36,5.98,0.7054,0.536,0.3843,0.3083,0.5,0.5515,7376
GEN_6527,THCAIKPLPKHCLHYLASVLLTYFNACLRAKAFAIP,36,3.63,0.7062,0.5566,0.4815,0.3715,0.6,0.5515,7377
GEN_8430,THCAKKPVIKHCLHYLACVELTWLNGCLFHKVFAVP,36,2.71,0.6662,0.5147,0.4167,0.3965,0.5,0.5515,7378
GEN_7830,GHCAKHIANKHCLHYIACYLAAYFNACVKSSTSLIP,36,3.06,0.6857,0.4213,0.3194,0.0984,0.5,0.5515,7379
GEN_3493,WRCWYKPKAHACLSTLACLLLIILNGCNKTFTKLAV,36,4.8,0.7361,0.5561,0.4167,0.3027,0.5,0.5515,7380
GEN_4226,TRPIKKPHYHACLRTLACIFLIILNGCVKAKVFAAH,36,5.63,0.7296,0.574,0.4491,0.3134,0.6,0.5515,7381
GEN_5746,THCAKKILAKHCLHYLACVLLTCFRACLHAKAFAAD,36,3.7,0.714,0.4867,0.4167,0.3053,0.4,0.5515,7382
GEN_1464,THMAWRILAKHCLHYLACVLLTYFNACLHAKAGAIP,36,2.71,0.7525,0.5449,0.4815,0.243,0.6,0.5514,7383
GEN_0862,THCAKRILAKHCLHYLACVLLTYFNACLHAKGFAIP,36,3.7,0.7583,0.5097,0.4167,0.1726,0.5,0.5514,7384
GEN_8422,SAPLRVCTRWLLKGAARSKNLWVIWVFFEHH,31,3.63,0.6668,0.6403,0.3531,0.2404,0.95,0.5514,7385
GEN_7316,THCAIKPRAHACLSYLACLILTPVNGCVKAKVFPAV,36,3.53,0.6954,0.5197,0.4815,0.4013,0.5,0.5514,7386
GEN_2707,THCAAKLKMHACLSYLACLLLAILNQTYKTSTFLPK,36,3.54,0.7422,0.4651,0.3843,0.036,0.6,0.5513,7387
GEN_1740,TRHAARPKAHACLSYTACILILVNNGCIKTFPKLVP,36,4.54,0.75,0.5744,0.4167,0.2325,0.6,0.5513,7388
GEN_1600,PHCAKKPLAKHCLHYLACVILTYLNACLKYFDKLIP,36,4.17,0.7511,0.5933,0.4167,0.3281,0.5,0.5513,7389
GEN_1612,THCAKKILAEHCLHYLACVLLTFFNACAKEPTSLVC,36,0.61,0.751,0.4729,0.4814,0.2591,0.4,0.5513,7390
GEN_2139,GHCAKRIYAKHCLHYLACVLLTYFNACLKAKAFAIP,36,4.98,0.7467,0.485,0.4167,0.1573,0.5,0.5512,7391
GEN_6092,THCAKKILAKHCLHYCACVLVTMFNACLKAKVFAIF,36,4.6,0.7107,0.4991,0.4491,0.3642,0.4,0.5512,7392
GEN_2807,NHDLKKIIAKHCLHYLACLLLTYFNACLRTVTKLIP,36,3.99,0.7415,0.6114,0.3843,0.2812,0.6,0.5512,7393
GEN_2871,TVFAKKIAAKRALHYLACVLYTYFIACAKTFTSLAP,36,4.46,0.7411,0.5937,0.4815,0.283,0.7,0.5512,7394
GEN_7141,THCAKKPLGKVCLHYLAFVLLVYFNACSPAKAFAIP,36,3.54,0.6979,0.5493,0.5139,0.4083,0.6,0.5511,7395
GEN_1161,THCAKKIAAKHCAHYPACVLLTYFIWCLQRFTLLAP,36,3.62,0.7552,0.5645,0.4491,0.3018,0.5,0.5511,7396
GEN_2740,TRCAKKPKAHACLCTLACLALIILNETFKTFTFLPK,36,4.44,0.742,0.4875,0.4167,0.1719,0.5,0.5511,7397
GEN_6567,THCFKKPAAKACLSYLACFALIIGDLCVKTFTRLPK,36,4.44,0.7058,0.6003,0.4167,0.4444,0.5,0.5511,7398
GEN_3792,THCAKKLLAWHNLTYLACVLLDWFRLCDCAMAFAGD,36,-0.46,0.7337,0.5542,0.6215,0.5074,0.5,0.5511,7399
GEN_3675,THCAAKPKAHACLSYMACILSILNNGCIKTFTKLPK,36,4.53,0.7346,0.5536,0.3519,0.2344,0.5,0.5511,7400
GEN_3765,TRCAKKPKAHACLSTLACLLLIILNETLRRKVFRAH,36,6.54,0.734,0.5467,0.4159,0.2216,0.6,0.5511,7401
GEN_4417,THCAKYPLAKHCLHYLACVLVTYFNACLKTFTKLPH,36,3.7,0.7276,0.5524,0.3519,0.2491,0.5,0.5511,7402
GEN_5879,THCAKRALAKHCLHPLACVLLTRLNACLHAKAFAIP,36,4.7,0.7128,0.528,0.4815,0.3726,0.5,0.5511,7403
GEN_4710,FRCWYKPKAAACLSTLACLQAIILNGKGKTFTKIPKSFGSWDAWR,45,6.72,0.7242,0.6262,0.42,0.4476,0.5,0.551,7404
GEN_7765,FVLPLYRALGAAWLTFLFNQWCFKRHCGPPCKCHSIGLV,39,3.89,0.6872,0.531,0.4615,0.5829,0.25,0.551,7405
GEN_6075,THCACKPLAHACLSGLACHLLTYFNACQHAKVFAAK,36,2.69,0.7109,0.4403,0.3843,0.1994,0.4,0.551,7406
GEN_2732,THCAKNPLAKRCLHYLACVLLTWFNACLKEFTKLIP,36,3.53,0.742,0.5836,0.4167,0.3311,0.5,0.551,7407
GEN_5083,FRCWYKPKAAACLSTLACLQAIILNGCVKAKVFAAV,36,4.72,0.7204,0.4888,0.5139,0.3213,0.5,0.551,7408
GEN_1689,SHCAKRILAKHCLHYLACVLLTLFNACAKTSMSHAD,36,2.77,0.7503,0.482,0.3519,0.0769,0.5,0.5509,7409
GEN_7985,TRYRKHPHNHACLSTLACLLLIILNGCVKAFTRLPR,36,5.63,0.6819,0.6397,0.3519,0.4331,0.6,0.5509,7410
GEN_6637,TNCAKKSAAKNCLHYLACCLITYFTSCLQKFTLLGP,36,3.43,0.7048,0.4943,0.3,0.2185,0.4,0.5509,7411
GEN_0100,THCAKKVAAKNCLHYLACVLLTYFGSCLQRFTLLAP,36,3.53,0.769,0.5697,0.3843,0.212,0.5,0.5509,7412
GEN_3176,THCAKKPKAHACLCTLACLVLIALNETLKTFTKLPK,36,4.53,0.7387,0.5988,0.3843,0.3313,0.5,0.5509,7413
GEN_1994,TRCAAKPDAHACLCTLACLLLIILNDTYKPFTFLPK,36,1.44,0.7478,0.4967,0.488,0.2431,0.5,0.5508,7414
GEN_4497,TRYLRKHHDRACLSTPACLLLTILAGCIKAKYFAAA,36,4.54,0.7266,0.6161,0.3843,0.3208,0.6,0.5508,7415
GEN_2633,TMCAKKAHAKNCLHYLACVLITYFNSCLQRKVFNIV,36,4.53,0.7429,0.5367,0.3519,0.1852,0.5,0.5508,7416
GEN_3259,THCAKKILAKHCIHYLACVLLTYFFACIKTFDKLPK,36,4.61,0.738,0.5808,0.3843,0.3026,0.5,0.5508,7417
GEN_2927,THCAKRILAKHCLHYLACVLLTYFNACLKTFTSLAY,36,3.61,0.7407,0.4944,0.3519,0.1198,0.5,0.5508,7418
GEN_8146,THCAKRIGAKHCEHYYACVLLTDYNACLHAKAFAIP,36,1.71,0.6769,0.4648,0.3401,0.2075,0.5,0.5508,7419
GEN_6480,TRCAKKPNKHACLSYAACLLLIINNGCVMVKVFAAH,36,4.53,0.7068,0.6055,0.4167,0.4486,0.5,0.5508,7420
GEN_2404,TRCAKKPNKHACMSTLACLLLTILNGCVKVKVFAAH,36,5.53,0.7447,0.5916,0.3843,0.3046,0.5,0.5508,7421
GEN_3132,LHCAKILVANHCLHYLADVLLTYFNACLKTFTCGAC,36,0.97,0.7391,0.4953,0.4564,0.2952,0.4,0.5507,7422
GEN_7332,THCAHKILAKYHLHYFACVLLTYFNACLHAKAFAIP,36,2.8,0.6952,0.4953,0.4491,0.2571,0.6,0.5507,7423
GEN_7429,THCLQWAAAKNCKHYLACVLLTYFGTCLQRKAFLYP,36,3.53,0.6933,0.5295,0.3519,0.2882,0.5,0.5507,7424
GEN_8439,THCASKVAAKNCQHYLACVLLTYLGSCLQMFTLLAP,36,1.53,0.666,0.4622,0.4172,0.305,0.5,0.5507,7425
GEN_3569,THYAKKPLAKHCLHYLACAILTYFNVCLKTFTKLIP,36,4.62,0.7355,0.5503,0.3843,0.1902,0.6,0.5507,7426
GEN_0373,LHCAKKIAAKHSLHYLACVLLTYFIACLKRCTTLIP,36,4.98,0.7638,0.5499,0.4167,0.2226,0.5,0.5507,7427
GEN_2073,NRYHKKPHYHACLSTPACLLLTILNGCVKAKAFALP,36,4.99,0.7472,0.4881,0.3843,0.0592,0.6,0.5507,7428
GEN_6333,THCAKKLVAKHCLHYLECMLVTWFNACLHAKAFAIP,36,2.71,0.7085,0.4967,0.4491,0.295,0.5,0.5507,7429
GEN_5469,WWCWKKPKAHPCLSAWACLLAAILNGKGKTFTKLPKTFPIGTPSE,45,5.82,0.7166,0.636,0.4296,0.5218,0.45,0.5506,7430
GEN_6021,THCAKKILAIHCLHYLACVLLTYFNACLHAKAFAAE,36,1.71,0.7115,0.4517,0.4694,0.233,0.5,0.5506,7431
GEN_6144,TKCAKKAAAKNCLHYLACVLCTYFDNCLKNFVSLAP,36,3.43,0.7102,0.5477,0.3519,0.3445,0.4,0.5506,7432
GEN_2044,THEAKKPKAKHCLHYLACALLFYFNACLKIFTKCHP,36,4.7,0.7475,0.5268,0.3519,0.1558,0.5,0.5505,7433
GEN_0546,WHCAKKIAAKHCLHYLACVLLTYFNACLKTFTSLAP,36,3.98,0.7615,0.5222,0.4167,0.1802,0.5,0.5505,7434
GEN_0346,THCAKRIAAKHCLHYLACVLLSYFIACLKTFTSLAP,36,3.62,0.7643,0.4897,0.4167,0.1198,0.5,0.5505,7435
GEN_4312,TRCAKKILKHACLSYLACVLLTRLNGCVKAKVFAVP,36,6.44,0.7286,0.698,0.4423,0.5757,0.5,0.5505,7436
GEN_6578,FVCWGKGAAKNCLHYLACVLLTYFNTCLNRRVFAIF,36,3.8,0.7057,0.5451,0.4167,0.3486,0.5,0.5505,7437
GEN_4758,THCAKQILAKHCLLYYACVLLTYFNACLKAKVFAIF,36,3.53,0.7238,0.4926,0.4491,0.2507,0.5,0.5504,7438
GEN_4045,TWCAKKIAAKHCLHYLACVLLTYPIACLKTWTSWMP,36,3.53,0.7313,0.4833,0.4491,0.2511,0.45,0.5504,7439
GEN_5233,TRYHKKPVYHACLSTPACLLLTILNGCVKAKVFAVP,36,4.54,0.719,0.5152,0.4167,0.2006,0.6,0.5504,7440
GEN_4093,TRCAAKVKAHACLCTLACLLLIILNETYKTFTFLPK,36,3.44,0.7308,0.4771,0.4167,0.1759,0.5,0.5504,7441
GEN_5325,THCAGKLVAKFCLHYLACVLLTYFNACLKTFTSAAP,36,2.53,0.7181,0.529,0.4167,0.2919,0.5,0.5504,7442
GEN_4524,FRCWYKPKNAACLSTLACLQLIILNGALKAKVFAAV,36,4.73,0.7263,0.5539,0.5139,0.3441,0.6,0.5503,7443
GEN_5109,FRFWYDPKAAACLSTLACLQAIILNGKGKTFTRIPKNFGSWTISR,45,5.74,0.7202,0.6803,0.3778,0.4331,0.6,0.5503,7444
GEN_8418,THCAKLIAVKHELHYLACVLLTYFLACLLAHAFMIY,36,0.72,0.667,0.4796,0.6038,0.449,0.6,0.5503,7445
GEN_0163,SHCAKKIAAKNCLHYLACVLLTYFGSCLQRFTLLAP,36,3.59,0.7674,0.5697,0.3843,0.212,0.5,0.5503,7446
GEN_3306,THCAKKPKAHACLSYLACLALIILNGCVKAFTRLPR,36,5.53,0.7377,0.6675,0.4167,0.476,0.5,0.5502,7447
GEN_6459,THCAKKPKAHACLSYLECLLLTCLFACVKAKVFAAP,36,3.52,0.7071,0.4443,0.4491,0.2746,0.4,0.5502,7448
GEN_6965,FHCYKKPLAIHCVHYLACVLVTPFNACLKAKVFAIF,36,3.98,0.7005,0.5184,0.5139,0.4111,0.5,0.5502,7449
GEN_7172,NRCWKKPKAHVCLSTLACLDLIILNGCPKAFTRLPH,36,4.89,0.6975,0.5954,0.3843,0.4172,0.5,0.5502,7450
GEN_7929,TFCDKKPLAKHCLHFLACVLLTYFNACLHAHAFAIP,36,1.7,0.6834,0.547,0.5022,0.4872,0.5,0.5502,7451
GEN_5501,THCAKKIAAKHCLHYLACVLITVFIACLKTFTSLRP,36,4.62,0.7164,0.4694,0.4167,0.1956,0.5,0.5502,7452
GEN_6005,THCAHKIAAKHCLHYLACVLLTYFIACLKTFTSLAP,36,2.7,0.7117,0.4712,0.4167,0.2097,0.5,0.5502,7453
GEN_6996,TRCWKKWNKHMCLSTLACLALIILNGQGKTFTKLPK,36,6.45,0.7002,0.6042,0.3457,0.3194,0.6,0.5501,7454
GEN_5927,WRLWYKPKAHACLSPLACLTLIIALGQAKTFSKLLV,36,4.82,0.7124,0.517,0.5139,0.2471,0.7,0.5501,7455
GEN_1309,THCAKNPLAKRCLHYLACVLLTYFNACLKWFTSLIP,36,3.53,0.7539,0.5546,0.4167,0.2495,0.5,0.5501,7456
GEN_4197,IHCAKKYAAKHMLHYLACELLTYFVSCLNRKLWAIF,36,3.99,0.7299,0.5723,0.4167,0.2676,0.6,0.55,7457
GEN_4076,WRLWYKPKAHACLSTLACLLMEILNPSVKAKTDIAL,36,2.83,0.731,0.5541,0.4815,0.2324,0.7,0.55,7458
GEN_3407,TEYAKKPHNHACLSNLACLLLQPVNGCVKAKVFAAR,36,3.54,0.7368,0.504,0.3843,0.1053,0.6,0.55,7459
GEN_6257,KHCWYKPKAAACLSTLACLQAKVSALADAFEALKKA,36,3.81,0.7091,0.5789,0.4491,0.3588,0.6,0.5499,7460
GEN_6094,WRAWKKPKAHACLSTLACLQAWILNGKGKKFTKLPKSFGIGTNSR,45,9.82,0.7107,0.6331,0.5487,0.5451,0.6,0.5499,7461
GEN_6015,THCAKKCAVKHWLHYLSCILLTYFNACLHAKAFAIP,36,3.7,0.7116,0.5347,0.4167,0.3135,0.5,0.5499,7462
GEN_7350,FHPAKKPCAKHCLHYDACVLVTYFNACLKAKVFVIF,36,3.98,0.6949,0.4926,0.4491,0.3149,0.5,0.5499,7463
GEN_4160,THAAAKPKAHACLCTLACLLLIILNETYKTFTFLPK,36,2.54,0.7302,0.4909,0.4491,0.1626,0.6,0.5499,7464
GEN_0113,THCAKKAAAKNCIHYLACVLLTYFGSCLQRFTLLAP,36,3.53,0.7686,0.5697,0.3843,0.2065,0.5,0.5499,7465
GEN_3532,TRAAKKRHNHACLSTLACLLLTPVNGCVKAKVFPAV,36,5.54,0.7358,0.4774,0.4167,0.0945,0.6,0.5499,7466
GEN_7432,SLACCLIIKAWLVGGWKCLRLKAVRPVVLNLKS,33,5.43,0.6932,0.6054,0.4451,0.336,0.75,0.5499,7467
GEN_4044,TRYHKKPHYHACLSTLACLWLIILNETLKAKVFAAV,36,3.64,0.7313,0.4778,0.4167,0.0385,0.7,0.5498,7468
GEN_8229,WRCWKKPKAHACLSTLACLQAIILNPKPKTFTKLPFSFGIGTGSE,45,5.82,0.6745,0.4922,0.3778,0.2899,0.5,0.5498,7469
GEN_1234,THCAKKIVAKHCLHYLACVLVTYFNACLKTFTHIAP,36,3.7,0.7546,0.5283,0.3843,0.1688,0.5,0.5497,7470
GEN_4575,SRCIHKPNKHACFSTLACLLLIILNVKGKTFTKIPK,36,6.6,0.7257,0.5796,0.3868,0.2572,0.6,0.5497,7471
GEN_3256,TKCAKKPKAHACLCTLACLLLIILNETYKTFTKLPK,36,5.44,0.738,0.5643,0.3519,0.2349,0.5,0.5497,7472
GEN_3561,LHCAKKLAAKHCPHYLACVLLTAFNACLKTFTSAAP,36,3.98,0.7356,0.5196,0.4491,0.2624,0.5,0.5496,7473
GEN_4999,AHCAKKASAKHCLHYPACVLLTPFNALVKTFYNLDD,36,2.03,0.7213,0.5647,0.3843,0.2395,0.6,0.5496,7474
GEN_7770,TRYHKKPHYHACLSTPACLLLIILNGQGKTFTKLQL,36,4.63,0.6871,0.4637,0.3,0.0,0.7,0.5496,7475
GEN_7424,DHCAAMPLAKHCLHYLACVLVTYLNGCPKAKVFAVP,36,1.98,0.6935,0.4972,0.483,0.3575,0.5,0.5496,7476
GEN_4526,SDLVKKPKNHACLTTLACLAMIILNACLKAKVFATR,36,4.51,0.7263,0.5379,0.4491,0.2484,0.6,0.5496,7477
GEN_4878,FRCWYKPKAAACLSTLACLEAIILSGHGKDFTKMPK,36,3.82,0.7225,0.508,0.3843,0.1426,0.6,0.5496,7478
GEN_3417,LRYHKKPKYHACLSSMACLLLTILNGCVKAKVFAAP,36,5.9,0.7367,0.502,0.4167,0.1315,0.6,0.5496,7479
GEN_7750,LHCCKKLVAQHCLHYLACVLLSYFNACLKNFTSLLP,36,2.97,0.6876,0.5081,0.3843,0.3575,0.4,0.5496,7480
GEN_2902,TRCAKFPKAWACLCMLACLLLIILNENYKTWTKLPK,36,4.36,0.7408,0.5564,0.4491,0.3118,0.5,0.5496,7481
GEN_6529,THCAKKAAAKHCLHYLACVLLTYFSACTRNFTSLAP,36,3.62,0.7062,0.5051,0.3519,0.2093,0.5,0.5495,7482
GEN_5830,FHVAKKPLAKHCLHYLACYLLTYPNACLHAKAFAIP,36,4.07,0.7133,0.52,0.4815,0.2803,0.6,0.5495,7483
GEN_2280,TRCAKKPKAHACLCTLACLLLIILNETYKTFTFLPQ,36,3.44,0.7456,0.4733,0.3843,0.0957,0.5,0.5494,7484
GEN_4928,TRYHKKPHYHACLSTLACLLPTIVNRCVKAKTFAAH,36,5.71,0.722,0.5558,0.3194,0.1569,0.6,0.5494,7485
GEN_6206,THCAKKILAKHCLHYLACYLLAYFNACLCTSTSLIP,36,2.6,0.7097,0.4326,0.3519,0.1464,0.4,0.5494,7486
GEN_6006,CLCAKKIAAKHCLHYLACVLVTYFIRCLKTYTSAAP,36,4.88,0.7117,0.5981,0.3843,0.4499,0.4,0.5494,7487
GEN_6850,QDSAKKIRAKHCLHYLACVLLTYFNACLYAHAFAIF,36,2.99,0.7022,0.4694,0.4167,0.1562,0.6,0.5493,7488
GEN_1026,THCAKRALAKHCLHYLACVLLTRLNACLHAKAFAIP,36,4.7,0.7568,0.519,0.4491,0.21,0.5,0.5493,7489
GEN_5210,WRCWKKPKAHACLSTLACLQAYILNGKGKTFTKLPKSFGIGTGSR,45,8.81,0.7192,0.5874,0.4639,0.4269,0.5,0.5493,7490
GEN_0608,FHNAKKPLAKHCLHYLACVLLAYFNACLHAKAFAIP,36,4.07,0.7608,0.5601,0.5139,0.2672,0.6,0.5493,7491
GEN_5483,THCAKKAAAKVCLHYLACVLLTFFINCLHAKAFAVP,36,3.62,0.7165,0.5351,0.5139,0.3955,0.5,0.5492,7492
GEN_3724,THCAKRILAKHCLHSLACVLLGAFNACLHAKAFAIP,36,3.7,0.7343,0.5375,0.4815,0.3252,0.5,0.5492,7493
GEN_5932,NYCAKKPLAKYCCHYIMSVLVAYFNACLKAKVYAIF,36,4.8,0.7124,0.5128,0.4167,0.2698,0.5,0.5491,7494
GEN_7664,THCAKKIANKHCLHYLVCHLLTYFIACLKTFTSLAP,36,3.7,0.6893,0.4735,0.3519,0.1934,0.5,0.5491,7495
GEN_3329,THCAAKPKAHAALSFMACILLILFNACLKTFTSLIP,36,2.54,0.7375,0.5777,0.5463,0.3822,0.6,0.5491,7496
GEN_3213,TRYRKKPHNHACLSTLACLLLIILNWCVKAFSRLPR,36,6.54,0.7383,0.6478,0.4157,0.3662,0.6,0.549,7497
GEN_7502,FHCAKKPLEKHCLHYIACVLYAYFNACLKAKHFAIF,36,4.06,0.6919,0.5161,0.4167,0.3226,0.5,0.549,7498
GEN_4697,THCAKKILAKHCLHYLACVPLTYFRACLHAKAFAIF,36,4.7,0.7244,0.4743,0.4491,0.2089,0.5,0.549,7499
GEN_2391,THYRKKAHNHACLSTLACLLLIILNGCVKAFTRLPR,36,5.63,0.7448,0.6397,0.3519,0.2738,0.6,0.549,7500
GEN_0151,THCAKKAAAKNCLHYLACVLLTYFNSCLQRFTLLAP,36,3.53,0.7677,0.5577,0.3843,0.1825,0.5,0.549,7501
GEN_8363,FHMAKKPAAKHCLHYLACVSPTNFNACVKSKAFAIP,36,4.99,0.6692,0.488,0.4491,0.2945,0.6,0.549,7502
GEN_2374,ARCAKRPQAHLCLCELACLLLFILNENYKTFTKLPK,36,3.84,0.7449,0.5528,0.3843,0.2276,0.5,0.549,7503
GEN_6391,GWCWKKPKAHACLSTWACVLAAKLNRKGKTFTKLPKTFAGGTGSR,45,9.81,0.7078,0.6184,0.5222,0.5607,0.5,0.5489,7504
GEN_4809,IRCWYKPKAAACLSTLACLQAIILSGPGKDFTKLPKSFGIGDANR,45,4.73,0.7232,0.6158,0.3778,0.376,0.5,0.5489,7505
GEN_8670,DSKCTCWKLSSSAPAPWKCRKRLFTRQVIAVDWC,34,4.72,0.6517,0.4953,0.2837,0.181,0.6,0.5489,7506
GEN_7637,THCAKHIAAKHCLHYLACVFLTYFNACLKYFTSAAD,36,1.71,0.6898,0.4784,0.3725,0.2196,0.5,0.5489,7507
GEN_2282,THCAARAKAHACLSFMACLLLILANGCIKTFTKLPK,36,4.53,0.7456,0.5952,0.4491,0.3608,0.5,0.5489,7508
GEN_0401,THCAKKAAAKHCMHYLACVLLTYFIACTKNFTSLAP,36,3.61,0.7633,0.4468,0.3843,0.007,0.5,0.5489,7509
GEN_3717,NRCWKKPQAHACLSTLACLLLIILNGCVKAFTKLPK,36,5.8,0.7343,0.5805,0.4167,0.3302,0.5,0.5489,7510
GEN_0003,THCAKKAAAKNCLHYLACVLLTYFGSCLQRFTLLAP,36,3.53,0.7758,0.5697,0.3843,0.1825,0.5,0.5488,7511
GEN_2089,TRAIAKPKANACLCTLACLLLFILNETYKTFTQLPK,36,3.37,0.7471,0.5621,0.4167,0.2022,0.6,0.5488,7512
GEN_8166,DRCDKKPKAHVCLSSLACLLLIILNPCVKAMQRLPK,36,4.8,0.6761,0.6226,0.4167,0.5345,0.5,0.5487,7513
GEN_4277,LRCAKKPKPHACLSNLACVVLTYFNACHKAKVFAAH,36,5.98,0.7289,0.5133,0.4167,0.2291,0.5,0.5487,7514
GEN_6635,SHCAKKICAKHYWHYFACSLLTYFIACLKTFTSLAP,36,3.68,0.7049,0.4434,0.3519,0.1043,0.5,0.5487,7515
GEN_5659,FHCLKKPLAKHCLHYLACVLLTYFNACLKTFTKLAE,36,3.98,0.7148,0.5663,0.3843,0.3181,0.5,0.5487,7516
GEN_5065,FHCAKKPLAKLCLHVLACVLVTYFNACLRAKVFAIF,36,4.89,0.7206,0.5945,0.5463,0.5135,0.5,0.5487,7517
GEN_1348,THCAKRILAKHSLHYHACVLLTYFNACLHAKAFAAP,36,3.8,0.7536,0.5046,0.4167,0.0903,0.6,0.5487,7518
GEN_6900,THCAKRILAKHCLHYLACVLLTYFNSCLKAKVFQIF,36,4.61,0.7015,0.4959,0.3843,0.2315,0.5,0.5486,7519
GEN_8571,THCAKMAAAKDCLHYLDCVVLTYFNSCLNRKGFAIF,36,1.53,0.6585,0.5239,0.3847,0.3786,0.5,0.5486,7520
GEN_3515,TKCAKKIAAKHCRHYLACVLLNYFNACLKTFTFAAP,36,5.53,0.736,0.5374,0.3843,0.2196,0.5,0.5486,7521
GEN_2791,THCAKRILQKTCLHYLACVLLAYFNAELHAKTPLIP,36,2.63,0.7416,0.5835,0.4167,0.2494,0.6,0.5486,7522
GEN_7982,THCAAKPKIHAALSYMACIVWILPNGCIKTFTKLPK,36,4.54,0.682,0.5952,0.4491,0.4405,0.6,0.5486,7523
GEN_5811,WRCWYRPKAIACLATLACLQAIILNGKGKTFTKLPKSFGIGTGNR,45,7.72,0.7134,0.6045,0.4524,0.4529,0.5,0.5486,7524
GEN_6902,THCAKKVATKWCLHHLACVLLTYFGSCLQRFTLLAP,36,3.62,0.7015,0.5697,0.3843,0.3545,0.5,0.5486,7525
GEN_2012,THCAKKAAAKHCLHYLACVLLTYFNSCLKRKVFAAP,36,5.61,0.7477,0.561,0.3843,0.2315,0.5,0.5485,7526
GEN_7861,THCAAHAKAHACLSYMACVLLILNSGCEKTFTKLAK,36,2.62,0.6851,0.5435,0.3519,0.3159,0.5,0.5485,7527
GEN_4594,FRCWYRPKAAACLSTLACNLLIILNPQGKPFTKLAV,36,4.73,0.7256,0.5592,0.4815,0.3106,0.6,0.5485,7528
GEN_3990,TKCAKKAIAKNCLHYLACVLLTYFGSCLQAFTLLAP,36,3.44,0.7321,0.4904,0.4167,0.1825,0.5,0.5485,7529
GEN_7214,THCAHRILAKSCTHYLAGVLLAGFNACLHAKTPLIP,36,2.71,0.6968,0.5231,0.4167,0.2527,0.6,0.5485,7530
GEN_3498,THCAKTALAKHCLRYLACVLLTYFNHCLETFTKMPV,36,2.62,0.7361,0.5467,0.3519,0.2022,0.5,0.5485,7531
GEN_6755,NRYHKKPHYHACLCTIACLLLIILNETYKTFTFLPK,36,3.99,0.7032,0.4387,0.3194,0.0,0.6,0.5485,7532
GEN_1841,THCASKIAAKACLHYLACVLVTYFIACLKEWLSVAD,36,0.54,0.7492,0.4967,0.5516,0.2879,0.5,0.5485,7533
GEN_7285,THCAGKILAFHCLPYLACILATYWNACLKAKTSDVP,36,1.53,0.6959,0.4626,0.4496,0.2537,0.5,0.5485,7534
GEN_4282,YRCWYKPKAHACLSRVACLLLIIINLCQKTFNKLAV,36,5.8,0.7288,0.5779,0.4167,0.3355,0.5,0.5484,7535
GEN_5893,SRIWKKPKAKACLSTLACITLMILWAKLKAKVFAAR,36,8.43,0.7127,0.5651,0.6558,0.4573,0.7,0.5484,7536
GEN_2959,NRCALKNKAHACLCTLACLLLNIHNETYKTFTFLPK,36,3.89,0.7405,0.4513,0.3194,0.0,0.5,0.5484,7537
GEN_7301,THCVKRILVKHCAHYLACVLLAYFNACLHTKTALIP,36,3.7,0.6957,0.5176,0.4167,0.3118,0.5,0.5484,7538
GEN_3735,SRCAHKPKIHRCLSTLACLLLIIVNACFKAKVFAAR,36,6.59,0.7342,0.6104,0.4835,0.4439,0.5,0.5484,7539
GEN_1683,THCAAKPKAHACLSYMACILLILNNGCIKTFTKLPK,36,4.53,0.7504,0.5675,0.3843,0.2344,0.5,0.5483,7540
GEN_0601,THCAKKAAAKNCLHYLACDLLTYFGSCLQKFTLLAP,36,2.53,0.7609,0.5147,0.3519,0.0894,0.5,0.5483,7541
GEN_8400,ARCAKRPQAHLCRCTLTCLLLFILNETYKTFTKLPK,36,5.84,0.6677,0.5504,0.3194,0.3338,0.5,0.5483,7542
GEN_6612,IRCWYKPKAAACLSTLACLQAIILSGPGKDFTKLPKSFGIGTGSR,45,5.73,0.7052,0.6047,0.3519,0.3696,0.5,0.5483,7543
GEN_8433,NHCYKKPLAKHCLHYSACSLLTYFNACDKTFSKLRP,36,4.98,0.6662,0.4767,0.3,0.1956,0.5,0.5483,7544
GEN_6456,IRLWYKPKAHACESTLACLLLIIQQPCRKTFTKCAV,36,4.81,0.7071,0.5236,0.3843,0.2626,0.5,0.5483,7545
GEN_1079,GHCAKKIANKHCLHYLACILLTYFNACARTFTRTIP,36,4.98,0.7562,0.5948,0.3194,0.2014,0.5,0.5483,7546
GEN_0763,THCAKKILAKHCLHYLACVLLTFFNACLKEPTSLVP,36,2.62,0.7594,0.4974,0.4167,0.1287,0.5,0.5482,7547
GEN_6235,NHCAKKIAPKHCLVYLAAVLLLYFNACLRTFTKLIP,36,4.9,0.7094,0.6581,0.4815,0.5107,0.6,0.5482,7548
GEN_3107,THCAKKILAKHCLHYLACVLLTCWRACLHAKLMAAD,36,3.7,0.7392,0.4778,0.4167,0.2097,0.4,0.5482,7549
GEN_1486,THCAKKILAKHCLHYLACVLLTFFNACLYEPTSLVP,36,1.62,0.7523,0.4694,0.4434,0.1254,0.5,0.5482,7550
GEN_4534,WRCWYKPKAHAPLSTLACLRLIILNSCMKAKVFAAK,36,6.81,0.7261,0.4875,0.5288,0.2349,0.6,0.5482,7551
GEN_6137,WRSWYKPKAHACLSTLACLQAIILNGKGKTFTKPPKPFGISTGNR,45,7.82,0.7102,0.5555,0.4321,0.3889,0.45,0.5482,7552
GEN_6742,HRVAKKPYAHACLTTLVCLWLIILNETLIAKIFAAV,36,2.91,0.7035,0.5867,0.5463,0.4031,0.7,0.5481,7553
GEN_8131,TRYHRKPPYHACLSTPACLHLTILNGCVKAKSWAAP,36,4.63,0.6772,0.4922,0.3519,0.2793,0.45,0.5481,7554
GEN_0722,THCAKKAAAKHRLHYAACVLLTYFINCLQRFTLLAP,36,4.63,0.7598,0.6295,0.4167,0.2803,0.6,0.5481,7555
GEN_1765,THCAKKAWAKHCLHYLACVLLTYFNSCLKRSVFAIG,36,4.61,0.7498,0.5471,0.3519,0.1685,0.5,0.5481,7556
GEN_6252,FHCAKKPLAKHCLHYLACVCLTYFNACLHAKAFAAD,36,3.06,0.7092,0.4923,0.4167,0.302,0.4,0.548,7557
GEN_3463,THCAAKPKAHACLSYMACILLIILNETYKTFTFLPK,36,2.54,0.7364,0.4771,0.4167,0.0804,0.6,0.548,7558
GEN_4481,TRSAKKPNKMACFSTLACLLLIIANNQGKTFSKLAV,36,5.37,0.7268,0.5853,0.3843,0.1841,0.7,0.548,7559
GEN_5929,NHCAAKPHAHACLHYLACVLLTYFNACLHAKAFAIP,36,2.15,0.7124,0.4521,0.4815,0.2263,0.5,0.548,7560
GEN_2333,TACAKNPLAKRCLHYYACVLLTYFNMCLKTYTKLAP,36,4.44,0.7452,0.5042,0.3519,0.1065,0.5,0.548,7561
GEN_3881,TRYHKKPHYHACLSTPACLLLTIANGPVKAKWFCAP,36,4.62,0.733,0.4639,0.3843,0.033,0.6,0.5479,7562
GEN_3479,TRCAKKPKAHACLSTLACLLLWILNGTVKAFTRLPR,36,6.45,0.7362,0.6516,0.443,0.3971,0.6,0.5479,7563
GEN_0873,TSCVFKILARHCLHYLACILLTYMRAGLHAKAFAAD,36,2.63,0.7582,0.5626,0.4491,0.2036,0.6,0.5479,7564
GEN_6492,THCAKKPHYHACLSTPACLLLTILNGCVKAFTYLAV,36,2.62,0.7067,0.5027,0.3843,0.225,0.5,0.5478,7565
GEN_1278,LHCAKKIAAKHSLHYLACVLLTYFIRCLKTFPSFAP,36,4.99,0.7541,0.6439,0.4491,0.3481,0.6,0.5478,7566
GEN_0315,SHCAKKIAAKHCLHYLACVLLTYFGSCLQRFTLLAP,36,3.68,0.7646,0.5697,0.3843,0.202,0.5,0.5478,7567
GEN_6475,TKCAKKPKAHACLSTLACASLIILNTCVKAFPRAAV,36,5.44,0.7069,0.6413,0.4491,0.5202,0.5,0.5478,7568
GEN_8606,FHCAKQPLEKHCLHYLWCVLVTYFNACVKAKVFAIF,36,2.98,0.6565,0.497,0.4491,0.3966,0.5,0.5477,7569
GEN_6196,FRCWYRPKAAACLTTLACLLLTILNGCVKAKVFAPR,36,5.72,0.7098,0.5298,0.4815,0.3595,0.5,0.5477,7570
GEN_1800,VHCAKKIAAYHCLHYLACVVLTYFIACLKQFSKLIP,36,3.95,0.7495,0.5767,0.4491,0.3129,0.5,0.5477,7571
GEN_1432,THWAKRIAARHCIHYLACVLLTYMNSCLKLNLCALF,36,3.62,0.7528,0.5121,0.4167,0.1651,0.5,0.5477,7572
GEN_4099,TRCAHKPNKHACFSTLACLWAIILNEGLKAIVFAAV,36,2.54,0.7308,0.5992,0.4815,0.3597,0.6,0.5477,7573
GEN_6779,NRCWCKPKVKAKLSTLACLLLIILNGCIKAFTRLPR,36,7.72,0.7029,0.6713,0.5167,0.646,0.5,0.5476,7574
GEN_5587,THCAKKPLAHACLSYLACVLLFYFNACVHAKVFAAP,36,2.62,0.7155,0.4899,0.5139,0.3113,0.5,0.5476,7575
GEN_2255,THYAKKPKAHACLCTLACLLLIILNETYKTFTFLPK,36,3.54,0.7458,0.4632,0.3843,0.0,0.6,0.5476,7576
GEN_3703,TRYHKKPHYHACLSTPACLLLWILNKCKKAYVFAAH,36,5.71,0.7344,0.4668,0.3519,0.0,0.6,0.5476,7577
GEN_6451,THCAKRVLAKHCLHYLACPLLTYFNACLKTSTSLIP,36,3.62,0.7071,0.4762,0.3519,0.1464,0.5,0.5476,7578
GEN_4978,TVCLKKIAAKHCLHYLACVLLTYFIACLKTFTSLAP,36,3.53,0.7214,0.4851,0.4491,0.225,0.5,0.5476,7579
GEN_2830,TRCAKKPKAHACLSTLACLLLIILNGCVKAFTRLPR,36,6.44,0.7413,0.6675,0.4424,0.476,0.5,0.5476,7580
GEN_4613,TRCAKKPKAHACLTTLACLAMVILNACLKAKVFATR,36,6.44,0.7254,0.501,0.4748,0.2679,0.5,0.5476,7581
GEN_6521,FLCWYKPKAAACLFTLACLQLIILNVKGKNFTKFPK,36,5.72,0.7063,0.5046,0.4815,0.2577,0.6,0.5475,7582
GEN_6166,SRLHFWPKVHACLSTLACVLMIILNACLKAKVFAAR,36,4.6,0.71,0.4986,0.5463,0.3039,0.6,0.5475,7583
GEN_7525,PRCAKKPAKEACFPSLACVLLLICNGQGKTFTKLAV,36,4.92,0.6915,0.6398,0.4167,0.5195,0.5,0.5475,7584
GEN_6741,FRCWYRPKAAFCLTTLACLQHILNNGHAKMFTCNKNFFPLGKPDY,45,4.89,0.7035,0.4933,0.3519,0.2494,0.4,0.5475,7585
GEN_3857,SRCPKKPEAHACLSTLACLLLIILNPCLKAKVFAAR,36,4.51,0.7332,0.5051,0.4815,0.2625,0.5,0.5475,7586
GEN_6570,THCAKVIAAKHCLHYLACVLLTYFIWCHKTFTLLAP,36,2.7,0.7058,0.4833,0.4491,0.257,0.5,0.5474,7587
GEN_6822,THCAKKPLARHCKHYLACVLLCYFNACNKTFTKLIP,36,5.6,0.7024,0.5543,0.3194,0.3207,0.4,0.5474,7588
GEN_7294,THCGLKPLAKHCLHYLACVWLTYFNACLHAKQFLIP,36,2.7,0.6958,0.5025,0.4167,0.2801,0.5,0.5474,7589
GEN_4126,TRYHKKPHYFACLSTPACLLLTILNGCVKAKVFAAP,36,4.54,0.7305,0.502,0.4167,0.1315,0.6,0.5474,7590
GEN_8335,THCEADPHAHACLSYLACVLLTYLNMSVKAKVFAVP,36,-0.37,0.6704,0.4674,0.615,0.4116,0.6,0.5473,7591
GEN_8589,FHCAMKPLAKHALHYLACVLVTYFNACLHTFTQAAD,36,1.08,0.6575,0.5482,0.5135,0.4747,0.6,0.5473,7592
GEN_4381,LVCAKKIAAKHCLHYLACVLLTYFIACLKTFTSLAP,36,3.89,0.728,0.499,0.4815,0.2624,0.5,0.5472,7593
GEN_7536,THCAKKPKKHACLSNLACVCLTYFNACHKAKVRFLH,36,6.69,0.6913,0.4389,0.3403,0.1734,0.4,0.5472,7594
GEN_7412,EHCAKKAAACNCLHYLYCVLLTYFNSCLNRKLFACF,36,2.95,0.6937,0.51,0.3194,0.2657,0.4,0.5472,7595
GEN_3013,TRYRKKPHNHACLSTLACLLLIILNGCLKAFSRLPR,36,6.54,0.74,0.6428,0.3833,0.3088,0.6,0.5471,7596
GEN_6303,GWCWKKPKAHACLSTWACLLAAILNGKGKTFTKLPKTFPIGTGSR,45,7.81,0.7087,0.6026,0.4575,0.4553,0.5,0.5471,7597
GEN_3790,TRDAAKPDAHACLCTLACLLLIILNETYKTFTFLPK,36,0.46,0.7337,0.4771,0.5247,0.1888,0.6,0.5471,7598
GEN_3963,THCLKGAAAKNCLHYLACVLLTYFGSCLQKFTLLAP,36,2.53,0.7323,0.5286,0.3843,0.2041,0.5,0.5471,7599
GEN_5632,WRCWGKPVVHACLSTLACLQFKVLALMDIFAALKKNYS,38,3.81,0.715,0.5842,0.4781,0.431,0.5,0.5471,7600
GEN_7863,LHCAKEILAKHCLHYHACVLLTRFNLCLKSKAFYIP,36,4.07,0.6851,0.4694,0.3843,0.2154,0.5,0.5471,7601
GEN_5435,FRCWYKPKAAACLSTLACLQAIILNGKGKDFTHIPKSFASWDAWR,45,4.81,0.717,0.5878,0.4037,0.3572,0.5,0.547,7602
GEN_7650,THCAKKAAAHHCGHYLACVLLTYFINCLKTFTNIEP,36,1.71,0.6895,0.5167,0.3401,0.2389,0.5,0.547,7603
GEN_3437,THCAKAILALHAVHDLACVLLTYFFACLKTFDKLPK,36,1.63,0.7365,0.6196,0.5076,0.4016,0.6,0.547,7604
GEN_7371,FRCWWCPKAAACLTTLALLQHIINMGKAKTFTKVKNF,37,5.81,0.6946,0.5474,0.4324,0.3374,0.55,0.547,7605
GEN_5472,THCAKKIAARICIHYLACVLLTSFNACCKTFTSALP,36,3.52,0.7166,0.5395,0.3843,0.3239,0.4,0.5469,7606
GEN_1075,LHCAKKIAAKHSLHYLACVLINYFGSCLQRFTLLAP,36,3.99,0.7562,0.6226,0.4167,0.2689,0.6,0.5468,7607
GEN_7960,TRYRKTPHNHACLSFLACLCLTLFNGCVRAKVFACH,36,4.61,0.6825,0.467,0.3194,0.2175,0.4,0.5468,7608
GEN_8683,WRCWYKPTAHACLSTVACLQAIILNGKGKTFTKLPKSFGIMTGNR,45,6.81,0.6512,0.5934,0.3733,0.4884,0.5,0.5468,7609
GEN_8262,FRCGYKPKAAACLTTLACSQHIINSGKACTFTKNKNF,37,5.8,0.6735,0.3893,0.3,0.0562,0.45,0.5468,7610
GEN_4687,TRAAAKPPAHAALSYMACILLVLNHGCLKTGNKLPK,36,4.55,0.7245,0.5716,0.4491,0.3235,0.55,0.5468,7611
GEN_6281,THCAKRILAKHCLHYLACVLLTYFIACLKTYTSLIP,36,3.61,0.7089,0.4959,0.3843,0.2021,0.5,0.5468,7612
GEN_1054,THCAKRILAKHCLHYLACAANTYFNACLHAKAFAIP,36,3.7,0.7565,0.5097,0.4167,0.1464,0.5,0.5468,7613
GEN_8064,IRCWYKPKAAACLSTLACLQAIILSGPGKDFTMLPKSFGIGDANR,45,3.73,0.6793,0.5331,0.4037,0.3524,0.5,0.5468,7614
GEN_1915,FHCAKKPLAKHCLHYLACVLLTFLNACLKEPTSLVP,36,2.98,0.7484,0.5066,0.4491,0.1923,0.5,0.5468,7615
GEN_7941,THCAKKLVAKHCDHYLACVLLEYFNACLKTFTSAAP,36,1.62,0.683,0.4999,0.3786,0.2624,0.5,0.5467,7616
GEN_6957,THCAKHIAAKHCLHYLACVLLTYFNSCLKATTSLAP,36,2.7,0.7007,0.4804,0.3519,0.1626,0.5,0.5467,7617
GEN_6274,CHCAKKIALVRCLHYRACVLLTYFIACLKNFTKLIP,36,5.88,0.709,0.5616,0.4167,0.4093,0.4,0.5467,7618
GEN_1721,TRCAKKIAAKHCLHYLACVLLNYFNACLKTFTFAAP,36,4.53,0.7501,0.545,0.4167,0.2196,0.5,0.5467,7619
GEN_4022,THCAKKPKAHACLSYLACLILTPVNDCVKAKEFPAV,36,2.53,0.7315,0.5455,0.4167,0.2639,0.5,0.5467,7620
GEN_7178,LHCAHKIAAKHSLHYLACVLLTYFIACLFTCTQLIP,36,2.07,0.6974,0.4878,0.4491,0.2798,0.5,0.5467,7621
GEN_0070,THCAKKALAKNCLHYLACVLLTYFGSCLQRFTLLAP,36,3.53,0.7698,0.5697,0.3843,0.1825,0.5,0.5467,7622
GEN_6316,FFCAKKAAAKHCLHYLACVLLTYFNSCLNRKVFAIF,36,4.89,0.7087,0.5656,0.4491,0.382,0.5,0.5466,7623
GEN_7118,TRCAKKPKAHACLSTLACLLLIILHGCVHAFTRLPR,36,5.62,0.6984,0.6114,0.4167,0.4499,0.5,0.5466,7624
GEN_5981,TVCAKKFLAHACLTYLACLLLTPVNGCLKAAVFAAV,36,2.44,0.7119,0.5327,0.5463,0.417,0.5,0.5466,7625
GEN_3092,VRYHKKPLKHACHSYLACVLLTYLNGCHKALVFAVP,36,5.05,0.7394,0.5986,0.3843,0.233,0.6,0.5465,7626
GEN_4793,TRAAKKPKAHACLTTLACLAMVILNACLKAKVFATR,36,6.45,0.7234,0.5226,0.5078,0.2679,0.6,0.5465,7627
GEN_0941,THCAKKLVAKFCLHYLACVLLTYFNACLRAKAFAIP,36,4.53,0.7576,0.5571,0.4815,0.2858,0.5,0.5465,7628
GEN_5721,TSCAKKIAAKHCLHYLACVLVTYFIACLKTFTSLAP,36,3.53,0.7142,0.4712,0.4167,0.1787,0.5,0.5465,7629
GEN_2823,TRYAKKPKAYACLSYLACLWLTPVNPCVKAKGFPAK,36,6.36,0.7414,0.4918,0.4376,0.1036,0.6,0.5464,7630
GEN_7186,TRCARKPKAHACESTLACLLLIELNGCLKAHVFPAR,36,3.54,0.6972,0.512,0.3843,0.2532,0.5,0.5464,7631
GEN_5815,THCAKKPKVTACDSYAACLLLQCLNGCVKAKVFAAP,36,3.43,0.7134,0.5063,0.3843,0.2727,0.4,0.5464,7632
GEN_1984,GHCAKKPLAKHCLHYLACDLVTYFNACLRAKVFAIF,36,3.98,0.7479,0.5544,0.4167,0.2384,0.5,0.5464,7633
GEN_0671,TDCAKKANAKLCLHYLACVLLTYFGSCLQRFTLLAP,36,2.44,0.7603,0.5697,0.3843,0.202,0.5,0.5463,7634
GEN_3989,FRSAKKPAAKHCLEYIACVLVYYFNACLKAKVFALF,36,4.81,0.7321,0.5798,0.4815,0.3148,0.6,0.5463,7635
GEN_1146,THCAKRILAKHCLHWLACVLLAYFNACLKAKVFVIF,36,4.62,0.7554,0.5514,0.5139,0.3118,0.5,0.5462,7636
GEN_0404,TSCAKKILAKHCLHYLACVLLTYMRACLHAKAFAAD,36,3.62,0.7632,0.4731,0.4167,0.0657,0.5,0.5462,7637
GEN_6553,TRCAAKPKAHACLCTLACLLLIILNGCVKAKVFAAP,36,4.43,0.7059,0.4754,0.5139,0.3661,0.4,0.5461,7638
GEN_7915,FHCAKKPLAKHCLHYIESVLVTYFNACLKAKVFAIF,36,3.99,0.6838,0.5442,0.4491,0.3348,0.6,0.5461,7639
GEN_0173,TVCAKRIAAKHCLHYLACVLLTYFAACLKTFTSLAP,36,3.53,0.7672,0.492,0.4491,0.1198,0.5,0.5461,7640
GEN_4779,THCAKKLVAFHCLHYLACFLLNYFNACLHAKAFAVP,36,2.7,0.7236,0.4894,0.4815,0.2496,0.5,0.5461,7641
GEN_6494,THCAKKAAAKHCLHYLACVLLPYFNSCLNRKVFAIF,36,4.61,0.7067,0.5445,0.4167,0.3152,0.5,0.546,7642
GEN_6111,THCAQKLVAKHCLHYLACPLLTYFNSCLKAKAFLAP,36,3.61,0.7105,0.5117,0.4167,0.2516,0.5,0.546,7643
GEN_7280,TRYHFKAHYPACLSTPACLLLTILNGSVKAHAFALW,36,2.64,0.696,0.4935,0.4491,0.154,0.7,0.546,7644
GEN_5400,FHCAKKPLAKWCLHYLACVVVPYFNACLKTATKAAD,36,3.89,0.7174,0.5502,0.4491,0.3315,0.5,0.5459,7645
GEN_7302,THCAKAPLEKHCLHYLACVLVTYWNACLKAKVFYIF,36,2.62,0.6957,0.4694,0.4167,0.2147,0.5,0.5458,7646
GEN_5654,LHTAKKIAAKRSLHYLACVLLTYFIACLKFYTTNFP,36,4.91,0.7149,0.5394,0.4167,0.1532,0.7,0.5458,7647
GEN_2080,FHCAKKPLAWHCLHYAACVLLTYFRACLHAKAFAGD,36,3.07,0.7472,0.4983,0.4491,0.1749,0.5,0.5458,7648
GEN_5689,WRCWKKPKAHACLSTLACLDAIILNGFGKTFKKAPKIYGIGTPSR,45,7.81,0.7144,0.6174,0.4575,0.4586,0.5,0.5458,7649
GEN_3858,TRCAAKPEAHACLCNLACLLLIILNETYKPFLWLGK,36,1.45,0.7332,0.4898,0.4878,0.2317,0.5,0.5458,7650
GEN_7943,TRPIKIPHYHACLRKLACIFLICLNGCVRAKVFTAH,36,5.62,0.6828,0.5309,0.4167,0.3462,0.5,0.5457,7651
GEN_1327,THCAKKIAAKHCLHYLACVAVTYFYACLKTFISLAP,36,3.61,0.7537,0.4805,0.4167,0.0965,0.5,0.5456,7652
GEN_5480,ARCAKRNQAQLCLCTLACLVLYILNETYKTFTKLPK,36,4.75,0.7165,0.5504,0.3194,0.202,0.5,0.5456,7653
GEN_6879,THCAKKPLLKHCLHYLACVLLRYFNACLHTFVKLIP,36,4.7,0.7019,0.5667,0.4167,0.361,0.5,0.5456,7654
GEN_0883,LHCAKRIAAKHCLHYLACVLKSYFIACLKTFTSLAP,36,4.98,0.7582,0.5191,0.4167,0.1492,0.5,0.5455,7655
GEN_5591,THCAKKIAAKHCLHYLACPLLTYFIACLKTFTSLAP,36,3.61,0.7155,0.4712,0.4167,0.1694,0.5,0.5455,7656
GEN_5548,YHCAKKLLAKHHLHYIACLLLTCFNACLYAKAFAIP,36,4.06,0.7159,0.4715,0.4491,0.2014,0.5,0.5455,7657
GEN_5968,THWVKRIAARHCIHYLACVLLTYMNSCLKNFTSLIP,36,3.63,0.7121,0.5358,0.3843,0.1851,0.6,0.5454,7658
GEN_7103,KWLCVPSALRGSKRCVLVVALNCGGKIGDCRKKAPKCL,38,7.71,0.6985,0.5713,0.4241,0.516,0.3,0.5454,7659
GEN_5506,WHCAKKPLAKHCLHYLACVLVTWFNACLKARVFAIF,36,4.98,0.7163,0.5339,0.5139,0.3683,0.5,0.5454,7660
GEN_4601,TRCPKKPKAHACLRTLACLLLIILNGCLKAKVFAAV,36,6.44,0.7255,0.5332,0.5072,0.3389,0.5,0.5454,7661
GEN_8269,THCAKSPLAKHCDSYLACVLLTYFNACLSTFTKQAR,36,2.53,0.6731,0.4537,0.3,0.1214,0.5,0.5454,7662
GEN_4547,FRCWYKPKAAACLSTLACLQAIILSGPGKDFTKLPK,36,4.73,0.726,0.5578,0.4167,0.2217,0.6,0.5454,7663
GEN_3722,TRCAAKKDAHACLCTLACLLLIILNETYKPFTFLPK,36,2.44,0.7343,0.4798,0.4167,0.1386,0.5,0.5453,7664
GEN_4910,WRCWYKPKAAACLSTLACLQAIILNGKGKTFTKIPKSFGSWDAWR,45,6.72,0.7222,0.6262,0.42,0.4476,0.45,0.5453,7665
GEN_3497,LRCAKKPQAIACLCTLACLLLIYNNGCLKAKVFAAH,36,4.79,0.7361,0.5152,0.4491,0.2926,0.4,0.5453,7666
GEN_0215,TVHAKRAAAKHCLHYLACVLLTYFNSCLKRTVFALF,36,4.63,0.7663,0.5749,0.4167,0.1557,0.6,0.5453,7667
GEN_7457,TRPIKKPHYHACLKRTARIFLIILNGCVKAYVYAAV,36,6.55,0.6927,0.5999,0.4485,0.3341,0.7,0.5453,7668
GEN_0611,TRCLKKIAAKHCLHYLACVLLTYFIACLKTFTSLAP,36,4.53,0.7608,0.5693,0.4167,0.225,0.5,0.5452,7669
GEN_6077,KRCAHKPNSHACFSTLLCLLLIILNACLKAKVFAAR,36,5.89,0.7109,0.52,0.4491,0.2919,0.5,0.5452,7670
GEN_0280,THCAKKAAAKNCLHYLACVLLTYFGSCLQRFELLAP,36,2.53,0.7652,0.5697,0.3843,0.1825,0.5,0.5451,7671
GEN_7653,THCTKKIAAKHCLHYLWCVLIEWFIAALKTFTSLQP,36,2.63,0.6894,0.5101,0.4167,0.2255,0.6,0.5451,7672
GEN_0011,THCAKKAAAKHCLHYLACVLLTYFINCLQRFTLLAP,36,3.62,0.7731,0.6295,0.4167,0.2957,0.5,0.5451,7673
GEN_4651,TRCAKKPNKHACFSTEACLLLIILNRMTKTFTKLAV,36,5.45,0.7249,0.6513,0.3519,0.3133,0.6,0.5451,7674
GEN_0846,THCAKKILAKHCLHYLACVLLTYFFACLKTFDKLPK,36,4.61,0.7585,0.5779,0.3843,0.2117,0.5,0.5451,7675
GEN_7183,THMAHKPDAHACLSYLACGLLIILNETLKTFNKLPK,36,1.64,0.6973,0.606,0.4095,0.2928,0.7,0.5451,7676
GEN_6607,FRCWYKPKAAACLSTLACLQAKVSALADAFEAAKKANS,38,3.73,0.7053,0.5536,0.4474,0.358,0.5,0.545,7677
GEN_6230,TRCAAKPKAHACLCTAACLLLIILNNCLHAKAFAAD,36,2.52,0.7094,0.4567,0.4815,0.2878,0.4,0.545,7678
GEN_7434,THCEKKILCKHCLHYLACILLTYFNACLKAKVFLII,36,3.61,0.6932,0.4648,0.3843,0.2417,0.4,0.545,7679
GEN_0606,THCAKKPLAKHCLHYLACVLLTYFNACLRTFTKLIP,36,4.61,0.7608,0.6164,0.3843,0.2691,0.5,0.5449,7680
GEN_5235,THCAKKPLAKHCLHYLACRLLTYFCACLHAKAFAIP,36,4.69,0.719,0.5309,0.4167,0.3232,0.4,0.5449,7681
GEN_0317,THCAKNVAAKNCLHYLACVLLTYFGSCLQRFTLLAP,36,2.53,0.7646,0.5697,0.3843,0.1825,0.5,0.5449,7682
GEN_4082,NRCAKKPKAHACLCNLACLLLIILNEMYRTFWFLPK,36,4.81,0.7309,0.5515,0.4491,0.2951,0.5,0.5449,7683
GEN_6073,FHCAKFPLAKICWHYIATVLVDYFNACLKAKVFALF,36,2.9,0.711,0.5775,0.5463,0.4158,0.6,0.5449,7684
GEN_3483,NHCAKSPLAKHSLRYLACVLLTFFNACLKMFTKLLK,36,5.9,0.7362,0.6041,0.4167,0.2718,0.6,0.5449,7685
GEN_5960,CRCWKKPKAPACLSTLACIQAYILNGKGKTFTHLPKSFGIGTGKR,45,8.8,0.7121,0.5414,0.4633,0.4033,0.4,0.5449,7686
GEN_2043,TRYHKKPHYHACLSTPACLLLTILNGCVKAKRFALP,36,5.62,0.7475,0.496,0.3519,0.0,0.6,0.5449,7687
GEN_7446,TPYHKKPHYHAPLSLPACLLLTIANGCVKAKLFAAP,36,3.63,0.693,0.5113,0.4815,0.2151,0.7,0.5448,7688
GEN_5718,THCAKKPLAKWCLHYLPCTLLTYFNACLKTFTKAAR,36,5.53,0.7142,0.5887,0.3519,0.2985,0.5,0.5448,7689
GEN_3880,THCAWLAKAHACLSMSACLTLIILNETLKAKVFYAV,36,1.54,0.733,0.421,0.5136,0.0703,0.6,0.5448,7690
GEN_5953,WRCWIKPKAHKCLSTLACLDLIILDGCVKAFTRIPR,36,4.81,0.7121,0.6788,0.4167,0.5183,0.5,0.5448,7691
GEN_2264,THCAKKILAKECLHYLACQLLTYFNACLKTFTSAAP,36,2.53,0.7457,0.4794,0.3519,0.043,0.5,0.5448,7692
GEN_2907,TVHAKRAAAKHCFHYLACVLLTYWNSCLKRTVMRLF,36,5.62,0.7408,0.6126,0.3843,0.2419,0.6,0.5448,7693
GEN_6127,FDCWYRPKAAACLTTLACLQHVIHNVKGKTVTKNINSFGLGDANY,45,2.9,0.7103,0.5471,0.3,0.1862,0.5,0.5448,7694
GEN_6756,KHCAKKAALRHCLFCLACVLLNYFINCLHAKAFNAP,36,4.97,0.7032,0.5127,0.4491,0.3608,0.4,0.5447,7695
GEN_0657,FHCAKKALARHCLHYLACLLLTYFNACLKDFTKLIP,36,3.98,0.7604,0.5849,0.4167,0.2484,0.5,0.5447,7696
GEN_6088,KRCAKKPIAHACDSMLACVLATYFNAAPHAKVFAAK,36,4.9,0.7107,0.5897,0.4815,0.3708,0.6,0.5447,7697
GEN_6820,FRCWYRNKAAACLTTLACLQHIINNGKASTCTKNKNFFPLVYPDY,45,4.8,0.7024,0.4446,0.3,0.1001,0.4,0.5447,7698
GEN_6223,FRCWYKPKAAACLSTLACLQAKVSALADAFEALKKANS,38,3.73,0.7095,0.5782,0.4474,0.386,0.5,0.5446,7699
GEN_3431,THCAKKIAAKRCLHYLACVLLKYFNACLKAKHLALF,36,6.61,0.7366,0.5546,0.4524,0.2884,0.5,0.5446,7700
GEN_2275,TACAKRIAAKHCLLYLACVLQTYFINCIKTFTKLIP,36,4.44,0.7456,0.621,0.4167,0.3424,0.5,0.5446,7701
GEN_8471,FRCWYKSKAASCLTEAACRQKIILNGRGKTFTKLPKSFIIGDANR,45,7.73,0.6642,0.5712,0.4008,0.4337,0.5,0.5446,7702
GEN_6309,THCFKKPKAHACLSFLACLLLIINNPCVKAFTRLPR,36,5.53,0.7087,0.6918,0.4491,0.5791,0.5,0.5446,7703
GEN_7777,FTCAKKMAAKHHLHYLACVLLTYFNSCIKATVFLAP,36,3.99,0.6869,0.53,0.4491,0.2929,0.6,0.5445,7704
GEN_2719,WRCFWLAKAHACLSMSACLTLIILNETLKAKVFYAV,36,2.82,0.7421,0.4349,0.5139,0.0703,0.6,0.5445,7705
GEN_6664,TRPIKKPHYKAGLRRLACIFLIILNGCVKAKVFAAH,36,7.55,0.7045,0.5909,0.5393,0.3768,0.7,0.5445,7706
GEN_8523,TYVFWLAKAHACQSMSACLTLILANHTLKAKVFYCK,36,3.54,0.6616,0.4096,0.4167,0.1192,0.6,0.5445,7707
GEN_7483,THCAKKILNKHCLHYLACVLLTYFNACLKTFTSLIP,36,3.61,0.6923,0.4944,0.3519,0.1902,0.5,0.5445,7708
GEN_6245,FHCAKKPLAKHCLHYIACVLVTYFVACLKWSVFALF,36,3.98,0.7092,0.5459,0.5139,0.3983,0.5,0.5444,7709
GEN_3928,WRLWYKPKAHACLSTLACLVLVHLNACNKNFWKCAV,36,4.89,0.7327,0.5168,0.4491,0.2304,0.5,0.5444,7710
GEN_6394,TYCAKKILAKICLHYLACVLCTYFNNCLCTFTSLIP,36,2.42,0.7078,0.4872,0.3519,0.2086,0.4,0.5444,7711
GEN_6360,FRCWYKPKAAACLSTLACLLLIILNGCLKAKVFAAV,36,4.72,0.7082,0.5027,0.5463,0.3609,0.5,0.5444,7712
GEN_5463,KSCPKKCAAKHCLHYLACVLLTYFNSCLKAKVFAIF,36,5.88,0.7167,0.4943,0.3843,0.2315,0.4,0.5443,7713
GEN_1898,THCAKKPKAHACLCTLACLLLIILNETLKTFTKLPK,36,4.53,0.7486,0.5988,0.3843,0.2644,0.5,0.5443,7714
GEN_6216,LHCAKCIAAKHSLHYYACVLLTYFIACLKTFTSLAP,36,2.98,0.7096,0.4712,0.4167,0.1748,0.5,0.5443,7715
GEN_4787,THCAKKPLAKRCLSYLACVPSTYFNACLKAKVFAVP,36,5.44,0.7235,0.5281,0.4167,0.2371,0.5,0.5443,7716
GEN_7192,THCAKKPLACHCLHYLACVLLQFLNGCVKAKCFAHM,36,3.68,0.6971,0.5225,0.3843,0.3239,0.4,0.5443,7717
GEN_0851,THCAKRILAKHCLHYLACLLLTYFNACLHQKAFAAD,36,2.71,0.7584,0.4959,0.3843,0.0695,0.5,0.5443,7718
GEN_4397,ARAAKRPQAHLCLCTLACLGLFIRNATYRTKAFAAK,36,6.85,0.7278,0.5683,0.4662,0.2774,0.6,0.5443,7719
GEN_3721,VRCAKKPHAKACLSTLACASLAILNWCVKAFPRAAV,36,5.78,0.7343,0.6412,0.5139,0.4973,0.5,0.5442,7720
GEN_5559,SRAVKKPKAHACLSTVACLLLIILNACIRGKVFAAR,36,6.51,0.7158,0.5429,0.5114,0.3074,0.6,0.5442,7721
GEN_4635,LHCAKKAAAKDCLTYLACVLLTYFGSCLQRFTLLAP,36,2.8,0.7251,0.5836,0.4167,0.3251,0.5,0.5442,7722
GEN_7527,SHCAKLIAAKHRIHYAASVLLTYFGSCLQRFTLLAP,36,3.7,0.6915,0.5836,0.4167,0.2702,0.7,0.5442,7723
GEN_5864,FHCAKKPLAWHCLHYLACVLVTYFNACLKAKVFAIF,36,3.98,0.713,0.5204,0.5139,0.3456,0.5,0.5442,7724
GEN_1056,THCAKKIAAKHCLHYLACVLLTYFRACLKRCTTLIP,36,5.6,0.7565,0.5252,0.3519,0.1558,0.4,0.5441,7725
GEN_5058,THCAKKIVARTCLHYLACTLLTYFIACLKTFTSLAP,36,3.53,0.7207,0.4934,0.3843,0.1525,0.5,0.5441,7726
GEN_1040,THCAKKAAAKNCLHYLACVLLTYFGSCLQKFFLLAP,36,3.53,0.7566,0.5425,0.4167,0.1825,0.5,0.5441,7727
GEN_7082,THYRKKAHNHLCLSTLACLLLIILVGCVKAFTRLPR,36,5.63,0.6989,0.6536,0.3843,0.4036,0.6,0.5441,7728
GEN_0823,LHCAKRILAKHCLHYIACVLLTYFNACKKAKVFAAF,36,5.98,0.7587,0.5545,0.4491,0.2295,0.5,0.544,7729
GEN_2093,THCLKKAAAKNCLHYAACVLLTWFGSCLQKFTLLLA,36,3.53,0.7471,0.5292,0.4167,0.1819,0.5,0.544,7730
GEN_6888,NHCAKVAHYHACLSTPACLLLTILNGSVKAKVFALP,36,2.99,0.7018,0.4935,0.4491,0.1942,0.6,0.544,7731
GEN_3149,TRCAKKPKAHACLSTLACLLLMILNACLKAKVFAAR,36,6.44,0.7389,0.5149,0.5072,0.2679,0.5,0.544,7732
GEN_0535,TVCPKKAAAKHCLHYLACVLLTYFINCTKRFTSLAP,36,4.53,0.7617,0.5696,0.3843,0.1825,0.5,0.5439,7733
GEN_7851,KRCWKKPKAHACLSSLACQQGIILGGKGKTFTKLPK,36,8.81,0.6853,0.4578,0.4639,0.1871,0.6,0.5439,7734
GEN_2688,TRCAHKPNKHACFSTLACLWIIILNETLKAIVFAAV,36,2.54,0.7424,0.5992,0.4815,0.3075,0.6,0.5439,7735
GEN_4508,KRCWAKPKQHACLSYLACLLLIKLFGCLKAKVSAAR,36,7.8,0.7265,0.5034,0.5217,0.2915,0.5,0.5439,7736
GEN_4511,FRCWYKPKAAACLSTLACLQAIILNGKGKTFTKIPKNFGSWTPSR,45,7.72,0.7264,0.6244,0.4524,0.4241,0.5,0.5439,7737
GEN_6118,TRCAAKPKAVACLCTLACLLLIFLNETYKTFIFLPK,36,3.36,0.7104,0.4762,0.4815,0.2428,0.5,0.5438,7738
GEN_2379,THCAKRPLAKHLLHYLACVLLTYFNACLHAKAFAAD,36,2.72,0.7449,0.576,0.4491,0.2295,0.6,0.5438,7739
GEN_5040,LHCAKKAAAKNCLHWLACVLLTYFNSCLLRFNLLAP,36,3.89,0.7208,0.5547,0.4815,0.3485,0.5,0.5437,7740
GEN_7406,NRSAKKPKAHACPSTLAPLTLLILSESLKAAVFAAV,36,3.84,0.6939,0.5225,0.5139,0.2572,0.7,0.5437,7741
GEN_6149,THCAKRILAKHCLHYLACVLLTYFNACLGTFTSLAD,36,1.62,0.7101,0.482,0.3784,0.1492,0.5,0.5437,7742
GEN_6022,THCAKKILAKKCLHYLACHCLTYFNACVHAFAFAAD,36,2.7,0.7115,0.4666,0.3843,0.1921,0.4,0.5436,7743
GEN_2068,TRCAAKPDAHACLCTLACLLLIILNETYKPFTFLPK,36,1.45,0.7473,0.4937,0.4879,0.1909,0.5,0.5436,7744
GEN_2727,THCAKKIAAKHCLHYLACVLLTWFRACLKRCETLAP,36,4.61,0.742,0.5405,0.3843,0.2443,0.4,0.5436,7745
GEN_8452,THCVKKPKAHACLSDEACLLLIINNPCVKAFTRLPR,36,3.53,0.6652,0.664,0.3843,0.5631,0.5,0.5436,7746
GEN_5390,WWCWKKPKAHACLSTWACLLAAILNGKGKTFTKLPKTFPIGTGSR,45,7.81,0.7175,0.6137,0.4834,0.4896,0.45,0.5436,7747
GEN_4288,LHCAKKIAAKHSLHYLKCVLLTYFIACLRRFTSLLP,36,5.99,0.7288,0.5912,0.4167,0.259,0.6,0.5436,7748
GEN_5986,THCAKKHVAKHCHHYLACVLLTRFNACLRAKAFAIP,36,5.79,0.7119,0.5178,0.3843,0.21,0.5,0.5436,7749
GEN_6229,TVCAKKCAAKHCLHYLACVGLTPFQACLHAKFFAIP,36,3.61,0.7095,0.481,0.4491,0.2858,0.4,0.5436,7750
GEN_2866,THCAKKPLAKRCLHYLACVLLTWFNACAKTFTKLAR,36,6.53,0.7411,0.6131,0.415,0.3319,0.5,0.5436,7751
GEN_7751,FRCWYKPKAAACLSTLACLQAIILNGKGKTFTKIPKSFGSWDGSR,45,6.72,0.6876,0.604,0.3682,0.3941,0.5,0.5435,7752
GEN_8667,THSAKKPPAHACLSYLASLLITPVNGAVKARVFPAV,36,3.56,0.6522,0.534,0.5139,0.472,0.55,0.5435,7753
GEN_1300,TKCAKKLVAKHCLHYLACVLLTYFNACLRTFTSSPK,36,5.53,0.754,0.4985,0.3194,0.0135,0.5,0.5434,7754
GEN_8338,DYSDLPCLAFEALYSWFPAKCKFFLGTCRSNFKDLACRIP,40,0.72,0.6701,0.5483,0.477,0.5158,0.4,0.5433,7755
GEN_7012,NRCWKKPKDHAILSTLACLLLIILSGCVKAFTRLIR,36,5.81,0.6999,0.7,0.4167,0.5054,0.6,0.5433,7756
GEN_4344,TVCAKKIAAKHCDHYPACVLVTYFIACLETFHSLAA,36,0.62,0.7283,0.4703,0.5133,0.2196,0.5,0.5433,7757
GEN_7498,KAVILALITVMRNMAKLARRQLIRYCVDGLDDAKCIFGCVKIL,43,4.73,0.6919,0.7174,0.4574,0.6608,0.5,0.5433,7758
GEN_5175,FHCAKCPLAKHCLHYLACVLVTYFNACLKAKVFAIF,36,3.97,0.7196,0.5065,0.4815,0.3348,0.4,0.5432,7759
GEN_1868,THCAKKILAKRCLHYLACVLLTYFNACLIAKAFKAN,36,5.53,0.7489,0.5546,0.4167,0.2148,0.5,0.5432,7760
GEN_1638,SVCAKKIAAKRCIHYLACVLLTYFNACLHAKAFAAD,36,3.59,0.7507,0.5784,0.4491,0.283,0.5,0.5432,7761
GEN_2354,NHCAKKIAAKHCLHYLACLKLTYFNACLRTFTKLIP,36,5.98,0.7451,0.6025,0.3519,0.2383,0.5,0.5431,7762
GEN_5253,RRCWYKPKAAACLSTLLCLQAGILNGRGKTFTKIAKSFGSWDAWR,45,7.73,0.7187,0.6194,0.4266,0.4025,0.5,0.5431,7763
GEN_6046,FHCAKKPLAKHCLHYLACVLLTYFIWCHKTFTLLAP,36,4.06,0.7113,0.5061,0.4491,0.2537,0.5,0.5431,7764
GEN_5752,KRCWKKPKAHACLSTLACLQAIILNGKGKTFTKLPK,36,8.81,0.7139,0.4856,0.4833,0.1801,0.6,0.543,7765
GEN_7575,NRCAKSSKAAACLSTLACLWIIILNETLKAIVFAAS,36,2.73,0.6906,0.5153,0.4815,0.2826,0.6,0.543,7766
GEN_7514,THCAKKPLAPHCLHYIACVLLTYFQACLHAKAFAIP,36,2.7,0.6917,0.4768,0.4815,0.2825,0.5,0.543,7767
GEN_0984,IHCAKKAAAKHCLHYLACALLTWFNSCLNRKLFNIF,36,4.98,0.7572,0.5658,0.4167,0.2126,0.5,0.543,7768
GEN_8324,THCAQKLVAKHCLHYLACVLLTYFIACLKFYTTNIP,36,2.61,0.6708,0.4555,0.3843,0.1981,0.5,0.543,7769
GEN_7155,THCARRILAKHCLHYLACVLLTYFINCLKNFTSLIP,36,3.62,0.6978,0.5559,0.3843,0.3017,0.5,0.5429,7770
GEN_5002,HRCWYKAKAALRLCFLACLQLIIGNVSKKVQRKLAV,36,7.81,0.7212,0.6559,0.5223,0.4852,0.6,0.5429,7771
GEN_5798,NRCWYKPKAAACLSTLACLQAIILNGKGKTFTKIPKSFGIGTPSR,45,7.72,0.7136,0.604,0.4265,0.3878,0.5,0.5429,7772
GEN_7300,TRFHKKPFYHVCLSNLAALLLTPVNACLAAKVTAAG,36,3.55,0.6957,0.5767,0.4815,0.3053,0.7,0.5429,7773
GEN_3282,FHCAIKPLARHCAHYIACVLVTYFNACLKAKVFAIH,36,4.06,0.7378,0.639,0.4815,0.4439,0.5,0.5429,7774
GEN_5838,TGCAKKPLARHCLHYPACVLLTYKNACLKTFTKLIP,36,5.53,0.7132,0.5473,0.3519,0.2184,0.5,0.5428,7775
GEN_6334,WRCWKKPKAHACLSTLACLQAIILNGKGKTFTKLPKSFGIGTGSR,45,8.81,0.7085,0.5985,0.4639,0.4269,0.5,0.5428,7776
GEN_5160,THCAAKPLAKHCLHYLACVLLTYFNACLKTFTKLAR,36,4.61,0.7198,0.6192,0.3843,0.3555,0.5,0.5428,7777
GEN_4943,ARCARRPQAHLCLSYIACILLTYLNWCVKAKIFAVQ,36,4.84,0.7217,0.6046,0.4491,0.3907,0.5,0.5427,7778
GEN_1241,THCAKKILAKECLHYLACVLLTYFNACLHAKAFAIP,36,2.62,0.7545,0.4958,0.4491,0.1332,0.5,0.5427,7779
GEN_8153,THCAMKILAKHCLHYLACVLLTYFRACLHAHAFAAD,36,1.79,0.6767,0.4994,0.4634,0.3348,0.5,0.5427,7780
GEN_5945,THCAKKILAKHCLHYLACVLCTYFNACLKTPTSLAP,36,3.6,0.7122,0.4507,0.3519,0.1252,0.4,0.5426,7781
GEN_7416,TRYHKKPHYHACASTPACLLLTILNGCVLAKVFAAP,36,3.63,0.6936,0.4778,0.4167,0.1456,0.6,0.5426,7782
GEN_3019,THCAKKIVAKHCLHYLACVLLTYFNACLRTFTKCIP,36,4.6,0.74,0.5778,0.3519,0.2724,0.4,0.5426,7783
GEN_1175,THEAKRILAKHCLHYLACVLLTYFNACLHAKAFAIP,36,2.71,0.7551,0.5432,0.4491,0.1431,0.6,0.5426,7784
GEN_6734,THCAKKAAACHCLHYLACVLLTYWISCVKNFTSLIP,36,2.61,0.7037,0.5169,0.3843,0.2881,0.4,0.5426,7785
GEN_6545,WRCWKKPKAHACLWTLACLQAIIGSWIGKAKVKAAV,36,6.81,0.706,0.5238,0.5288,0.3388,0.55,0.5426,7786
GEN_7062,WRCWYKPKAHACLSTLACAPAIILNGKGKTFTKLPKNFAIGPGNR,45,7.81,0.6992,0.6257,0.4834,0.5121,0.5,0.5426,7787
GEN_2614,TVCPKKAALKHYLHYLACVLLHYGINCNKRFYSLAP,36,4.62,0.7431,0.499,0.3519,0.0,0.6,0.5426,7788
GEN_1919,YHCAKKPLAKHCLHYLACILLTYFNACARTFTRTIP,36,4.98,0.7484,0.6087,0.3519,0.2375,0.5,0.5426,7789
GEN_5019,THCAKKIAAKHCLHYLACVLLTYFIACLRTFTSLIP,36,3.62,0.7211,0.5352,0.4167,0.243,0.5,0.5425,7790
GEN_4094,TRYAKKMKAYACLSYLACLYLTPVNPCVKAKGFPAK,36,6.36,0.7308,0.5035,0.4052,0.0893,0.6,0.5425,7791
GEN_1633,LHEAKKAAAKECLHYLACVLLTYFGFCLQRFTLLAP,36,1.91,0.7508,0.5274,0.4557,0.1331,0.6,0.5425,7792
GEN_1960,THCAKKPTAKHCLHYLACVLRTFFNACRHAKLFAAD,36,4.71,0.7481,0.6392,0.3519,0.2886,0.5,0.5425,7793
GEN_4263,SRLVKKPHAHACSETLACLLMIIANACLKAKVFAAY,36,3.6,0.7291,0.5686,0.4815,0.2779,0.6,0.5425,7794
GEN_8584,KLVIVALITVMRNMAKLARRQLIRYCVDGLKDMKWIFGCVKIL,43,6.74,0.6577,0.7291,0.5275,0.7908,0.55,0.5424,7795
GEN_5059,CHCAKKISAKRCLHYLACALLTYFNSCLYRKVFAIF,36,5.88,0.7207,0.519,0.3519,0.2177,0.4,0.5424,7796
GEN_7549,TEYHKKPHYHICLPTLACLLLGILNGCVKAKAFAAH,36,2.71,0.6911,0.4627,0.3843,0.092,0.6,0.5424,7797
GEN_4815,THCAKRILAKHCLHYLACVLLTYFNACLKTFTSLAK,36,4.61,0.7232,0.5038,0.3519,0.1198,0.5,0.5424,7798
GEN_7341,TRHAARPKAHACLSYTAHILLVLNNGMIRRDRSLPK,36,5.65,0.6951,0.5051,0.3519,0.0543,0.7,0.5424,7799
GEN_5848,FHCAKKAWATACLHYLACVLLTGFINCLKNFVSLAP,36,2.89,0.7131,0.5921,0.4815,0.4197,0.5,0.5423,7800
GEN_6654,THCAKKAPAKNCLHYLACVLLTYFNSCLKNFVSLAP,36,3.53,0.7046,0.5327,0.3843,0.2436,0.5,0.5423,7801
GEN_7971,PECAKKPLAKHCLHYLDCVLLTYYNACLHAKVFAIP,36,2.18,0.6823,0.5015,0.4167,0.2757,0.5,0.5423,7802
GEN_4498,THCAKRILAKHCLHYLASVLLTYYNACLHAKAFVSP,36,3.71,0.7266,0.4959,0.3843,0.0641,0.6,0.5423,7803
GEN_2109,NRCALKPKAHACLCTLACLLLNIHNETYKTFTFLPK,36,3.89,0.7469,0.4652,0.3519,0.0,0.5,0.5423,7804
GEN_5667,TVCAKKIAAKHCCHYLACVLLTYFIACLKTFTSLAP,36,3.52,0.7147,0.4712,0.4167,0.2161,0.4,0.5423,7805
GEN_5003,TEYKKKPHNHACLSTLACILLIILNQYVKAFTRLPR,36,4.55,0.7212,0.6722,0.3519,0.2715,0.7,0.5423,7806
GEN_5693,FHCAKKPLAKHCLHYIACVLVTRFNACLYAKVFAIF,36,4.98,0.7144,0.532,0.4815,0.3161,0.5,0.5422,7807
GEN_0246,TVCAKKIAAKHCLHYLACVLLTYFIACLKTFTRLAP,36,4.53,0.7658,0.5912,0.4491,0.2624,0.5,0.5422,7808
GEN_3877,THCAAKPKAHACLSYMACILAILNNGCIKTFTKLPK,36,4.53,0.7331,0.5675,0.3843,0.2344,0.5,0.5422,7809
GEN_8114,TRCAAKPDAHACLCTLLCLLLIILNETYKPFTFLPK,36,1.45,0.6778,0.4937,0.4879,0.3435,0.5,0.5422,7810
GEN_4001,TSCAKKPKAHACISYLACLLLIINNPCVKAFNRLPR,36,5.44,0.7319,0.6947,0.4167,0.4806,0.5,0.5421,7811
GEN_5975,TRCPKHPKAHACLSSLACLLLIILNGCLFAKVFAAV,36,3.53,0.712,0.4962,0.5139,0.2932,0.5,0.5421,7812
GEN_8186,THCAKKPLAFHCRHYLACVLLTYFNACLDTFTKLFR,36,3.62,0.6757,0.5933,0.3519,0.3782,0.5,0.5421,7813
GEN_4877,THCAKKPLAKHCLHYLACVLLTYFCACLKTFTKLAR,36,5.6,0.7225,0.6053,0.3519,0.3555,0.4,0.5421,7814
GEN_6135,FRCWYKPKAAACLSTLACLQAKVSALADAFEALKKA,36,3.73,0.7102,0.5928,0.4815,0.3588,0.6,0.542,7815
GEN_1864,FHCAKKPLAWHCLHYAACVLLTWFRACLHAKAFAGD,36,3.07,0.7489,0.528,0.4815,0.2271,0.5,0.542,7816
GEN_7134,TRHAARPKAHACLSYTACVLCTYFNACLHAKAFAAH,36,3.7,0.6981,0.4719,0.3843,0.1547,0.5,0.5419,7817
GEN_0149,THCAKRILAKHCLHYLACVLLTYFNACLHAKAFAIP,36,3.7,0.7677,0.5236,0.4491,0.1431,0.5,0.5419,7818
GEN_2468,AHCKQKLVAKHCLHYLACVLLHYFNSCLKAKVFLAP,36,5.1,0.7442,0.5261,0.4167,0.169,0.5,0.5418,7819
GEN_5678,THCAKKAAAKHCLHYLACVLCTYFNACLHAKAFAIP,36,3.69,0.7146,0.4694,0.4167,0.21,0.4,0.5418,7820
GEN_8694,TRAHKKPHWHACLSTPACLLMTIRNGCVKAKCFAAP,36,5.62,0.6502,0.47,0.3843,0.2626,0.5,0.5418,7821
GEN_7098,LHCAKRILACHCLHYNASVLLTYFNPCLHAKAFAAD,36,2.07,0.6986,0.4884,0.4167,0.212,0.5,0.5417,7822
GEN_0678,WHCAKKIAAKHCLHYLACVLLAYFNACLKTFTSLAP,36,3.98,0.7602,0.5361,0.4491,0.1802,0.5,0.5417,7823
GEN_1245,THCAKKILAKRCLHYLACVLLTYFNACLHAKAFAAD,36,3.62,0.7545,0.5546,0.4167,0.1921,0.5,0.5417,7824
GEN_3661,SHCAKKIAAIHWLHYLACVLMTLFGACLQKFTLLAP,36,2.69,0.7347,0.5094,0.5139,0.1933,0.6,0.5417,7825
GEN_5817,TVCAKKIAAKHCLHYLACILLTYFIWCVCTFTLLAI,36,2.52,0.7134,0.5064,0.4815,0.3392,0.4,0.5417,7826
GEN_8142,FHCLKRILAKHCVHYLADVLLTYFNACLHVKAFAAD,36,2.08,0.677,0.5819,0.4491,0.3841,0.6,0.5417,7827
GEN_8531,NHCRQKLVAKHCLHYLACVLLTYFNSCLKAKVFLMS,36,4.98,0.6609,0.4804,0.3519,0.2216,0.5,0.5417,7828
GEN_2605,FHCAKKRLAKHCLMYQACVLVTFYNACLKAKVFAIF,36,5.89,0.7431,0.5263,0.4491,0.2027,0.5,0.5416,7829
GEN_3692,THCAKKAAAKHCLHYLACVLLTYFINCLQRFTLLAV,36,3.62,0.7345,0.6295,0.4167,0.3626,0.5,0.5416,7830
GEN_4869,FRCWYRPKGAACLTTLACLQLIILNGCNKAKVFAAV,36,4.72,0.7226,0.5121,0.4491,0.2275,0.5,0.5416,7831
GEN_4755,TRPERKKHYHACLSTPACLLLYILNGFIKAKVFAAA,36,4.55,0.7238,0.5335,0.4167,0.0943,0.7,0.5416,7832
GEN_2371,THCAKKMAAKHCLHYLACVLVNYFAKCLKPFTSLIF,36,4.61,0.7449,0.6061,0.4167,0.2985,0.5,0.5415,7833
GEN_2937,THCAKKPNAHACLSYLACLLLIIWNPCVKAFTRLPR,36,4.53,0.7406,0.6918,0.4491,0.4841,0.5,0.5415,7834
GEN_1124,THCARKAAAKHCLHYLACVALQYFINCLRNFTSLAP,36,3.62,0.7557,0.6199,0.3843,0.2643,0.5,0.5415,7835
GEN_3538,FRCWYKPKAHACLSTLACLLPIILNGCNKTFTKLAV,36,4.8,0.7358,0.5561,0.4167,0.2359,0.5,0.5414,7836
GEN_6259,TRCAKKPKAHACMCTLACLLLIILNETYKDFTKLPK,36,4.44,0.7091,0.5712,0.3519,0.2576,0.5,0.5413,7837
GEN_6034,THCAKKAAAKKCLHYLACVLLTYFNSCLKRKVFAIF,36,6.52,0.7114,0.561,0.4149,0.2983,0.5,0.5413,7838
GEN_6436,FHCAKKPLAKHCLHYLACVLLLYFNACLITFTKAIP,36,3.98,0.7073,0.52,0.4815,0.3065,0.5,0.5413,7839
GEN_8646,LIPAVSYCLWSLW,13,-0.25,0.6537,0.5033,0.4986,0.0865,1.0,0.5412,7840
GEN_8091,THYRKKAHNHACLSTLACLLLIILNGCVSAFTRLPR,36,4.63,0.6785,0.5724,0.3519,0.2638,0.6,0.5412,7841
GEN_3629,THCAKRILAKHRLHYHACVLLTYFNACLHAKAFAAP,36,4.8,0.735,0.5085,0.4167,0.0903,0.6,0.5412,7842
GEN_5792,QDSTKKILAKHCLHYLACVLLTYFNACLHAKAFAVP,36,2.99,0.7137,0.4694,0.4167,0.0752,0.6,0.5412,7843
GEN_1113,GHCAKKIAAKHCLHYLACLLLTYFNACLRTFTKTIP,36,4.98,0.7558,0.5727,0.3519,0.1499,0.5,0.5411,7844
GEN_6239,NHCAKRSLAKHCLHYLACVLLTYFNACLKTFTNLAD,36,2.98,0.7093,0.5064,0.3194,0.1157,0.5,0.5411,7845
GEN_0049,IHCAKKAAAKHCLHYLACVLLTYFGSCLQKFTLLAP,36,3.98,0.7707,0.5425,0.4167,0.1297,0.5,0.5411,7846
GEN_1315,FHCAKKPLAKMALHYLACVLLTYFNACLKTFTKLIP,36,4.9,0.7538,0.608,0.4815,0.2763,0.6,0.5411,7847
GEN_7031,WRCRKKPKAHACLSTLACLQAIILNGKLKTFTHLPKSFGIGWGPK,45,8.9,0.6996,0.5846,0.5209,0.47,0.5,0.5411,7848
GEN_0628,THCAKKILAKACLHYLACVLLTYFRACLHAKAFAAD,36,3.62,0.7607,0.523,0.4491,0.1527,0.5,0.541,7849
GEN_2776,THCAKKPLAKRCLHYLACVLLTWFNACAKTFTKIAR,36,6.53,0.7417,0.6245,0.415,0.3319,0.5,0.541,7850
GEN_2106,HHCAKNCLAKRCLHYLACVMLTWFNACLKEFTKLIP,36,3.97,0.7469,0.5697,0.3843,0.2643,0.4,0.541,7851
GEN_5648,TRCAKKPNKHACFSTLACLLLQILNAIGKQFTKIAV,36,5.45,0.7149,0.6102,0.3843,0.2734,0.6,0.541,7852
GEN_2640,TRYHKKPHYHACLSTPACLLLTILNKCKKAYVFAAP,36,5.62,0.7428,0.5047,0.3519,0.0,0.6,0.541,7853
GEN_8011,THCAKRILAKHCLHYLAPKDLTYFNACLHADAFAAD,36,0.72,0.6809,0.4959,0.4739,0.2516,0.6,0.541,7854
GEN_5304,FRCWYKPKAAACLPTLACLQAIILNGKGKTFTKLPKSFGIGEANR,45,6.73,0.7182,0.6156,0.4201,0.3771,0.5,0.541,7855
GEN_6191,THCNKKPLAKHCLHYLACALLTFFNACLKIFTKLHP,36,4.7,0.7099,0.5715,0.3843,0.2866,0.5,0.5409,7856
GEN_7291,KYTKFGCCKLARRTLRGCLQAYILNGKGKTFTKFPK,36,9.72,0.6958,0.6313,0.5171,0.4851,0.6,0.5409,7857
GEN_1267,THCAKKLLAWHNLHYLACVLLDWFRACLCAKAFAGD,36,1.62,0.7543,0.5543,0.4756,0.2451,0.5,0.5409,7858
GEN_7845,TVCAKKIAAKHCLHPLACILLTEFINCLKMFTSLIP,36,2.53,0.6854,0.5675,0.4815,0.4342,0.5,0.5409,7859
GEN_6305,FLCNYKPRAAACLSTLACLQAIILNWKGKTFTKIPKSFYSWDGWR,45,5.72,0.7087,0.6262,0.3778,0.3729,0.5,0.5408,7860
GEN_4390,IHCAKKAAAKHCLHYLACVLLTYFNSCLNRHVFAVF,36,4.06,0.7279,0.5517,0.4167,0.2428,0.5,0.5408,7861
GEN_3804,THCAKRVYAKHSRHYLACVNLTYFNACLHAKAFAIP,36,4.71,0.7336,0.5449,0.3519,0.0871,0.6,0.5408,7862
GEN_7256,FRCWYKPKAAVCLSTLACLQLIILNGCFKAFTKLPH,36,4.8,0.6963,0.596,0.4491,0.423,0.5,0.5408,7863
GEN_4785,SRCAHKPKVHACSSTLACLLWIIVNACFRAKVFAAR,36,5.59,0.7235,0.5004,0.4491,0.1998,0.5,0.5407,7864
GEN_1657,LHCAKKYAAKHSLHYLACVLLRYFNACLKTFTSAAP,36,4.98,0.7506,0.6035,0.3843,0.1769,0.6,0.5407,7865
GEN_6805,NHCAAKPHAHACLHYLACVLLTYKNACIKTFTKLPK,36,5.06,0.7026,0.549,0.3519,0.2324,0.5,0.5407,7866
GEN_4988,TTYHKKPHYHACLSTPACLLLTILNGCVKVFTRKAV,36,4.62,0.7213,0.5733,0.3194,0.1294,0.6,0.5406,7867
GEN_0137,THCAKKIAAKHCLHYLACVLLTYFIACLKRCTTLIP,36,4.6,0.768,0.536,0.3843,0.1558,0.4,0.5405,7868
GEN_0002,LHCAKKAAAKNCLHYLACVLLTYFGSCLQRFTLLAP,36,3.89,0.7759,0.5836,0.4167,0.1825,0.5,0.5405,7869
GEN_5446,KSCPKKCAAKHCLHYIACVLVTYFNACLKAKVFAIF,36,5.88,0.7169,0.4847,0.4167,0.2216,0.4,0.5405,7870
GEN_6110,THQAKKPEAKHCLHYLAIVLLQYFNACLKTFNILIP,36,2.64,0.7105,0.5382,0.4167,0.1251,0.7,0.5404,7871
GEN_4669,FRCWYKPKAAACLSTLACLQAIILNGKGKTFTKIPKIFGIGTPSR,45,7.72,0.7247,0.6129,0.4783,0.4113,0.5,0.5404,7872
GEN_4311,NRYHKRPKYVACLSNLACLLLTPVNTCVKAKVWPAV,36,5.81,0.7286,0.5218,0.4167,0.122,0.6,0.5404,7873
GEN_1096,THCAKKIAAKRCLHYLACVLVTYFIACLKTFTSLAP,36,4.53,0.756,0.5546,0.4167,0.1787,0.5,0.5403,7874
GEN_2864,NRCALKPKAHACWCTLACLLLNIHNETYKTFTFLPK,36,3.89,0.7411,0.4652,0.3519,0.0,0.5,0.5403,7875
GEN_2332,THCAKKPLAKRCLHYLACVLLTYFNACLKTFDKLPK,36,5.53,0.7452,0.568,0.3519,0.162,0.5,0.5403,7876
GEN_1642,LHCAKKIAAKHSMHYLACALLTYFGSCLQRKVFAIF,36,4.99,0.7507,0.5639,0.4167,0.1401,0.6,0.5403,7877
GEN_6611,NPWGSRCAGPISLARILSTTFRVAGPLIALNRRSGKILF,39,5.75,0.7052,0.6688,0.4316,0.4352,0.6,0.5402,7878
GEN_2375,TRYAKRPKAYACLSYLACLYLTPVNPCVKAKGFPAT,36,5.36,0.7449,0.505,0.3843,0.0225,0.6,0.5402,7879
GEN_5307,TRKAKKPKAHACASTLACLLLIILQGTAKAFTRLPR,36,7.46,0.7182,0.6462,0.5019,0.3708,0.7,0.5402,7880
GEN_6326,THCAKRILAKHCRHYLACVLLTYFNACLKTSTSLAD,36,3.62,0.7086,0.567,0.3,0.1921,0.5,0.5401,7881
GEN_7613,VHCAKKIAAPHSLHYFACVLLTYFIACLKFYLTNIP,36,2.96,0.6901,0.4581,0.4815,0.1686,0.6,0.5401,7882
GEN_0457,THCAKRILAKHCLHYLACVLLAYFNACLHAKTPLIP,36,3.7,0.7626,0.5236,0.4491,0.1431,0.5,0.5401,7883
GEN_5305,FRCWYKPKAAACLSTLACLQAIILNGIGKTFNRIPKNFGSWTPNR,45,6.73,0.7182,0.6833,0.4201,0.4839,0.5,0.5401,7884
GEN_4847,TRCAAKPDAHACLCTLAKWLLIILQATYKPFTFLPQ,36,2.45,0.7228,0.5156,0.4815,0.1875,0.6,0.54,7885
GEN_7492,TRCWKKPNKHACFSSLACLLLIILNGQGATFTKLAV,36,4.45,0.6921,0.6,0.3843,0.3027,0.6,0.54,7886
GEN_6731,TRCAKFPKAHACLCTLACLLLIPVNGCVKAKVFAAV,36,4.43,0.7037,0.4868,0.5139,0.35,0.4,0.54,7887
GEN_3472,TRYHKKPHYHACLSTPACLLLWILNKCKKAYVFAAP,36,5.62,0.7363,0.4807,0.3843,0.0,0.6,0.5399,7888
GEN_7622,FRCWYHPAAATCIVTLACLQAIILNAKGKTFTKLPISKGIGNLSR,45,5.81,0.69,0.6403,0.4037,0.46,0.5,0.5399,7889
GEN_7775,FHCSRKPLAKHSLHYAACVLLTFYNLCLKNFNRLRP,36,5.99,0.6869,0.5518,0.3519,0.2016,0.6,0.5399,7890
GEN_6915,SHCAKKAAAKNCLHYRACVLLTYFGSCLQRFTLLAP,36,4.59,0.7014,0.5558,0.3519,0.2412,0.5,0.5399,7891
GEN_3519,SRCANKLVAKACLVYLACVLLTYFNWCWKAKKFAIP,36,5.41,0.736,0.6238,0.4815,0.403,0.5,0.5399,7892
GEN_6887,LRTAKKPNKHAAFSVLACLLLVILNGCVKAFTRLPR,36,6.82,0.7018,0.6953,0.5295,0.5169,0.7,0.5399,7893
GEN_6272,FRCWYKFKAAACLSTLACLQLIILNGCVKAFTRNGH,36,4.8,0.709,0.5992,0.3843,0.3272,0.5,0.5398,7894
GEN_4668,SHCAKFIAAKHCLHYLACVLLEYFGSELQKFTLLAP,36,0.69,0.7247,0.562,0.5082,0.2857,0.6,0.5398,7895
GEN_5424,TRCWRKPNKHAKFSTLACLLRIILNGQGKRFTKIPK,36,9.46,0.7172,0.6607,0.5018,0.395,0.7,0.5398,7896
GEN_5125,WRCWKKPKAHACLSTWACLLAAILNGRGKTFTKLPKTFPIGTGSR,45,8.81,0.72,0.6189,0.5159,0.466,0.5,0.5398,7897
GEN_0949,THCAKNPLAKRCLHYLACVLLTYFNACLKTFTKLAP,36,4.53,0.7575,0.5663,0.3843,0.1592,0.5,0.5398,7898
GEN_8623,FVLPLYRALGAAWLTFLFNQWCFKRHCGPPCKCHSIGMV,39,3.89,0.6552,0.531,0.4615,0.5829,0.25,0.5398,7899
GEN_8481,THCKKKAAFQNCLHYLACVLLTYFNSCLQRKVFAIF,36,4.53,0.6636,0.526,0.3519,0.2789,0.5,0.5398,7900
GEN_2824,FHCAKKPLAKHCLHYLACVLLDWFRACLMAKAFAGD,36,2.98,0.7414,0.5682,0.4815,0.2965,0.5,0.5397,7901
GEN_7894,KPLCVPSALKGSKRCVLVVACLLSECSKKVIRAS,34,5.72,0.6842,0.6254,0.3524,0.3293,0.6,0.5397,7902
GEN_6605,THCAKNAAARNCLHYLACVLLTYFNSCLQRKVFAIF,36,3.53,0.7054,0.5399,0.3843,0.236,0.5,0.5397,7903
GEN_4133,DRCWYKPKAAACLSTLACLQLINLNCSKKVIRFAAV,36,4.72,0.7304,0.6154,0.4167,0.336,0.5,0.5397,7904
GEN_2850,TRYHKKPHYHACLSTPACLLLTILNGCAKTFPKLPK,36,5.62,0.7412,0.5271,0.3194,0.0,0.6,0.5397,7905
GEN_4365,TRCFWLAKAHACLSMSACLELILLNACVHAKVFAAK,36,2.53,0.7281,0.4182,0.5139,0.1099,0.5,0.5397,7906
GEN_2312,TRCAKFPKAHACLCTLACLLLIILNETYKTFTFLPK,36,3.44,0.7454,0.4771,0.4167,0.0695,0.5,0.5396,7907
GEN_7663,LHCAHKAAAKNSLHYLACVLNSYFGSCLQRFTLVAP,36,2.99,0.6893,0.5285,0.3843,0.1866,0.6,0.5395,7908
GEN_1636,THCAKKAAAKHCLHYLACVWLTYFNSCLNRRLFAIF,36,4.62,0.7507,0.5292,0.3843,0.1108,0.5,0.5394,7909
GEN_7171,MRCWYKPKAAACLSTLACLQAIILSGPGKDFTKLPK,36,4.47,0.6975,0.5578,0.4167,0.2479,0.6,0.5394,7910
GEN_7308,NHCAKSAAAKNCLHYLACDLLNYFPNCLKNFVSIAP,36,1.89,0.6956,0.5853,0.3919,0.3406,0.5,0.5394,7911
GEN_5754,TFCAKHILAKHCLHKLACVLLTYRNACLKAKVFVIF,36,5.61,0.7139,0.5076,0.4491,0.2256,0.5,0.5394,7912
GEN_8536,RHCWHKPKDHACLSTLKNLQAIIESGKGKTFPKLPK,36,6.0,0.6607,0.4731,0.3,0.0098,0.7,0.5394,7913
GEN_3964,FRCWYKPKAAACWSTLACLQAIILNACGKVKVYVLV,36,4.71,0.7323,0.4749,0.4815,0.1602,0.5,0.5394,7914
GEN_4650,FRCWYKAKAALRLSTLYCLQLIIGNVCKKVIRACNSI,37,6.71,0.7249,0.6712,0.411,0.467,0.45,0.5393,7915
GEN_7824,THCAKKAALKNCLDYLACVLLTYFFSCLQQFTLVAP,36,1.44,0.6858,0.524,0.4557,0.3239,0.5,0.5393,7916
GEN_3657,LRHLARPKAHACLSYTACILDLLNNGCIRTFPKLVK,36,4.9,0.7347,0.6488,0.3843,0.2799,0.6,0.5393,7917
GEN_1378,NHCAAKPHAHACLHYLACVLLTYFNACLKTFTKLPK,36,4.06,0.7532,0.5663,0.3843,0.1655,0.5,0.5392,7918
GEN_2479,FHCAKKILAKRCIHYLACVLVTWYNACLKAKVFAIF,36,5.89,0.7441,0.5923,0.4815,0.3273,0.5,0.5392,7919
GEN_5128,TRPIKKPHYHACARRMACIFLIILNGCVKAKVFGAH,36,6.62,0.72,0.5601,0.4531,0.2349,0.6,0.5392,7920
GEN_5775,THCAKRILAKHCLHPLACVLLTYFNACLHAKAFAIP,36,3.7,0.7138,0.5375,0.4815,0.3057,0.5,0.5391,7921
GEN_3904,TRCAKSSKAHACLSTLACLWIIILNECVKAKMFAAH,36,3.53,0.7329,0.4514,0.4167,0.053,0.5,0.5391,7922
GEN_3960,TRCAKKPKAHACLCTLACLLQIILNETYKTFTKLPK,36,5.44,0.7323,0.5504,0.3194,0.1217,0.5,0.5391,7923
GEN_7980,MHCAKKPLAKHCVHYLACVLVTHNNACLKYKVFAIF,36,4.8,0.682,0.4923,0.4167,0.2398,0.5,0.5391,7924
GEN_4294,THYAKKAAAKNCLHRLAPVLLTYFGDCLKRFTLLAP,36,4.55,0.7287,0.6351,0.4167,0.2356,0.7,0.5391,7925
GEN_8138,LHCARHIAAKHSLHYLACVLLTYFIACPKFYTTNFP,36,3.07,0.6771,0.4501,0.4167,0.1144,0.6,0.5391,7926
GEN_0762,THCAKRILAKHCLHYLACVLLTYFNACLKTFTSLAP,36,3.62,0.7594,0.5083,0.3843,0.0529,0.5,0.539,7927
GEN_8090,THCVKRIVAKHCLLYLACVLLTYFNACLHMKAFAIP,36,3.62,0.6786,0.5619,0.4815,0.4282,0.5,0.539,7928
GEN_1152,THCAKKIAANKCLHYLACVLLMYFNACLHAKAFAIP,36,3.61,0.7553,0.5255,0.4815,0.1882,0.5,0.539,7929
GEN_7814,TRCAAKPNKDACFSTLACLLLIILNVKGITFTHIPK,36,3.45,0.6861,0.5548,0.4167,0.2671,0.6,0.539,7930
GEN_6846,WRCWKKPKAHACLWTLACLQAIILNGKGRTFTKLAKSFGIGTGST,45,7.81,0.7022,0.6598,0.4316,0.4863,0.5,0.539,7931
GEN_3896,TACAHKPNKHACFSTLACLWAIILNETLKAIVFAAV,36,1.54,0.7329,0.5074,0.5459,0.2072,0.6,0.5389,7932
GEN_0282,THMAKKAAAKHCLHYLACVLLTYFGSCLQRFTLLAP,36,3.63,0.7652,0.5836,0.4167,0.1297,0.6,0.5389,7933
GEN_7423,CRCAKKPNKHASFSNLACLLLIILNPCVKAFTRLPR,36,6.8,0.6935,0.6779,0.4635,0.5678,0.5,0.5389,7934
GEN_4671,SRCAIKPKAHACLSTLACLLLAILNACDKAKVFAAR,36,4.5,0.7247,0.5084,0.4815,0.2305,0.5,0.5389,7935
GEN_5579,NRCAVKQKAHACLCTLACLLLNIHNETYKTFSFLPK,36,3.89,0.7156,0.4551,0.3194,0.0,0.5,0.5388,7936
GEN_4954,SRGVKKPKASACLSTLACLLLIILNACTKLKLFAAR,36,6.43,0.7216,0.5272,0.4739,0.1942,0.6,0.5388,7937
GEN_4039,NRCWKKPKAHACLTTLACLLVIIANGCVKAFTRLPR,36,6.8,0.7314,0.6675,0.4635,0.4607,0.5,0.5387,7938
GEN_8061,ARAAKRPQAHLCLCKLTCLLLFILNETYKTFTKLPV,36,4.85,0.6794,0.592,0.4167,0.3427,0.6,0.5387,7939
GEN_8255,FHCVKVALMRHCLHYAGCLLLTYFNACLKDFTKLIP,36,2.98,0.6737,0.5849,0.4167,0.4106,0.5,0.5387,7940
GEN_5331,TRCAKKPTAKHFMHYLACVLRTFFNVCRHAKLFAAD,36,5.63,0.7181,0.6677,0.3843,0.3452,0.6,0.5386,7941
GEN_5756,LHCAKKLVAKHCLHYYACVLLTYPNACLKTFTSAAP,36,3.98,0.7139,0.4716,0.3843,0.0945,0.5,0.5385,7942
GEN_2175,TRYHKKWHYHACLSTPACLLLTILQPCVKAKVTALP,36,4.62,0.7465,0.5005,0.3843,0.0,0.6,0.5385,7943
GEN_6089,THCFGKILAKHCLHYLACVLLTYFNACLKTFFYLIF,36,2.61,0.7107,0.4985,0.4167,0.1787,0.5,0.5384,7944
GEN_8673,TQCVKKIAASQSLHYLACVLLTYFIACLKTYMTLIP,36,2.45,0.6516,0.4539,0.4167,0.1756,0.6,0.5384,7945
GEN_6815,WRCNKKPKAHACLSTLACLQAIILCGKGKTFTKYGKSFGAGFGSR,45,8.8,0.7025,0.5608,0.4633,0.4151,0.4,0.5384,7946
GEN_7712,FRCWYKPKAAACLSTLACLQAIILNGKGKTFTIIPKSFGGWDCWR,45,5.72,0.6883,0.517,0.3778,0.2897,0.4,0.5384,7947
GEN_8028,GFWGSRCAGGISLARILTTTSRVAGGMSCVYRRSGKILF,39,5.74,0.6805,0.5792,0.3,0.1998,0.6,0.5384,7948
GEN_1406,LHCLKKYAAKNCLHYLACALLTYFGSCLQRKVFAIF,36,4.89,0.753,0.55,0.3843,0.1331,0.5,0.5384,7949
GEN_3127,WRCWYKPKAHACLSTLACLDLIILNGCVKAFTRLPR,36,4.8,0.7391,0.6675,0.4167,0.3938,0.5,0.5384,7950
GEN_5431,THCAKKAAAKNCLHYLACVLLTYFGSCLQRFTLLAF,36,3.53,0.7171,0.5697,0.3843,0.2494,0.5,0.5383,7951
GEN_7233,TCCAKSSKAHACLSTLACLWIIILNETLKAIVFAAV,36,1.45,0.6966,0.4972,0.5203,0.312,0.5,0.5383,7952
GEN_7272,KPLCVPSALKQSKRCTLVVALNCGGKIADCRKKIAKCL,38,7.7,0.696,0.5325,0.424,0.4096,0.3,0.5383,7953
GEN_6500,LHCAKKIAACHCLHYLACVLLTYFIGCLKNFTDLIP,36,1.97,0.7066,0.5376,0.4189,0.3211,0.4,0.5383,7954
GEN_3745,THCAKKMLAKRQLHYLACVALTYFNACLKTFNHLIP,36,4.62,0.7341,0.5342,0.3843,0.0834,0.6,0.5383,7955
GEN_7746,KLACCLIIKLWVVGGWKCLRLKAVRPPGLQLKS,33,6.73,0.6876,0.5384,0.452,0.266,0.6,0.5382,7956
GEN_4442,FLCWYKPKAAACLSTLACLQAIILNGKGKTFTKIPKSFYSWDAWR,45,5.72,0.7272,0.6374,0.4037,0.357,0.5,0.5382,7957
GEN_2559,WRLWYKPKAHACLSTLACLLLIILNPCNKTFTKCAV,36,4.8,0.7434,0.5727,0.4491,0.2573,0.5,0.5382,7958
GEN_5162,THCAARPKRHACLTYQACILLILNNGCIKTFTKLPK,36,5.53,0.7197,0.5397,0.3194,0.1272,0.5,0.5381,7959
GEN_1887,FHCAKKTAAKHSLHYLACVLLTYFQSCLQRFTLLAP,36,3.99,0.7488,0.5574,0.3843,0.0868,0.6,0.5381,7960
GEN_8587,VHTMMGCCKLACLSTLACLQAIILSGPGKDFTKLPK,36,2.78,0.6576,0.5439,0.3843,0.3434,0.5,0.5381,7961
GEN_5248,WRCWYLPKAHACLSTLVCLLLIILNGCNKTFTKLWV,36,3.8,0.7188,0.57,0.4491,0.3095,0.5,0.5381,7962
GEN_8446,FRCWYRPKAHASLSTLACLECIQLIGKGCTFTILPK,36,3.81,0.6655,0.4979,0.3519,0.2147,0.5,0.5379,7963
GEN_1502,THCAKRAAAKNCLHYLACVLLTYGNSCLQRRVFAIF,36,4.53,0.7521,0.4903,0.3519,0.0,0.5,0.5379,7964
GEN_6283,IHCAKKAAAKPCLHYLACVLLTYGVSCLNRLVFAIF,36,3.89,0.7089,0.5869,0.4815,0.3916,0.5,0.5379,7965
GEN_5759,YHCAKHIGAKHCLHYLACVLLTYFIACLKTFTSLAP,36,3.06,0.7139,0.4573,0.3843,0.067,0.5,0.5379,7966
GEN_8239,THCAKQILAKHCLHYLACVLLMYFNAFLHAKAFAIP,36,2.71,0.6741,0.5111,0.5139,0.3115,0.6,0.5378,7967
GEN_8150,KAVILALITVMRNMAKLARRQLIRYVVDGLDDAKCIFGCVKIL,43,4.74,0.6768,0.7291,0.4845,0.6389,0.6,0.5378,7968
GEN_7530,FRCWYKPKAAACLTTKACRQAIILWGKGKTRTKLPPSFGIGDANR,45,8.72,0.6914,0.4751,0.4849,0.3488,0.35,0.5378,7969
GEN_6155,RHCAKKAAAKHCLHYLACVLLTAFNSCLNIKVFAIF,36,4.98,0.7101,0.4889,0.4491,0.1921,0.5,0.5378,7970
GEN_7567,FHCAKCPLAKHCLHYIACILLTYFNTCLNRKVFAIF,36,3.97,0.6908,0.5451,0.4167,0.3648,0.4,0.5377,7971
GEN_7121,EGCAKKPAAKHCLHYLACVLIMWFIALRKTFMSEDN,36,1.98,0.6984,0.4741,0.418,0.0959,0.6,0.5376,7972
GEN_3806,SRAVKKPKAHACLSTLACLLLIILNACIKAKVFAAR,36,6.51,0.7335,0.5568,0.5438,0.2779,0.6,0.5376,7973
GEN_6465,TTCAAKPHYHACLSTPACLLLTILNGCVKAKVHALP,36,2.62,0.707,0.502,0.4167,0.1876,0.5,0.5376,7974
GEN_4502,TRCFWLAKAHACLSMSACLTLPELNHTLKAKVFYAV,36,2.54,0.7265,0.4589,0.4491,0.0361,0.6,0.5376,7975
GEN_7000,LHCAKKAAAKHCLHYLACVLLTYFNSCLNRHVFAIF,36,4.06,0.7002,0.5517,0.4167,0.2857,0.5,0.5375,7976
GEN_4958,FRCWYDPKAAACLSTLACLQAIILNGKGKTFTRIPKNFGSWTISR,45,5.73,0.7215,0.6692,0.3519,0.3673,0.5,0.5375,7977
GEN_5071,TRCAKKPYAHACLTTLACLWLIILNETLCAKVWAAV,36,2.44,0.7205,0.5519,0.4815,0.3027,0.5,0.5374,7978
GEN_7035,THCAKRILAKHCVHYLACVLLTHFNACLKTFTSLAP,36,3.7,0.6996,0.5083,0.3843,0.1819,0.5,0.5374,7979
GEN_5179,NKCAARPKAHACLSYMAQILRFLNNGCIKTFTKLPK,36,6.81,0.7195,0.5851,0.3992,0.2117,0.6,0.5374,7980
GEN_6619,THCAKKAAAKNCLHYLWLVLLTYFNSCLQKFTLLAP,36,3.54,0.7051,0.5377,0.4167,0.1838,0.6,0.5374,7981
GEN_6959,FRCFFKPKAAACTSTLACLQLMILNGCVKAFTKLAK,36,5.72,0.7007,0.6076,0.4491,0.4094,0.5,0.5374,7982
GEN_4921,TRNAKKPKAHACLCTIACLLLIILNEQYKTFTRLVK,36,5.45,0.7221,0.6095,0.3519,0.1988,0.6,0.5374,7983
GEN_4493,TRYHKKYHAHACLSTLACLLLIIENVSGKAIRACSS,36,3.63,0.7267,0.5279,0.3,0.0,0.6,0.5374,7984
GEN_6894,LHCAKHIAAKHSLHYLACVLVTYFIACLKTFHSAAR,36,4.16,0.7017,0.5693,0.4167,0.2436,0.6,0.5373,7985
GEN_5916,FRCWGKPEAHACLTTLACLQAIILNKKPKTFTKLPKSFGIGTGSR,45,6.81,0.7125,0.5884,0.3734,0.2737,0.5,0.5373,7986
GEN_5563,IHYVKKPLAKHELHYLACVLVTYFNACLRTFTSLIP,36,3.0,0.7157,0.5731,0.4167,0.1506,0.7,0.5373,7987
GEN_7952,TKCARHPHAHACLSYLACILLTVNNACVKASVFAPI,36,2.62,0.6827,0.4744,0.4491,0.2289,0.5,0.5373,7988
GEN_6799,THCAKKPLAKRCLSTPACLLLTILNGCAKTFPKLPK,36,6.44,0.7027,0.5548,0.4099,0.2765,0.5,0.5372,7989
GEN_6109,FRCWYKPKAAACLTTKACRQAIILWGKGKTFTKLPKSFGIGDANR,45,8.72,0.7105,0.6079,0.4848,0.4215,0.5,0.5372,7990
GEN_5781,WRCWKKPKAHACLSTLACLQAIILRGKPKTFTKLPKSFGIGTGSE,45,7.82,0.7137,0.5884,0.432,0.329,0.5,0.5372,7991
GEN_8624,THMAKKPQPHACLSNLACVLLTYFNACHKAKNFAAH,36,3.71,0.6552,0.4475,0.3843,0.1159,0.6,0.5372,7992
GEN_6463,HRCWYKAKAALRLCFLACLQLIILNGCLKAKVSAAR,36,6.8,0.707,0.5682,0.4959,0.3741,0.5,0.5371,7993
GEN_3699,SRVATKPKAHACISTLACLLLPILNACLKAKVFAAN,36,4.51,0.7344,0.532,0.5139,0.201,0.6,0.5371,7994
GEN_2452,THCAKKPLAKRCLHWLACLLLNYFNACLHAAAFAAD,36,2.62,0.7443,0.5743,0.4815,0.2823,0.5,0.5371,7995
GEN_5207,IHCWKKAAAKHCLHYLACRLLSYFINCLKNFTSLAP,36,4.98,0.7193,0.6316,0.3843,0.3393,0.5,0.5371,7996
GEN_6542,ASCAKHIAAKHCLHYDACVLLTYFVNCLHAKAFAIS,36,2.1,0.706,0.4666,0.4167,0.1278,0.5,0.5371,7997
GEN_7347,THCAKMLVAKHCLHDLACVCLTYFNACLHAKAFAIP,36,1.69,0.695,0.4797,0.4705,0.2957,0.4,0.5371,7998
GEN_6722,THCAKKAACKHCLHYLACVLLTYFNSCLNRKVFAIF,36,4.6,0.7038,0.5239,0.3519,0.2295,0.4,0.537,7999
GEN_0160,LHCAKRILAKHCLHYIACVLLTYFNACLHAKAFAAD,36,3.07,0.7674,0.5545,0.4491,0.1626,0.5,0.537,8000
GEN_3384,SRCAKKPKAHACLSTLACLLLIILNACLKAKVFAAN,36,5.5,0.7371,0.5156,0.4815,0.201,0.5,0.537,8001
GEN_1665,LHCAKRILAEHCLHYIACVLLTYFNACLHLKRFAAD,36,2.07,0.7505,0.5159,0.4167,0.1051,0.5,0.537,8002
GEN_5753,CHCAKKPLAYACLSYLACLYLTPVNPCVYAKVFAAI,36,2.79,0.7139,0.4662,0.4815,0.2393,0.4,0.537,8003
GEN_3571,THCAKKPLAKECLHILGCVLRTWFNACLHAKAFAIP,36,3.62,0.7355,0.5729,0.4491,0.2678,0.5,0.537,8004
GEN_7908,THCAVHPKAHACLSYLACLLLIINNPCVCAFTRLPR,36,2.61,0.6839,0.6008,0.4491,0.5007,0.4,0.5369,8005
GEN_6826,MHCAKKAAAKHCLHYLACVLLTYFINCLKATVFALF,36,3.72,0.7024,0.5306,0.4815,0.3064,0.5,0.5369,8006
GEN_4573,TICAKKIAARHCLHYLACVLLTYFIACLKTFTSLAP,36,3.53,0.7258,0.5164,0.4491,0.1956,0.5,0.5369,8007
GEN_3056,WRLWYKPKAHACLSTLACLVLIILNPCNKTFTKCAV,36,4.8,0.7397,0.5727,0.4491,0.2573,0.5,0.5369,8008
GEN_5445,TVCAKRIAAKHCLHYSACVLLTYFAACLKTFTSLAP,36,3.53,0.7169,0.4782,0.4167,0.1198,0.5,0.5368,8009
GEN_6374,FHCAWKPLAKHCLHYLACVLLTYFNACLKTFTKLIP,36,3.98,0.7081,0.5941,0.4491,0.3655,0.5,0.5368,8010
GEN_5742,FLCWYKPKAAACLFSLACLQLNILNVKGKTFTKIPK,36,5.72,0.714,0.4934,0.4491,0.1165,0.6,0.5367,8011
GEN_8346,THCAITPDAKHCLHYLACLLLTYFNSPLKTFTKLIP,36,1.63,0.6699,0.5883,0.4104,0.3393,0.6,0.5367,8012
GEN_4146,TRCAARPDAHACLCTLACLLLIILMDTYKGFTFLPK,36,1.44,0.7303,0.515,0.4879,0.2202,0.5,0.5367,8013
GEN_5565,KRIALTAATASRFDACTYKALRSCFSQFYVLVAK,34,4.74,0.7157,0.5639,0.3524,0.0,0.8,0.5367,8014
GEN_5393,LHCAKHIAAKCSLHYLACVLLTYFIACLKTCTTLIA,36,2.97,0.7175,0.4539,0.4167,0.1438,0.4,0.5367,8015
GEN_8392,THCPKKIVAKHCLHKLACVYVTYFNACLKTFTHIAP,36,4.7,0.668,0.5144,0.3519,0.228,0.5,0.5366,8016
GEN_7150,SAKNKKPKAHACLSTMACLLLIILNACLLAKVFAAR,36,5.51,0.6978,0.43,0.5139,0.1133,0.6,0.5366,8017
GEN_7852,QRCWKKPKAHWCLSTKACLLLIILNGCVKAFTRLPR,36,7.8,0.6853,0.6536,0.4894,0.5564,0.5,0.5365,8018
GEN_0893,LHCAKKAATKHILHYIACVLLAYFIACLKTFTSLIP,36,3.99,0.7581,0.5609,0.4815,0.1573,0.6,0.5365,8019
GEN_2784,THCAKKPLGKVCLHYLAFVLITYFNACLHIEAYALD,36,0.63,0.7417,0.5076,0.5125,0.1374,0.6,0.5364,8020
GEN_1588,THCAKKAAAKNCLHYLACVLLHYFNKCLNRKLWAIF,36,5.61,0.7512,0.6198,0.3843,0.2404,0.5,0.5364,8021
GEN_7883,MHCAKKLVAKHCLHYLACVLLTYFINCLKTFTSLIP,36,3.72,0.6845,0.5444,0.4167,0.303,0.5,0.5364,8022
GEN_7665,FRCWYKPKAAACLSTLACLQAIILNGKGKTFTKIPKIVGIGTPSR,45,7.72,0.6892,0.6078,0.4783,0.4585,0.5,0.5363,8023
GEN_8210,FFCARKAAAFQCLHYLACVALTRFNTCSNRWVFAIS,36,3.81,0.6752,0.5822,0.4491,0.4189,0.5,0.5363,8024
GEN_8163,THLAIKYKMHACLSFLACLILIYNNLCVHAKVFAVK,36,3.62,0.6763,0.446,0.4815,0.1558,0.6,0.5363,8025
GEN_6875,THWAKKILVKHCLHYLACVLLTFFAACLKEPTSLVP,36,2.63,0.7019,0.5091,0.4815,0.2009,0.6,0.5363,8026
GEN_3111,SRCAKKPKAHACLSTLACLLLIILNGCVKAFTRLPR,36,6.5,0.7392,0.6675,0.446,0.4092,0.5,0.5363,8027
GEN_1192,TLCAKKIAAKHSLHYMACVLLSYFIACLKMFTSLLP,36,3.54,0.755,0.5015,0.4815,0.0635,0.6,0.5362,8028
GEN_6140,LHCAKKIAVKHSLHYLACHIATYFIACLKTCTTLIP,36,4.06,0.7102,0.4514,0.3843,0.0539,0.5,0.5362,8029
GEN_3305,FRCWYRPHYHACLSTLACLLLTILNGCVKAKVFAAH,36,3.98,0.7377,0.5783,0.4167,0.2342,0.5,0.5362,8030
GEN_5962,FRCAPKPKAHACLCLLACLLLIILNENWKTCAFIAK,36,3.8,0.7121,0.5027,0.5139,0.3306,0.4,0.5361,8031
GEN_6369,FRCWYKPKAAACLSTLACLQQIILNGKGKTFTKIPKNFGSWTPSR,45,7.72,0.7081,0.6133,0.4265,0.3706,0.5,0.5361,8032
GEN_4005,FRCWYKPKNAACLSTLACLQLIILNGCLKAKVFAAV,36,4.72,0.7318,0.54,0.4815,0.2477,0.5,0.5361,8033
GEN_7258,THYAKKAAAKHCLHYLACVLWTYFINVLKNMTSLMP,36,3.63,0.6962,0.5532,0.4167,0.1547,0.7,0.5361,8034
GEN_7553,THCAKQPLALHSLHYLACVILTYWNACLKAKVFVIF,36,2.63,0.6911,0.5041,0.4815,0.2164,0.6,0.5361,8035
GEN_1907,THCMKKIAAKHCLRYLACLLLTYFIACLRTFTNLIP,36,4.53,0.7486,0.5745,0.4167,0.2008,0.5,0.536,8036
GEN_6563,THCAKKALAYHCLHYLACLLLTYFNACVKTFYNRCD,36,2.61,0.7058,0.4587,0.3,0.0574,0.4,0.536,8037
GEN_4862,QDSIKKILAKHCLHYLACVRLVVFNACLKAHAFAIF,36,3.99,0.7227,0.5572,0.4815,0.2305,0.6,0.536,8038
GEN_5842,IRCWYKPKAAACLSTLACLQEIILSGPGKDFTKLPKSFGIGDANR,45,3.73,0.7132,0.6047,0.3519,0.269,0.5,0.536,8039
GEN_6786,KRIALTAATASRFDACTYKALRSHFSQFYVLVAK,34,4.83,0.7028,0.5509,0.3524,0.0041,0.8,0.536,8040
GEN_4473,FHCAKKPLAKHCLHYIACVLVTYFNACLKTFTKLQP,36,4.98,0.7269,0.5663,0.3843,0.2049,0.5,0.5359,8041
GEN_3941,NRCWKKPKAHACLSTLACLLLIILNGCVKAFTRLPK,36,6.8,0.7325,0.6245,0.4635,0.3676,0.5,0.5359,8042
GEN_4925,FRCWCKPKAAACLFNLACLQEIILNVKGKTFTKIAK,36,5.72,0.722,0.4924,0.4167,0.1253,0.5,0.5359,8043
GEN_6528,THCAKRILAKHCLHYLKCNLLTYFNACLHAKAFAMP,36,4.7,0.7062,0.4962,0.3843,0.1364,0.5,0.5359,8044
GEN_3552,TRCAHKAAHKIILHFLACVLLTYFNSCLKRWTSAAY,36,4.63,0.7357,0.6369,0.3843,0.2347,0.6,0.5358,8045
GEN_6621,TRYHDMPKAHACLSTLACLVNIILNPCNKTYTKCAV,36,2.53,0.7051,0.4905,0.3194,0.0638,0.5,0.5358,8046
GEN_5877,NRAWKKPKLHACLSTLACLLLIILNGCVKAFTRIAR,36,6.81,0.7128,0.7067,0.4965,0.5167,0.6,0.5358,8047
GEN_3863,WRCFWLAKAHACLSMSGCLTLIILNETLKAPVFYAV,36,1.82,0.7332,0.4435,0.5267,0.0596,0.6,0.5357,8048
GEN_4376,TRHIAKWHAHACLSGTACILLLLNNGCIKTFPKLPK,36,4.63,0.728,0.5646,0.3843,0.1314,0.6,0.5357,8049
GEN_4789,THCAKKALVKHCLHYLACVLLTYFNACLKAPVFALF,36,3.61,0.7235,0.5128,0.4815,0.2189,0.5,0.5356,8050
GEN_8655,THCEKKAEAKHCLHYLACVLLTYFQSCLKATVFVLF,36,1.62,0.653,0.4823,0.3785,0.2295,0.5,0.5356,8051
GEN_6457,TRCAKKPKAHACLSTLACLLLLILNGCVKAFTRLPR,36,6.44,0.7071,0.6675,0.4424,0.476,0.5,0.5356,8052
GEN_5118,TRYHKKPHYHACLSTPACLLLTILAGCVKAKVFAVP,36,4.62,0.7201,0.4778,0.4167,0.0365,0.6,0.5356,8053
GEN_6827,TRCAKKPNKHACFSTLACLLLIILNGCVKAFTRLPR,36,6.44,0.7023,0.6536,0.41,0.4312,0.5,0.5356,8054
GEN_6939,TRYHKKPHYAACLTTPACLLLTILNGSVKAKVFALP,36,4.55,0.7009,0.4831,0.4167,0.0231,0.7,0.5355,8055
GEN_0968,TRCAKKAARKHCLHYLACVLLTYFNSCLKRKVFAIF,36,7.53,0.7573,0.6325,0.4409,0.2983,0.5,0.5355,8056
GEN_7468,TICAKPPLAKHCLHYLACVWQGYFNACLKTFTSLAD,36,1.53,0.6925,0.5083,0.417,0.3181,0.35,0.5355,8057
GEN_1739,TRYAKRPKAYACLSYLACLYLTPVNPCVYAKVFAAI,36,4.36,0.75,0.5328,0.4491,0.0902,0.6,0.5355,8058
GEN_6668,FHCAKKPLAIHCLHVLACVLITFLNICVKAKRFAVK,36,5.98,0.7045,0.5795,0.5139,0.4061,0.5,0.5355,8059
GEN_3273,THCAKRELAKHCLHYLACVLETYYNACLHAWAFAIP,36,0.71,0.7379,0.5379,0.4747,0.2193,0.5,0.5355,8060
GEN_7974,FRCWYKPKAHACLSTLACLLDIILNGCNKTFCERCH,36,2.87,0.6822,0.4893,0.3,0.1601,0.4,0.5354,8061
GEN_5595,TRCAAKPIAHACLCTLLCLLLGILNKTYKTFCFLPK,36,4.43,0.7154,0.5533,0.4167,0.3053,0.4,0.5354,8062
GEN_3231,TRVAKKPYAHACLTTLACLWLIILNETLCAKVFAAV,36,2.45,0.7382,0.5737,0.5139,0.2506,0.6,0.5354,8063
GEN_4576,THCAKKILAKHCLHYLACVLLTYFFACLKTFTKLAR,36,5.61,0.7257,0.6192,0.3843,0.2919,0.5,0.5353,8064
GEN_6139,THCAKKAWAKHCLHYLACVLLTYFIACLKFCTTLIR,36,4.6,0.7102,0.5517,0.3843,0.2817,0.4,0.5353,8065
GEN_7781,FRCWHRPKAKAELVTLACLLLIICNGKGKSFTRMYRPFGIGTICV,45,6.81,0.6868,0.6833,0.4248,0.5956,0.4,0.5352,8066
GEN_2321,TSCAKKIIAKHCLHYLACVLLTYMRACLKEFTSLIP,36,3.53,0.7453,0.5582,0.3843,0.1426,0.5,0.5351,8067
GEN_0724,TSCVKKILAKHCLHYLACILLTYMRACLHAKAFAAD,36,3.62,0.7598,0.4786,0.4167,0.0088,0.5,0.5351,8068
GEN_3471,SRLHDWPKAHACLSTLACWLMIILNACLKAKVFAAR,36,3.6,0.7363,0.4923,0.5139,0.1166,0.6,0.535,8069
GEN_7085,TVCRKKIAAKACLHYLRCTALTYFINCLKNFFPAGP,36,5.44,0.6989,0.5559,0.3843,0.2469,0.5,0.535,8070
GEN_5801,PHCAKKTLAKHCLHYLACFLLTYFNACLITFYKLPK,36,5.17,0.7136,0.4851,0.3843,0.0936,0.5,0.5349,8071
GEN_5352,FHCAKKPLAKHCLHYLACVLLTFFNACLKEPTSLVP,36,2.98,0.7179,0.5113,0.4491,0.1923,0.5,0.5349,8072
GEN_0745,THCAKKILAKHCLHYLACVLLTYFNACLRTFTKLIP,36,4.61,0.7595,0.6164,0.3843,0.2056,0.5,0.5349,8073
GEN_6167,VRCAMKPHAKACLSTLACASVAILNWCVKQFPRKAM,36,5.78,0.71,0.6309,0.4815,0.4414,0.5,0.5348,8074
GEN_5454,AHCWKKIAAKHCTHKLACVLLTYFYACLKTFTSLAP,36,5.01,0.7168,0.4743,0.3843,0.0678,0.5,0.5348,8075
GEN_7969,THCAKRIVAKHCLHYLACVLLTYFNACLHAFTSLIP,36,2.7,0.6824,0.5097,0.4167,0.2395,0.5,0.5348,8076
GEN_6355,DHCAKKILACHCLHYLACVLLTYFNLCLKNFTKLIP,36,2.97,0.7083,0.5519,0.3843,0.2838,0.4,0.5348,8077
GEN_2769,WHCAKKPLAKHCLHYLACVLLTYFNICLRDKAFALP,36,3.98,0.7418,0.5218,0.4491,0.1529,0.5,0.5348,8078
GEN_0593,TRCPWKIAAKHCLHYLACVLLTYFIACLKTFTFAAP,36,3.53,0.761,0.5352,0.4815,0.1627,0.5,0.5347,8079
GEN_1569,THCAARPKAHACLSYMACILLILNNGCIKTFTKLPK,36,4.53,0.7513,0.5675,0.3843,0.1413,0.5,0.5346,8080
GEN_6765,LHCCKKLIAKHCLHYPACVILSYFNSCIKAGLFAWF,36,3.97,0.7031,0.537,0.4167,0.3018,0.4,0.5346,8081
GEN_0303,THCLQKAAAKNCLHYLACVLLTYFGSCLQRKAFLIP,36,3.53,0.7649,0.55,0.3843,0.0793,0.5,0.5345,8082
GEN_3570,FHCAKKILARHCLHYLACVLLTYFNACLHADAFAAD,36,1.07,0.7355,0.544,0.5141,0.2679,0.5,0.5345,8083
GEN_7526,THCAKMIAAKHCLHYLACVLLTYFNSCLKATVFALF,36,2.62,0.6915,0.5221,0.4491,0.2689,0.5,0.5345,8084
GEN_7425,THCHKIAAAKNCLHYLACVLLTYFNSCLNRKVFAIF,36,3.62,0.6934,0.5378,0.3843,0.2261,0.5,0.5345,8085
GEN_1550,ARCAKRPQAHLCLCTLACLLLFILNETYKSFTFAAD,36,1.85,0.7516,0.5667,0.4273,0.1813,0.5,0.5345,8086
GEN_8233,FHSAKRPVAKHCLHFYACVNLTFLGGCVKPAVDAVK,36,3.99,0.6744,0.5472,0.4167,0.2508,0.6,0.5344,8087
GEN_1646,THCAARPKAHACLTYMACILLILNNGCIKTFTKLPK,36,4.53,0.7506,0.5675,0.3843,0.1413,0.5,0.5344,8088
GEN_6629,THCQKKVAAKNCLHYAKCPLLTYFSRCLQKFTLLAP,36,5.53,0.705,0.6147,0.3194,0.2618,0.5,0.5344,8089
GEN_7701,THCAKKPLHRVCLHYLAFVLITYPSACLHAKAFAIP,36,3.71,0.6886,0.5971,0.4815,0.366,0.6,0.5344,8090
GEN_1634,TRCAARPKAHACLSYMACILLILNNGCIKTFTKLPK,36,5.44,0.7507,0.5675,0.3843,0.1413,0.5,0.5344,8091
GEN_5237,FRCWYKPKAAACLSTLASLQLIALIVSKLVIRACNSI,37,4.73,0.7189,0.6369,0.4955,0.4091,0.55,0.5344,8092
GEN_5610,TVCAKAIAAKHCLHYLACVLLSYFAACLHTFTSLAP,36,1.62,0.7153,0.4972,0.5084,0.2297,0.5,0.5343,8093
GEN_8022,DHAAKHILCKHCLHYLACVLLEYFNLCLKNCTKLIP,36,2.06,0.6806,0.4916,0.3519,0.2121,0.4,0.5343,8094
GEN_7252,TECAKHAAIKHCLHYLACVLLSYFNAFLYAKANAVP,36,1.63,0.6964,0.5087,0.4752,0.1936,0.6,0.5343,8095
GEN_7377,WRCWYKPKAAACLFTLACLQLIILNVKPKTFTKIPK,36,6.72,0.6944,0.503,0.5237,0.2363,0.6,0.5342,8096
GEN_6562,LRYHRKKKYHACLQILACLLLTPVNPCVKAIVFSAV,36,5.9,0.7058,0.5233,0.4491,0.1681,0.6,0.5341,8097
GEN_1906,THPAKRTLAKHCLHYLACVLLAYFNACLHAKAFAIP,36,3.71,0.7486,0.5547,0.4815,0.1531,0.6,0.5341,8098
GEN_7379,TVCAHKIASKNCLHYLACVLLTYFIACLKTFTSLQP,36,2.53,0.6944,0.4696,0.3843,0.1065,0.5,0.534,8099
GEN_6738,WRCWYKPLAHACLSTLACLQLIILNGCNGAKVFAAV,36,2.8,0.7036,0.598,0.4815,0.3963,0.5,0.534,8100
GEN_6065,RACAKNPLAKRCLHYYACVLLTYFNMCLKTYTKLAR,36,6.8,0.7111,0.5444,0.3661,0.1734,0.5,0.5339,8101
GEN_4807,FRCWYKPKAAACLSTLACLQAIILNGKGKTFTKLPKIFGIGTPSR,45,7.72,0.7233,0.6002,0.4783,0.3498,0.5,0.5338,8102
GEN_6113,THSAARPKAFACLSYMACILRILNNGCITTFTKLDK,36,3.45,0.7104,0.5555,0.3519,0.1118,0.6,0.5338,8103
GEN_5621,TRYHKKPHYHACLSYMACILLILNNGCIKTFTKLPK,36,5.62,0.7151,0.5258,0.3,0.0,0.6,0.5338,8104
GEN_8482,LHCAKHIAEKHSLHYLACVLLTYFHACWKTCTTALF,36,2.15,0.6636,0.4421,0.3519,0.099,0.5,0.5338,8105
GEN_6313,TRYAKRPKAYACLSYLACLYLTPVNPCVYAKVFAGI,36,4.36,0.7087,0.5189,0.4167,0.1197,0.6,0.5338,8106
GEN_3644,GACFKKIEAKQSLHYLACLLLTYFNACLRTFTHTIP,36,2.9,0.7348,0.5223,0.3519,0.0,0.6,0.5338,8107
GEN_4176,FRCWYKPKAANCLSTLACLQLIILNACLKAKVFAAR,36,5.72,0.73,0.5212,0.4815,0.2056,0.5,0.5338,8108
GEN_6178,THCAKDPLAKHCLHYLACYLLGYFPACLHAKAFAIP,36,1.7,0.71,0.4926,0.4699,0.1927,0.5,0.5338,8109
GEN_8354,THCAAKPKAHACLSYMSCILLIINNGCGKFFTKLPK,36,4.53,0.6694,0.5555,0.3519,0.2738,0.5,0.5337,8110
GEN_3645,THCAKKPLAKMDLHYLACRWVTYFNACLAAKVFAIF,36,3.54,0.7348,0.5393,0.4815,0.1564,0.6,0.5336,8111
GEN_5736,THCAFKIAAKHCLHYLACVLIFYFIACLKTFTSLAP,36,2.62,0.7141,0.4972,0.4815,0.2014,0.5,0.5336,8112
GEN_6723,THCLKHIGVKHCLHYLACVLLTKFNACLHAKAFAIW,36,3.79,0.7038,0.4813,0.4167,0.1332,0.5,0.5335,8113
GEN_6154,TRCAKKAARKHCLHFLACVLLTYFIACLKTCTTLIP,36,5.52,0.7101,0.6464,0.3843,0.4281,0.4,0.5335,8114
GEN_5844,KRCWKKPKAHACLSTLACLQAIILSWCYRAKVFAAN,36,6.8,0.7131,0.5111,0.4634,0.208,0.5,0.5335,8115
GEN_8092,THCAKKPLAKQVLHYLAQVLLTYFNACLKTMPILIP,36,3.55,0.6785,0.6006,0.4815,0.323,0.7,0.5335,8116
GEN_4803,TGIGKPPKAHACCCTLACLLLIALNEIYKDFTFLPK,36,1.44,0.7233,0.5376,0.4555,0.3201,0.35,0.5334,8117
GEN_4123,TRCAKKPNKHACFSTEACLLLIILNRMCKTFTKLAV,36,5.44,0.7305,0.6601,0.3519,0.3033,0.5,0.5334,8118
GEN_2010,TRHAARPKAHACLSYMACILLILNNGCIKTFTKLPK,36,5.54,0.7477,0.5675,0.3843,0.0744,0.6,0.5334,8119
GEN_3509,TRCWKKPKAHACLSTLACLLLIILNGCVKAFTRLPR,36,6.44,0.736,0.6675,0.4424,0.3938,0.5,0.5334,8120
GEN_0169,TKCAKKVAAKNCLHYLACCLITYFSSCLQKFTLLAP,36,4.43,0.7673,0.5213,0.3519,0.052,0.4,0.5333,8121
GEN_7345,THCAKKPTAKHCLHYLICVLRTFFQACRHAKLFAAI,36,5.7,0.695,0.6563,0.3843,0.4117,0.5,0.5333,8122
GEN_2477,TRHAARPKAHACLSYTAHILLLLNNGCIRRFRKLPK,36,7.64,0.7441,0.6468,0.4473,0.2102,0.7,0.5332,8123
GEN_5429,LHAAKKPLAKHCLHYIACVLVTYFPACLKAKVFAIF,36,4.98,0.7172,0.5598,0.5463,0.2941,0.6,0.5332,8124
GEN_3212,TRCAKKPKAHACLSTLACLLLIILNPCVKAFTRLPR,36,6.44,0.7383,0.6918,0.4748,0.46,0.5,0.5332,8125
GEN_0054,LHCAKKIAAKHCLHYLACVLLTFFINCLQRFTLLAP,36,3.98,0.7705,0.6266,0.4815,0.2823,0.5,0.5332,8126
GEN_5881,TRCWKKPKAHACLSTLACLLLIILNGCVKVNRACLS,36,5.43,0.7128,0.5417,0.3843,0.2445,0.4,0.5331,8127
GEN_7780,SHCAKKIAEKICLHYLACVELTYFNACLSTFTSLIP,36,0.6,0.6869,0.5628,0.4502,0.3393,0.5,0.5331,8128
GEN_6905,CHDAKKILAKHHLHFLACVLLTYFNACLHAKAFACP,36,3.15,0.7015,0.4999,0.4491,0.1986,0.5,0.533,8129
GEN_7471,NRCWKKPKAHVCLSMLACLLLIIIGGCVKAFTRLPK,36,6.8,0.6924,0.635,0.4959,0.492,0.5,0.533,8130
GEN_8110,THCAAKPYAHACQSWMACILVIINNGCRKTFTKLAV,36,3.53,0.6779,0.5468,0.3843,0.2673,0.5,0.533,8131
GEN_6024,WRCWKKPKAHACLSTLACLDAIILNGFGKTFKKLPKIFGIGTPSR,45,7.81,0.7115,0.6492,0.4835,0.4586,0.5,0.533,8132
GEN_6020,TKCAKKLVAKHCLPYLACVLLTYFNACLRTFTSSPK,36,5.44,0.7115,0.5124,0.3519,0.0992,0.5,0.533,8133
GEN_3809,TRYHKKPHYHACLSTPACLLLTILNGCIKTFPKLPH,36,4.71,0.7335,0.543,0.3194,0.0,0.6,0.533,8134
GEN_3230,SRCAKKPKAHACLSTLACLLLMILNACLKAKVFAAR,36,6.5,0.7382,0.5156,0.5108,0.201,0.5,0.533,8135
GEN_7339,FHCAKKPLAKHCHHYLACVLLTYFIACLKTCTTLIP,36,4.05,0.6951,0.5021,0.3843,0.2193,0.4,0.533,8136
GEN_3620,LRCGKKPQAHACLCTLACLLAFILNETYKTFTKLPK,36,4.8,0.7351,0.5643,0.3519,0.1307,0.5,0.533,8137
GEN_7605,THCAKKAAAKHCLHYLACVLQSYFNSCLNRGIFAIF,36,3.62,0.6902,0.5112,0.3519,0.1458,0.5,0.5329,8138
GEN_5920,WRCWKKPKAHVCLSTLACLQAIILNPKGKTFNKLPKSFGIGWGSL,45,7.81,0.7124,0.6317,0.4834,0.4267,0.5,0.5329,8139
GEN_5262,FHCALKPLAKHCLHYAACVLVTYFNACLKAKVFAIF,36,3.98,0.7187,0.5913,0.5139,0.3751,0.5,0.5329,8140
GEN_6199,CHCAKKIAAKHCIHYLACVLASYFIACLKTFTSLAP,36,3.97,0.7098,0.4762,0.4167,0.1733,0.4,0.5329,8141
GEN_6251,RHCAANPLAKRCLHYLACLLLTYFNFCLKWFTYLIP,36,3.89,0.7092,0.5685,0.4491,0.2943,0.5,0.5329,8142
GEN_7556,DHIAKKILAKHCLHYIACVLLTYFNACLHAKAFAAD,36,2.08,0.691,0.4986,0.4491,0.1527,0.6,0.5328,8143
GEN_5120,TECAKKPLAHHAEHYLACVLLTYFNACLKTFDKLIP,36,0.63,0.7201,0.5819,0.4801,0.2552,0.6,0.5328,8144
GEN_5433,NACANKPHGHLALNYMAHILLTCFNACLHAKVFAVP,36,2.08,0.7171,0.4622,0.4815,0.0636,0.6,0.5328,8145
GEN_6420,TRCWHKDKAHACLSSLACLLWIILNGQPKTFDKVPKSRGIGTPSR,45,5.54,0.7074,0.4958,0.3,0.0273,0.5,0.5327,8146
GEN_6842,THCAKNPLAKHSLHYLACVLLTYFNACLRTFDKLPK,36,3.63,0.7022,0.619,0.3519,0.2296,0.6,0.5327,8147
GEN_3490,THCHKRILAKHCLHYLACVLLTYFNACLHNKAFAVP,36,3.79,0.7362,0.4696,0.3843,0.0,0.5,0.5326,8148
GEN_4837,WRLWYKPKAHACLSTLACLWIIILNECVKGKMFAAH,36,3.9,0.7229,0.4865,0.4815,0.1228,0.55,0.5326,8149
GEN_5896,FRCWVKAKAALRLSTLYCLQLIIGNVCKKVIRACNSI,37,6.72,0.7126,0.6847,0.4426,0.5054,0.45,0.5326,8150
GEN_2299,TVSAKKIAARHILHYLACVLLTYFIAHRRAKTFAVF,36,5.64,0.7455,0.5826,0.4815,0.1304,0.7,0.5326,8151
GEN_0430,THCAKKAAAWNCLHYLACVLLTYFNSCLQRFTLLAP,36,2.53,0.763,0.5716,0.4167,0.1397,0.5,0.5326,8152
GEN_6373,THCAKKPLAKMCLHYQACVLLHYLNECVKAKPFAVT,36,3.62,0.7081,0.5297,0.3843,0.1655,0.5,0.5326,8153
GEN_8216,FRCWYKFNAACCLSTLACLQAIILNGKGKTFTKLPKMFGDGTPDR,45,4.72,0.675,0.5833,0.3259,0.3401,0.4,0.5325,8154
GEN_4603,GHCAKKIAAMHCLHYLACVLITYFIACLKTFTSLIP,36,2.98,0.7255,0.5004,0.4491,0.1404,0.5,0.5325,8155
GEN_0723,TSCAKKIIAKHCLHYLACVLLTYMRACLKTFTSLIP,36,4.53,0.7598,0.5631,0.3843,0.0997,0.5,0.5325,8156
GEN_5010,TVCAKKIAAKHCIHYLACVILTYFIACLKTFSSLAP,36,3.53,0.7212,0.5018,0.4491,0.1527,0.5,0.5325,8157
GEN_0391,NHCAKKIAAKHCLHYLACLLLTYFNACLRTFTKLIP,36,4.98,0.7634,0.6164,0.3843,0.1794,0.5,0.5324,8158
GEN_1162,TRCAKKILAKSCLHYLACVLLTYMRACVHAKAFAAD,36,4.53,0.7552,0.5728,0.4167,0.1588,0.5,0.5324,8159
GEN_3424,SRCAKKPKAHACLSTLACLLLIILNACLKAKVFAAR,36,6.5,0.7366,0.5156,0.5108,0.201,0.5,0.5324,8160
GEN_3506,THYAKKPLAKHCLHYLACAILTYFNACLKTFTKLHP,36,4.71,0.7361,0.5524,0.3519,0.0376,0.6,0.5324,8161
GEN_4806,NHCNKKIAAKHCLHDMACLLLTWFNACLRTFTDLIP,36,1.98,0.7233,0.59,0.3856,0.2296,0.5,0.5323,8162
GEN_8688,TRPIKKPHYHACLRNAAAIFLIILNGCVLAHVFAAH,36,3.72,0.6506,0.6018,0.5139,0.4131,0.7,0.5322,8163
GEN_2752,TRFHKKPHYFACLSTPACLLVSILDGCVKAKVFAAP,36,3.54,0.7419,0.5378,0.4491,0.096,0.6,0.5322,8164
GEN_2385,WHCAKKILAKHCLHYLACELRTYFRACLHAKAFAAD,36,4.07,0.7448,0.5618,0.3843,0.13,0.5,0.5321,8165
GEN_5772,SHCAKSPLAKHCLHYLACLLLTYFNACLHAKAFAAD,36,1.77,0.7138,0.4694,0.4329,0.097,0.5,0.5321,8166
GEN_7218,THCAKNPLAKRCLHYLACALLAYFNASLVARAFDVP,36,2.54,0.6967,0.5745,0.4815,0.2935,0.6,0.532,8167
GEN_7435,TRYHKKPHYHACLSTPACLLLILNNGCIKTFTKLPK,36,5.62,0.6932,0.5258,0.3,0.0391,0.6,0.532,8168
GEN_5955,GHCAKKILAKYCLHYLACVLLTYFSRCLKCKVFNIF,36,5.88,0.7121,0.5785,0.3519,0.2679,0.4,0.532,8169
GEN_2315,FHCAKKIAAKHSLHYLACMLITPWNSCLQKFSLLAP,36,3.99,0.7454,0.5443,0.4491,0.0966,0.6,0.532,8170
GEN_3706,TRCTKKAKAHACQSTLACILLIILNGCVKAFTRLPR,36,6.44,0.7344,0.6397,0.3776,0.2772,0.5,0.532,8171
GEN_5585,SRDHDWPKAIACLSTLACWLMIRLDACLKAKVFAAR,36,2.52,0.7155,0.5176,0.4815,0.154,0.6,0.5319,8172
GEN_3796,THCAKRILAKHCLHYLACVLITYFIACLTTFTSLIP,36,2.62,0.7337,0.5097,0.4167,0.1003,0.5,0.5319,8173
GEN_1672,TVCPKKIAAKACLHYLACTLLTYFINCLKNFTSAAP,36,3.44,0.7505,0.5697,0.4167,0.1612,0.5,0.5319,8174
GEN_1483,THCLKKAVARNCLHYLACVLLTYFGSCLQKFTLQAP,36,3.53,0.7523,0.5147,0.3519,0.0,0.5,0.5319,8175
GEN_3338,THCAKRIKKKHKLHYLACGLLAYFFACLHAKAFAVP,36,6.71,0.7375,0.5608,0.458,0.1506,0.6,0.5318,8176
GEN_7191,FRCWYKSKAAACLNTAACRKAIILNGKWKTFTKLPKSFAIPDANR,45,8.72,0.6971,0.6354,0.5366,0.5146,0.5,0.5318,8177
GEN_4025,THCAKKLVAKRCLHYLACVLVTYFIACLKTFTSLAP,36,4.53,0.7315,0.5546,0.4167,0.1787,0.5,0.5317,8178
GEN_6933,THCAKKILAKFHNHYLACVLLTYWNACLKTFTILIP,36,3.62,0.701,0.5547,0.4167,0.1834,0.6,0.5317,8179
GEN_6103,FRCWDKFKAAACLSTLACQQAIILNASLKVIRACNTI,37,3.72,0.7106,0.5977,0.4324,0.3488,0.45,0.5317,8180
GEN_5866,GRCWKKPFAHACLSTLSCLLAIILNGKGKTFKKLPKIFGIGTPSR,45,8.81,0.7129,0.6524,0.5158,0.4837,0.5,0.5316,8181
GEN_4478,THCAKKPLAAHCLHYLACVIRECFNACLKTFTKLIP,36,3.61,0.7269,0.5663,0.3843,0.2424,0.4,0.5316,8182
GEN_3782,THCAARPKAMACLSYMACILLILNNGQIKTFTKLPK,36,4.45,0.7338,0.5324,0.4167,0.069,0.6,0.5316,8183
GEN_5298,FYCAKKPLAKHCLHYIACVLLTYFNACLHAKAFAIP,36,3.98,0.7183,0.532,0.4815,0.2362,0.5,0.5316,8184
GEN_3607,LHCAKKIAAKHSLHILACVILTYFHACLKTCTTAPF,36,4.06,0.7353,0.4881,0.4167,0.0583,0.5,0.5316,8185
GEN_1936,THCLKKIAAKLCLHYLACVLLTWMIACLKTFTSLAP,36,3.53,0.7483,0.5672,0.4815,0.2245,0.5,0.5315,8186
GEN_7404,WHCARKPKAHACLTYAACLLFTPVNGCVKAKIFPAV,36,4.89,0.694,0.5054,0.4815,0.248,0.5,0.5315,8187
GEN_2114,THCAKKILAWHCLHYLACVLLDWFRACLHAKAFAGD,36,1.71,0.7469,0.5543,0.4695,0.1936,0.5,0.5315,8188
GEN_2305,LHCAKKAAAKNCLHYMAMVLLTYFGSCLQKFTLLAP,36,3.9,0.7454,0.5564,0.4491,0.1135,0.6,0.5315,8189
GEN_5535,FRCWYKPKAAACLSTLACLLLIILNGCVKAFTKLPK,36,5.71,0.7159,0.6083,0.4815,0.3676,0.5,0.5314,8190
GEN_2283,NACANKPHAHLALSYMACILLTYFNACLHAKVFAVP,36,1.99,0.7456,0.466,0.5147,0.0276,0.6,0.5314,8191
GEN_0938,SHCAKRILARHCLHYLACVLLTYFNACLHAKAFAAD,36,2.77,0.7577,0.543,0.4167,0.0957,0.5,0.5313,8192
GEN_6082,WRCWVKREAHACLSTLACLQLIILNGCNKAKVFAAS,36,3.81,0.7108,0.4994,0.4167,0.1325,0.5,0.5313,8193
GEN_5279,NRCWKKAKAALRLSTLACLLVIILNGCLKAKVFAAV,36,6.73,0.7185,0.6792,0.5562,0.4873,0.6,0.5313,8194
GEN_6995,TGCAKIAAYHNCIHFLACVLLTYFGSCLQRFTLLAP,36,1.53,0.7003,0.5836,0.4496,0.329,0.5,0.5311,8195
GEN_7315,PPCWYKPKAHACHSTHACLQLCILNGCNKAKVFAAV,36,4.17,0.6954,0.406,0.3843,0.1454,0.25,0.5311,8196
GEN_3487,THCAKKPKAHACLNYLACLLLIINNPAVKAFSRLKR,36,6.54,0.7362,0.6561,0.448,0.2978,0.6,0.5311,8197
GEN_2720,LRCEKKPQAHACLCTLACLLLFILNETYKTFTKLPK,36,3.81,0.7421,0.5643,0.3519,0.1012,0.5,0.5311,8198
GEN_8135,TRIHVHPAYHACLSNIACLLLTGVNGCVKAFVFAAV,36,1.63,0.6771,0.5165,0.5075,0.2623,0.6,0.5311,8199
GEN_3178,TRCACKPKAHACLCTLACLLLIILNETYKTFTWLPK,36,3.43,0.7387,0.4772,0.3843,0.0622,0.4,0.531,8200
GEN_1039,YHCAKKAAAKHCLHYLACVLITYFGSCLQRFTLLAP,36,3.98,0.7566,0.5825,0.3843,0.1297,0.5,0.531,8201
GEN_2853,LHCAKKILAKHSPHYLACVWLTYWIACLKWCTTALF,36,3.98,0.7412,0.5039,0.4491,0.0995,0.5,0.531,8202
GEN_6117,THCAKKPKAHACLCHLACLILIILNETYKPFTFLPK,36,3.62,0.7104,0.4798,0.4167,0.0979,0.5,0.5309,8203
GEN_4544,ARCAKRPQAHLHLCTLACLLLFILNEHYTTFTKLPK,36,4.03,0.726,0.5528,0.3843,0.0843,0.6,0.5309,8204
GEN_6717,DHCAKRILAKHCLHYLACVLLTYFTACLHAKAFAAD,36,2.07,0.7039,0.5097,0.4167,0.1626,0.5,0.5308,8205
GEN_6406,WRCWKKPKAAACLSTLACLQAIILNGKPKTFTKLPKSFGIGDANR,45,7.72,0.7076,0.6106,0.4784,0.3834,0.5,0.5308,8206
GEN_1643,THCLKKAAAKNCLHYLACLLLTYFGSCLQKFTLLAP,36,3.53,0.7507,0.5286,0.3843,0.052,0.5,0.5308,8207
GEN_8263,THCAKKPWVHACLSYLACLLLNCLNCTYDTFTFLPK,36,1.52,0.6735,0.4462,0.3855,0.1626,0.4,0.5307,8208
GEN_8265,KRNALTAATASRFDACTYKALRSCFSQFYVLVAK,34,4.74,0.6732,0.5492,0.318,0.0,0.8,0.5306,8209
GEN_3203,FRCWYKPKAAACLSTLACLQLIILNGCVKAFTKLPK,36,5.71,0.7384,0.5944,0.4491,0.2544,0.5,0.5306,8210
GEN_7890,NHCAAKPKAHACLSYMACIILIIQLGCGKTFTKLPK,36,4.89,0.6843,0.5544,0.3843,0.2491,0.5,0.5306,8211
GEN_7388,THCAKKAAKRHCLHYLFCVLLTYFDSCLKRKVFAKF,36,6.61,0.6943,0.5334,0.3552,0.1611,0.5,0.5305,8212
GEN_5280,THCAKKILAKHCLHYLACVLLTYFNACLRTFTSLIP,36,3.62,0.7185,0.5592,0.3843,0.1761,0.5,0.5304,8213
GEN_3878,THWAKRIAARHCPHYLACVLLTYMNSCLKLNLCAIF,36,3.62,0.7331,0.5393,0.4167,0.1411,0.5,0.5304,8214
GEN_5117,NRCWKKPKAHACLKTLACLLVIIANGCVKAFTRLPR,36,7.8,0.7201,0.6675,0.5218,0.4902,0.5,0.5304,8215
GEN_8253,TRCAHKPKAHACLSTLQCLLLIILNFTVRAFTRLPR,36,5.54,0.6738,0.6832,0.4167,0.4527,0.6,0.5304,8216
GEN_6177,TVCAKKPHYHACLSTPACLLLTILNGCVKAKVFALP,36,3.53,0.71,0.5159,0.4491,0.1876,0.5,0.5303,8217
GEN_6416,FRCWYKLKAAACLSTLACVQAIIINAKKKAIRACNSI,37,6.71,0.7075,0.5874,0.4741,0.3708,0.45,0.5303,8218
GEN_5709,WRCWKKPKAHACLSTLACLQAIILNGKGKTFTKLPKSFGIGWGSR,45,8.81,0.7142,0.6096,0.4899,0.3743,0.5,0.5302,8219
GEN_5878,THCAKRALHKHCLHYLACVLLTYFNACLKTFTKLIP,36,4.7,0.7128,0.5524,0.3519,0.1439,0.5,0.5302,8220
GEN_7228,THCAARPIAHACLSGMACLLLILNNGCIKTFTKLPK,36,3.53,0.6966,0.5814,0.4167,0.2939,0.5,0.5301,8221
GEN_7920,NPWGNRCAGPISLARILSTTFRVAGPLIALNRRSGFILF,39,4.75,0.6836,0.6816,0.4615,0.4697,0.6,0.5301,8222
GEN_0965,THCAKKAAAKNCLHYLACVLLTYFNSCLQRRVFAIF,36,4.53,0.7574,0.5399,0.3843,0.0505,0.5,0.53,8223
GEN_8266,TRCWKHPNKRACFSTPACLLLIILNGQGKTFTKVAV,36,5.45,0.6732,0.5559,0.3519,0.1734,0.6,0.5299,8224
GEN_3209,TRCFWLAKAHACLSMSACLTLIIKNETLKACVFYAV,36,2.44,0.7383,0.4509,0.4491,0.0108,0.5,0.5299,8225
GEN_5287,THCAKKPAAKHCLHYLACVLLTYFNACLRTFTSLIP,36,3.62,0.7184,0.5592,0.3843,0.1728,0.5,0.5299,8226
GEN_3165,TRHAARPKAHACLSYMACHLLILFNGCAKARVFAWP,36,4.63,0.7388,0.5136,0.4815,0.0789,0.6,0.5298,8227
GEN_5714,THCAKRILAKHCLHYCACVLLTYFNACLHAKAFCIP,36,3.68,0.7142,0.4959,0.3843,0.1431,0.4,0.5298,8228
GEN_4273,TRYHKKPHYHACLTSPACLLRTILNACVEAKRFALP,36,4.63,0.7289,0.5302,0.3519,0.0,0.6,0.5298,8229
GEN_3346,FRSAKKPLAKHCLHYIACVLVYYFNACLKAKVFAIF,36,5.9,0.7374,0.6022,0.4815,0.2291,0.6,0.5297,8230
GEN_3601,THCAKKPKAHACLSYLACLALIILRGCVKTFTRLPR,36,6.53,0.7353,0.6677,0.4151,0.3436,0.5,0.5297,8231
GEN_3050,THCADRILAKHCLHYLACVLLTYFNACLKRFYNLDD,36,0.62,0.7398,0.5309,0.4159,0.1051,0.5,0.5296,8232
GEN_6784,FHCAKKPLAKHCPHYLACVLTTYFNACLHAKAPAAF,36,4.06,0.7028,0.5193,0.4491,0.2056,0.5,0.5296,8233
GEN_0086,THCAKKAAAKNCLHYMACVLLTYFGSCLQKFTLLAP,36,3.53,0.7693,0.5286,0.3843,0.0,0.5,0.5295,8234
GEN_5894,THYWKKARNHACVSTLACLLGIILQGCVKAFTRLPR,36,5.54,0.7127,0.6397,0.3519,0.2181,0.6,0.5295,8235
GEN_7334,KPLCVPSAHKQSKRCTLVVALNAGGKILDCRKKIAKCL,38,7.8,0.6952,0.4961,0.4297,0.2309,0.4,0.5295,8236
GEN_6236,THCAKKLVAKSCLWYLACVLCTYFNSCLKAVVFAIF,36,3.43,0.7094,0.5195,0.4491,0.2555,0.4,0.5294,8237
GEN_8062,MHCAKKPLAKHLIHYLACVLLTYFSHCLKTFTDLAR,36,3.81,0.6794,0.6253,0.3843,0.3037,0.6,0.5294,8238
GEN_3874,THKAARPVAHACLSFTACILLLLDNGCIKTFPKLPK,36,3.54,0.7331,0.5924,0.4491,0.1876,0.6,0.5293,8239
GEN_0407,THCAKRILAKHCLHYLACVLLTYFNACLRIKAFAIP,36,4.62,0.7632,0.5453,0.4491,0.1057,0.5,0.5293,8240
GEN_5814,THYHKKPQYHACLRTLACLILQIVNGCVKAKSFAAH,36,4.71,0.7134,0.5328,0.3194,0.005,0.6,0.5293,8241
GEN_3520,TRCARKPKAHACLSTLACLLQAILSGCVKAFTRLPR,36,6.44,0.7359,0.6536,0.4101,0.3107,0.5,0.5292,8242
GEN_4582,TRYRKKPHIHACLSTQACLLLIILNGCLKAFSRLPR,36,6.54,0.7257,0.6428,0.3833,0.2218,0.6,0.5291,8243
GEN_7570,FRCWYRPKAAACLTTLACLQHIINNKKAKTFTKNKNFYPLGKPDY,45,7.81,0.6907,0.4423,0.4055,0.0583,0.5,0.5291,8244
GEN_8565,CHAAAKPHAHACLSYLACVLLTYFNAVLHAMAFAAD,36,0.08,0.6588,0.5145,0.6807,0.4617,0.6,0.5291,8245
GEN_3933,NRCWKKPKAHACLSTLACLLLIILNGCVKAFTRLPR,36,6.8,0.7326,0.6675,0.4635,0.3938,0.5,0.5291,8246
GEN_6884,GPWGSRCAGGISLARILSTTRRVAGGLIALNRRSGKILF,39,6.75,0.7018,0.6128,0.3856,0.23,0.6,0.5291,8247
GEN_4485,IHCAARVKAHACLSYMACIALILNQGCIKTFTKLPK,36,4.89,0.7268,0.5814,0.4167,0.2162,0.5,0.529,8248
GEN_7823,TMCAKKPQAHACLSELPCLLLRYFNACVHCKVFAAK,36,3.52,0.6858,0.5555,0.4167,0.3358,0.4,0.529,8249
GEN_3752,ARCAKRPQAHLCLSYMACILLTYLNGCVKAKVFAVP,36,4.84,0.7341,0.5805,0.4491,0.2302,0.5,0.529,8250
GEN_1059,EHCAMKIAAKHSLHYLACLLLTYFNACLRSFTKLIP,36,3.06,0.7564,0.6305,0.4167,0.1627,0.6,0.529,8251
GEN_8600,RRCWYEPWAAACLSTLLCLQAGYLNGRCKTFTIIAMSFGSWDAWR,45,2.72,0.657,0.4531,0.3778,0.2595,0.3,0.5289,8252
GEN_5793,THCAKKAAAFNCLHYLACVLLTYFGSCLSRFTLLAP,36,2.53,0.7137,0.5713,0.4167,0.2288,0.5,0.5288,8253
GEN_6450,LHCGKWAAAKNCLHYLACVLLTYFGSCLQRFTLLAP,36,2.89,0.7072,0.5836,0.4167,0.2642,0.5,0.5288,8254
GEN_4858,TRYHKKGHYHACLSTLACLWWIILFETLPAKVFAAV,36,2.64,0.7227,0.5077,0.4491,0.0,0.7,0.5287,8255
GEN_2669,LRCAKKPQAHACLCTLACLLLIILNETYRTFTFLPK,36,3.81,0.7426,0.5279,0.4167,0.0876,0.5,0.5286,8256
GEN_3683,THCAKRILDKHCLHYLACVLLTYVNACLHAKAFAIP,36,2.7,0.7345,0.5683,0.4167,0.1726,0.5,0.5284,8257
GEN_6565,FFCAKHPLAKHCLHYLACNLVLYFNACLKFFTSAAP,36,2.98,0.7058,0.5415,0.4815,0.2596,0.5,0.5284,8258
GEN_5901,KRCWKKPKAHACLSTLACLQAIILGGKGKTFTKLPK,36,8.81,0.7126,0.4856,0.4833,0.0851,0.6,0.5283,8259
GEN_7248,TVCAKKIAAKHCLHYLACLLLTYIISCLWNFTSIIF,36,2.53,0.6964,0.5219,0.4491,0.2161,0.5,0.5283,8260
GEN_2053,GHCAKKAAACHCLHYLACVLSTYFIACLDRKVFAVF,36,2.97,0.7474,0.5051,0.4167,0.1031,0.4,0.5283,8261
GEN_7455,KRCWKKPKAPACLTTVACIQAIILNGKGKTFTKLPK,36,8.72,0.6927,0.5082,0.5107,0.197,0.6,0.5283,8262
GEN_6371,TECAKKPLAHACLSYLACLLLTPVNGCVKAKVFPAV,36,2.44,0.7081,0.5049,0.4815,0.193,0.5,0.5283,8263
GEN_7706,TRYHFKPHYHACLSTLACLLLIILNGCVKAFTRLPR,36,4.63,0.6885,0.6536,0.3843,0.3227,0.6,0.5283,8264
GEN_5556,THCAKRILARHCLHYLTCVLLTYFNACLLAKAFAIP,36,3.62,0.7158,0.5569,0.4491,0.2288,0.5,0.5283,8265
GEN_7185,FRCWYKPKAAACLSTLACLQAIILNGCGKTFTKLPK,36,5.71,0.6972,0.5556,0.3843,0.2049,0.5,0.5282,8266
GEN_1520,ARCAKRPQAHLCLCTLACLLLFILNETYKTFTKLPK,36,4.84,0.7519,0.5782,0.3843,0.1144,0.5,0.5281,8267
GEN_5293,THCAKRILAKHCLHYLACVLLTYFNACLKTFISLAR,36,4.62,0.7184,0.5347,0.3843,0.1198,0.5,0.5281,8268
GEN_4436,TECAKKIAAKHCLHYLACVLLTYFIACLHAKAFAIP,36,2.62,0.7274,0.4972,0.4815,0.1332,0.5,0.5281,8269
GEN_0919,SVCAKKIAAKRCLHYLACVLLTYFIACLKTFTSLAP,36,4.5,0.7578,0.5685,0.4491,0.1492,0.5,0.5281,8270
GEN_6523,FRCWYYPKAAAHLSTLACLQLIILNHCVKEFTRLSR,36,3.9,0.7062,0.6721,0.3843,0.3098,0.6,0.528,8271
GEN_2874,ARCAKRPQAHLCLCTLACLGLFILNETYKTFAFAAK,36,3.84,0.741,0.5667,0.4167,0.1518,0.5,0.528,8272
GEN_7515,APLHVPSALKGSKRCWLVVALNCGGRPGTCRKKAPKCL,38,7.84,0.6917,0.5345,0.4625,0.3251,0.4,0.5279,8273
GEN_6547,TRCAKRILAKRCLHYLACVLLTYFNGCLHAKQFAQP,36,5.53,0.706,0.5268,0.3519,0.1019,0.5,0.5279,8274
GEN_7310,TRYHKKQHYHACLCTLACLLAFILNETYKTFTKLPK,36,4.62,0.6955,0.5226,0.3,0.0,0.6,0.5278,8275
GEN_1598,THCAKKILAWHCLHYLACVLLDWFRACLHAHALAGD,36,0.8,0.7511,0.5543,0.5333,0.2231,0.5,0.5278,8276
GEN_3389,TRCAKKPNRHACFSCMACLLVIILNGQGKTFTKLAL,36,5.44,0.7371,0.6283,0.3519,0.198,0.5,0.5278,8277
GEN_5077,FRFWYKPKAAACLSTLACLQAIILNGKKKVIRACNTI,37,6.72,0.7205,0.6071,0.4747,0.29,0.55,0.5277,8278
GEN_8614,THCAKRILYNHCLHYLACCLLLYFNQCLHAKAFAIP,36,2.69,0.656,0.4903,0.3843,0.255,0.4,0.5276,8279
GEN_5990,TRYHKKPHYHACLSTLACASLIILNTCVKAFPRAAV,36,4.63,0.7119,0.6135,0.3843,0.1964,0.6,0.5276,8280
GEN_5971,THWAKRIAARHITQDLACVLLTYMNSCLKLNLYALF,36,2.55,0.712,0.5674,0.4167,0.085,0.7,0.5276,8281
GEN_8325,LECAKFIAAHHMLHYLACVLLTYFIACLKTATTLIP,36,0.99,0.6708,0.4964,0.5845,0.2965,0.6,0.5275,8282
GEN_7071,FRCWYSPKAAGALSTIACLQPIILNVFKKTFTKIPK,36,5.73,0.699,0.6323,0.4491,0.2556,0.7,0.5275,8283
GEN_3852,THCAKKPHAHACLSYMACILLILNNGCIKTFTKLPP,36,3.62,0.7333,0.5268,0.3843,0.1675,0.35,0.5274,8284
GEN_1239,THCAKNPLAKRCLHYLACVLLTYFYACLKTFTKLIP,36,4.53,0.7545,0.5407,0.3843,0.0407,0.5,0.5274,8285
GEN_2322,FHCAKNIAAKHCLHDLACTLVTYFIACLRTFLSLAM,36,1.98,0.7453,0.5198,0.4505,0.0936,0.5,0.5274,8286
GEN_2569,FRSAKKPLAKHCLHYIACVLVYYFNACLKAKFFALF,36,5.9,0.7434,0.6022,0.4815,0.1996,0.6,0.5274,8287
GEN_7018,WRCWYKMKAHARISTLAELLLNILNKMNKIKVFAAV,36,5.83,0.6998,0.6245,0.4815,0.3039,0.65,0.5272,8288
GEN_4571,FRCWYKIKAAASLSTLACLQLIILNVSKKVIRACNSM,37,5.73,0.7258,0.6761,0.4324,0.3473,0.55,0.5272,8289
GEN_2893,SRLVKKPKAHACLSTLACLLLIILNACLKAKVFAAR,36,6.51,0.7409,0.5688,0.5438,0.211,0.6,0.5272,8290
GEN_5503,THCQKRILAKRAMHWLACVLLTYFNACLKTFTSLAD,36,3.54,0.7163,0.5333,0.3843,0.0499,0.6,0.5272,8291
GEN_6190,IHCAARPKAHACLSYMACWAAILNQGCIKTFTKDWK,36,3.89,0.7099,0.5431,0.3843,0.1467,0.5,0.5271,8292
GEN_6602,THCAKKPLWKHCLHYLACVLLTFFNACLHAKAFAIP,36,3.7,0.7054,0.5251,0.4815,0.2243,0.5,0.527,8293
GEN_8291,THTAKYPLAKHVLHYLACVLLFYFNACLKTFTILIP,36,2.63,0.6722,0.5324,0.4815,0.18,0.7,0.527,8294
GEN_7027,THCAPKPKAHACLSYLACASLIILNTCVKAFPRAAV,36,3.53,0.6997,0.6552,0.4815,0.4533,0.5,0.5269,8295
GEN_5660,NHCAKFAAAKHCLHYLACVLLTFFNSCLKRKVFAIF,36,4.98,0.7148,0.577,0.4491,0.2555,0.5,0.5269,8296
GEN_1930,ARCAKRPQAKLCLCTLACLLLFILNETYKTFTKLPK,36,5.75,0.7483,0.5782,0.3843,0.1144,0.5,0.5269,8297
GEN_1037,THCAKNPLAKRCLHYLACVLLTYFNACLHAKAFAVP,36,3.62,0.7566,0.5685,0.4491,0.1431,0.5,0.5268,8298
GEN_5732,FRCWYKPKAAACLFTLACLLLCILNGCLKAKVFAAV,36,4.71,0.7141,0.5412,0.5463,0.3609,0.4,0.5268,8299
GEN_6592,SHCGARILARHCLHYLACVLATYFNACLHAKAFAAD,36,1.77,0.7055,0.5644,0.4327,0.2384,0.5,0.5267,8300
GEN_6299,KRAWHKPRAHACLRTLACLQAIILNGKGKTFTKLPK,36,8.91,0.7087,0.4866,0.5215,0.0572,0.7,0.5267,8301
GEN_7400,QWCWKKPGAHACLSCWACVLAAKYNRKGKTFTKLPKTFAGGTGSR,45,8.8,0.694,0.5853,0.4633,0.3969,0.4,0.5266,8302
GEN_3236,TRCAKMPKAHACLCTAACLLAIILNETYKTFTFLPK,36,3.44,0.7382,0.4771,0.4167,0.0,0.5,0.5266,8303
GEN_4976,FHCAKKPLAKHCLHYLACVLLTYFNACLHAKAFAAC,36,4.05,0.7214,0.5061,0.4491,0.1868,0.4,0.5266,8304
GEN_4599,FHCAKKLAHKACLHYLACVLITYFINCLKNFVLLAP,36,3.98,0.7256,0.6093,0.4815,0.3147,0.5,0.5266,8305
GEN_3134,SRLVKKPKAHACLSTLACLLMIILNACLKAKVFAAR,36,6.51,0.739,0.5688,0.5438,0.211,0.6,0.5265,8306
GEN_7211,FRCWYRPKGAACITTLACLQLIILFGCNKAKVFAAV,36,4.72,0.6969,0.526,0.4815,0.2422,0.5,0.5265,8307
GEN_4617,TRCPWKILAEHCLHYIACLLLTYFNACLHLKRFAAD,36,1.62,0.7253,0.5021,0.443,0.0978,0.5,0.5265,8308
GEN_2087,WHCAKKWLAKHCLHYLACVLLTYFNICLRDKAFALP,36,3.98,0.7471,0.5218,0.4491,0.0839,0.5,0.5263,8309
GEN_6362,THCAKKPLVLHCLHYLACVLLNYFNACLKTFNKLPK,36,4.61,0.7082,0.5794,0.3843,0.2064,0.5,0.5263,8310
GEN_7006,THCAKNPLAKRCLHYLACVLLTYFNACLFWWTSLIP,36,2.53,0.7,0.5685,0.4491,0.2722,0.5,0.5263,8311
GEN_7307,FRCWYKPKAAACLSTLACLQLIFLNVCGKTFTKLPN,36,4.72,0.6956,0.5512,0.4167,0.2196,0.5,0.5261,8312
GEN_6384,ARCAKRPQAHLCLCTLACLLLFINNPCGKTFTKLPK,36,5.83,0.7079,0.5646,0.3843,0.2469,0.4,0.526,8313
GEN_6649,FRCWKKPQATACLSTLACLLLIILNGCVKAFTKLPK,36,5.72,0.7046,0.5944,0.4491,0.3008,0.5,0.5258,8314
GEN_4932,FRCAYKPKAAACLSSLACLQAIIAKWCGRVKVKPPK,36,7.71,0.7219,0.4952,0.549,0.2945,0.35,0.5257,8315
GEN_8133,TRYHKSPHYHACSSTPACLLLTILNGCVKAKVFALP,36,3.63,0.6772,0.4742,0.3519,0.0,0.6,0.5257,8316
GEN_4572,THCAKRILAKHCLHYLACVLLTYFNACLHAKAFAIF,36,3.7,0.7258,0.5236,0.4491,0.1331,0.5,0.5257,8317
GEN_5508,TRCAKKPPKHACFETLACLILIILSGQGKTFNKLAL,36,4.45,0.7163,0.6092,0.3843,0.2659,0.45,0.5257,8318
GEN_7069,FVCFYKPKAHACLSTAACLLLIILNGCNKTFTKVAV,36,3.8,0.6991,0.57,0.4491,0.2718,0.5,0.5256,8319
GEN_3936,NRCAAKPIAHACLCTLACLLLIILNETYKTFTFLPR,36,2.81,0.7326,0.5671,0.4491,0.1888,0.5,0.5256,8320
GEN_8021,THCAKNIIAKHCLHYLACVLVTYFNACLHANVFAIF,36,1.7,0.6807,0.4833,0.4698,0.1901,0.5,0.5255,8321
GEN_0794,THCAKKILAKHCLHYLACVLLTYFNACLRTFDKLPK,36,4.61,0.759,0.619,0.3519,0.1153,0.5,0.5254,8322
GEN_2944,TRCAAKPQDHACLCTLACLLLIILNETNKTFTFLAK,36,1.45,0.7405,0.5029,0.423,0.0362,0.5,0.5254,8323
GEN_5755,FHCAKRILAKHCLHYLACVLLAYFNGCLHAKAFAVP,36,4.06,0.7139,0.5719,0.4815,0.271,0.5,0.5253,8324
GEN_1797,LRCAKKPQAHACLCTLACLLLFILNETYKTFTKLPK,36,4.8,0.7495,0.5782,0.3843,0.1012,0.5,0.5253,8325
GEN_6231,THCAKKIAAMHSLHYLACILLTYFIACLKTFTSLAP,36,2.63,0.7094,0.4851,0.4491,0.0374,0.6,0.5253,8326
GEN_4638,FRCWYKPKAAACLSTIACLQLIILNYSKKGIRAVAV,36,5.72,0.725,0.6421,0.4491,0.2624,0.6,0.5252,8327
GEN_5619,FRCWYKPKAAACLSTLATLQAIILNASKKVIRACNTI,37,5.73,0.7151,0.6671,0.4324,0.3441,0.55,0.5252,8328
GEN_6517,TACAKIPLAKRSLHYYACILLTYFNMCLKTYTKLIP,36,4.45,0.7063,0.5181,0.3843,0.0341,0.6,0.5252,8329
GEN_6087,TRCAKKPKAHACLCTLACLLLIILNGCVKAFTRAAV,36,5.43,0.7107,0.6269,0.4491,0.4035,0.4,0.5252,8330
GEN_3862,FRCWYKPKAANCLSTLACLQLIILNVSGKAIRACSSI,37,4.72,0.7332,0.5826,0.4009,0.195,0.45,0.5251,8331
GEN_8240,SHCAKKIAAHHCLHVIACHLLTYFIACLKTFSSSSP,36,2.85,0.6741,0.4434,0.3519,0.0188,0.5,0.5251,8332
GEN_2805,TRCAKRPNKHACMSTLACLLLTISNTCVKVKVFAAH,36,5.53,0.7415,0.6119,0.3519,0.1425,0.5,0.5251,8333
GEN_6254,LHCAKKIAAKHIIHYLACVLICYFIACLKTVRTLIP,36,4.98,0.7092,0.5561,0.4815,0.2536,0.5,0.525,8334
GEN_7175,LHCAKKIAAKRSRHYKACVLLTYFIACLFTCTTIIP,36,5.89,0.6974,0.4459,0.3843,0.0,0.5,0.525,8335
GEN_4495,THCAAKPKAHACLSYMACILLFILNMTYKRFTKLPK,36,5.54,0.7266,0.563,0.4167,0.0924,0.6,0.5249,8336
GEN_4659,TRTHYKPHYHACLSTPACLLLTILDGLVKAKVFAAP,36,2.64,0.7248,0.546,0.4167,0.0,0.7,0.5247,8337
GEN_2123,THYAKKPLAKHCLHYLACVLLTYFNACLRTFTSLIP,36,3.62,0.7468,0.5592,0.3843,0.0049,0.6,0.5247,8338
GEN_5940,FRCFYKPKAAACLPILACLQAIILNGKGKTFTKLAKSFGIGEANR,45,6.73,0.7123,0.6427,0.4461,0.3523,0.5,0.5246,8339
GEN_6776,THMAKCIAAKMCLHYLACVLLTYFIACLKGFTSLAP,36,2.53,0.7029,0.4864,0.4815,0.1492,0.5,0.5246,8340
GEN_7975,FHCTKKPLAKHCLHYLACVLLTYFNACDKTFPKLIP,36,3.98,0.6822,0.5373,0.3843,0.1854,0.5,0.5246,8341
GEN_4472,TWSAARPLAHACLSYMACHLLILNNGCIKAAVFAAV,36,1.54,0.7269,0.5491,0.5784,0.2274,0.6,0.5245,8342
GEN_8618,THCAKKPKAHWCLNYLACLLACPVNGCVKAKVMPAV,36,4.52,0.6556,0.4731,0.4491,0.2699,0.4,0.5243,8343
GEN_7396,FRAWYKSKAAACLTTAACRQAIILNGSKKVIRACNSI,37,6.73,0.6941,0.6377,0.4117,0.3173,0.55,0.5243,8344
GEN_6566,THCAKHAAAKNCLHYLACVLLTYFGSCLQRFTLLAP,36,2.62,0.7058,0.5697,0.3843,0.1825,0.5,0.5243,8345
GEN_3073,ARCAKRPQAHLCLCTLACLLLFILNETYGSFTFAAD,36,0.85,0.7396,0.5667,0.4973,0.2107,0.5,0.5242,8346
GEN_7538,WRCWKKPKAHACLSTWACFLAAILCGLGKTFTKLPKTFPIGTGSR,45,7.8,0.6913,0.6137,0.4829,0.4542,0.4,0.5242,8347
GEN_1062,IHCAKKAAAKRCLHYLACLLLTYFNSCLNRNLFAIP,36,4.89,0.7564,0.5546,0.4167,0.0706,0.5,0.5242,8348
GEN_5474,TVCAKHIAAKHCLHYLACVLLTYFIACLKTFTSLAP,36,2.62,0.7166,0.4851,0.4491,0.0804,0.5,0.5242,8349
GEN_6652,THCAKKILAKHCLWYLACVLLTSFFACWKTFDKCPK,36,4.52,0.7046,0.5438,0.3843,0.2077,0.4,0.5242,8350
GEN_8181,TRCWKKPKAHACLFTLACLLLIILNPCVKAQTRLPR,36,6.44,0.6758,0.5914,0.4748,0.3778,0.5,0.5241,8351
GEN_4799,WRLWYKPKAHACLSTLACLLLIILNPCNRLFTKCAV,36,4.8,0.7234,0.6569,0.4815,0.3823,0.5,0.5241,8352
GEN_3658,THCAVKPLAKHCMHYLACVLLTWFNACLKAKVFAAW,36,3.62,0.7347,0.5531,0.5139,0.2153,0.5,0.5241,8353
GEN_3677,THCLQKAAAKNCLHYLACVLLTYFNSCLKRTVFALF,36,3.53,0.7346,0.561,0.3843,0.0988,0.5,0.524,8354
GEN_7550,TRCAKKPKAHAKLNYMACILLIINNACVKAFTRAPR,36,7.45,0.6911,0.6459,0.5012,0.3917,0.6,0.524,8355
GEN_5000,THCAKHIAVKHCMHWIACVLLTYFNACLHAKAFAAD,36,1.79,0.7213,0.5064,0.4634,0.1175,0.5,0.524,8356
GEN_4586,FRCWYKAKAALRLSTLACLQLIIGNVSKKVIRACNSI,37,6.73,0.7256,0.6654,0.4432,0.3186,0.55,0.5239,8357
GEN_1363,THCAKRILAKHCLHYLACVLLTFFNACLKEPTSLVP,36,2.62,0.7534,0.5097,0.4167,0.0,0.5,0.5238,8358
GEN_5891,THKAKQIAAKHCLHYLACVLLTDFIACLKNFTSCAP,36,2.62,0.7127,0.5181,0.3843,0.0767,0.5,0.5238,8359
GEN_6307,SRVATKPKAHACASTLACLLLPILNACLKANVFAAN,36,3.51,0.7087,0.532,0.5139,0.1715,0.6,0.5237,8360
GEN_8417,THCAKKPAAKNCLHYLACVLWTDEGSCLERFTLLAP,36,0.54,0.6671,0.5016,0.4544,0.225,0.5,0.5237,8361
GEN_5898,TRCAKKPKAHACLSTLACLLLIILNPCAKVFTRLPR,36,6.44,0.7126,0.69,0.4748,0.4533,0.5,0.5237,8362
GEN_7618,THCGKRILLKHCQHYLACVLLAYFNACLHAKCFAVP,36,3.69,0.69,0.5314,0.3843,0.2183,0.4,0.5237,8363
GEN_8432,THCAKKIAAWHCLHWLACMLLTYFIACLFTFTNLIP,36,1.62,0.6662,0.4696,0.5407,0.2601,0.5,0.5237,8364
GEN_1219,IHCAKKAAAKRCLHYLACLLLTYFNSCLNRNLLAIP,36,4.89,0.7547,0.5546,0.4167,0.0706,0.5,0.5236,8365
GEN_2664,THCAKRINAKHCLHYMACVLLTYFNACLKTFTKLIP,36,4.61,0.7426,0.5524,0.3519,0.0307,0.5,0.5236,8366
GEN_6871,SHCAKKAAFKHCLHYLACVLLTYFNSCLNRRHFAIE,36,3.77,0.702,0.51,0.3194,0.0224,0.5,0.5236,8367
GEN_4795,TRDAAKEDAHACLCTLACLLLIILNETYKTFTFLPK,36,-0.54,0.7234,0.4632,0.5621,0.0695,0.6,0.5235,8368
GEN_7329,TRYHKKPKYKACLSNLACLLLTPVNTCVRAFPRAAV,36,6.45,0.6952,0.6621,0.4105,0.315,0.6,0.5235,8369
GEN_0840,LHCAKKAAAKNCLHYIACCLLTYFGKCLQRFTLLAP,36,4.88,0.7586,0.6369,0.3843,0.2321,0.4,0.5235,8370
GEN_8440,THCVARPKAHACLSYIECILLILNNGCIKTFTKLPK,36,3.53,0.6659,0.5536,0.3519,0.2103,0.5,0.5234,8371
GEN_5228,TRHAARPKAHACLSYTACILLLYFNACLKTFTKLAR,36,5.54,0.719,0.6192,0.3843,0.1615,0.6,0.5234,8372
GEN_8072,GFWGSRCAGGISLARILQTTSRVAGGLSCVNRRSGKILF,39,5.74,0.6791,0.6122,0.3,0.1578,0.6,0.5233,8373
GEN_1485,THCAKKALAKHCLHYLACVLLTYFNKCLKTFTKMPK,36,6.61,0.7523,0.6097,0.3551,0.1044,0.5,0.5233,8374
GEN_8372,THCAKKIAAKHCLHYLACVLLFYFIWEVWRFTLLAP,36,2.63,0.6687,0.6038,0.5139,0.382,0.6,0.5233,8375
GEN_1631,THPAKRTLAKHCLHYLACVLLAYFNACLHAKAFFVP,36,3.71,0.7508,0.5547,0.4815,0.0762,0.6,0.5233,8376
GEN_7950,MRCWYKPKAAATLSTLACLQAIILNASKGVSRACNSL,37,4.47,0.6827,0.6082,0.4009,0.2758,0.55,0.5231,8377
GEN_7864,GPWGSRCAGGISLARILWTTRRVAGGPIALNRRSGKILF,39,6.75,0.6849,0.5785,0.4155,0.2023,0.6,0.5231,8378
GEN_4011,LHCAKKLEAMHCLHYLACVLLTYFNACLKTFGSVCP,36,1.97,0.7318,0.4984,0.3864,0.0635,0.4,0.5231,8379
GEN_5292,FRCWYKPIAAACLFTLACLCLTILNGCVKAKVFAAH,36,3.79,0.7184,0.6039,0.5139,0.3971,0.4,0.523,8380
GEN_2768,THCAAAPKAHACLSYMACILLILNNGCIKTFTKLPK,36,3.53,0.7418,0.5814,0.4167,0.1413,0.5,0.523,8381
GEN_8100,TRTHYKPHYHACLSTPACLLLTILNGCVKAKVFAAP,36,3.63,0.6781,0.4881,0.3843,0.035,0.6,0.5229,8382
GEN_5364,FHCASKTAACKSLHICACVLLTYFQSCLKATVFALF,36,2.88,0.7178,0.5101,0.4167,0.1438,0.4,0.5228,8383
GEN_5807,LHCAKKIAARVSLHYLACVLLTYFIACLRTCTTLIP,36,3.89,0.7135,0.582,0.4491,0.2395,0.5,0.5228,8384
GEN_7856,WRCWKKPKARACLNTLGCLLLIINNGKGRTFTKLPRSFGIGTISR,45,9.73,0.6851,0.6845,0.5173,0.5448,0.5,0.5228,8385
GEN_7588,THCCKKPLARHCLHYLACVLLQYFSACLKEFTKLAR,36,4.61,0.6904,0.5907,0.3194,0.2444,0.4,0.5227,8386
GEN_2510,TRCFWLAKAHACLSMSACLTLIILNETLKACVFYAV,36,1.45,0.7439,0.4383,0.5203,0.0,0.5,0.5227,8387
GEN_5715,THCAKRILAPHCLHYLACVLLTYFNACLHAKAFAAD,36,1.71,0.7142,0.4849,0.4695,0.0957,0.5,0.5227,8388
GEN_3868,THCAKKALAKHCLHYMAMVLLTYFNACLRTFTKLIP,36,4.62,0.7332,0.6303,0.4167,0.1739,0.6,0.5226,8389
GEN_6661,THCAKKAAARNCLHYVACVLLTYFNSCLNRRVFAIF,36,4.53,0.7045,0.5378,0.3843,0.1208,0.5,0.5226,8390
GEN_7151,IHCAKVAVAKHCLHYIACVLLHYFNSCLNRKLFAIY,36,4.06,0.6978,0.5667,0.4167,0.2161,0.5,0.5225,8391
GEN_6769,TFCAKKFLAWHNAHYLACVLLDWFRPCLCAKAFAGD,36,1.53,0.703,0.5742,0.5141,0.3141,0.5,0.5225,8392
GEN_4357,TRCAKFPKAHACLCTYACLLLIILNENYKTWWRLPK,36,4.44,0.7282,0.5741,0.3843,0.1252,0.5,0.5225,8393
GEN_7585,LKCAKKAADKDCLHYLACVILTYFGSCLQMFTLLAP,36,1.8,0.6905,0.5353,0.4304,0.1941,0.5,0.5224,8394
GEN_7702,FRCWYKWNAAACWSTLACLQAIILNASAKVKVYVFV,36,3.73,0.6886,0.5352,0.5139,0.2142,0.6,0.5223,8395
GEN_1628,THCAKNIAAKHCAHYPACVLLTYFIWCLQRFTLLAP,36,2.62,0.7508,0.5645,0.4491,0.1198,0.5,0.5222,8396
GEN_5406,LRCAKIPQHKLCACTLACLLLYILNETYKTFTKLPK,36,4.8,0.7173,0.5643,0.3519,0.0991,0.5,0.5221,8397
GEN_7174,WRLWYKPKAHACLSTLACPLLIILNPCNKTFTKCAV,36,4.8,0.6974,0.5727,0.4491,0.2573,0.5,0.5221,8398
GEN_4499,LHCAKKAAKKHILHYIACVLLAYFIACLHAKAFAAD,36,4.08,0.7266,0.5747,0.5139,0.1901,0.6,0.5221,8399
GEN_8511,HHCAKKPLAKHCLHYLACVLLTFFMACLHAKAFAAD,36,3.16,0.6624,0.52,0.4815,0.2832,0.5,0.5221,8400
GEN_2401,THCAKRILAKHCLHYLACVLLQYFNACLHAKGFALP,36,3.7,0.7447,0.5097,0.4167,0.0087,0.5,0.522,8401
GEN_4914,WRCWYKPKAHACLSTLACLLLIILNGCNKTFTRLPR,36,5.8,0.7221,0.632,0.3843,0.2326,0.5,0.522,8402
GEN_0909,LRCAKKIAAKHSLHYLACMWLTYFHACLATCWTALF,36,3.98,0.7579,0.5817,0.4491,0.1304,0.5,0.522,8403
GEN_0881,TRCLKKMAAKHCLHYLACVLLTYFIACLKTFTSLAP,36,4.53,0.7582,0.5474,0.4167,0.0395,0.5,0.522,8404
GEN_4340,THCAARPKAHACLSYMACILLILNIGCIKAKVFAVP,36,3.53,0.7283,0.4237,0.5139,0.0,0.5,0.5219,8405
GEN_5731,FRCWYKIKAAACLSTLACLYLIILNGCVKAFTRLPR,36,5.72,0.7141,0.6814,0.4491,0.3971,0.5,0.5218,8406
GEN_7555,TRWRKKPTNHACLSTLACLLLIILNGCVKAFTRLPR,36,6.45,0.691,0.6536,0.4107,0.2999,0.6,0.5218,8407
GEN_7463,HRCWYKAKAALRLCFLACLQLIIGNVSVKVNRACLSI,37,5.8,0.6926,0.5611,0.4324,0.2632,0.45,0.5218,8408
GEN_5216,THCAKRILAKHCLHYLACVLLTYFNACLHAKASLLP,36,3.7,0.7192,0.5097,0.4167,0.0662,0.5,0.5217,8409
GEN_6275,THCAKKAAAKHCLHYLACVLLTPFNSCLKRTVFALF,36,4.62,0.709,0.5772,0.4167,0.202,0.5,0.5216,8410
GEN_6721,TDCVKKILARHCDHYLAAVLLTYMRACLHAMAFATD,36,0.63,0.7038,0.5527,0.5124,0.2023,0.6,0.5216,8411
GEN_6512,THCAPKQAAKPCLHYLACVLLTYLIACLKTFSSLIP,36,2.53,0.7064,0.5218,0.4491,0.1464,0.5,0.5214,8412
GEN_7806,FVLPLVRCLGAAWLTFLFNQWCFKRHVGPPCKCHSIGLV,39,3.89,0.6864,0.5771,0.4915,0.4941,0.25,0.5214,8413
GEN_3824,PRCAKKPNKHACLSNLACLWIIILNETLKAAVFAAV,36,4.01,0.7335,0.6471,0.5139,0.2901,0.6,0.5214,8414
GEN_0582,SHCAKKAAAKACLHYLACVLLTYFGSCLQKFTLLAP,36,3.59,0.7612,0.5425,0.4167,0.0199,0.5,0.5213,8415
GEN_4113,TWCAKRILAKHCLHYMACVLLTYFQACLKTFTSLAD,36,2.53,0.7307,0.5108,0.3843,0.006,0.5,0.5213,8416
GEN_6693,QDSIKKILAKHCLHYLACVLLVVFNACLKAHAFAIF,36,2.99,0.7042,0.5711,0.5139,0.2305,0.6,0.5212,8417
GEN_0267,THCAKRILAKHCLHYLACVLLAYFNACLHAKAFAVP,36,3.7,0.7653,0.5375,0.4815,0.0662,0.5,0.5212,8418
GEN_7041,THCAAKPHAHACLSYPACVLLTYFNACLKTFDKLPK,36,2.62,0.6994,0.5819,0.3843,0.195,0.5,0.5209,8419
GEN_7312,FRCWYKPKAANCLSTLACLQLIIINVSGKAIRACSSI,37,4.72,0.6955,0.586,0.4009,0.26,0.45,0.5208,8420
GEN_8641,HGFGNSCSGRILECAVCLSRSLFHAICLQCFA,32,0.89,0.6541,0.5453,0.2952,0.0831,0.6,0.5208,8421
GEN_8211,MHCAKKPLAKHCLHYLACVLQTYFNLCLKNFNKLIP,36,4.72,0.6751,0.563,0.3843,0.2188,0.5,0.5207,8422
GEN_4886,TRPIKKPHYHACLRTLACLDLIILNGCVKAFTRLPH,36,4.63,0.7224,0.6106,0.3843,0.1207,0.6,0.5207,8423
GEN_6673,KRCWKKPKEHACLSTLACLQAIILSWAWKAKVFAAQ,36,5.81,0.7044,0.5936,0.4491,0.1981,0.6,0.5205,8424
GEN_7610,FRCWYHPKAAACLSTLACLQAIILNGKGKVIRACNSI,37,4.8,0.6901,0.5324,0.4009,0.1813,0.45,0.5205,8425
GEN_0265,THCAKRILAKHCLHYLACVLLMYFNACLHAKAFAIP,36,3.7,0.7654,0.5375,0.4815,0.0609,0.5,0.5204,8426
GEN_0819,LHCAKKILAKHCLHYLACVLLTYFNACLRTFDKLIP,36,3.98,0.7587,0.6467,0.4167,0.1922,0.5,0.5202,8427
GEN_5758,CHCAKKLVAKHCLHYLACVLLTYFNACLKTFTFAAP,36,3.97,0.7139,0.4925,0.4167,0.1064,0.4,0.5202,8428
GEN_2756,THCAKRILAKHCLHYMACVLLTYFNACLITMSKLIP,36,3.62,0.7419,0.5097,0.4167,0.0,0.5,0.5197,8429
GEN_6368,SHCAKRILAKRCLHYLWIVLLTYFNACLHAKAFAIP,36,4.69,0.7082,0.5265,0.4815,0.1036,0.6,0.5196,8430
GEN_3955,TRFHKKPHYFACLSTPACLLVSILDGCVKAFTRAAV,36,3.54,0.7324,0.6172,0.4167,0.1334,0.6,0.5195,8431
GEN_6818,THCAKKAAAKHCLHYLACVLLTYFISCLQRFTLAIF,36,3.62,0.7025,0.5996,0.4167,0.2394,0.5,0.5194,8432
GEN_1904,IHCVKKAAAKRCLHYLACLLLTYFNSCLNRNLQAIP,36,4.89,0.7486,0.5407,0.3843,0.0,0.5,0.5192,8433
GEN_6864,PHCAKKAAAKHCLHYIACVLGTYFINCLQRFLLLAP,36,4.18,0.7021,0.6318,0.4491,0.3252,0.5,0.5192,8434
GEN_7094,SRLVKKPKAHAFLSTKACLLLIICNACVRVFTRLPR,36,7.51,0.6987,0.7139,0.5374,0.4907,0.6,0.5191,8435
GEN_6642,LRCWKKWKRHACLTILGANATNFANWCGKVPVFAAV,36,5.81,0.7047,0.6961,0.4491,0.3581,0.6,0.519,8436
GEN_5735,THCAAKPKAHACLSYMACILLIINNACGCTFTKLAV,36,2.52,0.7141,0.4463,0.4167,0.0207,0.4,0.519,8437
GEN_8462,ADCAKRPQAHLCLCTLPCLLLFILNETYKTFTKLPK,36,2.84,0.6648,0.5782,0.3843,0.2557,0.5,0.5189,8438
GEN_5739,LHCATKAAAKNCLHYLACVLLTYFGSCLQRFTLLAP,36,2.89,0.7141,0.5836,0.4167,0.1825,0.5,0.5189,8439
GEN_3277,TRCAKKPNKHACFSCLACLLLIILNETYKTFTFLPK,36,4.44,0.7378,0.5778,0.3519,0.0509,0.5,0.5187,8440
GEN_6351,GRCWKKPFAHACLSTLACLLAIILNGKGKTFKKLPKIFGIGTPSR,45,8.81,0.7083,0.6635,0.5417,0.4522,0.5,0.5186,8441
GEN_6644,TRCAKPPKAHACLCTLACLLLIILNETYKTFIGFPK,36,3.44,0.7047,0.4857,0.4167,0.1386,0.35,0.5185,8442
GEN_2040,THCAKKAAAKHCLHYLACVILTYFQSCLKRTVFALF,36,4.61,0.7475,0.5716,0.3843,0.0494,0.5,0.5185,8443
GEN_6481,THCLKRPLAKHCLHWLACFLLTYFNACLKTFSKLPK,36,5.61,0.7068,0.5684,0.3843,0.1385,0.5,0.5184,8444
GEN_7591,THCAKKCLAKNCYHYLACYLITYFGSCLQRFTLLLP,36,3.52,0.6904,0.5409,0.3,0.1135,0.4,0.5184,8445
GEN_8658,ARCAKNPQFHLCLCTIACLLCFILNEDYKTFTKLPK,36,2.83,0.6526,0.5299,0.3519,0.2343,0.4,0.5183,8446
GEN_3611,TRPIKKPHYHACLRRLACIFLIILNGCVKAKVFAAH,36,6.62,0.7352,0.574,0.4855,0.1145,0.6,0.5182,8447
GEN_3873,THCAKKPLALHCLHYMACVLLTYFNACLKTFTKLAR,36,4.61,0.7331,0.6192,0.3843,0.1601,0.5,0.5182,8448
GEN_1107,THCAKNPLAKRCLHYLACVLLAYFNACLHAKAFAVP,36,3.62,0.7559,0.5824,0.4815,0.1431,0.5,0.5182,8449
GEN_8174,TWCAKWILAKHCLHYLACVLLTYFNACLMTFLSLIP,36,1.53,0.6759,0.5111,0.5469,0.2757,0.5,0.5181,8450
GEN_5564,LHCAKRILAKHCLHYIACVLLTYFNACIHAKAFALD,36,3.07,0.7157,0.5545,0.4491,0.1572,0.5,0.5181,8451
GEN_4560,THCAAKPKMHAALSYMACILLIILNETYKTFTKLPK,36,3.55,0.7259,0.592,0.4167,0.0306,0.7,0.5181,8452
GEN_5613,PRCAKKILAKHCLHYLACPLLTYFNACLSAKVFDIF,36,4.09,0.7152,0.5772,0.4491,0.1956,0.5,0.518,8453
GEN_1788,THCAKNPLAKRCLHYLACVLLAYFNACLHAKAFDVP,36,2.62,0.7495,0.5685,0.4491,0.1003,0.5,0.5179,8454
GEN_7167,TRYHKKPHYPACLSTPACLLLSILNGCVKAKVFALP,36,4.54,0.6975,0.5083,0.4167,0.0218,0.6,0.5178,8455
GEN_3238,THCAAKPKAHACLNYMACILLIINNPCVKAFTRLPR,36,4.53,0.7382,0.6918,0.4491,0.3315,0.5,0.5178,8456
GEN_6322,FRCWYKFKAAACLSTLACLQLIILNGCVKAFTRIPK,36,5.72,0.7086,0.6481,0.4491,0.3278,0.5,0.5178,8457
GEN_5076,LACAKKAAAKHCLHYLACVLLTYFIACTRNFTSLAP,36,3.89,0.7205,0.5027,0.4491,0.0568,0.5,0.5177,8458
GEN_3170,TRYHRKTKRHACLSNLACLLLTPVNAPVKAHTFLPK,36,6.63,0.7388,0.6108,0.3889,0.0,0.7,0.5175,8459
GEN_4468,FRCWYKPKAAACLSTLMCLQLIILNVSKKVIRAVAV,36,5.73,0.727,0.711,0.5139,0.3855,0.6,0.5175,8460
GEN_3070,LPCAKKPQAHACLCTLACLLLFILNETYKTFTKLPK,36,3.8,0.7396,0.592,0.4167,0.1274,0.5,0.5175,8461
GEN_5675,THCAKCPLAKKCLHYLACVLLTYFDACLKTFVKLAR,36,4.52,0.7146,0.5994,0.3843,0.2296,0.4,0.5171,8462
GEN_4950,WRLWYKPKAHACLMTLACGLQIILNPANKTFTKCAV,36,4.81,0.7216,0.5891,0.4491,0.1279,0.6,0.5171,8463
GEN_5318,TRCIKKPKAYACLSTLACLLLVILNGCVKAFSRLPR,36,6.35,0.7181,0.6705,0.4373,0.3269,0.5,0.5171,8464
GEN_5640,FRCWYKPKAAACLSTLACLQAIILNGKPKTFPKIPKNFGSWTPSR,45,7.72,0.715,0.6375,0.5042,0.3444,0.5,0.5169,8465
GEN_4998,NRCACMPKAHACLGTLACLLLIIVQETYKTFTWLPK,36,2.81,0.7213,0.4922,0.4167,0.0,0.5,0.5169,8466
GEN_2061,THCAKKPLAKHCLHYLACAILTYFNACLRTFDKLPK,36,4.61,0.7473,0.619,0.3519,0.0858,0.5,0.5169,8467
GEN_6108,THCLKKAAAKHCLHYAACVLLTYFGSCLQKFTLLLP,36,3.61,0.7105,0.5286,0.3843,0.0529,0.5,0.5168,8468
GEN_7349,THCAKKDAAKHCLHYLACVCLTYFSACAKTFTKMAR,36,4.6,0.6949,0.5545,0.3,0.1143,0.4,0.5167,8469
GEN_3894,TVCAKKFLAHACLHYLACVLLTYFNACLKTFTKLAR,36,4.53,0.733,0.6331,0.4167,0.2062,0.5,0.5167,8470
GEN_5846,MHCAKKPLAKHCLHYLACVLLVYFNACLKGFTKLAR,36,5.72,0.7131,0.6359,0.4167,0.2551,0.5,0.5164,8471
GEN_4051,HRCWYKAKAALRLCFLACLVLIIGNVSKKVNRACLSI,37,6.8,0.7313,0.6689,0.4793,0.3636,0.45,0.5164,8472
GEN_8195,THCAKKAVWKHCLHYLACVLLTFFIECLKNFTSLIP,36,2.62,0.6756,0.5564,0.4167,0.2094,0.5,0.5163,8473
GEN_8453,YHCAKKPLVLHSHHYMACVLLTYFNACLKTFTKLAR,36,5.07,0.6652,0.6053,0.3519,0.1841,0.6,0.5163,8474
GEN_6804,FRCWYCGKAAACLSTLACNLLIILNVSVKVIRACNS,36,3.71,0.7026,0.5929,0.4167,0.2738,0.4,0.5163,8475
GEN_8592,SHCAKFPNRHACFSCMACLIVIILNGQGKTFTKLAL,36,3.59,0.6574,0.5054,0.3843,0.1344,0.5,0.5163,8476
GEN_6541,THCAKRILKKECLHYLALVLLTEFDACLKTFTNLAD,36,0.55,0.706,0.5489,0.4534,0.095,0.6,0.5161,8477
GEN_5036,PRCAKKGNKHACLSNLACLWIIIANCDLKAAICAAV,36,3.99,0.7209,0.6354,0.4491,0.3329,0.4,0.516,8478
GEN_5664,RRCWKKPKAHACLSTLACLDAIILNGFGKTFKKAPKIYGIGTPSR,45,8.81,0.7147,0.6225,0.4899,0.2994,0.5,0.5159,8479
GEN_7615,TRLIKKPHVHACLRRLACIFLTIENGCVKAYVYAAV,36,4.54,0.6901,0.5987,0.4167,0.1761,0.6,0.5158,8480
GEN_8562,DRPIKDPHYDAWLRRLACIFLIILNGCVKAKVFAAH,36,2.91,0.6591,0.6018,0.4815,0.2517,0.7,0.5158,8481
GEN_3788,FRCWYRPKAAACLTTLACLQHIILNNCLKAKVFAAR,36,5.8,0.7337,0.5062,0.4491,0.0186,0.5,0.5157,8482
GEN_8544,CCTEDKGVLLYLLKARPVAPPILWTDCSSKWLAWNW,36,0.73,0.6601,0.4423,0.5379,0.239,0.4,0.5156,8483
GEN_6754,SRLVKKPKAHACLSTAACLLLFILNACVKDFTELPR,36,3.52,0.7032,0.5967,0.4491,0.1737,0.6,0.5156,8484
GEN_1058,THCAKRILAKHCLHYMACVLLTYFNACLKTFTKLIP,36,4.61,0.7564,0.5663,0.3843,0.0,0.5,0.5155,8485
GEN_3967,THCAKKPKWHACLCTLACLLLIELNETIKTFTKLPK,36,3.53,0.7323,0.5932,0.3519,0.067,0.5,0.5153,8486
GEN_3133,FRCWYKFKAAACLSTLACLQLIILNGCVKAFTRRAH,36,5.8,0.739,0.613,0.4167,0.1484,0.5,0.5152,8487
GEN_8356,THCAKCAAAKNCLHYLACVLLWYFQSCYQRFTLLAP,36,2.52,0.6694,0.4825,0.3843,0.1278,0.4,0.5152,8488
GEN_8638,TRCAAKPWAIACLCTLGCLLLIILNDTYKPFTFLPF,36,1.36,0.6544,0.521,0.5589,0.3353,0.5,0.5152,8489
GEN_6536,TRCAKCPKAHACLSTLACLLLIILNGCVKAFTRLPR,36,5.43,0.7061,0.6675,0.4167,0.383,0.4,0.5152,8490
GEN_5518,FRCWYKSKAYACVSTLACRQAIIWNASKKLIRACNSL,37,6.71,0.7162,0.6268,0.3795,0.2204,0.45,0.5151,8491
GEN_5606,WRCWKKPKAHVCLSTLACLQAIILNPKGKTFNKLPKSFGIGWASR,45,8.81,0.7153,0.6479,0.5417,0.3862,0.5,0.515,8492
GEN_3889,SRCAKKPKAHACLSTLACLLLIILNACHKAKVFAAR,36,6.59,0.733,0.5018,0.4835,0.043,0.5,0.515,8493
GEN_2365,TRCVKRPLAKHCLHYLACVLLTYFNACLKIFTFLPK,36,5.53,0.745,0.6043,0.4167,0.1185,0.5,0.515,8494
GEN_6335,PHCAKRWLAKHCLHYLCCALLTYFNACLKIFTKLHP,36,5.25,0.7085,0.5715,0.3843,0.1831,0.4,0.5149,8495
GEN_7784,FHCADKCLLEHCLHYIACVLVTYFNACLWAKVFALF,36,-0.03,0.6868,0.5045,0.6234,0.3604,0.4,0.5148,8496
GEN_2775,THCAARPLAHACLSYMACILLILNNGCIKAAVFAAV,36,1.53,0.7417,0.5656,0.5791,0.2216,0.5,0.5146,8497
GEN_7477,TKCAKKPNRHACFSCMACLLVIILNGQGKTFCKLAL,36,5.43,0.6923,0.5785,0.3519,0.198,0.4,0.5146,8498
GEN_6643,LRTAKKPNKHACGSCLACLLLTCLNGCVKAKVFAPR,36,6.79,0.7047,0.5785,0.3981,0.2138,0.4,0.5144,8499
GEN_8127,TRYHKGPHYHACLSTPACLQLRILQKCKKAYVFGAP,36,5.62,0.6773,0.5507,0.3,0.0,0.6,0.5144,8500
GEN_4012,THAAKKPLAKHALVYMACILLILNNACLHIEAYALD,36,0.64,0.7317,0.4817,0.6089,0.0,0.7,0.5143,8501
GEN_5095,LHCACKPLAFHCLHYLACLLATYFNACLHAKAFAAD,36,1.06,0.7204,0.457,0.5473,0.1232,0.4,0.5143,8502
GEN_8669,SHCAKKAAAKHSLHIPACMWLTYFHACLATCWTALF,36,2.77,0.6518,0.4529,0.4491,0.1109,0.5,0.5142,8503
GEN_7838,TRYHKKPLKMACLSKLACVLVTYLVGCVPAKVFAVP,36,5.45,0.6855,0.6205,0.4815,0.2768,0.6,0.5141,8504
GEN_8355,TSCVFKILATHCLHYLACILLHYMRANLHCKAFAAD,36,1.71,0.6694,0.4898,0.4371,0.1179,0.5,0.514,8505
GEN_7822,IHCAMKAAAKHCLHYCACVLLPYFNSCLNRKLFAIF,36,3.97,0.6858,0.5584,0.4491,0.2723,0.4,0.5139,8506
GEN_7917,PRCWKKPKAGVCLSTLACLQSIILNPKGKTFNKLPKSFGLGDANR,45,7.92,0.6837,0.6095,0.4381,0.2839,0.5,0.5138,8507
GEN_7786,TACAKKILAHCCLHYLACVLLTYDNACLHAKAFAAD,36,0.61,0.6867,0.4192,0.5139,0.1,0.4,0.5135,8508
GEN_4095,THYAHKPLVKHCLRYIACRLLTFLNACVHAKVFAVP,36,4.71,0.7308,0.6376,0.4491,0.1603,0.6,0.5131,8509
GEN_8626,THCGKRAAAKHCLHYPACVLLTYFINCLRHFTSNAP,36,3.7,0.6551,0.5441,0.3194,0.1177,0.5,0.513,8510
GEN_4846,SRCMKKAKAHACLSTLACLSLIILNACLKAKYFAAK,36,6.5,0.7228,0.5124,0.4459,0.0322,0.5,0.5128,8511
GEN_8036,FRCWYKARAAACLSTAACMQAIWLNAKGKTFTKLPIYCAVGNISR,45,6.71,0.6801,0.5535,0.4454,0.2651,0.4,0.5126,8512
GEN_8367,TRYHKKPHYHACGSTPACLLLIILNGCVKAFTRLPR,36,5.62,0.6689,0.6258,0.3194,0.1523,0.6,0.5126,8513
GEN_3622,THYAKKPLAKMCLHYLACVLLTYFNACLKTFTKLIP,36,4.53,0.7351,0.5802,0.4167,0.0175,0.6,0.5124,8514
GEN_7115,THCAPNPLAKRCLHYLACVLLTYFNACLKWFTSLIP,36,2.53,0.6984,0.5685,0.4491,0.1826,0.5,0.5124,8515
GEN_7442,CHCARFILALHTLHYLACVLLTTFNACLHAGAFAAD,36,0.07,0.693,0.4969,0.6164,0.2423,0.5,0.5122,8516
GEN_6164,THCAHKAGAKSCLHYLACVLLTYFGSCLQRFTLLAP,36,2.62,0.7101,0.5558,0.3519,0.036,0.5,0.5122,8517
GEN_6032,WRCWGKPKAIACLATLACLQSIILNGKGKTFTKLPKSF,38,6.72,0.7114,0.6191,0.4282,0.2135,0.5,0.512,8518
GEN_5327,THCAKKAAAPNCLHYLACVLLTYFASCLQKFTLLAP,36,2.53,0.7181,0.5578,0.4491,0.1156,0.5,0.5119,8519
GEN_3373,FRCWYKFKAAACLSTLACLQLIILNGCVKAFTRLPR,36,5.72,0.7372,0.6814,0.4491,0.2772,0.5,0.5119,8520
GEN_8564,DYSDLPCLAFEALRSSFPAKCKFFLGTCRCQYKDLACRRP,40,2.71,0.6589,0.4761,0.3,0.1004,0.3,0.5117,8521
GEN_4139,DRCWYKPKAAACLSTLACLQLIILNCSKKVIRFAAV,36,4.72,0.7304,0.6687,0.4491,0.2691,0.5,0.5115,8522
GEN_2225,TECAIKLKAHACLCTLACILLIILNETLKTFTKLPK,36,2.45,0.746,0.6126,0.4167,0.1072,0.5,0.5115,8523
GEN_7900,LMCAKRIVAKHSLHYPACVLLTYFNSCLKATVFAPF,36,3.9,0.6841,0.536,0.4815,0.1217,0.6,0.5115,8524
GEN_3420,FRCWYKPKAAACLSTLACLQLVWLNGCVKAFTRVPR,36,5.72,0.7366,0.6814,0.4491,0.2752,0.5,0.5114,8525
GEN_7704,TRYHKKPHYHACLSTPACLLLTILNGCVKACVFAAP,36,3.62,0.6886,0.4881,0.3843,0.0,0.5,0.5113,8526
GEN_8189,DNCADRIIAKKCLHYLACHLLTYFWSCLKAPVFCIF,36,1.88,0.6757,0.5108,0.4249,0.1746,0.4,0.5113,8527
GEN_7979,THRAKKEARRHCLHYPACVLLTYFILCLKTFKSAIF,36,5.63,0.6821,0.5764,0.3519,0.0622,0.6,0.5112,8528
GEN_4253,TRCAKKPKAAACLSTLACLQIIILNVSKKWIRFAAL,36,6.36,0.7292,0.686,0.5027,0.2857,0.6,0.5112,8529
GEN_3084,TRYHKGPHYHACLSTPACLLLRILNKCKKAYVFAAP,36,5.62,0.7395,0.6195,0.3519,0.0,0.6,0.5112,8530
GEN_7449,DRCWRKPYTAACLSTVACLQLIILNCSKKVIRFAAV,36,4.72,0.6929,0.6548,0.4167,0.2986,0.5,0.5111,8531
GEN_6342,TRCWKKPNKHACFSTLACLLLIILNGCLRAKVFAAV,36,5.44,0.7084,0.6278,0.4491,0.2492,0.5,0.511,8532
GEN_5229,THCAKIPLAKRCLHYLACVLLTYFYACLKTFTKLIP,36,4.53,0.719,0.5546,0.4167,0.0702,0.5,0.511,8533
GEN_3158,TKCAKKNLVKECLHYLACVLLTYFNACLRTFDKLPK,36,4.44,0.7389,0.6051,0.3194,0.0101,0.5,0.5109,8534
GEN_8561,FHCAKKTAAKHSLHYLACVILTYFNSCLRPTFFALF,36,3.99,0.6592,0.5751,0.4167,0.176,0.6,0.5108,8535
GEN_7995,WRCWYHPKGAACLTTLACLQHIINNGKRKTFTKNAR,36,6.9,0.6816,0.5666,0.3525,0.0433,0.6,0.5105,8536
GEN_6256,WRCWKKPKAGVCLSTLACLQAIILNPKGKTFNKLPKSFGIGWASR,45,8.72,0.7091,0.6461,0.5366,0.3626,0.5,0.5105,8537
GEN_4911,FRCWQKPKAAACLSTLACLQLIFLNVSKVVIRFAAV,36,4.73,0.7222,0.6624,0.5463,0.2998,0.6,0.5102,8538
GEN_5605,TVCAKHIAAKHCLHYLACILLTYFIACLKTWTCLAP,36,2.61,0.7153,0.4925,0.4491,0.0677,0.4,0.51,8539
GEN_3984,YRPIKKPHYHACLRRLACIFLIILNGCVKAKVYAAV,36,6.9,0.7321,0.5772,0.5014,0.0877,0.6,0.5099,8540
GEN_3920,THCAKKAAAKHCLHYAACVLLTRFNSCLKRHAFAIF,36,5.7,0.7328,0.629,0.3843,0.1198,0.5,0.5096,8541
GEN_7902,THCAKCAAAKNCLHYLACVLLTFFNSCLNRYIFNIF,36,2.52,0.6841,0.5651,0.3843,0.1933,0.4,0.5095,8542
GEN_3556,HRCWYKAKAALRLCFLACLQLIIGNVSKKVNRACLSI,37,6.8,0.7356,0.6553,0.4477,0.2535,0.45,0.5095,8543
GEN_5456,TRCAKFPKAHACLCTLACLVLIILPETYKTFTFLAK,36,3.44,0.7168,0.502,0.4491,0.0092,0.5,0.5094,8544
GEN_6329,GRCWKKPFAKACLETRACLLAIILNGKGKTFKKLPKIFGIGTPSR,45,9.73,0.7085,0.6707,0.5692,0.4286,0.5,0.5092,8545
GEN_5301,FRCWYKPKAAACLTTLACLQHIINNGKRKWFTKNKNF,37,7.81,0.7183,0.5887,0.4119,0.0783,0.55,0.5092,8546
GEN_3094,FRCWYKPKAAACLSTLACLQLIILNGCVKAFTRLPR,36,5.72,0.7394,0.6814,0.4491,0.2511,0.5,0.5088,8547
GEN_3856,FRCWYKPKAAACLSTLACLQLIFLNVSKKVIRFAAV,36,5.73,0.7332,0.7033,0.5139,0.2998,0.6,0.5087,8548
GEN_3577,TRYHKGPHYHACLSTPACLLLRILNKCKKLYVFAAP,36,5.62,0.7355,0.6243,0.3519,0.0,0.6,0.5086,8549
GEN_1838,THCAAKFKMHACLSYMACILLILNNGCIKTFTKLAK,36,4.53,0.7492,0.5845,0.3843,0.0,0.5,0.5085,8550
GEN_3468,THCPERPLAKRCLHYLACAALTYFNACLKTFTKLAP,36,3.53,0.7364,0.5663,0.3843,0.0,0.5,0.5085,8551
GEN_7033,TRCAKKILVKHHLHYLACYLLTYPPACLHAKAFAIP,36,4.71,0.6996,0.5534,0.4491,0.1599,0.45,0.5081,8552
GEN_3491,NHCAKKIAAKSCLHYLACLLLTGFAACLRTFTKIIP,36,4.89,0.7362,0.6058,0.4167,0.0957,0.5,0.5081,8553
GEN_8664,THSAKPQLASHCLHYAACVLLTYINSCLKKFTKLQP,36,3.62,0.6523,0.5941,0.3194,0.1085,0.6,0.5081,8554
GEN_0613,LHCAKKAAAKNCLHYLACVLLNFFGSCLQRWDALAP,36,2.89,0.7608,0.5853,0.4491,0.0358,0.5,0.508,8555
GEN_2985,TRPIKKPHYHACLRRLACIFLIILNGCVKAKVYAAV,36,6.54,0.7403,0.574,0.4804,0.029,0.6,0.5079,8556
GEN_2048,THCAAKLKMHACLSYMACILLILNNGCIKTFTKLAK,36,4.53,0.7474,0.5845,0.3843,0.0,0.5,0.5078,8557
GEN_6423,THCLKKIAAKRCLHYLACHLCTYFIACLKTFTSLAP,36,4.6,0.7074,0.5086,0.3519,0.0,0.4,0.5077,8558
GEN_6366,WHCWKKPKAHACLSTWACWLAAILNGRGKTFQRLPKTFPIGTGSR,45,7.9,0.7082,0.6617,0.4627,0.3301,0.45,0.5076,8559
GEN_8533,YRCWYKSKAYACVSTLACRQCIIWNAHRKLIRACNSL,37,6.79,0.6609,0.6265,0.3462,0.3317,0.35,0.5075,8560
GEN_8085,THCLVKPLCKHCLHYLACVLRWYFNACLKTFTSSPK,36,4.6,0.6788,0.4887,0.3194,0.0,0.4,0.5075,8561
GEN_8296,FHCAKKIAAKHSLHWLACLLLTYMHACLRTCTTGLF,36,4.07,0.6719,0.4804,0.3843,0.0,0.5,0.5074,8562
GEN_7237,TKYHKKPAYHACLSSPACLLLTILNGCVKALVFAFP,36,3.54,0.6965,0.5159,0.4491,0.0,0.6,0.5074,8563
GEN_2219,THCAAKLKMHACLSYMACILLILNNGCIKTFTKVAK,36,4.53,0.7461,0.5845,0.3843,0.0,0.5,0.5074,8564
GEN_4699,FRCWYKAKAAACLSTLACLQAIILNAKGKTFTKLPISCGVGNISR,45,6.71,0.7243,0.5418,0.4195,0.0809,0.4,0.5073,8565
GEN_7999,THCADRILAKRCLHYLACVLLPYGNACLTRFYNLDD,36,0.54,0.6815,0.5129,0.422,0.0677,0.5,0.5072,8566
GEN_1068,FHCAKKALARHCLHYLACLLLTYFNACLRTFTKLIP,36,4.98,0.7563,0.6303,0.4167,0.083,0.5,0.5071,8567
GEN_6486,THCAKKACAKNCLHYLACVLATFFNSCLQRRVDAIF,36,3.52,0.7068,0.5101,0.3519,0.0,0.4,0.5071,8568
GEN_3729,FRCYYKPKAAACLSTLACLQLNILNGCVKAFTRLPR,36,5.72,0.7342,0.6536,0.3843,0.138,0.5,0.5066,8569
GEN_6204,TRYGKKPHYHACLSTPACLCLFILNACVKAKVFAAP,36,4.53,0.7097,0.518,0.4167,0.0011,0.5,0.5066,8570
GEN_7419,FRCWYKPKAAACLSTLACLQLIFASGSVKAFTRLPR,36,5.73,0.6936,0.6594,0.4491,0.2397,0.6,0.5065,8571
GEN_6091,THCVKNPYAKRCLHYLACVLLTYMNACLKDFTRLIP,36,3.53,0.7107,0.6046,0.3519,0.077,0.5,0.5064,8572
GEN_8003,TCCAAKPKAHACLSYMACILLILNNTCIKTFTKLPK,36,4.43,0.6814,0.5855,0.3843,0.2117,0.4,0.5062,8573
GEN_8053,FVLPLVRCLGAAWLTFAFQQWCFKRHVGPPCKCHSIGLV,39,3.89,0.6796,0.5771,0.4915,0.4082,0.25,0.5061,8574
GEN_8399,TRCPKSSSAHACDSTLACLWIIILNETLKAIVFAAV,36,0.46,0.6677,0.4833,0.557,0.1114,0.6,0.506,8575
GEN_7551,ARCAKRPQAKLCLCTLACLLLFILNETYHTFTKLPK,36,4.84,0.6911,0.5726,0.3843,0.0977,0.5,0.5058,8576
GEN_7431,KRTLPVPLCDAPTAIAVLLYCLLSECSKKVIRAS,34,2.73,0.6933,0.6549,0.421,0.1328,0.7,0.5057,8577
GEN_7523,THCAKKIAPYHILHYLACVLVSQFIAACKKFTSLAP,36,3.62,0.6915,0.5399,0.4491,0.0397,0.6,0.5056,8578
GEN_5777,RRLVCKPKAHACLSTLACLLLIILNACLKAKVFAAH,36,5.89,0.7138,0.5284,0.5139,0.0985,0.5,0.5054,8579
GEN_2518,THCAKRILAKRCLHYLACVLLTYFNACLHAKAFAIP,36,4.62,0.7439,0.5685,0.4491,0.0299,0.5,0.5054,8580
GEN_5017,FRCWYKPKAAECESTLACLQLIILNVSGKAIRACSSI,37,2.72,0.7211,0.5691,0.3694,0.0368,0.45,0.5052,8581
GEN_7612,THCAKKILAHHCMHYLACVLLTFFNACLHEPTSLVP,36,0.79,0.6901,0.4448,0.5011,0.0,0.5,0.5052,8582
GEN_4056,TRCMKRPKAHACLSHLACASLRILNCHLKAMVFAAT,36,5.62,0.7312,0.5752,0.4167,0.0352,0.5,0.5049,8583
GEN_7202,ILLCWKPKNHACLSTLACLQAIILNGKPKTFTKLPKSF,38,5.81,0.697,0.6273,0.4167,0.2016,0.5,0.5049,8584
GEN_3023,WRCFWKAKAHACLSMSACLWLIILNETLKAKVFYAV,36,3.82,0.74,0.5291,0.5139,0.0,0.55,0.5047,8585
GEN_5600,FRSAKCPLAKHCLHYYACVLVWYFNACLKAKVFAIF,36,4.89,0.7154,0.5108,0.4815,0.0276,0.5,0.5046,8586
GEN_6473,FHCAKKPLAWHCLHYIACVLVTFFNACLIRKVFAIF,36,3.98,0.7069,0.6073,0.5463,0.2733,0.5,0.5046,8587
GEN_6941,FRCWYKPKAAACLSTLACLQLIFLCVSKKVIRFAAV,36,5.72,0.7009,0.6513,0.5139,0.326,0.5,0.5043,8588
GEN_4262,TRPIKKPHYHACLRRLACIFAIILNGCVKAKVYAAV,36,6.54,0.7291,0.574,0.4804,0.029,0.6,0.504,8589
GEN_5075,THCAKRILAKHCLHYLACVLPTYFNACLHAKAFLAP,36,3.7,0.7205,0.5236,0.4491,0.0,0.5,0.5039,8590
GEN_7486,QRCWKKPKAMVCLLTLACLDLIILNACDKAFTRLPH,36,3.81,0.6922,0.6114,0.4491,0.2124,0.5,0.5039,8591
GEN_2465,FHCAKRINAKHCLHYMACVLLTYFNACLKTFTKLIR,36,5.98,0.7442,0.6301,0.3519,0.0207,0.5,0.5033,8592
GEN_4642,WRLWYKPEAHACMSTLACLLLIILNPCNKTFTKNAV,36,2.82,0.725,0.5727,0.4491,0.0,0.6,0.5032,8593
GEN_8527,HSCVFKILARHCLHYRACILLTYMRAGLHAPAFAAD,36,3.08,0.6613,0.5626,0.4491,0.1285,0.6,0.5027,8594
GEN_4249,SRCWKKPKAHACLSTLACLLLMILWACLKAKVFAAR,36,6.5,0.7292,0.5374,0.5432,0.0887,0.5,0.5027,8595
GEN_8035,WRCWYKPKAHACLSTLACAPAIIFNGKMKTCTKLPRNFAIGPGNR,45,7.8,0.6801,0.6272,0.4829,0.3582,0.4,0.5025,8596
GEN_5350,FRWWFKPKAAACLHTLACLQLIVLNGCVKAFTRLVR,36,5.81,0.7179,0.7387,0.5139,0.3499,0.6,0.502,8597
GEN_5112,TACAKRILAKHCLHYLACVLLTYFNACLHAKAFAIP,36,3.62,0.7202,0.5113,0.4815,0.0,0.5,0.502,8598
GEN_7877,FHCAKKPPAKHCLHYLACVLLEYFNACLKTFTKLIP,36,3.98,0.6846,0.5802,0.4167,0.2317,0.35,0.5018,8599
GEN_2952,SRLVKKPKAHACLSTLACLLLIILNACVKAFTRLPR,36,6.51,0.7405,0.6914,0.5114,0.2144,0.6,0.5018,8600
GEN_5895,LHCAKKAAAKNCLHYLACVLLPYFGSCLQRFTLLAP,36,3.89,0.7127,0.5915,0.4491,0.1156,0.5,0.5016,8601
GEN_4352,PRCAKKGNKHACLSNLACLWIIILNCTLKAALCAAV,36,4.99,0.7282,0.6354,0.4491,0.2197,0.4,0.5016,8602
GEN_7913,THCAKKIECKHSLPCLACVLVTYFIACLKTFDSLAP,36,1.52,0.6838,0.4612,0.4177,0.0,0.4,0.5014,8603
GEN_8394,THCAACPKAHACLSYMACILLIINNGCGQTFTKLAV,36,1.52,0.6679,0.4945,0.4179,0.093,0.4,0.5014,8604
GEN_3798,RRCAKKAARKHCLHFLACVLLTYFNSCLKRKVFAIF,36,8.89,0.7337,0.6631,0.5528,0.288,0.5,0.5013,8605
GEN_8323,LRVAKRPQAHACLCTVKCLLLFILNEDYKTFTKLPK,36,4.82,0.6708,0.5438,0.3843,0.0,0.6,0.5012,8606
GEN_7491,FRCWYKPKAAACLSTLACLQAIIMMGKGKTFTKLPKIFGIGFPSR,45,7.72,0.6921,0.6224,0.5302,0.2925,0.5,0.501,8607
GEN_7500,FRCWWKPKAAACWSSLACLQAIILNACGIVKVYVLV,36,3.72,0.6919,0.4944,0.5463,0.0933,0.5,0.5006,8608
GEN_7409,HRCWYKAKKALRLCFLACLQLILGNNSKKVNRACLSH,37,7.89,0.6938,0.6128,0.4165,0.1884,0.45,0.5004,8609
GEN_3932,THCAKSLVAKHCLHYLACVLLNYFNACLKMFTYAPP,36,2.61,0.7327,0.5227,0.4167,0.0135,0.35,0.5003,8610
GEN_2803,LHCAKKAAAKNCLHYLACVLLNMFGSCLQRWDALAA,36,2.89,0.7416,0.5992,0.4491,0.0505,0.5,0.5,8611
GEN_5097,VRPAKKPHAKACLSTLACASAAILNACVKAFPRANV,36,5.79,0.7203,0.647,0.5139,0.1749,0.6,0.4995,8612
GEN_6632,TECAWRILAKHCLHYLLCVLLAYFNACLHAKAFAYP,36,1.62,0.7049,0.5675,0.5082,0.1366,0.5,0.4991,8613
GEN_4546,FHCAKKPPAWHCLHYAACVLLTWFRACLHAKAFAGD,36,3.07,0.726,0.528,0.4815,0.0934,0.35,0.4989,8614
GEN_6852,IHCAKWAAAKRCLHYLACLLLTYFNSCLNHNLFAIP,36,2.98,0.7022,0.5685,0.4491,0.0834,0.5,0.4988,8615
GEN_6666,NHCAHKPPAKHCCHYLACVLVTYFSACLKTFTKLAR,36,5.05,0.7045,0.5914,0.3194,0.1522,0.25,0.4986,8616
GEN_7742,WRLWRKPKVHACPSWLACLLLIILNPCNKTFTKVAV,36,5.81,0.6877,0.6063,0.5139,0.177,0.6,0.4986,8617
GEN_2201,THCAAKFKMHACLSYMACILLILNNGCIKTFTKLPP,36,3.53,0.7463,0.5407,0.4167,0.0,0.35,0.4985,8618
GEN_7641,FRCWYKPKAAACLSTLACVQLIILNVSKKVIRACNSI,37,5.72,0.6896,0.6761,0.4324,0.3025,0.45,0.4979,8619
GEN_6750,THCAKRILAKHCLHYLACVLLMYFFACLKTFTSLAP,36,3.62,0.7034,0.5236,0.4491,0.0,0.5,0.4979,8620
GEN_7816,IWTLPVPLCIAPTACALLQYCVLSEVSKKVIRASNDI,37,0.73,0.6859,0.6942,0.5843,0.4249,0.55,0.4976,8621
GEN_5976,THCAAKFKMHACLCTLACLLLFILNETYKTFTKLPK,36,3.53,0.712,0.5782,0.3843,0.0,0.5,0.497,8622
GEN_8640,TRCAAKPDAHACLCTLACLLTIILNDTYDPFTFLPK,36,-0.55,0.6542,0.4524,0.5954,0.1347,0.5,0.4968,8623
GEN_4350,FRCWYKPKAAACLFTLACLQLAILNGCVKAFTRLPR,36,5.72,0.7282,0.6953,0.4815,0.2511,0.5,0.4965,8624
GEN_5461,NRCWHKPKAAACLMTLACLLKIILNGCVKAFTRLPR,36,6.8,0.7167,0.6814,0.496,0.2689,0.5,0.4964,8625
GEN_1223,THCAKRILAKRCLHYLACVLLAYFNACLHAKAFAVP,36,4.62,0.7547,0.5824,0.4815,0.0,0.5,0.4963,8626
GEN_7933,WRCWYKPKAMACLSTLACLDLVMWYGCVKAFTRLPR,36,4.72,0.6833,0.6814,0.4491,0.3657,0.4,0.4963,8627
GEN_3992,FRCWYGPKAAACLSTLACLQLIILNVSKKVIRFAAV,36,4.73,0.732,0.7135,0.5139,0.2363,0.6,0.4962,8628
GEN_6992,HVCWYKAKAALRLCFLACLQLIIGNVSKKVNRACLSL,37,5.8,0.7003,0.6689,0.4324,0.2535,0.45,0.4961,8629
GEN_8469,TRCAARPDAHACLCTLACLLLIILMDDVHAKVFAAK,36,0.53,0.6644,0.5428,0.6165,0.2778,0.5,0.496,8630
GEN_6081,MHCAQKLVAKHCLHALACLLLTYFYACLHAKAAAIP,36,2.8,0.7109,0.5139,0.5139,0.0179,0.5,0.4959,8631
GEN_6341,GHCAKAIAAKHCLHYPACLLLTYFNACLRTFTKTIP,36,3.98,0.7084,0.5866,0.3843,0.0107,0.5,0.4953,8632
GEN_8403,TRYHKKPHYHACLSPPACLLLTIANGCVKAKVFALP,36,4.62,0.6676,0.4835,0.4167,0.0,0.45,0.4953,8633
GEN_4319,FRCWYKPKAAACLSTLACLQLIILNVSKKVIRAVAV,36,5.73,0.7285,0.711,0.5139,0.233,0.6,0.4951,8634
GEN_5729,FRQWYKPKAAACLSTLACLQAIILNASKKVIRACNTI,37,5.73,0.7141,0.6671,0.4324,0.1455,0.55,0.4951,8635
GEN_7010,WRCWYKPKAAACLSTLACLQLIILNGCVKAFTRLPR,36,5.72,0.6999,0.6814,0.4491,0.2511,0.5,0.4949,8636
GEN_4215,FRCWYKPKAAACLSTLACLQLIILNVSKKVIRFAAV,36,5.73,0.7297,0.7135,0.5139,0.233,0.6,0.4949,8637
GEN_8270,THCAKKAAAKSCLHYIACVLLTYFNSCLQRIVFRIF,36,4.53,0.6731,0.6271,0.3843,0.1557,0.5,0.4945,8638
GEN_4169,FRCWYGPKAAACLSTLACLQIIILNVSKKWIRFAAL,36,4.73,0.7301,0.6999,0.5139,0.2068,0.6,0.4945,8639
GEN_4723,TRCAKKPKAMACLSDLACLLLIILNGWVKAFSRLPF,36,4.37,0.7241,0.6915,0.5139,0.2042,0.6,0.4941,8640
GEN_7190,IWTLPVPLCDAPTACALLLYCLLSEASKKVIRASNSI,37,0.73,0.6971,0.6818,0.5843,0.3539,0.55,0.494,8641
GEN_7827,FRCWYKPKAAACLSTRACLQLIFVNVSKKVIRFAAV,36,6.73,0.6857,0.6894,0.5238,0.2998,0.6,0.494,8642
GEN_7459,WRCWKKPKAHACMSTLACLQAIILNGKGKTFTKLPKSFGIGWGSR,45,8.81,0.6926,0.6096,0.4899,0.2152,0.45,0.4938,8643
GEN_7726,FRCWYKPKAAACLSPLACLPAIILNGKGKTFTKIPKEFGTFTPAR,45,6.73,0.6881,0.657,0.472,0.2449,0.5,0.4925,8644
GEN_7373,TSCVFKILAKHCLHYLACILLTYMQACLHAKAFAAA,36,2.62,0.6946,0.5287,0.4815,0.0215,0.5,0.4919,8645
GEN_5685,RRTWWKPKAHACLSYNACLLLIINWKCVKMFTRLPR,36,7.81,0.7145,0.7,0.5224,0.2668,0.55,0.4917,8646
GEN_5323,TRCWYKPKAHACLSTLACLQLIILNVSKKVIRWCNSI,37,5.44,0.7181,0.6496,0.3694,0.0855,0.45,0.4913,8647
GEN_8079,THCAKRILAKHCLHYMACVLLSYWIACLITMSKLIP,36,3.62,0.6789,0.5236,0.4491,0.0,0.5,0.4893,8648
GEN_7444,FRCWYKPKAAACLSTLACLPAIILNGKGKTFTKIPRNKGSCVPSR,45,8.71,0.693,0.5567,0.5101,0.1455,0.4,0.4887,8649
GEN_8547,FRCWYKPKASACLSTLACHQAIILNASHKVIRACNS,36,4.89,0.6601,0.5991,0.3519,0.065,0.5,0.4882,8650
GEN_8252,IRCWYKPIAAACLQTLACLQAIILSGPHKDFNKLPKSFGIGDANR,45,3.81,0.6738,0.6307,0.4037,0.1303,0.5,0.4871,8651
GEN_7529,FYCWFKPKLAACISTLACTQLIILNVSKKVIRACNSI,37,4.72,0.6914,0.6761,0.4324,0.2268,0.45,0.4871,8652
GEN_8248,FKCYYLVCARTGRWCRPVAPPILWTDCSSKWLAWN,35,3.72,0.6738,0.6066,0.4,0.1822,0.35,0.4865,8653
GEN_8515,TSIVYKILAKRCLHYLACILLTYMNATLHACAFAAD,36,1.54,0.6623,0.5743,0.4811,0.069,0.6,0.4864,8654
GEN_5168,FRCWYKPKAAACLSTLACLQAIILNASKKVIRACNS,36,5.72,0.7196,0.6604,0.4167,0.0804,0.5,0.4863,8655
GEN_8384,THCASKILATHCLHYLACVLLAYFDACLKTFWNLDE,36,-1.37,0.6683,0.5248,0.6204,0.1767,0.5,0.4861,8656
GEN_8690,GRCWKKPFAKACLETRACLLPIILNGKGKTFKQLPKIFGIGTPSR,45,8.73,0.6505,0.6319,0.5109,0.2859,0.5,0.486,8657
GEN_7989,FHCAKKMAAKHSLHYLACVLLPYFGSCLQRFTLLAP,36,3.99,0.6818,0.5915,0.4491,0.0165,0.6,0.4859,8658
GEN_4389,LHCAKRILAKHCLHYLACVLLAYFDACLHAKAFAVP,36,3.07,0.7279,0.5823,0.5139,0.0234,0.5,0.4856,8659
GEN_7757,THCAAKFIMHACLSYMACILLILNNGCIKTFTKLAK,36,3.53,0.6874,0.5983,0.4167,0.0467,0.5,0.4855,8660
GEN_4980,FRCWYKPKAAACLSTLACLQAIILNASKKVIRACNTI,37,5.72,0.7214,0.6671,0.4324,0.1305,0.45,0.4854,8661
GEN_7736,TRPIKKPHYHACLRRLACIHLIILFGCVKLKVYAAV,36,6.62,0.6878,0.574,0.4855,0.0,0.6,0.4844,8662
GEN_7532,MHCAKKPIALHCLHYIACVLVFYFMACLKAKVFALF,36,3.72,0.6914,0.5116,0.5787,0.0434,0.5,0.4838,8663
GEN_7021,THCADPPKAHACLCTIACLLLILLFETLKTFTKLPK,36,1.53,0.6998,0.6176,0.4818,0.2008,0.35,0.4834,8664
GEN_3915,FRCWYKPKAAACLSTLACLQLIILNVSKKVIRACNSI,37,5.72,0.7328,0.6761,0.4324,0.1019,0.45,0.4829,8665
GEN_5860,THCAKKPLACHCLHYLACVLLRYFNACLHVKAFALP,36,3.69,0.713,0.5609,0.4491,0.0,0.4,0.482,8666
GEN_6788,THCAKNPAAKRCLHYLACVLLTDFYACLKTFRRLIC,36,4.52,0.7028,0.6069,0.3519,0.0,0.4,0.4815,8667
GEN_7735,FRCWYKPKACHCLSTLACLQLIFLNKSKKVIRLAVV,36,6.8,0.6878,0.6221,0.4634,0.1044,0.5,0.4814,8668
GEN_6104,FRCWYKSKAYACLSWLACLQAIVLNASKKVIRACNSI,37,5.71,0.7106,0.6385,0.4009,0.0484,0.45,0.4812,8669
GEN_6662,GRCWKKPKAPACLSTLACLLAIILNGLIALNRRSGKILF,39,6.73,0.7045,0.5596,0.5039,0.0,0.5,0.4811,8670
GEN_5060,FRCWYKPKAAACLSTLACLQAIILNASKKVIRACNSI,37,5.72,0.7206,0.6671,0.4324,0.1019,0.45,0.4808,8671
GEN_5639,FRCWYKSKAYACLSTLACLQAIILNASKKVIRACNSI,37,5.71,0.715,0.6401,0.3694,0.0,0.45,0.4798,8672
GEN_5449,NCCAKKPLAKRRLHYLACVLLTWFNACAKTFTKILR,36,7.8,0.7169,0.6378,0.4894,0.0761,0.5,0.4795,8673
GEN_7397,FRVWKHPKAAACLSTLACLQLVWLNSCVKAFTRVPR,36,5.81,0.6941,0.7147,0.4815,0.1758,0.6,0.4784,8674
GEN_6909,FRCWYKPQAAACLSTLACLQLIILNVSKKVIRAVAV,36,4.73,0.7014,0.711,0.5139,0.1661,0.6,0.4756,8675
GEN_4168,FRCWYKAREAACLSTLACLQLIILNVSKHIIRFAAV,36,3.82,0.7301,0.6866,0.4815,0.0247,0.6,0.4754,8676
GEN_4033,TRPIKKPHYHACLRRLACIFLIILNGCVKAFTRLPR,36,7.54,0.7314,0.6675,0.5064,0.0149,0.6,0.4754,8677
GEN_7204,TRCAKKPKMHACLFYLACLLLIINNPCVKAFTRLPL,36,5.44,0.697,0.6192,0.4815,0.046,0.5,0.4738,8678
GEN_7321,RRCWYKPKAAACQSTLACLFLIILNGCVKAFTRFPR,36,6.72,0.6953,0.6712,0.4585,0.1059,0.5,0.4727,8679
GEN_6308,WRLWYKPKAPACLQTLACLLLIILNPCLRAKVFLAL,36,4.73,0.7087,0.5761,0.6111,0.0016,0.6,0.4726,8680
GEN_8151,THCAAKPKAHACLNYMACILLIINSPCVKAFTRLPR,36,4.53,0.6768,0.6918,0.4491,0.1689,0.5,0.4719,8681
GEN_8214,FRCWYKPKAAACSSTIACLQLIILNVSKKVIRACNSI,37,5.72,0.6751,0.6626,0.4009,0.1019,0.45,0.4708,8682
GEN_5489,CWCASKALARHCLHYLACLLLTYFNACLRTFTKLIP,36,3.88,0.7165,0.6303,0.4167,0.0008,0.4,0.4708,8683
GEN_5884,LRCWKKWKRHACLTILACLQAIILNGKGLTFSKLPK,36,7.81,0.7127,0.6683,0.4899,0.0,0.6,0.4689,8684
GEN_8065,FRCWYKPKAALCLSTPACLQLIILNVHKKVFRACNSI,37,5.8,0.6793,0.6639,0.4324,0.1052,0.45,0.4677,8685
GEN_8084,FRCWYVEKAAACLSTIACLQLIILSVSKKVIRACNSI,37,3.72,0.6788,0.6462,0.4324,0.0764,0.45,0.4676,8686
GEN_5373,FHCAKRILAKWCCHYLACVLLAYFNACLHAKAFAVA,36,3.97,0.7177,0.6392,0.5139,0.0868,0.4,0.4673,8687
GEN_6240,KRCWKKWKRHACLSTLACLQAIILNGKGLTFSKLPK,36,8.81,0.7093,0.6745,0.4834,0.0,0.6,0.4671,8688
GEN_8556,FHCVWKQLAKHCMHYIACLIVTYFNACLKAKVFALF,36,3.98,0.6596,0.6017,0.4815,0.0369,0.5,0.4637,8689
GEN_7309,IWTLPVPLCDAPTACALLLYCLLSEASKKVIRASNII,37,0.73,0.6955,0.6953,0.6158,0.2055,0.55,0.463,8690
GEN_8492,THCAPKWLAWHNLHYLACVLLDWFMACLCAKAFAGD,36,-0.38,0.6631,0.4926,0.6803,0.0631,0.45,0.4613,8691
GEN_5139,FRCWYGQKAAACLCTLACLQLIILNVSKMVIRFAAV,36,3.72,0.7199,0.6653,0.5139,0.0,0.5,0.4586,8692
GEN_7337,FRCWYKPKAAACPSTLACLPAIILNANKKVIRACNTI,37,5.72,0.6951,0.6543,0.464,0.0,0.45,0.4551,8693
GEN_8656,VWTLPVPLCDAPTACALLLYCLLSEASKKVIRPSQIQ,37,0.71,0.6529,0.6787,0.5861,0.1587,0.55,0.4497,8694
GEN_7496,IWTLPVPLCDAPTACAVLLYCLLSECSKKVIRASNIV,37,0.72,0.692,0.6739,0.585,0.0857,0.45,0.4438,8695
GEN_7348,FRCWYGQKAAACLCVLACLQLAILNVSKMVIRWAAV,36,3.72,0.6949,0.6725,0.5463,0.0,0.5,0.4432,8696
GEN_7879,IWTLPVPLCDAPTACCVLLYCLLDECSKKLIRASNIV,37,-0.29,0.6846,0.6664,0.6241,0.1762,0.35,0.4408,8697
